"domain","source_id","state_key","source_file","source_sha256","source_class","character_id","rendered_character_id","export_strategy","frame_count","selected_frame","content_rect_twips","width","height","runtime_asset","runtime_sha256","processing_status","error"
"farm","1","seed","ui/allcrops/Crop_1_Seed.swf","4ccfaef2a25921feba1af8be0209fbf28c02334a72cd64e1938680a290d78cd0","Crop_1_Seed","2","2","root-symbol","1","0","-24,-53,691,830","36","45","apps/web/public/assets/manor/v7-runtime/crops/1/seed.png","4d8afeec7a22b3d827f6601f518dd342318356488143155dc17a98d0ae6f5ee5","exported-root-symbol",
"farm","1","sprout","ui/allcrops/Crop_1_0.swf","e8b53b48a71fcff6d070fadccf07a33afb7efbbec16840e1de7b936869c251d8","Crop_1_0","3","3","root-symbol","1","0","1610,644,2472,1021","44","19","apps/web/public/assets/manor/v7-runtime/crops/1/sprout.png","d3b5c065fdd528da04b1f17199502d62f0e81255d31d8288b7353fda27f7cc7a","exported-root-symbol",
"farm","1","young","ui/allcrops/Crop_1_1.swf","6e78af83267195f3378c6fd9fa53370025bd6bbb1e2e518ecae4e8fa387fdd7e","Crop_1_1","3","3","root-symbol","1","0","1556,345,2250,1122","35","39","apps/web/public/assets/manor/v7-runtime/crops/1/young.png","b75cd13a9408045bd035491388cc3910090666f8dfdff54950b323da20553f13","exported-root-symbol",
"farm","1","growing","ui/allcrops/Crop_1_2.swf","066edc0dceeed328f81b1d97b826fa10282cc4cc6bbcf2614741f39140d1601d","Crop_1_2","3","3","root-symbol","1","0","1278,1,2553,1215","64","61","apps/web/public/assets/manor/v7-runtime/crops/1/growing.png","cf5704708a5badf558559f93decd4d482dac892fc92615aa3e8e0e78e419f1e3","exported-root-symbol",
"farm","1","mature","ui/allcrops/Crop_1_3.swf","f572ac0fb03d080f531227fffed24df544c3e8c1f15064b4430a4dbdbec5aa26","Crop_1_3","21","21","root-symbol","1","0","696,-653,2976,1648","114","116","apps/web/public/assets/manor/v7-runtime/crops/1/mature.png","4442cc0665809d94aae65319224fbee8a95286254e7b4a6985e9b3b7374d9a8d","exported-root-symbol",
"farm","1","withered","ui/allcrops/Crop_1_4.swf","87b52ca86596a5134b5996ad8de1474a2a1eb53e3656dd66383a1e7640f805cb","Crop_1_6","3","3","root-symbol","1","0","802,-139,3338,990","127","57","apps/web/public/assets/manor/v7-runtime/crops/1/withered.png","06b5785e46cdddf16ea57e4e11f9bac39ec5e95bf99832d0932fd893a1b6e884","exported-root-symbol",
"farm","2","seed","ui/allcrops/Crop_2_Seed.swf","c9050ab5d43c2396223b44670a325f281d2eb4914ce3a89fac09a5de7348ce72","Crop_2_Seed","2","2","root-symbol","1","0","-84,-32,614,1107","35","57","apps/web/public/assets/manor/v7-runtime/crops/2/seed.png","176dcb8e9feeeea0ffb6981200eddc827358572940366becb6ecafb6e3c548e8","exported-root-symbol",
"farm","2","sprout","ui/allcrops/Crop_2_0.swf","5a82fe73121bba4054aebeaa48b51b713753930a4ebc2af37bd9cd918addb020","Crop_2_0","3","3","root-symbol","1","0","1543,552,2405,929","44","19","apps/web/public/assets/manor/v7-runtime/crops/2/sprout.png","d3b5c065fdd528da04b1f17199502d62f0e81255d31d8288b7353fda27f7cc7a","exported-root-symbol",
"farm","2","young","ui/allcrops/Crop_2_1.swf","3e71e2bb37faa3078c7b4e8ad3c445eef95455643cc0bde759e3605e33369ac1","Crop_2_1","3","3","root-symbol","1","0","1494,-142,2298,941","41","55","apps/web/public/assets/manor/v7-runtime/crops/2/young.png","b3e5d1fd5237d57b344cc3bffbb6d1bbe01ca53730df2727c7976b862a3d1871","exported-root-symbol",
"farm","2","growing","ui/allcrops/Crop_2_2.swf","f68f90349a82e2474c51d3c36702bd03135786d03ec87c7ea4ecad5e4a5ef044","Crop_2_2","3","3","root-symbol","1","0","1427,-202,2600,1038","59","62","apps/web/public/assets/manor/v7-runtime/crops/2/growing.png","d34a2892f21f9d4cefba0f5ae405de1aeade1e7c48723b78cb2901b952b4ec36","exported-root-symbol",
"farm","2","mature","ui/allcrops/Crop_2_3.swf","9311f1eaa2c9ec39c3966ac64602ff05bd56460fce8ae092417533fb7c91ec58","Crop_2_3","12","12","root-symbol","1","0","694,-1507,3394,1408","135","146","apps/web/public/assets/manor/v7-runtime/crops/2/mature.png","bd430ee4230e566d3b3e058a8dc05a83b12e45ca75c01e66a1ca187a571f4232","exported-root-symbol",
"farm","2","withered","ui/allcrops/Crop_2_4.swf","fc7fb673b2f122f1ea8d7d86133853d029bfa177cdc036689ba8c3202f46886f","Crop_2_6","3","3","root-symbol","1","0","768,-23,3304,1106","127","57","apps/web/public/assets/manor/v7-runtime/crops/2/withered.png","06b5785e46cdddf16ea57e4e11f9bac39ec5e95bf99832d0932fd893a1b6e884","exported-root-symbol",
"farm","3","seed","ui/allcrops/Crop_3_Seed.swf","d8446abd98ec7903e7a9ae4f1713b41f1c76ae8eef56851f36f8c8f7d099218a","Crop_3_Seed","2","2","root-symbol","1","0","-32,-22,598,1142","32","59","apps/web/public/assets/manor/v7-runtime/crops/3/seed.png","ad903bc2f5c70be7f04d793d91c1437c20b869dab899d49d732a8b0eb9679258","exported-root-symbol",
"farm","3","sprout","ui/allcrops/Crop_3_0.swf","1ec8e332d62992460da91aa057266f554e00607c22a08ad50173a85a624818c6","Crop_3_0","3","3","root-symbol","1","0","1477,643,2339,1020","44","19","apps/web/public/assets/manor/v7-runtime/crops/3/sprout.png","c44c66e9d8d7de159f810e86a36760b2b2ab57c0bf57baafa521bfd7f48bd9d6","exported-root-symbol",
"farm","3","young","ui/allcrops/Crop_3_1.swf","83f66262b41696b504cbc7a126c0c30cd16513bedf89914d08e4af17cfae881c","Crop_3_1","3","3","root-symbol","1","0","1476,276,2414,1014","47","37","apps/web/public/assets/manor/v7-runtime/crops/3/young.png","4715f9ea29434f26f46cd751b019f641020ac271cc15701ba6f4406021a6ecf3","exported-root-symbol",
"farm","3","growing","ui/allcrops/Crop_3_2.swf","918ea463f62217e6502225c6e7262d14b55c0d2107d50909e2a8e16b5deafeeb","Crop_3_2","6","6","root-symbol","1","0","1148,-56,2683,1055","77","56","apps/web/public/assets/manor/v7-runtime/crops/3/growing.png","3bcf285a29c6c9485cfef61567c5352fee660a14b757ba2c808e0ee1e4de641e","exported-root-symbol",
"farm","3","mature","ui/allcrops/Crop_3_3.swf","0110c1d4e2ab7d9ec1d535523af361bc65e503edaffd116d4e591b4ef325ae4f","Crop_3_3","18","18","root-symbol","1","0","639,-1042,3231,1432","130","124","apps/web/public/assets/manor/v7-runtime/crops/3/mature.png","bc3d4456acfb30d48985a19499c785b0004fbbffe250c201d688ff2dec88f327","exported-root-symbol",
"farm","3","withered","ui/allcrops/Crop_3_4.swf","cd0928a67207b3764bb3bec970e17c3d516c2659e876562e7ae02d91d2d1ed49","Crop_3_6","3","3","root-symbol","1","0","671,-4,3207,1125","127","57","apps/web/public/assets/manor/v7-runtime/crops/3/withered.png","a4f52468845986fa9a05fdeb3fe2433683550bc42b4da4a5b08ba585a58438a9","exported-root-symbol",
"farm","4","seed","ui/allcrops/Crop_4_Seed.swf","a7a2f73d415a3159bc36af253e78015814834fec5bc9c9ec7ee98dab736a8604","Crop_4_Seed","2","2","root-symbol","1","0","-11,-16,998,927","51","48","apps/web/public/assets/manor/v7-runtime/crops/4/seed.png","b2843b1f22ec526bd51f2592328639ff38536df6240ee419dfbee0d131523cac","exported-root-symbol",
"farm","4","sprout","ui/allcrops/Crop_4_0.swf","aba6a8a8170cd9d40df6debc15c58289907c2bda5491c5c858cfff2a86578e6d","Crop_4_0","3","3","root-symbol","1","0","1451,713,2314,1090","44","19","apps/web/public/assets/manor/v7-runtime/crops/4/sprout.png","2034cd4b846f7017938e14ebf3e0838deb7d81208141b67eba648be1783c9c36","exported-root-symbol",
"farm","4","young","ui/allcrops/Crop_4_1.swf","d98128e66c2f242ffdaa380f08f22f8a046f0f55db772cd7e14eca30ba3ed685","Crop_4_1","3","3","root-symbol","1","0","1433,437,2205,1105","39","34","apps/web/public/assets/manor/v7-runtime/crops/4/young.png","da687eca424fd0d9274b7cd91cf10d0848009221c4855c0e5ec888ee12b03d68","exported-root-symbol",
"farm","4","growing","ui/allcrops/Crop_4_2.swf","ed5335b470086d42c46055f6625bb431d1736ba7dabb6cc12b2141fa1122ca47","Crop_4_2","3","3","root-symbol","1","0","1388,-88,2295,1146","46","62","apps/web/public/assets/manor/v7-runtime/crops/4/growing.png","f1e59cbfc47859727f57e0454d595c08291aa92558b7f2c7ecc895412932c34d","exported-root-symbol",
"farm","4","mature","ui/allcrops/Crop_4_3.swf","73a8a2ec64b6411c43d5aec42711cd907cf809871298dc96ea4a3e176e6623ab","Crop_4_3","7","7","root-symbol","1","0","651,-1394,2996,1272","118","134","apps/web/public/assets/manor/v7-runtime/crops/4/mature.png","ca5751e648bd7850ec0d950bf24619ece823e6e16100902cc957bf2d2b3b2e01","exported-root-symbol",
"farm","4","withered","ui/allcrops/Crop_4_4.swf","e31824fd9588ce66d7f7a0ec8a3d4c87ff5cac97a893864ca16ae0b7a11468dd","Crop_4_6","3","3","root-symbol","1","0","714,-25,3251,1104","127","57","apps/web/public/assets/manor/v7-runtime/crops/4/withered.png","65f7bc4ab008c4ac7159480117206a63017d2083c05391eb5bab248055d8d2e5","exported-root-symbol",
"farm","5","seed","ui/allcrops/Crop_5_Seed.swf","c51a03b246600904e4541432316892c12fb6c22fcaa2f517e16199f230e41ec2","Crop_5_Seed","2","2","root-symbol","1","0","-18,-5,847,1049","44","53","apps/web/public/assets/manor/v7-runtime/crops/5/seed.png","cde79b588bda202613792eaf7b1359885510688ab8ebe7ff29e78c7d24236d35","exported-root-symbol",
"farm","5","sprout","ui/allcrops/Crop_5_0.swf","5a67c31710820bfd1a6eb62f09a9e44f46091b1ead3e1fb21627ad1a78e0bf1c","Crop_5_0","3","3","root-symbol","1","0","1458,632,2320,1009","44","19","apps/web/public/assets/manor/v7-runtime/crops/5/sprout.png","c44c66e9d8d7de159f810e86a36760b2b2ab57c0bf57baafa521bfd7f48bd9d6","exported-root-symbol",
"farm","5","young","ui/allcrops/Crop_5_1.swf","07a62422941b3e7593e1b3533c1a66974767862e7e0ea44590a732b24c8cc8db","Crop_5_1","3","3","root-symbol","1","0","1454,-125,2292,1023","42","58","apps/web/public/assets/manor/v7-runtime/crops/5/young.png","7c79b3a927da2e3d7a935fc2277e41d36560f2f96a38c4edbd58bbabb0098f29","exported-root-symbol",
"farm","5","growing","ui/allcrops/Crop_5_2.swf","82a6f220261d3447f96c384028ce51c7e2bd990daf69b0febb53dff164b1adc0","Crop_5_2","3","3","root-symbol","1","0","1233,-406,2700,1149","74","78","apps/web/public/assets/manor/v7-runtime/crops/5/growing.png","ef50799b7d7747c700a1f88c3f1f5bb2b6385b63205203e281f29a729e89feed","exported-root-symbol",
"farm","5","mature","ui/allcrops/Crop_5_3.swf","834a25a0502af8bc604a8504693574870ef70b8612dc0709285985a602f14e65","Crop_5_3","18","18","root-symbol","1","0","716,-1394,3043,1352","117","138","apps/web/public/assets/manor/v7-runtime/crops/5/mature.png","2571ea3bd2e239dffad6ac1e02cb234808144f8b1bc715f6d6b9d3d938196041","exported-root-symbol",
"farm","5","withered","ui/allcrops/Crop_5_4.swf","28bf8d82f8b687005b097bed5e516fb19f4a92164595a2a732ed0e9ba786ad45","Crop_5_6","3","3","root-symbol","1","0","650,-35,3186,1094","127","57","apps/web/public/assets/manor/v7-runtime/crops/5/withered.png","a4f52468845986fa9a05fdeb3fe2433683550bc42b4da4a5b08ba585a58438a9","exported-root-symbol",
"farm","6","seed","ui/allcrops/Crop_6_Seed.swf","37ff37d4064c521ef61b3bbb57898bf6c13ad6b3c89b8aee540bbaa2ccbf0201","Crop_6_Seed","2","2","root-symbol","1","0","-21,-22,691,1118","36","57","apps/web/public/assets/manor/v7-runtime/crops/6/seed.png","f10fdab4644e943d265a4c21255a35bf38148c04806145eb58dab59b877816f4","exported-root-symbol",
"farm","6","sprout","ui/allcrops/Crop_6_0.swf","646a9b9dbd652495f17e3c3b20871bbfd0efc3f19efbcc13a6eaf07965e7feec","Crop_6_0","3","3","root-symbol","1","0","1552,671,2414,1048","44","19","apps/web/public/assets/manor/v7-runtime/crops/6/sprout.png","c44c66e9d8d7de159f810e86a36760b2b2ab57c0bf57baafa521bfd7f48bd9d6","exported-root-symbol",
"farm","6","young","ui/allcrops/Crop_6_1.swf","c9b20ebe21ab1b99a6df60f6c59ae1d4a52c1daac26b229b38881aa4b60fc948","Crop_6_1","3","3","root-symbol","1","0","1495,181,2481,1053","50","44","apps/web/public/assets/manor/v7-runtime/crops/6/young.png","e73afc43bb28daad5788c7f89ad74f0d6fa8b672c08892dc8f41ca6c9c61e0c1","exported-root-symbol",
"farm","6","growing","ui/allcrops/Crop_6_2.swf","f3635043016dacc2cf2be6c78bdeaf9ec03fd9988e8fa78afe9e25500e14d026","Crop_6_2","3","3","root-symbol","1","0","1041,-219,2823,1076","90","65","apps/web/public/assets/manor/v7-runtime/crops/6/growing.png","6709c79153f657c53d27141ca98b1b8139666f97567dba2332ddc37d4efa329a","exported-root-symbol",
"farm","6","mature","ui/allcrops/Crop_6_3.swf","5ff890bbfc6f1fd075fd563664b32174b4bc7ce519acea2aa9f80149b210f12e","Crop_6_3","11","11","root-symbol","1","0","799,-1278,3110,1187","116","124","apps/web/public/assets/manor/v7-runtime/crops/6/mature.png","bf56c6f8eb0b7b30e179af182daca604df118048519e6119486864a3d50ed8d3","exported-root-symbol",
"farm","6","withered","ui/allcrops/Crop_6_4.swf","78ea40382ddc1a98c28b4a03296ccebdc13e11e06672ac8b85dcc0a375939c8b","Crop_6_6","3","3","root-symbol","1","0","760,-27,3296,1102","127","57","apps/web/public/assets/manor/v7-runtime/crops/6/withered.png","a4f52468845986fa9a05fdeb3fe2433683550bc42b4da4a5b08ba585a58438a9","exported-root-symbol",
"farm","7","seed","ui/allcrops/Crop_7_Seed.swf","8190710d7957bfec2f2a7f59932a9800dd741ace0b5cabf4b319f1b984ab0c2c","Crop_7_Seed","2","2","root-symbol","1","0","-20,-19,767,857","40","44","apps/web/public/assets/manor/v7-runtime/crops/7/seed.png","e4a99bbecc36be76032fcab2aa23ce11c197848782ef8172c6b3c7052456d68b","exported-root-symbol",
"farm","7","sprout","ui/allcrops/Crop_7_0.swf","9c71a629d01f3b9fd228cc2a86737cf38c841b917b69636f75f03f93ede47b5e","Crop_7_0","3","3","root-symbol","1","0","1656,652,2518,1029","44","19","apps/web/public/assets/manor/v7-runtime/crops/7/sprout.png","d0f5dad9e4a5a30891f550d9f775270fadc9b3b9c051f3013d9d2ed082d23c3e","exported-root-symbol",
"farm","7","young","ui/allcrops/Crop_7_1.swf","35b48c48d2b99402a8707fe1d30a3506f86f327ad728e7acc4c43c6475930d23","Crop_7_1","3","3","root-symbol","1","0","1529,302,2911,1243","70","48","apps/web/public/assets/manor/v7-runtime/crops/7/young.png","8c906ce2a63132adfe7fe9ce3236b547c6a8331abc04fd476f56e0738f03c664","exported-root-symbol",
"farm","7","growing","ui/allcrops/Crop_7_2.swf","f5593778f5475e035c6f26410ff1abc2d0d68614210cf2ed2f5bf936ef6f0448","Crop_7_2","3","3","root-symbol","1","0","1452,-850,2527,955","54","91","apps/web/public/assets/manor/v7-runtime/crops/7/growing.png","e5b21e6c8c8f5bc5292ddf7ffd76511ecafb6b4fdded7c21fe4f45e15e05ce64","exported-root-symbol",
"farm","7","mature","ui/allcrops/Crop_7_3.swf","a9777e45d3edf0e86957f12fb08d96150597567d0830dcb038f69f699960630b","Crop_7_3","12","12","root-symbol","1","0","846,-1650,3612,1068","139","136","apps/web/public/assets/manor/v7-runtime/crops/7/mature.png","74bd555ff34da6e048422866bdf242456065ecd6202c11a941cd78ad89050130","exported-root-symbol",
"farm","7","withered","ui/allcrops/Crop_7_4.swf","c04bd9ca96f25ad5276853a87693c53fe1c2a5fbd9fb671cdfea715bc1906f84","Crop_7_6","3","3","root-symbol","1","0","850,-99,3386,1030","127","57","apps/web/public/assets/manor/v7-runtime/crops/7/withered.png","06b5785e46cdddf16ea57e4e11f9bac39ec5e95bf99832d0932fd893a1b6e884","exported-root-symbol",
"farm","8","seed","ui/allcrops/Crop_8_Seed.swf","842f4e0a7b84b3789b016cadafe62ae47b0b9348392ee1a76ffa74d02d92d5b6","Crop_8_Seed","4","4","root-symbol","1","0","118,-8,704,945","30","48","apps/web/public/assets/manor/v7-runtime/crops/8/seed.png","cec032b94702eddd2421354f11dcf89a4461cdff4c4f2c7aa53d8da31310cde7","exported-root-symbol",
"farm","8","sprout","ui/allcrops/Crop_8_0.swf","e3652cf5a6bec692b4a7a267d697a1f2e7bad88908379125033e552396749c49","Crop_8_0","3","3","root-symbol","1","0","1466,664,2328,1041","44","19","apps/web/public/assets/manor/v7-runtime/crops/8/sprout.png","d0f5dad9e4a5a30891f550d9f775270fadc9b3b9c051f3013d9d2ed082d23c3e","exported-root-symbol",
"farm","8","young","ui/allcrops/Crop_8_1.swf","a7a0fd5086937572c4e89f03c590f008fcf1ba1a49f61951e17cfc827ce892ee","Crop_8_1","3","3","root-symbol","1","0","1375,-189,2138,981","39","59","apps/web/public/assets/manor/v7-runtime/crops/8/young.png","aeb3a8262762a9412af2c7d770127b0cb008603a9662363de0878f3637c10632","exported-root-symbol",
"farm","8","growing","ui/allcrops/Crop_8_2.swf","26c2640e4bbc6ed5c32c0593fccda6fa5b70808fa95e2739c86ff210653eaf4c","Crop_8_2","3","3","root-symbol","1","0","1397,-182,2379,1155","50","67","apps/web/public/assets/manor/v7-runtime/crops/8/growing.png","345b828f1ca949d996c3cbbd7ac1bc22c6802c80d48b5bf09c597461fe846c53","exported-root-symbol",
"farm","8","mature","ui/allcrops/Crop_8_3.swf","78ee22ef6bc03921bc1ae64eac2a2ec5bd7f6b8b9868ef5b2a53ffe9c6fa0f57","Crop_8_3","7","7","root-symbol","1","0","835,-1357,3322,1117","125","124","apps/web/public/assets/manor/v7-runtime/crops/8/mature.png","edc51d5b81b4c38c8c7d61ad4bbcb210b67dbe21642ad6453b8fb83eb70e5347","exported-root-symbol",
"farm","8","withered","ui/allcrops/Crop_8_4.swf","5dd1545edc95d8b1c453798d31e043d16e3f7671a52b7c22f607fbb2cc68b8c9","Crop_8_6","3","3","root-symbol","1","0","761,-41,3297,1088","127","57","apps/web/public/assets/manor/v7-runtime/crops/8/withered.png","06b5785e46cdddf16ea57e4e11f9bac39ec5e95bf99832d0932fd893a1b6e884","exported-root-symbol",
"farm","10","seed","ui/allcrops/Crop_10_Seed.swf","d7ff41e833ae3f647c4202979948af5d3122d634f38676a55db1420a1beb0a02","Crop_10_Seed","2","2","root-symbol","1","0","-21,-40,925,899","48","47","apps/web/public/assets/manor/v7-runtime/crops/10/seed.png","be4b3a7353457346125138f320fd469c637b2ee9944117f3f5a0b85379bb9a3b","exported-root-symbol",
"farm","10","sprout","ui/allcrops/Crop_10_0.swf","4dacb496a7685fdc8363d1566c755e20f449f9f7b7195aaa39b4b090c9001e19","Crop_10_0","3","3","root-symbol","1","0","1553,674,2415,1051","44","19","apps/web/public/assets/manor/v7-runtime/crops/10/sprout.png","d0f5dad9e4a5a30891f550d9f775270fadc9b3b9c051f3013d9d2ed082d23c3e","exported-root-symbol",
"farm","10","young","ui/allcrops/Crop_10_1.swf","ed462ef1251be309ba9501e17a0e2297b9c82a3d5747cf54de29a7ce6180018d","Crop_10_1","3","3","root-symbol","1","0","1552,229,2252,1055","35","42","apps/web/public/assets/manor/v7-runtime/crops/10/young.png","b3a6f95296d2a061debe7f539e924c7a87241342deda2777219a92420a9b1672","exported-root-symbol",
"farm","10","growing","ui/allcrops/Crop_10_2.swf","e5d1a520d7bea1b12dfb34ab1269087eeb491d860b357c59502907e8e382d3f2","Crop_10_2","3","3","root-symbol","1","0","999,-515,2794,1020","90","77","apps/web/public/assets/manor/v7-runtime/crops/10/growing.png","c2841aebddcf37098b514b6490bbba4e1d3a31fcb3c9ff45cc0923f698702e18","exported-root-symbol",
"farm","10","mature","ui/allcrops/Crop_10_3.swf","744a66cb6e02562cf3b6bc41930e8652f29595273ed8e63bee0827564707bd30","Crop_10_3","7","7","root-symbol","1","0","769,-1264,3438,1140","134","121","apps/web/public/assets/manor/v7-runtime/crops/10/mature.png","c6b8955a75018cc01092237df0b8b70fd6e184aa6dbb2c3fb27d41ddc645e0ab","exported-root-symbol",
"farm","10","withered","ui/allcrops/Crop_10_4.swf","9fc8071d1d853b73ed73f2d094f0a3ea7ab909f2287a4137f61b323b803670b9","Crop_10_6","3","3","root-symbol","1","0","775,16,3311,1145","127","57","apps/web/public/assets/manor/v7-runtime/crops/10/withered.png","06b5785e46cdddf16ea57e4e11f9bac39ec5e95bf99832d0932fd893a1b6e884","exported-root-symbol",
"farm","11","seed","ui/allcrops/Crop_11_Seed.swf","7e375a0ecbb2609942c4bd0d93741e7ee09e534a9df7554f9ad13b60ef7e1248","Crop_11_Seed","2","2","root-symbol","1","0","-40,-39,772,818","41","43","apps/web/public/assets/manor/v7-runtime/crops/11/seed.png","1b40a61f51c7013ba94d6fb35a019a595a45d8fa9b552873e3cc0bef4f26a3f6","exported-root-symbol",
"farm","11","sprout","ui/allcrops/Crop_11_0.swf","ff02fb0c86bd4f278e35070eb7653b19fba32bdb68f310ebb9728ed860c85ff7","Crop_11_0","3","3","root-symbol","1","0","1562,659,2424,1036","44","19","apps/web/public/assets/manor/v7-runtime/crops/11/sprout.png","d3b5c065fdd528da04b1f17199502d62f0e81255d31d8288b7353fda27f7cc7a","exported-root-symbol",
"farm","11","young","ui/allcrops/Crop_11_1.swf","8b1186104e32b620f745dbb3b4af83180f6481a0c45af7f0ebf2cd40be983ce6","Crop_11_1","3","3","root-symbol","1","0","1641,-84,2208,1044","29","57","apps/web/public/assets/manor/v7-runtime/crops/11/young.png","1dffcfb8d9f77566c0c3996086f599be0fd50a3bda3a70233cb665648494749e","exported-root-symbol",
"farm","11","growing","ui/allcrops/Crop_11_2.swf","759595055072d07325aadb1f7cd938e1323f666f611a397c630e3ec21ebefce0","Crop_11_2","3","3","root-symbol","1","0","1312,57,2532,1154","61","55","apps/web/public/assets/manor/v7-runtime/crops/11/growing.png","16cdb126cbfe54f8bdb3ef14a5322afaca63b22bdb0bf03869ab207a6590d4d8","exported-root-symbol",
"farm","11","mature","ui/allcrops/Crop_11_3.swf","b5a9a3459bda9f71646590dded3e2d74dc90661d7c9f657917a1207ecead6fdf","Crop_11_3","10","10","root-symbol","1","0","732,-1113,3377,1117","133","112","apps/web/public/assets/manor/v7-runtime/crops/11/mature.png","1b9dc85f137c8757950e10ec079b3aa8fa0c3ba8edf762af6cbfe47d1c19e1a6","exported-root-symbol",
"farm","11","withered","ui/allcrops/Crop_11_4.swf","8a1e421915b816ad7b63c92b8826993b36384dc4ee47f9d16bcedfeac4d6b049","Crop_11_6","3","3","root-symbol","1","0","821,-41,3357,1088","127","57","apps/web/public/assets/manor/v7-runtime/crops/11/withered.png","06b5785e46cdddf16ea57e4e11f9bac39ec5e95bf99832d0932fd893a1b6e884","exported-root-symbol",
"farm","13","seed","ui/allcrops/Crop_13_Seed.swf","c8df091e936b4f0daec229a4ff2b661b1f8d349ac18559109feef405700b6034","Crop_13_Seed","2","2","root-symbol","1","0","-21,-7,537,981","28","50","apps/web/public/assets/manor/v7-runtime/crops/13/seed.png","22331fcec5500037ee5f1aa247a45095d8d97d2b4709aafaa3d10cfdab9f45e5","exported-root-symbol",
"farm","13","sprout","ui/allcrops/Crop_13_0.swf","30c9d0628eb898551dfbfadc3ce545c37ffe0240e75ec5df82d4e6eb4da4f8a2","Crop_13_0","3","3","root-symbol","1","0","1826,237,2183,1015","18","39","apps/web/public/assets/manor/v7-runtime/crops/13/sprout.png","436506772fb7e9e48bb75bb0d1400479c23daf63d97b37bee258d68b1dde2d0d","exported-root-symbol",
"farm","13","young","ui/allcrops/Crop_13_1.swf","5b9f859449e74534f75f197dfb8c80391f320effe1280fa83eaaca84168cb0c3","Crop_13_1","3","3","root-symbol","1","0","1496,-112,2481,1034","50","58","apps/web/public/assets/manor/v7-runtime/crops/13/young.png","4cccb03f79546fd6855f5b4e5b5243065e3ede856d984fa400cd0897f709222a","exported-root-symbol",
"farm","13","growing","ui/allcrops/Crop_13_2.swf","e9f498b2633693c2641c842ff1d4d41462cc3eacfde6ba85707d03ccbf8335ea","Crop_13_2","5","5","root-symbol","1","0","1343,-749,2646,1048","66","90","apps/web/public/assets/manor/v7-runtime/crops/13/growing.png","2024ef5c6cb1f5f7fbb3cd3f516d1961b342b40a20b79fd1049483a9de0ab276","exported-root-symbol",
"farm","13","mature","ui/allcrops/Crop_13_3.swf","6e2ba21cb2217d5565d5f6ef1716dddf978b3a1ffb94c70546a8780f19a00786","Crop_13_3","13","13","root-symbol","1","0","696,-1476,3314,996","131","124","apps/web/public/assets/manor/v7-runtime/crops/13/mature.png","3ed26d80effb802219474d721691286628c23470a51a8e5ba9f9dcde4327450d","exported-root-symbol",
"farm","13","withered","ui/allcrops/Crop_13_4.swf","846a52d227386c966c0c416fe7e226949d051f9c0dd05db65b2fd533de174f48","Crop_13_6","3","3","root-symbol","1","0","751,-88,3287,1041","127","57","apps/web/public/assets/manor/v7-runtime/crops/13/withered.png","1869bcefa1fb64e99843f9b6d8fff370e2f5fa50ed4e01b61c24719043ab102b","exported-root-symbol",
"farm","14","seed","ui/allcrops/Crop_14_Seed.swf","2198f2a9b3919912928324b74af2081bc503087c41bbabe60038be4840b7d4d5","Crop_14_Seed","2","2","root-symbol","1","0","-28,-15,943,991","49","51","apps/web/public/assets/manor/v7-runtime/crops/14/seed.png","c6826f0e7964262759b6ce601be10871e4d2dceac8a380ce35e28e36699528a2","exported-root-symbol",
"farm","14","sprout","ui/allcrops/Crop_14_0.swf","dfe1882230f0d388e7dcfeda1c3812966a7a3c4dc672731e1190c9c9bd7e09c8","Crop_14_0","3","3","root-symbol","1","0","1479,642,2341,1019","44","19","apps/web/public/assets/manor/v7-runtime/crops/14/sprout.png","d0f5dad9e4a5a30891f550d9f775270fadc9b3b9c051f3013d9d2ed082d23c3e","exported-root-symbol",
"farm","14","young","ui/allcrops/Crop_14_1.swf","82f03dd9bf61581458b2bfaa3cc048c64995cebb4c224c7c08f3e6efdea3eb24","Crop_14_1","3","3","root-symbol","1","0","1553,278,2394,1066","43","40","apps/web/public/assets/manor/v7-runtime/crops/14/young.png","2cae185a264faba33c3cd63a7a10a794fad38ba61baad53726780f19bca7a2c3","exported-root-symbol",
"farm","14","growing","ui/allcrops/Crop_14_2.swf","049dc7d4ad1abb5bb39c76b6c36ec89e915ee9e243655866c1948d0432e25dcd","Crop_14_2","5","5","root-symbol","1","0","1182,-395,2781,1287","80","85","apps/web/public/assets/manor/v7-runtime/crops/14/growing.png","647b78eb4fdf9606b42ac602754e88c7e7b4d1ccde3ff6b4d657482e4e81c2b4","exported-root-symbol",
"farm","14","mature","ui/allcrops/Crop_14_3.swf","bcf2c4da59a9408d9b793e6b760da14506114d83b698c8b29a26ddd2ddada4d2","Crop_14_3","9","9","root-symbol","1","0","387,-796,3646,1622","163","121","apps/web/public/assets/manor/v7-runtime/crops/14/mature.png","7b571de433e79bba1a7887b2ada906c1d00d17f75d953952f291037bd9ec9aae","exported-root-symbol",
"farm","14","withered","ui/allcrops/Crop_14_4.swf","396a37bf48663b5cb615ed14b2ef15d32d66b8810e4146bac94ef546d2a3654b","Crop_14_6","3","3","root-symbol","1","0","798,-53,3334,1076","127","57","apps/web/public/assets/manor/v7-runtime/crops/14/withered.png","06b5785e46cdddf16ea57e4e11f9bac39ec5e95bf99832d0932fd893a1b6e884","exported-root-symbol",
"farm","15","seed","ui/allcrops/Crop_15_Seed.swf","2809c2b84369941db4b50f1935ec51d97c66a4594f47acee59619a758c0e898d","Crop_15_Seed","2","2","root-symbol","1","0","-20,-20,1128,884","58","46","apps/web/public/assets/manor/v7-runtime/crops/15/seed.png","3531e7c3cea1ec3c7674ceebe01ebb980463642cb563a3f3e997f2dfb90b3dfd","exported-root-symbol",
"farm","15","sprout","ui/allcrops/Crop_15_0.swf","11cf5799c67e63b456bf3bd60e9c80d91f87170c935a794ac6fb16942e0d1c3f","Crop_15_0","3","3","root-symbol","1","0","1798,390,2152,998","18","31","apps/web/public/assets/manor/v7-runtime/crops/15/sprout.png","c438efb793f40499b5b36108f696662bd58314b6a6d1ad3aa0f3cc770feccf2b","exported-root-symbol",
"farm","15","young","ui/allcrops/Crop_15_1.swf","7e26a6f6392edc7e201080172abcab8eb0f28466c2810d44d8d45cf22264df0f","Crop_15_1","3","3","root-symbol","1","0","1488,-15,2461,1012","49","52","apps/web/public/assets/manor/v7-runtime/crops/15/young.png","ce3f82e96d4a5b5017a5ff9a2a74f3e4a3c0058395082a10a6cc60907e8cc9b8","exported-root-symbol",
"farm","15","growing","ui/allcrops/Crop_15_2.swf","da99ab37e369be88a08691e7036b03a28668c3a88159aba5d659ea9ca0124186","Crop_15_2","3","3","root-symbol","1","0","1040,-234,2781,1032","88","64","apps/web/public/assets/manor/v7-runtime/crops/15/growing.png","34158efb97625206ba8b2427de80cd6d55def459f823863f431e4acf84d768a8","exported-root-symbol",
"farm","15","mature","ui/allcrops/Crop_15_3.swf","1cf750c38294c9d8d39c04090ee6bb666b9687159d1d97a3ff75a6d5e847eebc","Crop_15_3","14","14","root-symbol","1","0","657,-1355,3199,1142","128","125","apps/web/public/assets/manor/v7-runtime/crops/15/mature.png","1943fec8e49b30b319c9906a648596874f8deca7c12890ccef8d7f1f9f730640","exported-root-symbol",
"farm","15","withered","ui/allcrops/Crop_15_4.swf","da099a6ae6df485401b764d47bac90c150776bac55b8871d22f6bf57e02b7815","Crop_15_6","3","3","root-symbol","1","0","782,-6,3318,1123","127","57","apps/web/public/assets/manor/v7-runtime/crops/15/withered.png","a4f52468845986fa9a05fdeb3fe2433683550bc42b4da4a5b08ba585a58438a9","exported-root-symbol",
"farm","16","seed","ui/allcrops/Crop_16_Seed.swf","85f1070dc666bbc44fc33a928762772be0dec25ee36ddeadb28ae27a25e1d8df","Crop_16_Seed","6","6","root-symbol","1","0","106,33,1000,1132","45","55","apps/web/public/assets/manor/v7-runtime/crops/16/seed.png","ffdc81ff76d187d43450e3014cf706eb2f21aab1c310d7531fd260f044367579","exported-root-symbol",
"farm","16","sprout","ui/allcrops/Crop_16_0.swf","4c88b823c70ed55738f68b17d8269ac64474b07ac59549d608d9d36489fa44a9","Crop_16_0","7","7","root-symbol","1","0","1698,253,2302,1047","31","40","apps/web/public/assets/manor/v7-runtime/crops/16/sprout.png","77168f33fee43d8205ce73fc879a253e717b6c20467f5f150e2fb785ee2f790f","exported-root-symbol",
"farm","16","young","ui/allcrops/Crop_16_1.swf","d9c1d626d2f31aacbde3e241ae3b29868fadd35d107fc83005acf97b88b4cde1","Crop_16_1","9","9","root-symbol","1","0","1375,-167,2485,1109","56","64","apps/web/public/assets/manor/v7-runtime/crops/16/young.png","b5a497c4d79adcee572df590bbcdf5ce329529e9e1919d8ba6146d75ab27e3ff","exported-root-symbol",
"farm","16","growing","ui/allcrops/Crop_16_2.swf","6e6222020e34cc87616d33232de5235da6ab31711251fd9b005f11a45af3ff7d","Crop_16_2","9","9","root-symbol","1","0","1263,-313,2619,1129","68","73","apps/web/public/assets/manor/v7-runtime/crops/16/growing.png","8fb506b704aec41b77ec96a8b3d2242188696bd1f03853bbd4ea5f007c44dafc","exported-root-symbol",
"farm","16","mature","ui/allcrops/Crop_16_3.swf","a83b048c3158357f7d140d9738f36b07fc4fadac4b23295da7417fd50e892b48","Crop_16_3","13","13","root-symbol","1","0","838,-1350,3317,1243","124","130","apps/web/public/assets/manor/v7-runtime/crops/16/mature.png","0129609bb0c1bc0ea1becdc0a4eaea50a0082f9a53e66bed6c46ca11e370df83","exported-root-symbol",
"farm","16","withered","ui/allcrops/Crop_16_4.swf","c7b561997f0b7bbfcb54db1cadc3e50ad7affc91a238c99ae9b4f4f00b006829","Crop_16_6","3","3","root-symbol","1","0","815,-42,3351,1087","127","57","apps/web/public/assets/manor/v7-runtime/crops/16/withered.png","a4f52468845986fa9a05fdeb3fe2433683550bc42b4da4a5b08ba585a58438a9","exported-root-symbol",
"farm","17","seed","ui/allcrops/Crop_17_Seed.swf","dfae407c741e24638b003578d27b3c62c9c0e0df711f5d7264f4fd9d5c3ce5b3","Crop_17_Seed","5","5","root-symbol","1","0","53,15,1062,1069","51","53","apps/web/public/assets/manor/v7-runtime/crops/17/seed.png","1a142e656836e3795be7604028560cd8afef21bf347c13e2b8e2b1ac45e894d9","exported-root-symbol",
"farm","17","sprout","ui/allcrops/Crop_17_0.swf","1d79af48ee880056c52b0b57ae28d371df8a6ac6c2e517a8603e8029ca7103e8","Crop_17_0","3","3","root-symbol","1","0","1541,674,2403,1051","44","19","apps/web/public/assets/manor/v7-runtime/crops/17/sprout.png","ebb53666ca1c02a5670f64d486fbe91a4e396e14a3491fcf1b9a58bd93b1a945","exported-root-symbol",
"farm","17","young","ui/allcrops/Crop_17_1.swf","3a8fbca2e95717c1be460766a37f1f17d6bbab8fa8dbcea7425c3f67118bc846","Crop_17_1","6","6","root-symbol","1","0","1672,39,2267,1041","30","51","apps/web/public/assets/manor/v7-runtime/crops/17/young.png","499684df25be76b762928b0d89b7e8478d7742f0a63085b1098546ad60bb1835","exported-root-symbol",
"farm","17","growing","ui/allcrops/Crop_17_2.swf","616bd8e270ab5836413e8360cfcdc79a3a0fb8a3bc4972c666826c616487225b","Crop_17_2","7","7","root-symbol","1","0","1099,-603,2850,1188","88","90","apps/web/public/assets/manor/v7-runtime/crops/17/growing.png","8224c441d387c60c5200a0d362570d631162dd2bec009f67d27717e63391568a","exported-root-symbol",
"farm","17","mature","ui/allcrops/Crop_17_3.swf","ab30c64ed1c21c92b0b90dde0a1f0e4e9f7bdf35405bb7d3c9a06087992a2100","Crop_17_3","15","15","root-symbol","1","0","257,-1398,3440,1253","160","133","apps/web/public/assets/manor/v7-runtime/crops/17/mature.png","38966df215bf336d4d151773a686186476ad732d90718c0f3d3acf15a162114c","exported-root-symbol",
"farm","17","withered","ui/allcrops/Crop_17_4.swf","95b256b67140a7b290d9a9156c62291913a3c49ed67cbe1a51470e4cdc23cf35","Crop_17_6","3","3","root-symbol","1","0","749,-32,3285,1097","127","57","apps/web/public/assets/manor/v7-runtime/crops/17/withered.png","15a03115f6e4ff1b746be687cdb88104df7c9c52266fd98723ca0f123ceea83c","exported-root-symbol",
"farm","18","seed","ui/allcrops/Crop_18_Seed.swf","42e6c943b6b354d8c49a063980e456703b236f80a3daf7f2356b18d3ed6efe3e","Crop_18_Seed","2","2","root-symbol","1","0","-20,-19,1136,874","58","45","apps/web/public/assets/manor/v7-runtime/crops/18/seed.png","b1f0b1de054d1b3d169b91d1854a2c1cd5bf64427e40ae20914dc63ddc4d202f","exported-root-symbol",
"farm","18","sprout","ui/allcrops/Crop_18_0.swf","55ac8b5149eeef9bbe3b9956b6238d431bb4b3c313764f2ac4cf9019d4074a9a","Crop_18_0","3","3","root-symbol","1","0","1639,591,2501,968","44","19","apps/web/public/assets/manor/v7-runtime/crops/18/sprout.png","d0f5dad9e4a5a30891f550d9f775270fadc9b3b9c051f3013d9d2ed082d23c3e","exported-root-symbol",
"farm","18","young","ui/allcrops/Crop_18_1.swf","f18dc582e34f079d58ccec2dd49859c7828a62632a81c654ba124ae1fde7c6a5","Crop_18_1","3","3","root-symbol","1","0","1742,-300,2397,934","33","62","apps/web/public/assets/manor/v7-runtime/crops/18/young.png","44679e9a333f970eaf8cad0d2f338320aefab63d08fa5a0c80a37cc77f243c73","exported-root-symbol",
"farm","18","growing","ui/allcrops/Crop_18_2.swf","3425aede2deeb69500764c12d71084ed9d541a2f70f34e3d823c7b97ec5f2376","Crop_18_2","6","6","root-symbol","1","0","932,-944,2963,1057","102","101","apps/web/public/assets/manor/v7-runtime/crops/18/growing.png","d550803ee2e45a29a2c71bcdaed870d07657142064e4a181226098ffc38e0a33","exported-root-symbol",
"farm","18","mature","ui/allcrops/Crop_18_3.swf","f0490ea7b418a2d65e42441f405c76f3af01a20ff50a184871edcf8caaf76570","Crop_18_3","18","18","root-symbol","1","0","807,-1337,3103,1168","115","126","apps/web/public/assets/manor/v7-runtime/crops/18/mature.png","2155ebdc442a94d8822f72de6dd6a19ce6682d45a435a8f60a3b33c3a5552798","exported-root-symbol",
"farm","18","withered","ui/allcrops/Crop_18_4.swf","da7a8cbd894233c5b13a93672ee4296a1f91410223cd6d113af80518f2b1b799","Crop_18_6","3","3","root-symbol","1","0","898,-184,3434,945","127","57","apps/web/public/assets/manor/v7-runtime/crops/18/withered.png","06b5785e46cdddf16ea57e4e11f9bac39ec5e95bf99832d0932fd893a1b6e884","exported-root-symbol",
"farm","19","seed","ui/allcrops/Crop_19_Seed.swf","a14bf0c5042db880b2a017863b463869639acb90f223bbfae89bbdac6c3a3c31","Crop_19_Seed","2","2","root-symbol","1","0","-20,-20,826,824","43","43","apps/web/public/assets/manor/v7-runtime/crops/19/seed.png","1fa279b674aac17a19c0eef7298ef46d3a155e22ec6fef9cdb513bb4a6e871a6","exported-root-symbol",
"farm","19","sprout","ui/allcrops/Crop_19_0.swf","2abd186eb432926d13e36c407da6eb605f0cc8a24f9d010b84aa811e1ff30c27","Crop_19_0","3","3","root-symbol","1","0","1453,715,2315,1092","44","19","apps/web/public/assets/manor/v7-runtime/crops/19/sprout.png","d0f5dad9e4a5a30891f550d9f775270fadc9b3b9c051f3013d9d2ed082d23c3e","exported-root-symbol",
"farm","19","young","ui/allcrops/Crop_19_1.swf","9d0ce4dd7406d30b7178969de24401107a0d4e0654d3790b43f88181f2c25025","Crop_19_1","3","3","root-symbol","1","0","1486,273,2110,1032","32","38","apps/web/public/assets/manor/v7-runtime/crops/19/young.png","a84b5be1808a007ebd790ad6a3c114ae66bdfc9319a40b31d7cc555e512d0013","exported-root-symbol",
"farm","19","growing","ui/allcrops/Crop_19_2.swf","c9a77c1f591bcdd3d5b823611dfffbf42cea12c393e760b70b87ccbcdfcee00a","Crop_19_2","3","3","root-symbol","1","0","1318,-487,2359,1195","53","85","apps/web/public/assets/manor/v7-runtime/crops/19/growing.png","a5460182df61e2e586a1c138d6b7532ab40999d2b8da275ed57083b28766f05c","exported-root-symbol",
"farm","19","mature","ui/allcrops/Crop_19_3.swf","9790ac0701be56f395e84939f9c3a2db33ce6fa05441adcaf630cc67b69ef857","Crop_19_3","9","9","root-symbol","1","0","631,-1142,3294,1161","134","116","apps/web/public/assets/manor/v7-runtime/crops/19/mature.png","49c05a1f495bbe3c6d40b3e31ab5cc00cfa4c8dd02b818178db397ef99c0f348","exported-root-symbol",
"farm","19","withered","ui/allcrops/Crop_19_4.swf","7cc7e95e752fe1b3fb6b8eca0abba624226aa49058e2fa516a1a166e065540ba","Crop_19_6","3","3","root-symbol","1","0","741,-2,3277,1127","127","57","apps/web/public/assets/manor/v7-runtime/crops/19/withered.png","06b5785e46cdddf16ea57e4e11f9bac39ec5e95bf99832d0932fd893a1b6e884","exported-root-symbol",
"farm","20","seed","ui/allcrops/Crop_20_Seed.swf","f5922daeded36e8a4dbd671c5fdd710762f4aebfd087166fca957b069f7d32be","Crop_20_Seed","6","6","root-symbol","1","0","192,67,1336,1044","58","49","apps/web/public/assets/manor/v7-runtime/crops/20/seed.png","ac4267950302238a035fea44519b9a737f84ca74bcd8e44e44ddc63e04cc900a","exported-root-symbol",
"farm","20","sprout","ui/allcrops/Crop_20_0.swf","aefd41bc3dd2b417542162946c1dc243e6f71b75fce633ce04b0dbf0b1dccee6","Crop_20_0","7","7","root-symbol","1","0","1541,37,2326,1011","40","49","apps/web/public/assets/manor/v7-runtime/crops/20/sprout.png","fcd3eb221ce65617bf575acb4f8dc786c6f06d69bffb6ffb2688bd5ecf595e7d","exported-root-symbol",
"farm","20","young","ui/allcrops/Crop_20_1.swf","0387386975860cb6aaf11aa1cb60422544863775c8c36ad9098214e9b18b588c","Crop_20_1","8","8","root-symbol","1","0","1152,-434,2768,1069","81","76","apps/web/public/assets/manor/v7-runtime/crops/20/young.png","b02cc504228522e6514ef3093132dddb6b1666fae9a3203d6c76b2d2fa53577e","exported-root-symbol",
"farm","20","growing","ui/allcrops/Crop_20_2.swf","b46d07e754d42d4abced63f18714e60431ad6843644709e69746dd98b79fe328","Crop_20_2","9","9","root-symbol","1","0","933,-959,2837,1156","96","106","apps/web/public/assets/manor/v7-runtime/crops/20/growing.png","bbe0a7350732f79c908f48ba05ed48ddf58d88644716d2763989a774231b057c","exported-root-symbol",
"farm","20","mature","ui/allcrops/Crop_20_3.swf","0ba1cf60cd628b4cb3071065aee5597522117a805650a9c7ed702992cc2a2abc","Crop_20_3","26","26","root-symbol","1","0","547,-1589,2943,1207","120","140","apps/web/public/assets/manor/v7-runtime/crops/20/mature.png","0e5f2e32c271cb6ebeebb22763e672fa9a47af64a63c54331aa632479b92bf41","exported-root-symbol",
"farm","20","withered","ui/allcrops/Crop_20_4.swf","0c1a49e64971c5358d86fb90645b7b7d725225c61f2798dcbcb25898ec66111a","Crop_20_6","3","3","root-symbol","1","0","743,-61,3279,1068","127","57","apps/web/public/assets/manor/v7-runtime/crops/20/withered.png","1d5c54db170ce8739e7fb556407da44a3a22da4e6d34d0426861aa7165683466","exported-root-symbol",
"farm","21","seed","ui/allcrops/Crop_21_Seed.swf","ed9646728a8e7d1d5aa6e2e09ebc0aa830d8f3d8e9734aa0232a6211a94243b7","Crop_21_Seed","6","6","root-symbol","1","0","165,105,1184,1115","51","51","apps/web/public/assets/manor/v7-runtime/crops/21/seed.png","5a1ed0e18dffa197bffaaaa06334e873c4d580d955574aac647f87c2cb982bdb","exported-root-symbol",
"farm","21","sprout","ui/allcrops/Crop_21_0.swf","46042fd70a4f9c39dd0fbdee460ba4ca21a9658ea4fcb61faa344e66ba91d9ca","Crop_21_0","3","3","root-symbol","1","0","1541,708,2403,1085","44","19","apps/web/public/assets/manor/v7-runtime/crops/21/sprout.png","6dd6d07cf5ecb9f23378888880bfe2191835416dc430b9488f2efee9d77b6606","exported-root-symbol",
"farm","21","young","ui/allcrops/Crop_21_1.swf","ee3c608ee90e624bef2f2b9d01dc06bea4b70efdb96634b6d30cc591cb3aa40a","Crop_21_1","3","3","root-symbol","1","0","1619,230,2228,1039","31","41","apps/web/public/assets/manor/v7-runtime/crops/21/young.png","783705f5d6e502445a212503f1f9d6526f3d1f908fb69e053a5d321400ed7de4","exported-root-symbol",
"farm","21","growing","ui/allcrops/Crop_21_2.swf","06fcad1998fcb071d8d211f4b2b9104c5886fa586bdc55f5d83d26ef7d18e600","Crop_21_2","15","15","root-symbol","1","0","871,-486,2968,1114","105","80","apps/web/public/assets/manor/v7-runtime/crops/21/growing.png","574a7c0c8f8ff25b987b844c7ca3bbecd0ee88cc58852744b2f9e224ecd2eea8","exported-root-symbol",
"farm","21","mature","ui/allcrops/Crop_21_3.swf","5db8b0b2f0980434887d6187d1d0af7e554331fb0c5489092d40228b5594ed54","Crop_21_3","58","58","root-symbol","1","0","499,-1376,3298,1197","140","129","apps/web/public/assets/manor/v7-runtime/crops/21/mature.png","cb3e4a964479a6af0996456a3188a3beb2cd9980d9b6fae92ea0a3177aa6e378","exported-root-symbol",
"farm","21","withered","ui/allcrops/Crop_21_4.swf","1a5de2dc740c9dc0a95b3992a8afdfb0cd4c9a83c6d7ba976426511b8e2f5667","Crop_21_6","3","3","root-symbol","1","0","810,-33,3346,1096","127","57","apps/web/public/assets/manor/v7-runtime/crops/21/withered.png","a4f52468845986fa9a05fdeb3fe2433683550bc42b4da4a5b08ba585a58438a9","exported-root-symbol",
"farm","22","seed","ui/allcrops/Crop_22_Seed.swf","0621e504a8861b1dda871ebe11eaa12d6b6e2ee5a39231cfb25f5f15a1ce8d24","Crop_22_Seed","3","3","root-symbol","1","0","25,6,1019,1147","50","58","apps/web/public/assets/manor/v7-runtime/crops/22/seed.png","66d870506e8019a3e809b003645f7394a1be5f54113a8db880d892d4aca99270","exported-root-symbol",
"farm","22","sprout","ui/allcrops/Crop_22_0.swf","7fe2a89992c378fba59f16c23106b91e3a77d62d19574c057bc821cd78f60689","Crop_22_0","5","5","root-symbol","1","0","1496,-11,2471,1125","49","57","apps/web/public/assets/manor/v7-runtime/crops/22/sprout.png","39e02046937e531768805558f54549ec46822da8240af80edb94eb579f26afcf","exported-root-symbol",
"farm","22","young","ui/allcrops/Crop_22_1.swf","bf47914d55b5d957286a623a82ff1690ea5646d72c389b33723c15d245b5cb59","Crop_22_1","6","6","root-symbol","1","0","1247,-268,2585,1143","67","71","apps/web/public/assets/manor/v7-runtime/crops/22/young.png","8feb405be04e687a5f6a1a5f3963346778de9ee82c274f307f5dc4e5a65de35f","exported-root-symbol",
"farm","22","growing","ui/allcrops/Crop_22_2.swf","0cc718737ee3ae09f564e5b70ecf5d40bfac3d268b73c86ba485aa4ff4598f25","Crop_22_2","6","6","root-symbol","1","0","865,-734,2836,1191","99","97","apps/web/public/assets/manor/v7-runtime/crops/22/growing.png","15ad090d320ef5c19ccbf9cbfb3592a840d10fba2dd6d67125552341e46587e6","exported-root-symbol",
"farm","22","mature","ui/allcrops/Crop_22_3.swf","c0a83eb2ff30aa31011fc5d11dabe1a92509b6970b386bbf732a22c93c2610d5","Crop_22_3","12","12","root-symbol","1","0","573,-1273,3353,1208","139","125","apps/web/public/assets/manor/v7-runtime/crops/22/mature.png","bb6fb98983137906df4ca4248e11a5e4b6bdea9a57b20b924f619376423a0435","exported-root-symbol",
"farm","22","withered","ui/allcrops/Crop_22_4.swf","3c55ca804233b542608c74aa015ff0e8f465ca7c0b071822551da84c672da2f4","Crop_22_6","3","3","root-symbol","1","0","769,15,3305,1144","127","57","apps/web/public/assets/manor/v7-runtime/crops/22/withered.png","e280ed3b15b30be65d9451d8bcf2ecf17f7d20b7015813337afbc679a95567fa","exported-root-symbol",
"farm","23","seed","ui/allcrops/Crop_23_Seed.swf","df4fe4b87f2c38fa1eb67f5604829cd8ef9f3d789d13ff6348f61ab267a58196","Crop_23_Seed","2","2","root-symbol","1","0","-21,-10,778,810","40","41","apps/web/public/assets/manor/v7-runtime/crops/23/seed.png","0dcb1e5fee4d7248279481483717eba2f6b7d926d03fe142a49f9c7628d70f1d","exported-root-symbol",
"farm","23","sprout","ui/allcrops/Crop_23_0.swf","1241bbdaf6fed4add007bae85eec7688e84a88696da8d4406c49e03d938d7918","Crop_23_0","3","3","root-symbol","1","0","1508,698,2370,1075","44","19","apps/web/public/assets/manor/v7-runtime/crops/23/sprout.png","c44c66e9d8d7de159f810e86a36760b2b2ab57c0bf57baafa521bfd7f48bd9d6","exported-root-symbol",
"farm","23","young","ui/allcrops/Crop_23_1.swf","ae924145cd7da3c9edc5bbd1f8d4622b676a6fb6e36ffef1e5b60efaf2f44b2a","Crop_23_1","6","6","root-symbol","1","0","1582,-348,2280,1024","35","69","apps/web/public/assets/manor/v7-runtime/crops/23/young.png","a489bdcc8cf0830b55c24d8e8310565f14838a7dbddde7df5e76912a3843e6e2","exported-root-symbol",
"farm","23","growing","ui/allcrops/Crop_23_2.swf","90d2c1b3b1cb14650f1e7dfd405849dfcfbfb2674d77f215c2ececa805fb9ff0","Crop_23_2","14","14","root-symbol","1","0","1199,-576,2836,1072","82","83","apps/web/public/assets/manor/v7-runtime/crops/23/growing.png","3ba90cb575d5c8b058dc69c4cd713ac3c39da340e3efa4086653ce8ab1d28c45","exported-root-symbol",
"farm","23","mature","ui/allcrops/Crop_23_3.swf","c8ba5f2b8f6cac0dad3840f226dbff4290525083b5f78a76aa76d25b051eb63a","Crop_23_3","32","32","root-symbol","1","0","677,-1581,3297,1113","131","135","apps/web/public/assets/manor/v7-runtime/crops/23/mature.png","9dc5804c1d7db17eeffa43022ff4384a8b7a951246bed6133b660938c164c81b","exported-root-symbol",
"farm","23","withered","ui/allcrops/Crop_23_4.swf","f2c19fb9734fb5c0e2231a360ae154382cf6ab85a52c451c1393ea6cc024db6d","Crop_23_6","3","3","root-symbol","1","0","793,4,3329,1133","127","57","apps/web/public/assets/manor/v7-runtime/crops/23/withered.png","a4f52468845986fa9a05fdeb3fe2433683550bc42b4da4a5b08ba585a58438a9","exported-root-symbol",
"farm","24","seed","ui/allcrops/Crop_24_Seed.swf","a0e6592fd365a4608ba9c25fffac40f9879a25980753afd3a84d4e0119650f5b","Crop_24_Seed","5","5","root-symbol","1","0","-26,46,1016,1149","53","56","apps/web/public/assets/manor/v7-runtime/crops/24/seed.png","0d059fd672ac19e62e0efecaed4c731d223db82b91c1d8389fd7944537699000","exported-root-symbol",
"farm","24","sprout","ui/allcrops/Crop_24_0.swf","e2f2ccd9fc80534dd1bc25acb5d4645b063e8e5f5550dbf5d17afa1a6f35755c","Crop_24_0","3","3","root-symbol","1","0","1549,735,2411,1112","44","19","apps/web/public/assets/manor/v7-runtime/crops/24/sprout.png","ebb53666ca1c02a5670f64d486fbe91a4e396e14a3491fcf1b9a58bd93b1a945","exported-root-symbol",
"farm","24","young","ui/allcrops/Crop_24_1.swf","faa1848bfb29767810cd1389763abde8b4a994069300e99bd28d72fca269afe2","Crop_24_1","6","6","root-symbol","1","0","1532,-253,2372,1132","42","70","apps/web/public/assets/manor/v7-runtime/crops/24/young.png","976e992967d458e6642c8d2be63ce8efa4d47d02e6a1a9847d16af818a14bff9","exported-root-symbol",
"farm","24","growing","ui/allcrops/Crop_24_2.swf","ffa725bdad29f569e3fbafd9f8861e39e88f5ebda51b1f49fcea68bbe21fc2a3","Crop_24_2","6","6","root-symbol","1","0","1029,-609,2967,1190","97","90","apps/web/public/assets/manor/v7-runtime/crops/24/growing.png","2ef4ae1737dd4e080c16adec18a882c90913660455051aeed8982039754e2dad","exported-root-symbol",
"farm","24","mature","ui/allcrops/Crop_24_3.swf","b57d71046033944cce4cb97bd41a45a144c42c7a2fa5d79a64138d9c183f9047","Crop_24_3","19","19","root-symbol","1","0","458,-1455,3101,1210","133","134","apps/web/public/assets/manor/v7-runtime/crops/24/mature.png","383170cc8efaecd41826aa8cbc494a26678be76761ffdb28498375a2590cddae","exported-root-symbol",
"farm","24","withered","ui/allcrops/Crop_24_4.swf","b97869ae78b2d4614a9088c4fffc2d160598847ff1ef0c3a133ff5b4ac393101","Crop_24_6","3","3","root-symbol","1","0","701,1,3237,1130","127","57","apps/web/public/assets/manor/v7-runtime/crops/24/withered.png","15a03115f6e4ff1b746be687cdb88104df7c9c52266fd98723ca0f123ceea83c","exported-root-symbol",
"farm","26","seed","ui/allcrops/Crop_26_Seed.swf","cf4062b92209a607b2f0fd975530dd79f05902dbeeeeb6219fa26cfcc1b857c7","Crop_26_Seed","2","2","root-symbol","1","0","-19,-16,789,918","41","47","apps/web/public/assets/manor/v7-runtime/crops/26/seed.png","17482a82d481b226ee354c1085af70cb60ded7bfafe9c6b6197149b76e8a3345","exported-root-symbol",
"farm","26","sprout","ui/allcrops/Crop_26_0.swf","20fe19d914c32d8d484ddfb0978bc34e9d761a56dfb7e69cd948f54adbb74d1f","Crop_26_0","3","3","root-symbol","1","0","1687,350,2150,1018","24","34","apps/web/public/assets/manor/v7-runtime/crops/26/sprout.png","9610e2a5c1aa4144d669ed9cdb5d8e6aac3a70081c9ecf4c9aaa4dda8a21cd2a","exported-root-symbol",
"farm","26","young","ui/allcrops/Crop_26_1.swf","e62812010138f9533b0fb835419a9f22522d02ea2ca848560e0d6cf3d62241b5","Crop_26_1","3","3","root-symbol","1","0","1604,54,2287,1034","35","49","apps/web/public/assets/manor/v7-runtime/crops/26/young.png","736c9e7806b92c9141d2101f8cadb2a0fb2bb4707c2383659034d1dceedc6ee1","exported-root-symbol",
"farm","26","growing","ui/allcrops/Crop_26_2.swf","d3f3154d2710c91a05283c816f3f7fb4f532ca5137cee420c7720ddb31ffbdd5","Crop_26_2","6","6","root-symbol","1","0","1158,-422,2749,1020","80","73","apps/web/public/assets/manor/v7-runtime/crops/26/growing.png","9c4302fd802f721bc121d2b7e73e89155878eb48795f17a9e8ee86191b3fa02a","exported-root-symbol",
"farm","26","mature","ui/allcrops/Crop_26_3.swf","5ad862f783d919958938872abfbcb4a57078e780c1044d6616ae9158af828720","Crop_26_3","15","15","root-symbol","1","0","710,-1478,3125,1097","121","129","apps/web/public/assets/manor/v7-runtime/crops/26/mature.png","05534f49945627e92b88464a637e943b42207d907a63e3cbd87f8bfac01736b0","exported-root-symbol",
"farm","26","withered","ui/allcrops/Crop_26_4.swf","e66eea017279538647471cd7f08c16071eb87a6560f5c81749d3513a7892e133","Crop_26_6","3","3","root-symbol","1","0","735,-13,3271,1116","127","57","apps/web/public/assets/manor/v7-runtime/crops/26/withered.png","a4f52468845986fa9a05fdeb3fe2433683550bc42b4da4a5b08ba585a58438a9","exported-root-symbol",
"farm","27","seed","ui/allcrops/Crop_27_Seed.swf","f20cb550ed70f952bc7f0bd430dd5e2d796b92afda39e56aae9d556a55741f71","Crop_27_Seed","2","2","root-symbol","1","0","-20,-19,538,991","28","51","apps/web/public/assets/manor/v7-runtime/crops/27/seed.png","b3e3f09f6ed34ade975b69254bfaed9b3011aed8db306e505c57b1c36d5dbb67","exported-root-symbol",
"farm","27","sprout","ui/allcrops/Crop_27_0.swf","efb99e5901e1b78078655701e6f4724304f2a84bf783ff85462345267350c871","Crop_27_0","3","3","root-symbol","1","0","1669,547,2262,1112","30","29","apps/web/public/assets/manor/v7-runtime/crops/27/sprout.png","15fb2c4edd73cee3bcc57bd5a5e7fe1e6f6fd585849caba86208946c0fafe060","exported-root-symbol",
"farm","27","young","ui/allcrops/Crop_27_1.swf","b55d5b49fbd759b30512a4ca32a1e32b8d23dcc99b49937d5e6f50cb6d9655cf","Crop_27_1","3","3","root-symbol","1","0","1567,303,2338,1115","39","41","apps/web/public/assets/manor/v7-runtime/crops/27/young.png","ef9fd7a2b887c6b5f10f580eee20d47e2f997676550ac4f9b96bc9c076b8a088","exported-root-symbol",
"farm","27","growing","ui/allcrops/Crop_27_2.swf","f9df9050779a1a67f63265db1de7a8ec92d872e83b7fae5c62dab5351f52904b","Crop_27_2","3","3","root-symbol","1","0","1093,33,2925,1376","92","68","apps/web/public/assets/manor/v7-runtime/crops/27/growing.png","bf25ed82143ca26394bb6e6684d9d005a8fe1f33321350a105f72309358cf3b8","exported-root-symbol",
"farm","27","mature","ui/allcrops/Crop_27_3.swf","a99f58a1da66f271aef5084d3c8b4baaa7afc36e2901bffb4c9a86bdb700a258","Crop_27_3","11","11","root-symbol","1","0","619,-838,3377,1831","138","134","apps/web/public/assets/manor/v7-runtime/crops/27/mature.png","52b0644c0d6f14bba983eec34a96d8c4b99f2cca91f8480c20364c406936f6b5","exported-root-symbol",
"farm","27","withered","ui/allcrops/Crop_27_4.swf","218c06f7613f81b43c15d18c35ba9cc751b06e4e4af024bf69fa95730d7cbd67","Crop_27_6","3","3","root-symbol","1","0","770,-58,3306,1071","127","57","apps/web/public/assets/manor/v7-runtime/crops/27/withered.png","06b5785e46cdddf16ea57e4e11f9bac39ec5e95bf99832d0932fd893a1b6e884","exported-root-symbol",
"farm","29","seed","ui/allcrops/Crop_29_Seed.swf","21fe0777858166d312f2dcf9c2c415174a90b5b93510a05b63598004ab1a0f6c","Crop_29_Seed","2","2","root-symbol","1","0","-19,-18,849,879","44","45","apps/web/public/assets/manor/v7-runtime/crops/29/seed.png","036f15ba61858f6bddc65e5cf176d62345259ddfe671df8e103a320fb7014216","exported-root-symbol",
"farm","29","sprout","ui/allcrops/Crop_29_0.swf","499d5cc2fcc1fdfb584debb5ffe9f3dc28f4d66299d0b173bbcfc366f11f5a45","Crop_29_0","3","3","root-symbol","1","0","1502,566,2364,943","44","19","apps/web/public/assets/manor/v7-runtime/crops/29/sprout.png","d0f5dad9e4a5a30891f550d9f775270fadc9b3b9c051f3013d9d2ed082d23c3e","exported-root-symbol",
"farm","29","young","ui/allcrops/Crop_29_1.swf","978ff6afa249bdfab3650e215a2973b09ed413ad41d9ff8b6a42d314aa5c1089","Crop_29_1","3","3","root-symbol","1","0","1571,-140,2165,908","30","53","apps/web/public/assets/manor/v7-runtime/crops/29/young.png","c2d3c1807f1e8a1b57a53dc5d8acbbb213687bfed29de5eabd22f98f5e7137fa","exported-root-symbol",
"farm","29","growing","ui/allcrops/Crop_29_2.swf","bd19b16a3b42d00e04ed9b1fdf17ced45a25f9bd2dd01e2b9e43edeb36be445a","Crop_29_2","3","3","root-symbol","1","0","740,-1184,2763,1069","102","113","apps/web/public/assets/manor/v7-runtime/crops/29/growing.png","ff2e9f70f86b1174340d240395e653e8855d81b37793661c2a24360967124411","exported-root-symbol",
"farm","29","mature","ui/allcrops/Crop_29_3.swf","e890cb3d4a2db3f226cf4562456ba49de4f89800a49c8c38eb538c0dfafcce79","Crop_29_3","9","9","root-symbol","1","0","790,-1325,3361,1031","129","118","apps/web/public/assets/manor/v7-runtime/crops/29/mature.png","78cb35a6033d244d560e9d6119a92566af146e213d0b78d873789b3a3c4362ea","exported-root-symbol",
"farm","29","withered","ui/allcrops/Crop_29_4.swf","5df0e3785b87af744f60a546c5c73f917f7c8d59e60f32e2d44f99c3b3bfb635","Crop_29_6","3","3","root-symbol","1","0","791,-76,3327,1053","127","57","apps/web/public/assets/manor/v7-runtime/crops/29/withered.png","15a03115f6e4ff1b746be687cdb88104df7c9c52266fd98723ca0f123ceea83c","exported-root-symbol",
"farm","31","seed","ui/allcrops/Crop_31_Seed.swf","7b56e976f91cddde445307275ad40efadc151d23e9d22c04c2b3ea493f3d7557","Crop_31_Seed","2","2","root-symbol","1","0","-9,-19,762,1067","39","55","apps/web/public/assets/manor/v7-runtime/crops/31/seed.png","372144278d14934b940759fb4a68f58cf62397f14082f1b47b8c48424982702f","exported-root-symbol",
"farm","31","sprout","ui/allcrops/Crop_31_0.swf","389770dd5727b7949bceb536c83e1a5767cc20881cd2e0cf7b3e7036140f0d9c","Crop_31_0","3","3","root-symbol","1","0","1486,639,2348,1016","44","19","apps/web/public/assets/manor/v7-runtime/crops/31/sprout.png","c44c66e9d8d7de159f810e86a36760b2b2ab57c0bf57baafa521bfd7f48bd9d6","exported-root-symbol",
"farm","31","young","ui/allcrops/Crop_31_1.swf","2a2f246b6695e8162a2802e70d98d3324558e74df1735de81c4fa3047a8caf24","Crop_31_1","4","4","root-symbol","1","0","1594,-28,2238,1017","33","53","apps/web/public/assets/manor/v7-runtime/crops/31/young.png","1690a00a8fccf560357073fac0c955d6c35bb18587c4c5797f984def3b0ba4ba","exported-root-symbol",
"farm","31","growing","ui/allcrops/Crop_31_2.swf","02e777d2578f1ac8b16fab0c4c870391b19d84c14f2a483b4f30cb7cee63383a","Crop_31_2","9","9","root-symbol","1","0","1189,-458,2586,996","70","73","apps/web/public/assets/manor/v7-runtime/crops/31/growing.png","ebbf85070f9ba97a317e26b94b924c1849e80f2791991a2614b7c06cdbf182b3","exported-root-symbol",
"farm","31","mature","ui/allcrops/Crop_31_3.swf","c456fe87582a58e41234ad8d799133e90dbf337abee9480237752702be9c0823","Crop_31_3","21","21","root-symbol","1","0","580,-1400,3119,1123","127","127","apps/web/public/assets/manor/v7-runtime/crops/31/mature.png","44084011558b5e666f7f43b70f6dd09a3b328be969a30dd670a7204686cba1c3","exported-root-symbol",
"farm","31","withered","ui/allcrops/Crop_31_4.swf","b87fbebcedec9844196185bf1a8e6904afea34c9c3c246ab34c2682e731f75e6","Crop_31_6","3","3","root-symbol","1","0","755,-120,3291,1009","127","57","apps/web/public/assets/manor/v7-runtime/crops/31/withered.png","a4f52468845986fa9a05fdeb3fe2433683550bc42b4da4a5b08ba585a58438a9","exported-root-symbol",
"farm","33","seed","ui/allcrops/Crop_33_Seed.swf","f20dd6592644f570a4ec4f353929f2f3e14a791f685c32295b83635e3cd7c5c7","Crop_33_Seed","2","2","root-symbol","1","0","-2,-26,898,1101","45","57","apps/web/public/assets/manor/v7-runtime/crops/33/seed.png","25164075bae66cf3988ba84d06c493d0e1a1f50953f14917f92b97d9d0998431","exported-root-symbol",
"farm","33","sprout","ui/allcrops/Crop_33_0.swf","c3820f05efccfe198e44c846ef30e0f3fa6955f3dd1dfa046d11590408dc72c6","Crop_33_0","3","3","root-symbol","1","0","1634,474,2169,1022","27","28","apps/web/public/assets/manor/v7-runtime/crops/33/sprout.png","77d043481bc17bf569bb52c78259512cd8e6839fe524eefb5f91096f6c75750e","exported-root-symbol",
"farm","33","young","ui/allcrops/Crop_33_1.swf","d8d166f01597fbd861559d4b495fbb7d95e7f2985ef886e72212ced407113d7d","Crop_33_1","3","3","root-symbol","1","0","1602,-7,2217,1033","31","52","apps/web/public/assets/manor/v7-runtime/crops/33/young.png","c5f4b46882a0aa31b23c6a8e2fcc278ecd7097eca6d7ecdfdf6bae7cbd8fa176","exported-root-symbol",
"farm","33","growing","ui/allcrops/Crop_33_2.swf","f45ed8050d94aea4c2626ab008b0fcc6e18275b90b4859f79ff120579b623dc7","Crop_33_2","3","3","root-symbol","1","0","1285,-406,2450,1083","59","75","apps/web/public/assets/manor/v7-runtime/crops/33/growing.png","5a79c6c36c21e10582ff57251103bfafd04a60b6d5d31721582f461a42e067b9","exported-root-symbol",
"farm","33","mature","ui/allcrops/Crop_33_3.swf","1f8473fbe95b94d7a3fce5e8328de8ae1a90c0e6fd308e667c93a2dfda6debfc","Crop_33_3","13","13","root-symbol","1","0","680,-1146,3093,1065","121","111","apps/web/public/assets/manor/v7-runtime/crops/33/mature.png","84eeac54ee391f7c7cf51e6600124bf35672990a15183099bedc6b2b1ed49db4","exported-root-symbol",
"farm","33","withered","ui/allcrops/Crop_33_4.swf","edd72687699dbfba8c02169365637727fc78627edae1a4f39cfdb996605313d3","Crop_33_6","3","3","root-symbol","1","0","743,-49,3279,1080","127","57","apps/web/public/assets/manor/v7-runtime/crops/33/withered.png","06b5785e46cdddf16ea57e4e11f9bac39ec5e95bf99832d0932fd893a1b6e884","exported-root-symbol",
"farm","34","seed","ui/allcrops/Crop_34_Seed.swf","81986085e3ca91e2e881e7e1adf5b4851311378644279c7c18c9da693ace361b","Crop_34_Seed","4","4","root-symbol","1","0","57,73,1073,1137","51","54","apps/web/public/assets/manor/v7-runtime/crops/34/seed.png","a22cee1b6204275092ac531731c4db10d77be9563ae90d4c6ddc53e2658a69c4","exported-root-symbol",
"farm","34","sprout","ui/allcrops/Crop_34_0.swf","65dddca567a84024576fb4e8314d147cd33bfb06ea4805a12edea2fec97f8a8b","Crop_34_0","3","3","root-symbol","1","0","1479,583,2341,960","44","19","apps/web/public/assets/manor/v7-runtime/crops/34/sprout.png","12691290202b3d3f97ab24fbf53c06512317cc8f5699be1953ddeba77aa530d6","exported-root-symbol",
"farm","34","young","ui/allcrops/Crop_34_1.swf","2ac4777e0cd22b25c50a57328ad0041052395cd8421430b1643440d21c95ebc0","Crop_34_1","3","3","root-symbol","1","0","1464,246,2158,1047","35","41","apps/web/public/assets/manor/v7-runtime/crops/34/young.png","0822f3f259e59e996ca56344be1b2bb78756350835d559134677bf7f918de4b8","exported-root-symbol",
"farm","34","growing","ui/allcrops/Crop_34_2.swf","52120bcb2be873502d2cbc14f77ac308f560791629b823bb7b338cc82a28ff20","Crop_34_2","3","3","root-symbol","1","0","1214,-398,2669,1215","73","81","apps/web/public/assets/manor/v7-runtime/crops/34/growing.png","a2a5f7ba24b3a70faf2976449f8213fb8f85be84700bfe43b28809de581b480d","exported-root-symbol",
"farm","34","mature","ui/allcrops/Crop_34_3.swf","d0081714c8df5e04847e6380e887504cdd3862653bedad61f847931b7dc40101","Crop_34_3","11","11","root-symbol","1","0","525,-938,3255,1210","137","108","apps/web/public/assets/manor/v7-runtime/crops/34/mature.png","2db96c2fc463c21c4f8b60c7420eb9797a9d17dbd8f993d5423a1e5ed351ce1a","exported-root-symbol",
"farm","34","withered","ui/allcrops/Crop_34_4.swf","d4df0783d9cbacb7c97bae450d5aab5040ebe1376bff8e8ed7ef5e284792c218","Crop_34_6","3","3","root-symbol","1","0","761,18,3297,1147","127","57","apps/web/public/assets/manor/v7-runtime/crops/34/withered.png","06b5785e46cdddf16ea57e4e11f9bac39ec5e95bf99832d0932fd893a1b6e884","exported-root-symbol",
"farm","35","seed","ui/allcrops/Crop_35_Seed.swf","e52c97c52357083d0423a57668813fbdede6c73c07b98effb73a255c36732e73","Crop_35_Seed","2","2","root-symbol","1","0","-9,-12,969,950","49","49","apps/web/public/assets/manor/v7-runtime/crops/35/seed.png","d39b30f24b5359e288c4784da1cad9133128a661a7c4a4680983b16030fe2ebe","exported-root-symbol",
"farm","35","sprout","ui/allcrops/Crop_35_0.swf","3175653b7c90e42fe7a65a3f94ddc576e5fc9412086578fcb8e7c3f9a61627da","Crop_35_0","3","3","root-symbol","1","0","1554,661,2416,1038","44","19","apps/web/public/assets/manor/v7-runtime/crops/35/sprout.png","d3b5c065fdd528da04b1f17199502d62f0e81255d31d8288b7353fda27f7cc7a","exported-root-symbol",
"farm","35","young","ui/allcrops/Crop_35_1.swf","47cbdd465ca4612f8c17b9df4bcf1c31b798c847e92eefccc120476ad67f14bf","Crop_35_1","4","4","root-symbol","1","0","1355,-177,2401,981","53","58","apps/web/public/assets/manor/v7-runtime/crops/35/young.png","da00bd8e8033409b1d211df0f912947486d5582ada3fb0d902fed41115fed681","exported-root-symbol",
"farm","35","growing","ui/allcrops/Crop_35_2.swf","142acf0c8397119b700faaf1e6c1f03b1d57881b155f4af0b68a3cf6d368f9b1","Crop_35_2","7","7","root-symbol","1","0","911,-900,2914,1055","101","98","apps/web/public/assets/manor/v7-runtime/crops/35/growing.png","6dcd0f3cc5ff3a5c031eaccc6d31bd2157f20de69463f9ad39fe62ecc980a8f8","exported-root-symbol",
"farm","35","mature","ui/allcrops/Crop_35_3.swf","f136c8c8cf0ef9b50039fad417f66415476ad557a598ff4fe1aee08dce4e7deb","Crop_35_3","36","36","root-symbol","1","0","716,-1379,3220,1073","126","123","apps/web/public/assets/manor/v7-runtime/crops/35/mature.png","d2ebf3e1e73462f5724c156542040f16ba3d19de00fa2ddf37c85a9843d51246","exported-root-symbol",
"farm","35","withered","ui/allcrops/Crop_35_4.swf","97d3f47abac0684120b60807968044a740373c63636953c8fdfc95ce2beb94fd","Crop_35_6","3","3","root-symbol","1","0","748,-75,3284,1054","127","57","apps/web/public/assets/manor/v7-runtime/crops/35/withered.png","a4f52468845986fa9a05fdeb3fe2433683550bc42b4da4a5b08ba585a58438a9","exported-root-symbol",
"farm","36","seed","ui/allcrops/Crop_36_Seed.swf","03e9254d872c2b4a42b305bf0ba9498ad162a6f673e3be71d8b62077cf0918fc","Crop_36_Seed","6","6","root-symbol","1","0","46,29,1164,1214","56","60","apps/web/public/assets/manor/v7-runtime/crops/36/seed.png","7a06c15a461e60c6a5c46e5773b572a60ad70d7c1d7980ebe20190f8ed2c87f1","exported-root-symbol",
"farm","36","sprout","ui/allcrops/Crop_36_0.swf","43fbef8421e7b6fa9b425ad7f79fd1b1fd253d364848e615949541725b64ef9b","Crop_36_0","8","8","root-symbol","1","0","1513,106,2304,1033","40","47","apps/web/public/assets/manor/v7-runtime/crops/36/sprout.png","56d072aac09cd70554614977e25ca861c3e9a9135bc5ac53a309d1415b235763","exported-root-symbol",
"farm","36","young","ui/allcrops/Crop_36_1.swf","7cc7f47bd211c51364460808928be4b604a0d14b008088e16adfe24f58dcb63d","Crop_36_1","10","10","root-symbol","1","0","1473,-265,2468,1090","50","68","apps/web/public/assets/manor/v7-runtime/crops/36/young.png","18057cce781b64f6840d35e2ba2869831f0dbd9631afb3334da840203cf13da5","exported-root-symbol",
"farm","36","growing","ui/allcrops/Crop_36_2.swf","fca2e5fa099f4245b54f8ec8afa6304909e456468e877825e9b22a13a24a3c32","Crop_36_2","10","10","root-symbol","1","0","1265,-828,2603,1125","67","98","apps/web/public/assets/manor/v7-runtime/crops/36/growing.png","013e7240ba073c0378efb1dd371b2c339987f9c934fcf355799ae606d2f48d27","exported-root-symbol",
"farm","36","mature","ui/allcrops/Crop_36_3.swf","c5d51c1c0c0644ceb7f3a92bcc9e980613dad838ab47b8084fbe783c21b17f71","Crop_36_3","12","12","root-symbol","1","0","642,-1435,3161,1188","126","132","apps/web/public/assets/manor/v7-runtime/crops/36/mature.png","77ffe167b3df4370f5864c67bdf4aec2c5e7a51cba9e48151b0b199dbc2c2089","exported-root-symbol",
"farm","36","withered","ui/allcrops/Crop_36_4.swf","2274afa0c83059dc5d0da01665f4ba22bb9fe1b6c1d703e33c4cd81b810dd638","Crop_36_6","3","3","root-symbol","1","0","864,16,3400,1145","127","57","apps/web/public/assets/manor/v7-runtime/crops/36/withered.png","15a03115f6e4ff1b746be687cdb88104df7c9c52266fd98723ca0f123ceea83c","exported-root-symbol",
"farm","37","seed","ui/allcrops/Crop_37_Seed.swf","3acbf58ce48dd7ec7099df189593fb1e44479ec91bc7e4c063ae8f894b582141","Crop_37_Seed","4","4","root-symbol","1","0","36,-2,1095,881","53","45","apps/web/public/assets/manor/v7-runtime/crops/37/seed.png","25a97ed750698a0deee1d2829beed047df79a63b5840a8e3edefbbf0bd22535f","exported-root-symbol",
"farm","37","sprout","ui/allcrops/Crop_37_0.swf","e4d18e1ae3019f3e24382080dd70186380431745010f1821d5e92419f888f5f9","Crop_37_0","4","4","root-symbol","1","0","559,211,3270,1569","136","68","apps/web/public/assets/manor/v7-runtime/crops/37/sprout.png","48413c3e1606cd6d910de76bcc99afa5d08f93f66f655116c1ce45faab0ef54c","exported-root-symbol",
"farm","37","young","ui/allcrops/Crop_37_1.swf","fb1cedba77b6d3ab862fa44e3940553bce0357080854ae7f2f5c417d550224ec","Crop_37_1","6","6","root-symbol","1","0","559,211,3270,1569","136","68","apps/web/public/assets/manor/v7-runtime/crops/37/young.png","a290f8aceeb1306ff04eb2a8e169ba0fe58cd55efd6a43781e094006e3ef4129","exported-root-symbol",
"farm","37","growing","ui/allcrops/Crop_37_2.swf","d3388dee2e664e6b909af870550e7acb74bfdee4cd5660eae267157301650435","Crop_37_2","8","8","root-symbol","1","0","559,89,3270,1569","136","74","apps/web/public/assets/manor/v7-runtime/crops/37/growing.png","514056d4803219758a2faded19881028dc7cac75ac947e6f6bda2a0ebf9ef02a","exported-root-symbol",
"farm","37","mature","ui/allcrops/Crop_37_3.swf","9244bc3bf2a5b1149cc30055152712d74a7d140a24d1829978dfdc92cfed00b6","Crop_37_3","17","17","root-symbol","1","0","559,-505,3270,1570","136","104","apps/web/public/assets/manor/v7-runtime/crops/37/mature.png","61692e8f2480d8c42999ec79687b891d12673aa983006980d51bb6d0b18e928c","exported-root-symbol",
"farm","37","withered","ui/allcrops/Crop_37_4.swf","a9f3b847e6897080bcc9b667ac2262bbfd1484f2d9c5928b25c8de5ca2b93cc8","Crop_37_6","3","3","root-symbol","1","0","840,-50,3376,1079","127","57","apps/web/public/assets/manor/v7-runtime/crops/37/withered.png","a4f52468845986fa9a05fdeb3fe2433683550bc42b4da4a5b08ba585a58438a9","exported-root-symbol",
"farm","38","seed","ui/allcrops/Crop_38_Seed.swf","05feec0089fc93575ab88d45b744f297185f9b3207d29f10ec7cfaa10b8cdde2","Crop_38_Seed","2","2","root-symbol","1","0","-4,10,963,1010","49","50","apps/web/public/assets/manor/v7-runtime/crops/38/seed.png","8c2ee7c261d17d650ca4d59cbceea4b4cc356c7db65e72a301621a039a54a4e8","exported-root-symbol",
"farm","38","sprout","ui/allcrops/Crop_38_0.swf","8aa094551b2e7ee7aa987bdcf1e1ad2d10747c224cf22b09d369eae7f8088d6a","Crop_38_0","3","3","root-symbol","1","0","1517,609,2379,986","44","19","apps/web/public/assets/manor/v7-runtime/crops/38/sprout.png","c44c66e9d8d7de159f810e86a36760b2b2ab57c0bf57baafa521bfd7f48bd9d6","exported-root-symbol",
"farm","38","young","ui/allcrops/Crop_38_1.swf","78d02fb96e03738f37ea97f9a19d6eee5e62ab7b6809e32605ead6fc13449008","Crop_38_1","6","6","root-symbol","1","0","1402,193,2404,947","51","38","apps/web/public/assets/manor/v7-runtime/crops/38/young.png","0d448cd21e3b9a77b0abce67b4b831dbaab4dc34de54e955001fdd87bcd0d3e4","exported-root-symbol",
"farm","38","growing","ui/allcrops/Crop_38_2.swf","260c1ea1f6c595e5aead9e4a885d6db798c956c6d2b87633a4155e869e96cd80","Crop_38_2","6","6","root-symbol","1","0","1207,-510,2665,955","73","74","apps/web/public/assets/manor/v7-runtime/crops/38/growing.png","aa4c98a64ca2e0821293ea1594bd1a5459bb155a39d7169ee969510f8e51b174","exported-root-symbol",
"farm","38","mature","ui/allcrops/Crop_38_3.swf","e8b6c2bfa6d2178ab00b9b158075e7f04ff98383903cace41e98d246447be270","Crop_38_3","15","15","root-symbol","1","0","685,-1554,3168,1000","125","128","apps/web/public/assets/manor/v7-runtime/crops/38/mature.png","c4e7cf587340fa5eccc1bb14429235449022f5ac73e4221201573942e07b2c86","exported-root-symbol",
"farm","38","withered","ui/allcrops/Crop_38_4.swf","ca5f7e2cd1db763a7575b99e87618061f00fd43078541551596b724723201887","Crop_38_6","3","3","root-symbol","1","0","751,-79,3287,1050","127","57","apps/web/public/assets/manor/v7-runtime/crops/38/withered.png","a4f52468845986fa9a05fdeb3fe2433683550bc42b4da4a5b08ba585a58438a9","exported-root-symbol",
"farm","39","seed","ui/allcrops/Crop_39_Seed.swf","c60856517d82cb14bf22e8bbf90ac4b26de2d78862c25983bf69e54e611b3641","Crop_39_Seed","2","2","root-symbol","1","0","-12,-18,783,1103","40","57","apps/web/public/assets/manor/v7-runtime/crops/39/seed.png","2a962506cd42e0167f7a6b5af5ec399637912558fe6d2afa03dc284d21d33e32","exported-root-symbol",
"farm","39","sprout","ui/allcrops/Crop_39_0.swf","b08ee7ac8d538615b8dee9d810539c01aead728e359733bec282b9dd2d79be37","Crop_39_0","3","3","root-symbol","1","0","1567,676,2429,1053","44","19","apps/web/public/assets/manor/v7-runtime/crops/39/sprout.png","c44c66e9d8d7de159f810e86a36760b2b2ab57c0bf57baafa521bfd7f48bd9d6","exported-root-symbol",
"farm","39","young","ui/allcrops/Crop_39_1.swf","b95fe268681e6c04feadc6c6836d84f844fb609b4aa229a22390fb1c99a40c98","Crop_39_1","3","3","root-symbol","1","0","1615,161,2250,1022","32","44","apps/web/public/assets/manor/v7-runtime/crops/39/young.png","1430c95adcc46e9e0f12d84b7370b481e4c49661e30824a06099defaf1e3dcb2","exported-root-symbol",
"farm","39","growing","ui/allcrops/Crop_39_2.swf","dadcf171f00c530f33bfda893f57e6c0a6156f2560f6bbc6acc1fcd9ab813298","Crop_39_2","5","5","root-symbol","1","0","1108,-875,2669,1071","79","98","apps/web/public/assets/manor/v7-runtime/crops/39/growing.png","296a7c96dbe3879e0b4867805ab46a2382df9cc9daaecac1d78fd28a6c4f7af6","exported-root-symbol",
"farm","39","mature","ui/allcrops/Crop_39_3.swf","9e953f486938b08de4a7116554e96ec967a436fe8c62ee0f1e2fc7c5577feca6","Crop_39_3","17","17","root-symbol","1","0","577,-1445,3195,1136","131","130","apps/web/public/assets/manor/v7-runtime/crops/39/mature.png","85db1125dc0930d0ed8b67ac5ff3f05cd2bc39e06b342ab9b0218b021882e520","exported-root-symbol",
"farm","39","withered","ui/allcrops/Crop_39_4.swf","2e10fce47eabf40226f9678353c64013dfee39e3e0693e0b727cb152b105c12f","Crop_39_6","3","3","root-symbol","1","0","726,-35,3262,1094","127","57","apps/web/public/assets/manor/v7-runtime/crops/39/withered.png","a4f52468845986fa9a05fdeb3fe2433683550bc42b4da4a5b08ba585a58438a9","exported-root-symbol",
"farm","40","seed","ui/allcrops/Crop_40_Seed.swf","f3f27df6795aae12648b542ecb5d9012701d30f0ab8e8ffdc042b3e7f5829a14","Crop_40_Seed","9","9","root-symbol","1","0","89,142,1111,1004","52","44","apps/web/public/assets/manor/v7-runtime/crops/40/seed.png","1d151bfb0cfbe66624268e930b845256df409dc8bf60fccc03410138d387c1d2","exported-root-symbol",
"farm","40","sprout","ui/allcrops/Crop_40_0.swf","07cfa48b5f05a9e17c6f961788c72e872ca0ba90a3fbdcbed4baafbf975eef08","Crop_40_0","3","3","root-symbol","1","0","1556,619,2418,996","44","19","apps/web/public/assets/manor/v7-runtime/crops/40/sprout.png","c44c66e9d8d7de159f810e86a36760b2b2ab57c0bf57baafa521bfd7f48bd9d6","exported-root-symbol",
"farm","40","young","ui/allcrops/Crop_40_1.swf","fcf345cb516c2c0067e481579319bd0ef5105cdc21e1b4e66dab232403408461","Crop_40_1","3","3","root-symbol","1","0","1543,-320,2381,1002","42","67","apps/web/public/assets/manor/v7-runtime/crops/40/young.png","d3c9d7f711acd87f8f9b8d358d42d3f81cb9d298e0214dddf2f34d0676463046","exported-root-symbol",
"farm","40","growing","ui/allcrops/Crop_40_2.swf","53db55a4eaba676ab7d344a7aa10040692f5c75202144ef91704e549590245ee","Crop_40_2","8","8","root-symbol","1","0","1276,-483,2581,999","66","75","apps/web/public/assets/manor/v7-runtime/crops/40/growing.png","512da2ef9db436e0f63c8547c6091b1c2761ba9b8bd15dfcec0dc4fdb5a1196d","exported-root-symbol",
"farm","40","mature","ui/allcrops/Crop_40_3.swf","4eea8ae00a1857002b60cad92a545147e4a877cb1e64f6ca50b27aaa3f8a4599","Crop_40_3","16","16","root-symbol","1","0","867,-1305,3008,1021","108","117","apps/web/public/assets/manor/v7-runtime/crops/40/mature.png","7d29e8eef13f4597b3cb517feee4fe0a43f12d700c468cca1a1d4994a0eb2240","exported-root-symbol",
"farm","40","withered","ui/allcrops/Crop_40_4.swf","61e50b65a5c2fc91f314ef6744a553d454c26062d5e6e4483f1408c54ce6be16","Crop_40_6","3","3","root-symbol","1","0","687,-90,3223,1039","127","57","apps/web/public/assets/manor/v7-runtime/crops/40/withered.png","a4f52468845986fa9a05fdeb3fe2433683550bc42b4da4a5b08ba585a58438a9","exported-root-symbol",
"farm","42","seed","ui/allcrops/Crop_42_Seed.swf","e1588d6012e4ac9d23c0e2f1f914390e50c9dceb2086763d61eef16087063068","Crop_42_Seed","3","3","root-symbol","1","0","-20,-20,1066,1095","55","56","apps/web/public/assets/manor/v7-runtime/crops/42/seed.png","a019197c689fe9a23398f32ca5729b86a778dd930b84ebc82e7f2d45826cbe8a","exported-root-symbol",
"farm","42","sprout","ui/allcrops/Crop_42_0.swf","a4ad9c67c5c7a749eea8afa98d8b787cd45d894a92c233c0eaa14aeebffe46dc","Crop_42_0","3","3","root-symbol","1","0","1636,573,2498,950","44","19","apps/web/public/assets/manor/v7-runtime/crops/42/sprout.png","bbfef630a897a6cc8809143157df50cd95ebf48f1e58ae1389b88b4bde78e747","exported-root-symbol",
"farm","42","young","ui/allcrops/Crop_42_1.swf","d89b55bffe8cb9de38c2cc6ed0f3b252ec7159ad7748ecd4f2cf8e639266941d","Crop_42_1","3","3","root-symbol","1","0","1720,146,2434,890","36","38","apps/web/public/assets/manor/v7-runtime/crops/42/young.png","3f8e56132e682a3e6964ae330eec2a96d2129fa30fbc84be4946f9255a7ce9e3","exported-root-symbol",
"farm","42","growing","ui/allcrops/Crop_42_2.swf","1886571012d05e8fddfe8c5fc704a9c2a0cec924887c51c080051f25773af5d1","Crop_42_2","14","14","root-symbol","1","0","1561,-511,2555,926","50","72","apps/web/public/assets/manor/v7-runtime/crops/42/growing.png","e3b9f3a1988e9f06b68b46491fbacd7b3576290ae94f1bc1e401fc904adfa33e","exported-root-symbol",
"farm","42","mature","ui/allcrops/Crop_42_3.swf","03248bc73795c9ace76bfcdc690d45524cbaff4be3922c7b5d284b8ba00d5340","Crop_42_3","49","49","root-symbol","1","0","622,-1341,3333,1197","136","127","apps/web/public/assets/manor/v7-runtime/crops/42/mature.png","98f0c12decc65f7f35e79089454f5e910964155cff3b85a1ad320e8be4e440f6","exported-root-symbol",
"farm","42","withered","ui/allcrops/Crop_42_4.swf","cc7741f5491499740841830cf27a7c332598dbc7b9ff917b920b1cca6ce4d2b6","Crop_42_6","3","3","root-symbol","1","0","898,-102,3434,1027","127","57","apps/web/public/assets/manor/v7-runtime/crops/42/withered.png","15a03115f6e4ff1b746be687cdb88104df7c9c52266fd98723ca0f123ceea83c","exported-root-symbol",
"farm","43","seed","ui/allcrops/Crop_43_Seed.swf","b8f857c650928563d39176a2f8c415fff31d61879213766a5a24fb08ddf5b6f0","Crop_43_Seed","2","2","root-symbol","1","0","-21,-20,1189,809","61","42","apps/web/public/assets/manor/v7-runtime/crops/43/seed.png","5ecc749182af670c1c84ef2fe5d41ab958b44137451619b7bde99bb5ee4f2646","exported-root-symbol",
"farm","43","sprout","ui/allcrops/Crop_43_0.swf","72d422ee090000905a28f39202bfcc0905069c44a47aa116971998600ed9e626","Crop_43_0","3","3","root-symbol","1","0","1553,629,2415,1006","44","19","apps/web/public/assets/manor/v7-runtime/crops/43/sprout.png","e713a7abe7b425f4f73c5bf7cd3ea64c1d67847d752b4077868b300dfa1d27c5","exported-root-symbol",
"farm","43","young","ui/allcrops/Crop_43_1.swf","368c3916bbcc41431ae18c93d186464513f8e13490433b15d61114944f3bd883","Crop_43_1","6","6","root-symbol","1","0","1408,291,2440,1096","52","41","apps/web/public/assets/manor/v7-runtime/crops/43/young.png","94a7ce44b351f1ed8946141627c7d07bc1eaacc7871f9129be8ccc7b73e499bf","exported-root-symbol",
"farm","43","growing","ui/allcrops/Crop_43_2.swf","bc5386a7355825fff214e1aed49f9b76da6d3a0aae07a2ea78763c8d98ee9811","Crop_43_2","7","7","root-symbol","1","0","1354,108,2429,1138","54","52","apps/web/public/assets/manor/v7-runtime/crops/43/growing.png","ad6a583c15e866aafa6041f4d95ec309addda97ad627926588847bcb488e05d1","exported-root-symbol",
"farm","43","mature","ui/allcrops/Crop_43_3.swf","65a0d30fa756532ad5931192897d392e4554383e5d6c9a2d69f01e2249356954","Crop_43_3","17","17","root-symbol","1","0","965,-1591,3100,1185","107","139","apps/web/public/assets/manor/v7-runtime/crops/43/mature.png","812e5d413084c80f4377b9683e5100274efc93e113b5e48f649eba077da2becb","exported-root-symbol",
"farm","43","withered","ui/allcrops/Crop_43_4.swf","68d1e2b1acbc30ca68c7970e3da396a8f76d32bc8cd17e1e8f4a448965c1b9f2","Crop_43_6","3","3","root-symbol","1","0","760,-66,3296,1063","127","57","apps/web/public/assets/manor/v7-runtime/crops/43/withered.png","a4f52468845986fa9a05fdeb3fe2433683550bc42b4da4a5b08ba585a58438a9","exported-root-symbol",
"farm","44","seed","ui/allcrops/Crop_44_Seed.swf","e6754dae809a94cf8683377e85feea8af443398d0345955c64845c6b401ff744","Crop_44_Seed","3","3","root-symbol","1","0","-11,50,1099,1020","56","49","apps/web/public/assets/manor/v7-runtime/crops/44/seed.png","ce039588564c35fd80783ea262ebb07350a55e8c340a68238959cc763d64fb9f","exported-root-symbol",
"farm","44","sprout","ui/allcrops/Crop_44_0.swf","86f89e628890ae962ffbabcce058b07968088518a26a926e28bd34164d585602","Crop_44_0","6","6","root-symbol","1","0","1893,400,2241,942","18","28","apps/web/public/assets/manor/v7-runtime/crops/44/sprout.png","36e1f7895a520d24465b22332393e0c2c591c5bf64d6ce3282080c0852172b57","exported-root-symbol",
"farm","44","young","ui/allcrops/Crop_44_1.swf","0cd764dcffb601c9102e09c7f5b3187bc6762135f57806f89e9800a3f3a8d0c2","Crop_44_1","7","7","root-symbol","1","0","1771,225,2404,959","32","37","apps/web/public/assets/manor/v7-runtime/crops/44/young.png","3aef4cfbee11e601c3dd08b04aef910ab458de035b553f7b01a223c36e3fdd98","exported-root-symbol",
"farm","44","growing","ui/allcrops/Crop_44_2.swf","018bf8305c2c0cd6928f16656c926b0ffaced5d8d6091c8742a51ff8a046e665","Crop_44_2","8","8","root-symbol","1","0","1537,-330,2597,1061","53","70","apps/web/public/assets/manor/v7-runtime/crops/44/growing.png","591bf0b4dd782cd539293f69c6138ea5b159f9a965b9432aac9270800414026c","exported-root-symbol",
"farm","44","mature","ui/allcrops/Crop_44_3.swf","ea88b4a88d5f88282cc2e85076609fd56728ec5874a50fbb34dfadb7f9816c85","Crop_44_3","24","24","root-symbol","1","0","982,-1445,2998,1143","101","130","apps/web/public/assets/manor/v7-runtime/crops/44/mature.png","b7b50f64d3dfcff2090860f765e6531d5eab815d6520e2c88396f7db25b774cb","exported-root-symbol",
"farm","44","withered","ui/allcrops/Crop_44_4.swf","766557cc0dbfbb04747bc2ed928cd3a84f8b181f199f785e991288d0edecec2b","Crop_44_6","3","3","root-symbol","1","0","898,-102,3434,1027","127","57","apps/web/public/assets/manor/v7-runtime/crops/44/withered.png","a4f52468845986fa9a05fdeb3fe2433683550bc42b4da4a5b08ba585a58438a9","exported-root-symbol",
"farm","45","seed","ui/allcrops/Crop_45_Seed.swf","362e1939b941796476bd98980b2b524976efd746d1d3eef9d8f261111f3ab4fd","Crop_45_Seed","8","8","root-symbol","1","0","87,155,1129,1062","53","46","apps/web/public/assets/manor/v7-runtime/crops/45/seed.png","539522b854c29303a5f0fda7266f28502c1499cff333fdd0632c91bc52e2aabd","exported-root-symbol",
"farm","45","sprout","ui/allcrops/Crop_45_0.swf","9f2d11e9dd5b5391fcd9610b259e4b601e98af28eef6158d359faf9e8d6ab0ef","Crop_45_0","3","3","root-symbol","1","0","1625,372,2368,1082","38","36","apps/web/public/assets/manor/v7-runtime/crops/45/sprout.png","ad8389d3f351a4dfd5975813026923329be2ab4c1dc43da161d1be6828684545","exported-root-symbol",
"farm","45","young","ui/allcrops/Crop_45_1.swf","03e20fb282a9a0b3f2f3b4aa66181c576cd113378d38cef3043b22c9ce095eb3","Crop_45_1","9","9","root-symbol","1","0","1638,96,2418,954","39","43","apps/web/public/assets/manor/v7-runtime/crops/45/young.png","5f9f75dffe49d4b5a882d4f5845c243be6d7bd07ec3f504dcb25a9ce3a6d5269","exported-root-symbol",
"farm","45","growing","ui/allcrops/Crop_45_2.swf","73ecf745ead3b4c396ff1cc8e182b784be74ea5edbb87c938a300128ebda29cd","Crop_45_2","10","10","root-symbol","1","0","1386,-186,2521,1058","57","63","apps/web/public/assets/manor/v7-runtime/crops/45/growing.png","3f639fa2c371b6e49483d27202b4a0db91c0a2a63350074df6ae78d27f07fa9a","exported-root-symbol",
"farm","45","mature","ui/allcrops/Crop_45_3.swf","11fc15223424fe7bc6c3b2fcba749d70899994a2ccfa770e0793e1f5bae8d582","Crop_45_3","34","34","root-symbol","1","0","616,-1309,3234,1142","131","123","apps/web/public/assets/manor/v7-runtime/crops/45/mature.png","09f048c3340bb5638dd77f2ae6fd6ae324fd18dbd19545fe073f0949a7b2be6f","exported-root-symbol",
"farm","45","withered","ui/allcrops/Crop_45_4.swf","df4cc258ecc58ac92d0c8ea73549196c188be920f896b2dc9266d31c0cf7d44e","Crop_45_6","3","3","root-symbol","1","0","898,-102,3434,1027","127","57","apps/web/public/assets/manor/v7-runtime/crops/45/withered.png","a4f52468845986fa9a05fdeb3fe2433683550bc42b4da4a5b08ba585a58438a9","exported-root-symbol",
"farm","47","seed","ui/allcrops/Crop_47_Seed.swf","bb7199b9c1e46e482e5ffff6d68aadf79e89ee02087e1bf3534d5d5868adba95","Crop_47_Seed","5","5","root-symbol","1","0","10,4,1192,1063","60","53","apps/web/public/assets/manor/v7-runtime/crops/47/seed.png","dc0661581c4efc572f70ffc72f91a56fa17136317d26d20f37407b5a490082b5","exported-root-symbol",
"farm","47","sprout","ui/allcrops/Crop_47_0.swf","163b01a31947b4b37449f7b24a977768ce0016d5db9f5cea855b6f9b79ed770b","Crop_47_0","3","3","root-symbol","1","0","1723,461,2201,1009","24","28","apps/web/public/assets/manor/v7-runtime/crops/47/sprout.png","6a36454f020b53651813a049b24f985929f7c7b652f8072f57dc5fa6c9310cfc","exported-root-symbol",
"farm","47","young","ui/allcrops/Crop_47_1.swf","f291fc0b2332e83efe6baa577265afe0ae8539101a1f1a11e1a7213a5f73bc41","Crop_47_1","8","8","root-symbol","1","0","1448,-201,2308,1018","43","61","apps/web/public/assets/manor/v7-runtime/crops/47/young.png","d8696d790913fc836ad97ee51e7810c71e5143ccae5b3f71b47b525a1937fe91","exported-root-symbol",
"farm","47","growing","ui/allcrops/Crop_47_2.swf","830c66471aef9faf434967d153d9d9a3a74f7241c435bcb151204f2b390930d4","Crop_47_2","14","14","root-symbol","1","0","1314,-462,2624,1079","66","78","apps/web/public/assets/manor/v7-runtime/crops/47/growing.png","8ec6fac74cb3bd3b25a9de3bd0773f09787bedfad115db01bda19b21985f2e2f","exported-root-symbol",
"farm","47","mature","ui/allcrops/Crop_47_3.swf","e46fc1a2d17247d6643fe0d09de7897bcbf0357159164191fbdd877ca10014b3","Crop_47_3","32","32","root-symbol","1","0","652,-1473,3163,1116","126","130","apps/web/public/assets/manor/v7-runtime/crops/47/mature.png","0649c0b3fda830448492fe32f84b2003c1ade59fa6982ec84dabf656be3f8961","exported-root-symbol",
"farm","47","withered","ui/allcrops/Crop_47_4.swf","412693b0069071dcd74ef4af68a828f2bdca5e9587ab9d92a1905203cbab23a5","Crop_47_6","3","3","root-symbol","1","0","697,18,3233,1147","127","57","apps/web/public/assets/manor/v7-runtime/crops/47/withered.png","a4f52468845986fa9a05fdeb3fe2433683550bc42b4da4a5b08ba585a58438a9","exported-root-symbol",
"farm","48","seed","ui/allcrops/Crop_48_Seed.swf","7a7b69ebe541a729162a03061a1cafbe1bb85738bd70884eccd4c9a4e836d35d","Crop_48_Seed","4","4","root-symbol","1","0","12,94,1134,1037","57","48","apps/web/public/assets/manor/v7-runtime/crops/48/seed.png","2212a4d85dc456f510dad513c0c1be22dfeddb42d7bbcd6d662b3d8b3137298d","exported-root-symbol",
"farm","48","sprout","ui/allcrops/Crop_48_0.swf","22a7d0293666834974681d3e488fcdb79f3bd13c61ea28bfe06aa00921a2d6de","Crop_48_0","3","3","root-symbol","1","0","1540,686,2402,1063","44","19","apps/web/public/assets/manor/v7-runtime/crops/48/sprout.png","ec53d94ec65a59f28e32fd033b39a16a4a86cca263035ca62e6f33aa365f6696","exported-root-symbol",
"farm","48","young","ui/allcrops/Crop_48_1.swf","489803446c731398a012021bf3d11662f978ec6f4a619d64b335fb5755f7052a","Crop_48_1","3","3","root-symbol","1","0","1573,180,2310,1020","37","42","apps/web/public/assets/manor/v7-runtime/crops/48/young.png","ac4c6b83332d68532f19b31181849eb819bcaac7fb9433a62df2065efc984820","exported-root-symbol",
"farm","48","growing","ui/allcrops/Crop_48_2.swf","42f5e852816dddd094aaabcecad3189317b71971e9b5b1aa7a3d5d46d96a9ea2","Crop_48_2","13","13","root-symbol","1","0","1298,-735,2833,1033","77","89","apps/web/public/assets/manor/v7-runtime/crops/48/growing.png","857043e989868a9a5f468887802fbc009e564477d4c88fe660f892d5de755364","exported-root-symbol",
"farm","48","mature","ui/allcrops/Crop_48_3.swf","84f1503a685daeb5d9f5f75701a64950956bed75ab1a4d8b88f9610a9571b7a8","Crop_48_3","21","21","root-symbol","1","0","875,-1285,3148,1123","114","121","apps/web/public/assets/manor/v7-runtime/crops/48/mature.png","34139ef5b9b52864013912ad9788397ad8ae1909e51dbb5b578ac1e7df90d257","exported-root-symbol",
"farm","48","withered","ui/allcrops/Crop_48_4.swf","7d10ac0109835e996d738feda475e80922b33f96ce97eee108921f162a9df1ab","Crop_48_6","3","3","root-symbol","1","0","809,-48,3345,1081","127","57","apps/web/public/assets/manor/v7-runtime/crops/48/withered.png","06b5785e46cdddf16ea57e4e11f9bac39ec5e95bf99832d0932fd893a1b6e884","exported-root-symbol",
"farm","49","seed","ui/allcrops/Crop_49_Seed.swf","0c4f50af956b70b99d2d3b44b646fea3ba8985a6c4aee3488afe0257d22a12d2","Crop_49_Seed","3","3","root-symbol","1","0","38,135,910,1045","44","46","apps/web/public/assets/manor/v7-runtime/crops/49/seed.png","10670f56fb96b54ad6dc962ff6de67834344820c289eeb204db2db4fa0aacf1d","exported-root-symbol",
"farm","49","sprout","ui/allcrops/Crop_49_0.swf","6f916c975cb9ada783739d51546b0866ff69e447d3e2248ea0ed97a6b141d3ca","Crop_49_0","3","3","root-symbol","1","0","1524,643,2386,1020","44","19","apps/web/public/assets/manor/v7-runtime/crops/49/sprout.png","c44c66e9d8d7de159f810e86a36760b2b2ab57c0bf57baafa521bfd7f48bd9d6","exported-root-symbol",
"farm","49","young","ui/allcrops/Crop_49_1.swf","ec8c1b6a5074a98d72cf99568280c56f676ed0bd3263e7c4cb550a4cbbbbbb6a","Crop_49_1","5","5","root-symbol","1","0","1343,226,2483,1076","57","43","apps/web/public/assets/manor/v7-runtime/crops/49/young.png","047792fe08aa90bbb5050e6f6c5317cac80a517563fa2c019ef2d3303b95d5af","exported-root-symbol",
"farm","49","growing","ui/allcrops/Crop_49_2.swf","c97849480598c2192002d729754190d7ad63222d6679c77c6d0864b0bcc07d4c","Crop_49_2","5","5","root-symbol","1","0","1157,-331,2682,1083","77","71","apps/web/public/assets/manor/v7-runtime/crops/49/growing.png","8e0a631a173dca49f7e7c8a9f19b247f8fc150f34d06601f08d51702862a3b7a","exported-root-symbol",
"farm","49","mature","ui/allcrops/Crop_49_3.swf","36c4cec1aec2c86780d772e0bfb206b0c615d80c64162840855352676c374d3a","Crop_49_3","22","22","root-symbol","1","0","714,-914,3060,1561","118","124","apps/web/public/assets/manor/v7-runtime/crops/49/mature.png","743c86420f16453145843092ea7afb75f0d405e111c8f92bf4a73cf9d1e9d47a","exported-root-symbol",
"farm","49","withered","ui/allcrops/Crop_49_4.swf","8b3671fb8bfa66971edd81b605419291113f7c1350b04b2f30afdb6eed278531","Crop_49_6","3","3","root-symbol","1","0","748,6,3284,1135","127","57","apps/web/public/assets/manor/v7-runtime/crops/49/withered.png","a4f52468845986fa9a05fdeb3fe2433683550bc42b4da4a5b08ba585a58438a9","exported-root-symbol",
"farm","50","seed","ui/allcrops/Crop_50_Seed.swf","d8e4a663fa020aebb4785a0020e1d045abeeafef2b1a7c08725775ccd497a134","Crop_50_Seed","4","4","root-symbol","1","0","89,59,1148,870","53","41","apps/web/public/assets/manor/v7-runtime/crops/50/seed.png","30a9afeb74274ced2cdbda349efe9330d79ee7104a1b1228deb3da2ffcda12b3","exported-root-symbol",
"farm","50","sprout","ui/allcrops/Crop_50_0.swf","3c6d2f6a4c05b3ecbc5e45bca0bcb8cb57cf3ba7c32b036e2953f4a1d20a9513","Crop_50_0","5","5","root-symbol","1","0","637,98,3226,1585","130","75","apps/web/public/assets/manor/v7-runtime/crops/50/sprout.png","d8e0c179957c013263fe47da9a186fbaac2af432d25d4d7cd7ab81f0e9d6c5f1","exported-root-symbol",
"farm","50","young","ui/allcrops/Crop_50_1.swf","d7e38c0796183b4085855e0941d71f6bdab42717d0867d9acd05187970e63b87","Crop_50_1","4","4","root-symbol","1","0","622,96,3211,1583","130","75","apps/web/public/assets/manor/v7-runtime/crops/50/young.png","6ce048d0a19f54116b0aa858326fc4db469893f531d008e5c1f1e2622cff78dc","exported-root-symbol",
"farm","50","growing","ui/allcrops/Crop_50_2.swf","89ba2bfc75d07711a906b2e24670dcdac0ca518f0cc5e89345084d3c9e62eb2f","Crop_50_2","7","7","root-symbol","1","0","637,98,3226,1585","130","75","apps/web/public/assets/manor/v7-runtime/crops/50/growing.png","f31514c2abc645ed22ec75760c675920fd6260c31c024924d3255090191bb822","exported-root-symbol",
"farm","50","mature","ui/allcrops/Crop_50_3.swf","2268c10623d36e1807299c501b007b5497d2546eef8be09fca2cc44ca658149b","Crop_50_3","14","14","root-symbol","1","0","637,-369,3226,1586","130","98","apps/web/public/assets/manor/v7-runtime/crops/50/mature.png","30548ce95e2345a6595721a5140ecc12aef24c5cd133fb8f83b3052cfdff697a","exported-root-symbol",
"farm","50","withered","ui/allcrops/Crop_50_4.swf","548e97b869a9f6a13437057df8c1adbab71b66041032ddf3e9b605446dcef799","Crop_50_6","3","3","root-symbol","1","0","636,97,3225,1583","130","75","apps/web/public/assets/manor/v7-runtime/crops/50/withered.png","cef79a2da17f2990feec2a5d1445fc649f4a5f0329f7bcfe66b442a4043c01b9","exported-root-symbol",
"farm","51","seed","ui/allcrops/Crop_51_Seed.swf","9c4491fb16cf607175df58c11279b29d66ba72ae9535321f115f5309dea3bab1","Crop_51_Seed","6","6","root-symbol","1","0","59,-20,1101,1183","53","61","apps/web/public/assets/manor/v7-runtime/crops/51/seed.png","5eabdd17d2a0f54d7f2fffbca66f43c9429109a85e443a981c6b6ffa378d56f9","exported-root-symbol",
"farm","51","sprout","ui/allcrops/Crop_51_0.swf","e314da3742cdf92bed978c02bb2cc7d8262d2a31a607c2a1fed2bc20ebb6afdf","Crop_51_0","3","3","root-symbol","1","0","1486,676,2348,1053","44","19","apps/web/public/assets/manor/v7-runtime/crops/51/sprout.png","d3b5c065fdd528da04b1f17199502d62f0e81255d31d8288b7353fda27f7cc7a","exported-root-symbol",
"farm","51","young","ui/allcrops/Crop_51_1.swf","feed0380a2a696726a7f0e9effb93d9e96eb14c8d7e28746e000e6585486b284","Crop_51_1","7","7","root-symbol","1","0","1401,-55,2466,1032","54","55","apps/web/public/assets/manor/v7-runtime/crops/51/young.png","6a48c6184cae22a87c8a6abe095c27c365a0bae4901820db6aeb1fdc9e2fb121","exported-root-symbol",
"farm","51","growing","ui/allcrops/Crop_51_2.swf","3fe21bf14177eb2b3621d746718c362263153d8206a570f5db6f274d3ff88d65","Crop_51_2","8","8","root-symbol","1","0","1167,-572,2664,1093","75","84","apps/web/public/assets/manor/v7-runtime/crops/51/growing.png","e1cf0d416cbfa1b87f385e9bc4f6dce7fe945592d561bc469565b7e799a8357d","exported-root-symbol",
"farm","51","mature","ui/allcrops/Crop_51_3.swf","d4e56218c737a792e5c5da17dbc5b16a11468eef0037745c5c2950a4a6951535","Crop_51_3","13","13","root-symbol","1","0","670,-1298,3165,1261","125","128","apps/web/public/assets/manor/v7-runtime/crops/51/mature.png","c2b8e3e73ee70a40f2b84884deb8391d0974575416e799b2ddcc1870374a3a36","exported-root-symbol",
"farm","51","withered","ui/allcrops/Crop_51_4.swf","7d95e275b9def3ee6ffb9848ae217fa0448ede38ed537148538313e0bb4f9dca","Crop_51_6","3","3","root-symbol","1","0","805,-16,3341,1113","127","57","apps/web/public/assets/manor/v7-runtime/crops/51/withered.png","a4f52468845986fa9a05fdeb3fe2433683550bc42b4da4a5b08ba585a58438a9","exported-root-symbol",
"farm","53","seed","ui/allcrops/Crop_53_Seed.swf","5fdaa17406cf5f5d29ca64c5a862e075cd4d3929537c9602ab0369b7648052ce","Crop_53_Seed","2","2","root-symbol","1","0","-20,-17,1136,939","58","48","apps/web/public/assets/manor/v7-runtime/crops/53/seed.png","459cd9ac0ecab37d258151f39b7e98950638aec1fca453672fa1fef6cf053d3c","exported-root-symbol",
"farm","53","sprout","ui/allcrops/Crop_53_0.swf","52a7b69659c82f31e395c10801fe046480a43932aaf12c2a486a30049c649492","Crop_53_0","5","5","root-symbol","1","0","1664,433,2229,1147","29","36","apps/web/public/assets/manor/v7-runtime/crops/53/sprout.png","85560df82d03da486f33c9421518148c03c9eea80ea8bf94488e0cd8ea617a9c","exported-root-symbol",
"farm","53","young","ui/allcrops/Crop_53_1.swf","cfb8b7da4c15ecbf3bb7c814931f76685c5016a7ea682318d88ac99955738c3f","Crop_53_1","5","5","root-symbol","1","0","1667,8,2271,1141","31","57","apps/web/public/assets/manor/v7-runtime/crops/53/young.png","aefc3352bc92065afb2d6cfb1a8f7eee849403eb1592ba05f5217ff94ef03886","exported-root-symbol",
"farm","53","growing","ui/allcrops/Crop_53_2.swf","48738d0da0f91187ac92519d3924405a11a9302f4be351c2150c6b8cd2075385","Crop_53_2","10","10","root-symbol","1","0","1522,-156,2498,1158","49","66","apps/web/public/assets/manor/v7-runtime/crops/53/growing.png","1c8611fa14692bdc1ce712081cb83a77b4b14dfb935360be6ac63efb51fcc464","exported-root-symbol",
"farm","53","mature","ui/allcrops/Crop_53_3.swf","47e06bf573f4cde2cb2693de64931f70d5053c086afa64a1aeb04669739e7ac5","Crop_53_3","36","36","root-symbol","1","0","669,-1276,2981,1279","116","128","apps/web/public/assets/manor/v7-runtime/crops/53/mature.png","99e8609644e7d02ff02f3a58aa2f1e22c84de648143a63a04530d5e34732382f","exported-root-symbol",
"farm","53","withered","ui/allcrops/Crop_53_4.swf","e93f87909e0fff1fd889545d0d1a912f12badd822224f3a338623235a57354f4","Crop_53_6","3","3","root-symbol","1","0","765,26,3301,1155","127","57","apps/web/public/assets/manor/v7-runtime/crops/53/withered.png","06b5785e46cdddf16ea57e4e11f9bac39ec5e95bf99832d0932fd893a1b6e884","exported-root-symbol",
"farm","54","seed","ui/allcrops/Crop_54_Seed.swf","6f62a71b8217866fe8356519be48569b16605fab11c41bc6808df71a6875da20","Crop_54_Seed","4","4","root-symbol","1","0","-21,1,677,1183","35","60","apps/web/public/assets/manor/v7-runtime/crops/54/seed.png","8481079664f06c0babe51d311e4635ca8f5564f86d0b6d4b71521c2fe619796e","exported-root-symbol",
"farm","54","sprout","ui/allcrops/Crop_54_0.swf","981dc9e5415b7388651205b216b2a9e0416f1fb568aba3065a88121ac88d501f","Crop_54_0","8","8","root-symbol","1","0","1565,184,2225,1025","33","43","apps/web/public/assets/manor/v7-runtime/crops/54/sprout.png","812e0f09bb671b34d96a274a6cc8ebc319c3d2f92e68a56d70991c1b5449fdb7","exported-root-symbol",
"farm","54","young","ui/allcrops/Crop_54_1.swf","73bfdd5081a93ad87da586a84457ffd033ae74c03ad51548b7dea4e42cd7e52f","Crop_54_1","9","9","root-symbol","1","0","1134,-268,2453,1113","66","70","apps/web/public/assets/manor/v7-runtime/crops/54/young.png","1ecf02e6359818246161ed5c450215d07c82dd472a62145facb6eae30b1cb8d5","exported-root-symbol",
"farm","54","growing","ui/allcrops/Crop_54_2.swf","296b8d8ec66b5791933329c9ede8c09d0c70c965d65b90435114a0bb5e6cd176","Crop_54_2","12","12","root-symbol","1","0","858,-1208,2984,1134","107","118","apps/web/public/assets/manor/v7-runtime/crops/54/growing.png","0cbae22274725f5b804250bbf69fd116b7c7f7a1918b8f44930219a3c9841acf","exported-root-symbol",
"farm","54","mature","ui/allcrops/Crop_54_3.swf","67de70fda61e15f1e5fe3242ceecf666a1855d6f8e87a5a5a6614dcccccecf7a","Crop_54_3","19","19","root-symbol","1","0","694,-1389,3124,1151","122","127","apps/web/public/assets/manor/v7-runtime/crops/54/mature.png","485fcf86a453013e2615c186790b5a64f30358657b5fd191eec9e1701ebe4d2e","exported-root-symbol",
"farm","54","withered","ui/allcrops/Crop_54_4.swf","28a070020346f56f1a4b8b60d1330c554909dd0f6fc682297ffba3a29eafcc9d","Crop_54_6","3","3","root-symbol","1","0","762,20,3298,1149","127","57","apps/web/public/assets/manor/v7-runtime/crops/54/withered.png","06b5785e46cdddf16ea57e4e11f9bac39ec5e95bf99832d0932fd893a1b6e884","exported-root-symbol",
"farm","55","seed","ui/allcrops/Crop_55_Seed.swf","f57f40671249de241c071c5f4a6a7a0bf023e3284a729ff7fa6f50d7e9954131","Crop_55_Seed","2","2","root-symbol","1","0","-20,-21,1182,1034","61","53","apps/web/public/assets/manor/v7-runtime/crops/55/seed.png","62550f0443e254960a7671a79f4761e961e8e020e7f6732cf28e4c94c1686f92","exported-root-symbol",
"farm","55","sprout","ui/allcrops/Crop_55_0.swf","1966017f34d9c1526d9052eb6451499f53e6d98134ff3e67872e46c37f676272","Crop_55_0","3","3","root-symbol","1","0","1600,681,2462,1058","44","19","apps/web/public/assets/manor/v7-runtime/crops/55/sprout.png","c44c66e9d8d7de159f810e86a36760b2b2ab57c0bf57baafa521bfd7f48bd9d6","exported-root-symbol",
"farm","55","young","ui/allcrops/Crop_55_1.swf","dca12a90e5b743409b852c4ed08ec37f7f04c25fc61d63bca3b1b7673afca688","Crop_55_1","3","3","root-symbol","1","0","1667,-35,2202,1096","27","57","apps/web/public/assets/manor/v7-runtime/crops/55/young.png","d293414dc885334d6637b250e6c659ba4c472440ea42ae7513192060208cc490","exported-root-symbol",
"farm","55","growing","ui/allcrops/Crop_55_2.swf","fbd91eab4687e3e6e7c6b2f5c0572e4f0b20ce60bf98309ae5368a69f2c7742d","Crop_55_2","13","13","root-symbol","1","0","1409,-91,2537,1219","57","66","apps/web/public/assets/manor/v7-runtime/crops/55/growing.png","2d09908f4235dfa323eda0487c5e9185fe46a994aae4f4f7b7a3eb1adaf65f79","exported-root-symbol",
"farm","55","mature","ui/allcrops/Crop_55_3.swf","27163f59b7c08047fb898d7ad2ac69f6e7483490ca1d51e66b5c818081bc3cdd","Crop_55_3","39","39","root-symbol","1","0","847,-1276,2838,1160","100","122","apps/web/public/assets/manor/v7-runtime/crops/55/mature.png","a184cee43e4e25af0710a642d2e5da2ec861325d9308f65688ee36b63d18ceb3","exported-root-symbol",
"farm","55","withered","ui/allcrops/Crop_55_4.swf","2dc8cd4fcda0661686795cf6c1f0bdd600b2a4aa283801aec5863a32d573ee0e","Crop_55_6","3","3","root-symbol","1","0","809,-50,3345,1079","127","57","apps/web/public/assets/manor/v7-runtime/crops/55/withered.png","a4f52468845986fa9a05fdeb3fe2433683550bc42b4da4a5b08ba585a58438a9","exported-root-symbol",
"farm","57","seed","ui/allcrops/Crop_57_Seed.swf","1378ff1a24c74708b3dd298fe22f5556a55c546b489366e4b8ad25eb27501d26","Crop_57_Seed","2","2","root-symbol","1","0","-7,-8,1121,1069","57","54","apps/web/public/assets/manor/v7-runtime/crops/57/seed.png","6091cc6fd69e49c2dedf6ed0ee491a9b7dbe61917c7df0b50e6078ac669d4c72","exported-root-symbol",
"farm","57","sprout","ui/allcrops/Crop_57_0.swf","fece78c252c7a0696bfcdd0755ba9f8f62199a85ef3580c13bdf11e755b1b9d3","Crop_57_0","5","5","root-symbol","1","0","1481,328,2400,1003","46","34","apps/web/public/assets/manor/v7-runtime/crops/57/sprout.png","81468e30be8e5b937036d47f54714b5ee88ed25c46bde4f87c6b7d215532744c","exported-root-symbol",
"farm","57","young","ui/allcrops/Crop_57_1.swf","cf85e542efbc6e970c67b8369447bf72cb4574d0b951e1287807771e042366b1","Crop_57_1","6","6","root-symbol","1","0","1485,-53,2404,1014","46","54","apps/web/public/assets/manor/v7-runtime/crops/57/young.png","53aeb8040ec039b616fb8a26a1f5055092f6246f9c3df3092b23d67214931617","exported-root-symbol",
"farm","57","growing","ui/allcrops/Crop_57_2.swf","e28a2498e9cf26733c9877df6e722de1aa0d134f413116384dbeb5644de39d7e","Crop_57_2","8","8","root-symbol","1","0","1148,-619,2692,1062","78","85","apps/web/public/assets/manor/v7-runtime/crops/57/growing.png","3b2f4e62020a96f0bb5ad446a609bf0a59eca9fb7ca70a5a812e95394680fffa","exported-root-symbol",
"farm","57","mature","ui/allcrops/Crop_57_3.swf","ef749d89020c9c8e6fc14405eebe0a4c80471884127375ac67df81ea1442fd44","Crop_57_3","20","20","root-symbol","1","0","799,-1349,3342,1222","128","129","apps/web/public/assets/manor/v7-runtime/crops/57/mature.png","ad1c495d982ab334ed50f0baec65c4be8ab5b57d5e9e2cb355d8d738e8c196f6","exported-root-symbol",
"farm","57","withered","ui/allcrops/Crop_57_4.swf","c83f8b5ef44c60dfea3801bc7192cf33cc25cea61b3d74e0d1f1e765e7567590","Crop_57_6","3","3","root-symbol","1","0","822,-26,3358,1103","127","57","apps/web/public/assets/manor/v7-runtime/crops/57/withered.png","a4f52468845986fa9a05fdeb3fe2433683550bc42b4da4a5b08ba585a58438a9","exported-root-symbol",
"farm","58","seed","ui/allcrops/Crop_58_Seed.swf","dfa87923a76eda643797084524e61383f5758f69fa1c22c0b4edee4d02d6aa7d","Crop_58_Seed","3","3","root-symbol","1","0","-20,-20,1012,1180","52","60","apps/web/public/assets/manor/v7-runtime/crops/58/seed.png","15638f3b263ca353ee96f09029a07550f57b6aa529f612e0ba52aa2e4e65a319","exported-root-symbol",
"farm","58","sprout","ui/allcrops/Crop_58_0.swf","80375507793392313211c62e8edbdb4b242575d975e422dda311bce54f9ba138","Crop_58_0","3","3","root-symbol","1","0","1575,634,2437,1011","44","19","apps/web/public/assets/manor/v7-runtime/crops/58/sprout.png","e713a7abe7b425f4f73c5bf7cd3ea64c1d67847d752b4077868b300dfa1d27c5","exported-root-symbol",
"farm","58","young","ui/allcrops/Crop_58_1.swf","87f63f874697e7f50280693146bbf720f9c69b30276247e94484da18851a4ae5","Crop_58_1","5","5","root-symbol","1","0","1537,-7,2363,1009","42","51","apps/web/public/assets/manor/v7-runtime/crops/58/young.png","e765ef0f53e46d3300fae87ec1f34d91b1399e154fe0d6df77dc3813bfe96f68","exported-root-symbol",
"farm","58","growing","ui/allcrops/Crop_58_2.swf","7ec5f508b935216d3688385e12d829b34f6c90f398d7dac76e931a6b6104fbbe","Crop_58_2","6","6","root-symbol","1","0","1121,-728,2766,1114","83","93","apps/web/public/assets/manor/v7-runtime/crops/58/growing.png","ec929a202339a7164774034c3ded7dd0ea7f0a57fe833bbb25cf0944e4e071a7","exported-root-symbol",
"farm","58","mature","ui/allcrops/Crop_58_3.swf","515a065a243f381bc0990884545c587520eb631cdaa292f4b7dab80e7efa36b5","Crop_58_3","19","19","root-symbol","1","0","536,-1408,2993,1265","123","134","apps/web/public/assets/manor/v7-runtime/crops/58/mature.png","a2b106eaf531a36738704e4f9d2c5375090c3c4edaf6468f0c396d4ee00bc342","exported-root-symbol",
"farm","58","withered","ui/allcrops/Crop_58_4.swf","5696723d755d7aa0a759df98565aec76758d3d844bf6dd4c05884b61ff801f24","Crop_58_6","3","3","root-symbol","1","0","806,-14,3342,1115","127","57","apps/web/public/assets/manor/v7-runtime/crops/58/withered.png","a4f52468845986fa9a05fdeb3fe2433683550bc42b4da4a5b08ba585a58438a9","exported-root-symbol",
"farm","59","seed","ui/allcrops/Crop_59_Seed.swf","f1f326af8201010b41f23c579e2e378b155df65b9420e0ea0548188c1a9c2ef2","Crop_59_Seed","2","2","root-symbol","1","0","-9,-10,1033,1146","53","58","apps/web/public/assets/manor/v7-runtime/crops/59/seed.png","022edd180bb038919043f8c8dcf5b199ceedc522bd139e6da6ab3167dd507f0f","exported-root-symbol",
"farm","59","sprout","ui/allcrops/Crop_59_0.swf","47bf92579e9d3823cde22cf78e4e8ca0b19eeb9d416466224f0f314f9e3c2106","Crop_59_0","3","3","root-symbol","1","0","1480,690,2342,1067","44","19","apps/web/public/assets/manor/v7-runtime/crops/59/sprout.png","c44c66e9d8d7de159f810e86a36760b2b2ab57c0bf57baafa521bfd7f48bd9d6","exported-root-symbol",
"farm","59","young","ui/allcrops/Crop_59_1.swf","af2e5a4582e6180cda7af48808b10b8ce516fda269b1a6374308a54efcc2aaf0","Crop_59_1","3","3","root-symbol","1","0","1461,434,2328,1055","44","32","apps/web/public/assets/manor/v7-runtime/crops/59/young.png","9b520784e7b5f004c5063c3443a9c44837616fbcce243dea4325ec07bf88ba86","exported-root-symbol",
"farm","59","growing","ui/allcrops/Crop_59_2.swf","7b5ee4ecd82280900a7ab12e32c1915b65b5d1ebe76f682a875b69ee7334c4d5","Crop_59_2","4","4","root-symbol","1","0","1137,-203,2506,1144","69","68","apps/web/public/assets/manor/v7-runtime/crops/59/growing.png","57769285663753eb549c374f072989c2982fcfb96b95fdcb740642802ae78b87","exported-root-symbol",
"farm","59","mature","ui/allcrops/Crop_59_3.swf","77fc17a381b84536876bf5515866169a03c607ae3022d6e7e364ca4deb145143","Crop_59_3","8","8","root-symbol","1","0","889,-466,3017,1397","107","94","apps/web/public/assets/manor/v7-runtime/crops/59/mature.png","b41a11ce3a7ac0d6c01884dd098db71c0b489369c574f0dc9aa2684a6505af73","exported-root-symbol",
"farm","59","withered","ui/allcrops/Crop_59_4.swf","f22fe25a3d15f0a001ab8abda8ecd74247f623df39cc68b72172e409a2bb3379","Crop_59_6","3","3","root-symbol","1","0","757,66,3293,1195","127","57","apps/web/public/assets/manor/v7-runtime/crops/59/withered.png","a4f52468845986fa9a05fdeb3fe2433683550bc42b4da4a5b08ba585a58438a9","exported-root-symbol",
"farm","60","seed","ui/allcrops/Crop_60_Seed.swf","cd2a6d8da132d7db29e373db94b350dde915ce31b6a3fd2e9ddba78b849ce883","Crop_60_Seed","6","6","root-symbol","1","0","-20,-4,1181,1115","61","56","apps/web/public/assets/manor/v7-runtime/crops/60/seed.png","004c55958e1705731a325dc6b6f773246616419b0e98334045ecff3b0f73a3e2","exported-root-symbol",
"farm","60","sprout","ui/allcrops/Crop_60_0.swf","af39558b711d1bc40eddb1b447d649f48030243e2f6f6b70425f4656ba8bbf02","Crop_60_0","3","3","root-symbol","1","0","1513,627,2375,1004","44","19","apps/web/public/assets/manor/v7-runtime/crops/60/sprout.png","c44c66e9d8d7de159f810e86a36760b2b2ab57c0bf57baafa521bfd7f48bd9d6","exported-root-symbol",
"farm","60","young","ui/allcrops/Crop_60_1.swf","bf41341b3a1c27acd7923ea7cc5179c2eeafd4e70ec7d75bce164468023da34b","Crop_60_1","3","3","root-symbol","1","0","315,-66,3715,1720","170","90","apps/web/public/assets/manor/v7-runtime/crops/60/young.png","4a211813bad21530cc38da870db75b3c74752a00f1c341ef41e58615f864556a","exported-root-symbol",
"farm","60","growing","ui/allcrops/Crop_60_2.swf","71bf5e1b0b757f979796f1f6d141b3e15c4308927f9ea353d2f8684bfe37f2a8","Crop_60_2","12","12","root-symbol","1","0","315,-539,3715,1706","170","113","apps/web/public/assets/manor/v7-runtime/crops/60/growing.png","cc4a2e637c673eeb270bcdf38cdce0c69775f15a77726749c485b8c53fa5cd45","exported-root-symbol",
"farm","60","mature","ui/allcrops/Crop_60_3.swf","1109408bdb257442ac29aab64f4fd03b08934c63fbeb32e6f2eae238821b9d13","Crop_60_3","56","56","root-symbol","1","0","314,-1542,3683,1720","169","164","apps/web/public/assets/manor/v7-runtime/crops/60/mature.png","2e28f67bb822cdf8d5a0fdc06ffeb6823366aacf3be61cbe2db5a4bbbd6bcc7e","exported-root-symbol",
"farm","60","withered","ui/allcrops/Crop_60_4.swf","60936b448c49334cab8e146c1632b1b87eaf1834f17eacde59c4fcdb3509d35c","Crop_60_6","3","3","root-symbol","1","0","777,-38,3313,1091","127","57","apps/web/public/assets/manor/v7-runtime/crops/60/withered.png","06b5785e46cdddf16ea57e4e11f9bac39ec5e95bf99832d0932fd893a1b6e884","exported-root-symbol",
"farm","61","seed","ui/allcrops/Crop_61_Seed.swf","20520997c4d84c70989acf21d08693407068416f1e87a3442fb45dc9033b7925","Crop_61_Seed","7","7","root-symbol","1","0","59,-3,1044,1058","50","54","apps/web/public/assets/manor/v7-runtime/crops/61/seed.png","1bb537d048cacd56a84b653554aa491c3e2377fddeb0b03d589fd5ebb84f777d","exported-root-symbol",
"farm","61","sprout","ui/allcrops/Crop_61_0.swf","a7953dc8fb499b9117362336cf91ef64c8d72171dc13a59207e20b58c97b45e1","Crop_61_0","3","3","root-symbol","1","0","1558,632,2420,1009","44","19","apps/web/public/assets/manor/v7-runtime/crops/61/sprout.png","c44c66e9d8d7de159f810e86a36760b2b2ab57c0bf57baafa521bfd7f48bd9d6","exported-root-symbol",
"farm","61","young","ui/allcrops/Crop_61_1.swf","6d7d7cdc206df8cadc24cf557757ca9d6f9badcc5d07ddff1cc4e5a45e55f637","Crop_61_1","3","3","root-symbol","1","0","1599,-144,2376,1003","39","58","apps/web/public/assets/manor/v7-runtime/crops/61/young.png","9d2305d0df8e6675e1b45ae29ce918313aa637c8ad73ba5d4f1358050ea2e6e1","exported-root-symbol",
"farm","61","growing","ui/allcrops/Crop_61_2.swf","b50a6c60133c55dbe6cc52fad01841e1c13d626852ca28e0f87241c125f834c0","Crop_61_2","9","9","root-symbol","1","0","1267,-782,2609,1121","68","96","apps/web/public/assets/manor/v7-runtime/crops/61/growing.png","d1f163b7cccda0611a50ab921917fd0a516a8b69962c2b1a76d083e4358714df","exported-root-symbol",
"farm","61","mature","ui/allcrops/Crop_61_3.swf","eeb7909162f5ee322e024516430add480b330f868f410b2f1d11c8c6157eb253","Crop_61_3","31","31","root-symbol","1","0","859,-1391,3182,1251","117","133","apps/web/public/assets/manor/v7-runtime/crops/61/mature.png","73c29369d579b438f1cf7f2082aea1f219d0a5778dc47c15cd7999b5aeaeefe0","exported-root-symbol",
"farm","61","withered","ui/allcrops/Crop_61_4.swf","522fd896117004edb99a78f1c443f631d645c18c0651b79f13078d71de18867e","Crop_61_6","3","3","root-symbol","1","0","776,39,3312,1168","127","57","apps/web/public/assets/manor/v7-runtime/crops/61/withered.png","a4f52468845986fa9a05fdeb3fe2433683550bc42b4da4a5b08ba585a58438a9","exported-root-symbol",
"farm","63","seed","ui/allcrops/Crop_63_Seed.swf","77b4c3235d6910488707f8a7fac4e1af0606c2b0a07ab69df6db5850c046201a","Crop_63_Seed","2","2","root-symbol","1","0","286,-14,1033,1147","38","59","apps/web/public/assets/manor/v7-runtime/crops/63/seed.png","4a921eb14ba5c0a0b0579192786821131cb2ff700c9da76df2c7013f7d28b0e7","exported-root-symbol",
"farm","63","sprout","ui/allcrops/Crop_63_0.swf","b4ad4e53ec17c05050d2a427c42a584203c75df3546a2ccc297a2358960e354f","Crop_63_0","3","3","root-symbol","1","0","1519,547,2381,924","44","19","apps/web/public/assets/manor/v7-runtime/crops/63/sprout.png","c44c66e9d8d7de159f810e86a36760b2b2ab57c0bf57baafa521bfd7f48bd9d6","exported-root-symbol",
"farm","63","young","ui/allcrops/Crop_63_1.swf","8251b4654cb9cf628387694a3cd620d936a14488196dfdad0a2dd31abf7faaa6","Crop_63_1","7","7","root-symbol","1","0","1523,-518,2395,1018","44","77","apps/web/public/assets/manor/v7-runtime/crops/63/young.png","352eb5e5acac899337d043277028eddf017cf0a2d69ff442e62fff9de459675d","exported-root-symbol",
"farm","63","growing","ui/allcrops/Crop_63_2.swf","2dcc3ff91d7418f913fbbed00ac20ab8a4b438c818f95a6c5cc9605731075cd8","Crop_63_2","14","14","root-symbol","1","0","636,-410,3325,1590","135","100","apps/web/public/assets/manor/v7-runtime/crops/63/growing.png","4e843fb38ced6672ebb279593e11b70517536b16c3f38a917aef8dfa1a107a31","exported-root-symbol",
"farm","63","mature","ui/allcrops/Crop_63_3.swf","4f1960ba2dd3258ac25ce23b6351e12d9d390449a3e9adcaa1451260c4b69b69","Crop_63_3","28","28","root-symbol","1","0","573,-664,3429,1633","143","115","apps/web/public/assets/manor/v7-runtime/crops/63/mature.png","79e67b21b47b60ce7c8ec3d1b1e58b6c4ffbe66bb44d1fda28bcc529e0bd55db","exported-root-symbol",
"farm","63","withered","ui/allcrops/Crop_63_4.swf","8944a535ed884bde6b66c0a285549c6562654608d9ad8902e0d2b0cb94a8e3eb","Crop_63_6","3","3","root-symbol","1","0","820,-89,3356,1040","127","57","apps/web/public/assets/manor/v7-runtime/crops/63/withered.png","a4f52468845986fa9a05fdeb3fe2433683550bc42b4da4a5b08ba585a58438a9","exported-root-symbol",
"farm","65","seed","ui/allcrops/Crop_65_Seed.swf","4673e36e26fad1603f4c94a10d6f1958f8f9685378c891d0579be8785169d9da","Crop_65_Seed","4","4","root-symbol","1","0","29,-26,1085,981","53","51","apps/web/public/assets/manor/v7-runtime/crops/65/seed.png","7234314c5e5f0d7b8105ad36ead344c0fd2998b57171c7a89cde44cbaa0b9728","exported-root-symbol",
"farm","65","sprout","ui/allcrops/Crop_65_0.swf","11b9b3d296591aa54d028006d891fdbf14155a5d6bf75ba3e8fbb4e767ad1dfa","Crop_65_0","5","5","root-symbol","1","0","1311,571,2561,1188","63","31","apps/web/public/assets/manor/v7-runtime/crops/65/sprout.png","1a5eba46bf155348f96c539827247e804ea199ed01678caec1cf142173448f81","exported-root-symbol",
"farm","65","young","ui/allcrops/Crop_65_1.swf","8eda7168632c2315aa9bb02704d32718017233339dd200594977fd3b56f9418c","Crop_65_1","7","7","root-symbol","1","0","1246,83,2626,1209","69","57","apps/web/public/assets/manor/v7-runtime/crops/65/young.png","60b4645ea6413bdde78ed17e323f32e7e3097a690341303ee9970513ab04d053","exported-root-symbol",
"farm","65","growing","ui/allcrops/Crop_65_2.swf","20dab0b8e705bfbe7f583b1c154ec740df7eed55b65d3fade87014dc1edbd7e9","Crop_65_2","8","8","root-symbol","1","0","1220,-688,2688,1242","74","97","apps/web/public/assets/manor/v7-runtime/crops/65/growing.png","7cdb3e8dc9a39603add9f14d71ec3111e63cbb997a7e5a330517f4194b212101","exported-root-symbol",
"farm","65","mature","ui/allcrops/Crop_65_3.swf","d515d3033adccf984e4387ba795a4759b1486015aa15c439e080787815bdf2a2","Crop_65_3","23","23","root-symbol","1","0","748,-1476,3026,1341","114","141","apps/web/public/assets/manor/v7-runtime/crops/65/mature.png","15ee621094397a449ee9f63f1fbd7a4be404a90182e969bd70f16eb60744a287","exported-root-symbol",
"farm","65","withered","ui/allcrops/Crop_65_4.swf","1a119f74ef22461fa555493a22185adfaf862429549841bc615b5b4b10299a30","Crop_65_6","3","3","root-symbol","1","0","751,-54,3287,1075","127","57","apps/web/public/assets/manor/v7-runtime/crops/65/withered.png","a4f52468845986fa9a05fdeb3fe2433683550bc42b4da4a5b08ba585a58438a9","exported-root-symbol",
"farm","68","seed","ui/allcrops/Crop_68_Seed.swf","2c2218924bd064c92c78ea71e1f023948297c8c426ce07de5205f3ce3055cdff","Crop_68_Seed","4","4","root-symbol","1","0","-22,-19,1180,950","61","49","apps/web/public/assets/manor/v7-runtime/crops/68/seed.png","acb6a6dd560e85071f7cc2c9ed08342bef038776f432541183b62b24b689337c","exported-root-symbol",
"farm","68","sprout","ui/allcrops/Crop_68_0.swf","f95cc23ac63714df8de23d7d5b89c814786944259a28a82a0e27d65d2b160af0","Crop_68_0","3","3","root-symbol","1","0","1514,651,2376,1028","44","19","apps/web/public/assets/manor/v7-runtime/crops/68/sprout.png","c44c66e9d8d7de159f810e86a36760b2b2ab57c0bf57baafa521bfd7f48bd9d6","exported-root-symbol",
"farm","68","young","ui/allcrops/Crop_68_1.swf","3a5e46aa415aca5639147e59f4cd1a0827cbfc3f1c9c5cf06ff73f22f3de388a","Crop_68_1","6","6","root-symbol","1","0","1485,-212,2454,1121","49","67","apps/web/public/assets/manor/v7-runtime/crops/68/young.png","9afb5ab9e1ace79d49b7165c5f300bc1bb516b2b09bbf5561621e05c271d33bf","exported-root-symbol",
"farm","68","growing","ui/allcrops/Crop_68_2.swf","810e20b5791e56527d1316aa3388b44a13dad69fe6d9431272816fa83eab1c79","Crop_68_2","14","14","root-symbol","1","0","802,-954,3266,1581","124","127","apps/web/public/assets/manor/v7-runtime/crops/68/growing.png","cfd63d0bcde47dce8e8d31f76b5bbb4507bc4aad55da0f247fe776f88449889e","exported-root-symbol",
"farm","68","mature","ui/allcrops/Crop_68_3.swf","ae1a5391f066c8f0dfddcabeec3c4eba9124634e5b15eb60e6b93fe7940c5244","Crop_68_3","35","35","root-symbol","1","0","655,-964,3312,1581","133","128","apps/web/public/assets/manor/v7-runtime/crops/68/mature.png","d6f76cdd0b4eba7eea63f14383827afd70668d62853173f7eec38324c17a38cb","exported-root-symbol",
"farm","68","withered","ui/allcrops/Crop_68_4.swf","0ff79ff9c89620a1a8345d504cf7370c4379db544522e665d1aba4e1be3a353b","Crop_68_6","3","3","root-symbol","1","0","897,-55,3433,1074","127","57","apps/web/public/assets/manor/v7-runtime/crops/68/withered.png","a4f52468845986fa9a05fdeb3fe2433683550bc42b4da4a5b08ba585a58438a9","exported-root-symbol",
"farm","72","seed","ui/allcrops/Crop_72_Seed.swf","1192cc2e4d780faf02051381db08d312a6694a486dbc9e0994166fe1c486808e","Crop_72_Seed","4","4","root-symbol","1","0","14,35,1155,1045","58","51","apps/web/public/assets/manor/v7-runtime/crops/72/seed.png","3bfdcf02121673ae21a64aa018a173ae9426a21c5776eb785a9d16f039c0e1e0","exported-root-symbol",
"farm","72","sprout","ui/allcrops/Crop_72_0.swf","37353094ecd7cf6879c3a15884e03c3c2cbce65b46855252ccb643cedb36c749","Crop_72_0","3","3","root-symbol","1","0","1739,307,2013,1068","14","39","apps/web/public/assets/manor/v7-runtime/crops/72/sprout.png","c08b2c15a3c381e8b92d718f2e9b5beefe769fae59a16f178788cf95227bba8b","exported-root-symbol",
"farm","72","young","ui/allcrops/Crop_72_1.swf","ca349466dde2f2ae971ab34feeab845ff4dd81c8d9562401b2e9d7cf50598d79","Crop_72_1","3","3","root-symbol","1","0","1568,-262,2033,1196","24","73","apps/web/public/assets/manor/v7-runtime/crops/72/young.png","9c039fcbbeb18123f2466a03433ab73c58ce40c9d4d8f1e48d369220a9d8d363","exported-root-symbol",
"farm","72","growing","ui/allcrops/Crop_72_2.swf","5b67d66a8c8f05881178ce04774fa6c6302025d28c02da65e22fc2f498df2d99","Crop_72_2","11","11","root-symbol","1","0","1188,-859,2718,1224","77","105","apps/web/public/assets/manor/v7-runtime/crops/72/growing.png","c759cb4ee482ffc8925418f98e0786a19c3baefe454fe9a4ec8c58cb8d47bb0f","exported-root-symbol",
"farm","72","mature","ui/allcrops/Crop_72_3.swf","6b4a0dfa51a687e49b7ce488587ace67e24e015b43c2d28347253db6dcbd68a4","Crop_72_3","34","34","root-symbol","1","0","870,-1384,3128,1260","113","133","apps/web/public/assets/manor/v7-runtime/crops/72/mature.png","c2d9c6c6d8d46f411b1495a285b0874be13cb07eafd2331eabdaa7d05ff06588","exported-root-symbol",
"farm","72","withered","ui/allcrops/Crop_72_4.swf","1b77e7312f6fc9fdc89c96d1012e158bbc7a7c18ef5bf8793ac0811f1759b659","Crop_72_6","3","3","root-symbol","1","0","763,60,3299,1189","127","57","apps/web/public/assets/manor/v7-runtime/crops/72/withered.png","06b5785e46cdddf16ea57e4e11f9bac39ec5e95bf99832d0932fd893a1b6e884","exported-root-symbol",
"farm","74","seed","ui/allcrops/Crop_74_Seed.swf","c16237cd097330f6404275ffde7d481667d0808f238ee04be0d5a0a07979071b","Crop_74_Seed","6","6","root-symbol","1","0","36,131,1152,960","56","42","apps/web/public/assets/manor/v7-runtime/crops/74/seed.png","8d2db7cfc6ddb5950ba2e619c7a6d53af4c7532afbab7446a522bdabe7ca23ca","exported-root-symbol",
"farm","74","sprout","ui/allcrops/Crop_74_0.swf","d3f3e4747fb120a3566d1eda1f73acb227c38e0807267da455916b3f7b199633","Crop_74_0","8","8","root-symbol","1","0","1664,307,2230,1088","29","40","apps/web/public/assets/manor/v7-runtime/crops/74/sprout.png","365b74b940bbc1ee5e2f97eea9e5cd5c391744858310fa4989d0b6ab19331b44","exported-root-symbol",
"farm","74","young","ui/allcrops/Crop_74_1.swf","030ca1efe626c6844a83e004c25d9b6f146ce27c5329ae7fa3f608dfe48f64df","Crop_74_1","8","8","root-symbol","1","0","1300,111,2481,1186","60","54","apps/web/public/assets/manor/v7-runtime/crops/74/young.png","5adaf8f45585e95cfeeb96f336658d29200e7dd74cc89fce5f6e5680a24b2ded","exported-root-symbol",
"farm","74","growing","ui/allcrops/Crop_74_2.swf","dbe874d39b17d1a5ad05ba30aa6f9705978cfa0810162f29d14eb4ca05833769","Crop_74_2","9","9","root-symbol","1","0","1182,-457,2842,1232","83","85","apps/web/public/assets/manor/v7-runtime/crops/74/growing.png","ad816f79b2ed58aaf4f5bd678e2b3e1733cbb5470dfcc808f39813a6cc4183e4","exported-root-symbol",
"farm","74","mature","ui/allcrops/Crop_74_3.swf","db8c288b499029b3ceb295a7600c665b43ff7f7b244139488f1116da033569f2","Crop_74_3","15","15","root-symbol","1","0","879,-1417,2954,1331","104","138","apps/web/public/assets/manor/v7-runtime/crops/74/mature.png","ca86eb537962b04d4e2f7ff81385d365ecca92453225e91eed60d923cc16a145","exported-root-symbol",
"farm","74","withered","ui/allcrops/Crop_74_4.swf","2cc3f002d6352bca9e5e5616cd6f3ef8558d0e782813ef6ccf1d17bf808f5628","Crop_74_6","3","3","root-symbol","1","0","794,43,3330,1172","127","57","apps/web/public/assets/manor/v7-runtime/crops/74/withered.png","06b5785e46cdddf16ea57e4e11f9bac39ec5e95bf99832d0932fd893a1b6e884","exported-root-symbol",
"farm","76","seed","ui/allcrops/Crop_76_Seed.swf","e27032eba07852f21810cb320e6bb81b156d7446d94231a3fa452171eb223f63","Crop_76_Seed","3","3","root-symbol","1","0","89,85,1199,999","56","46","apps/web/public/assets/manor/v7-runtime/crops/76/seed.png","60a736d9f37332b7d30f2441a58f0146d0e628af82c85c9c9aecd3c0c08629dd","exported-root-symbol",
"farm","76","sprout","ui/allcrops/Crop_76_0.swf","9f8938d0c3aad0f0f59a2174a639979362cc24a222a14cc9dc86252b4052ed8c","Crop_76_0","7","7","root-symbol","1","0","1617,214,2281,930","34","36","apps/web/public/assets/manor/v7-runtime/crops/76/sprout.png","4bda4d962a82e57ff53c60220bb37216695aa84b6b057f704fa294f97c9a4c56","exported-root-symbol",
"farm","76","young","ui/allcrops/Crop_76_1.swf","beb17dfbe9c097185d1bb1574779cb7bdc96c6f776060c50f8cbcedcf994a3c4","Crop_76_1","7","7","root-symbol","1","0","1450,-155,2507,979","53","57","apps/web/public/assets/manor/v7-runtime/crops/76/young.png","02c2e06f6a318390a18c88d72efd43fbd9911a9f353ca9a3bab8ed9fd924a630","exported-root-symbol",
"farm","76","growing","ui/allcrops/Crop_76_2.swf","44e7a58301e0a2b17c57c733eb15e5faf907a8cda29f0ded4833a4dfadc88622","Crop_76_2","7","7","root-symbol","1","0","1139,-574,2760,1015","82","80","apps/web/public/assets/manor/v7-runtime/crops/76/growing.png","ace151f31febc9f5b4f98138454999ee833b70b8e53eb8835988e312bf5f9e89","exported-root-symbol",
"farm","76","mature","ui/allcrops/Crop_76_3.swf","013915ad23c934170075a69b423d4eb125fae78537954a446bce673721210423","Crop_76_3","13","13","root-symbol","1","0","669,-1458,3235,1116","129","129","apps/web/public/assets/manor/v7-runtime/crops/76/mature.png","127cd4973faf2af7eb62a7abb0fd6b7f86eb4f069978c71d9f819bc91a5ebdb7","exported-root-symbol",
"farm","76","withered","ui/allcrops/Crop_76_4.swf","054349f5128de8d09a0659ee34fecaed80c225abf8cc817448c395ee40bcfecb","Crop_76_6","3","3","root-symbol","1","0","783,-146,3319,983","127","57","apps/web/public/assets/manor/v7-runtime/crops/76/withered.png","15a03115f6e4ff1b746be687cdb88104df7c9c52266fd98723ca0f123ceea83c","exported-root-symbol",
"farm","77","seed","ui/allcrops/Crop_77_Seed.swf","dda76b5eeb6d2ae92188b39c338c463942a16786a73f25bb62a4acb7eb569fef","Crop_77_Seed","4","4","root-symbol","1","0","65,71,1071,850","51","39","apps/web/public/assets/manor/v7-runtime/crops/77/seed.png","a42efa568d0ce3f7608cf5a0ebf166aff6c9926dbfb300c116b5727c71693585","exported-root-symbol",
"farm","77","sprout","ui/allcrops/Crop_77_0.swf","4c4c24aa380e0f38332db53da5dbbc66a670e4a96dd1bb07d7eea0b68e6d69d8","Crop_77_0","4","4","root-symbol","1","0","1726,558,2108,985","20","22","apps/web/public/assets/manor/v7-runtime/crops/77/sprout.png","c6b0af8c829fa8ceb57fe90cdc1e853347815a512726e83ab51fafa37df2abbb","exported-root-symbol",
"farm","77","young","ui/allcrops/Crop_77_1.swf","bd390575ee9e78842d4f5ea6f7b87e7cf6b6f534d6e5bfc46b4c864a7ec25340","Crop_77_1","9","9","root-symbol","1","0","1539,216,2331,1061","40","43","apps/web/public/assets/manor/v7-runtime/crops/77/young.png","cc61db009fa1a47bee4697d5a72cfd8c724ea1d4c69c327e3b75c544f07ea162","exported-root-symbol",
"farm","77","growing","ui/allcrops/Crop_77_2.swf","df45eaef84a775864837918f2eee140f04bc9ff167cb4fd060f6aaced34c7d83","Crop_77_2","11","11","root-symbol","1","0","1316,33,2555,1142","62","56","apps/web/public/assets/manor/v7-runtime/crops/77/growing.png","2cec681206ec45c8c1b5178a21f001a3dba34dc43ca06046ccdb648d9362f677","exported-root-symbol",
"farm","77","mature","ui/allcrops/Crop_77_3.swf","2f047a4b7a36c98838421cf45be15809fc1e4e2dfb4a113f4f7eb96c9f571afc","Crop_77_3","25","25","root-symbol","1","0","862,-1025,3002,1318","107","118","apps/web/public/assets/manor/v7-runtime/crops/77/mature.png","0a2a0c6c85c889dae7fd21c2b69095ca9b81f25e5668b6132418401bffde8cc0","exported-root-symbol",
"farm","77","withered","ui/allcrops/Crop_77_4.swf","598509915f86ac573c49208cc2105406b09de3384a94a3442a00963afbf99fab","Crop_77_6","3","3","root-symbol","1","0","752,-34,3288,1095","127","57","apps/web/public/assets/manor/v7-runtime/crops/77/withered.png","a4f52468845986fa9a05fdeb3fe2433683550bc42b4da4a5b08ba585a58438a9","exported-root-symbol",
"farm","78","seed","ui/allcrops/Crop_78_Seed.swf","961b3a9b48fa71b12c6303f03ba41fe0f6d5f69fe24ed30abc4ee7898c74f996","Crop_78_Seed","4","4","root-symbol","1","0","57,56,1146,1028","55","49","apps/web/public/assets/manor/v7-runtime/crops/78/seed.png","8c2c0a8fe5f493ae19fa4429694f9bf1554d945b6a09fcb589af4a7f90b2a6b2","exported-root-symbol",
"farm","78","sprout","ui/allcrops/Crop_78_0.swf","c3922bdeb434c7543b3f867d09a985f82eef7f0e5c15c2f822f8739d173c3cce","Crop_78_0","4","4","root-symbol","1","0","1643,228,2164,962","27","37","apps/web/public/assets/manor/v7-runtime/crops/78/sprout.png","1cf6936ef4c0309c936dffc1ce53a8a6a84bcd36145423cab9ce07b86d3b834b","exported-root-symbol",
"farm","78","young","ui/allcrops/Crop_78_1.swf","6126776ce32d7c074f7f92a31303b99016c6d2aa62747c02db472dedb4ed9f06","Crop_78_1","5","5","root-symbol","1","0","1379,-219,2402,1066","52","65","apps/web/public/assets/manor/v7-runtime/crops/78/young.png","b5f70e5b76f7202d39211495e346ef9d59025332682c8772fcb312beb407484b","exported-root-symbol",
"farm","78","growing","ui/allcrops/Crop_78_2.swf","1ad237140df1141e3de36a20ed1d42e2a11a7879b5829d9c827235f87545e078","Crop_78_2","7","7","root-symbol","1","0","1059,-1267,2905,1175","93","123","apps/web/public/assets/manor/v7-runtime/crops/78/growing.png","731a64b71ef2797eebc84fef0231fff14526fa78aa6c9f21b0f1e11d76d444c3","exported-root-symbol",
"farm","78","mature","ui/allcrops/Crop_78_3.swf","4103a79f99957b904eac7640bc042934a6c7aa67a7274c48f67ba6f2b3b5ec6e","Crop_78_3","13","13","root-symbol","1","0","949,-1472,2999,1207","103","134","apps/web/public/assets/manor/v7-runtime/crops/78/mature.png","b8e3f374249b0643338c9120861aac7252f535e3af8747c2c439a56ef8e0ab20","exported-root-symbol",
"farm","78","withered","ui/allcrops/Crop_78_4.swf","68df1998805ef45837598d5b73fcb9e547d43d7dc1c1a82a136a161d50b23fd2","Crop_78_6","3","3","root-symbol","1","0","716,-64,3252,1065","127","57","apps/web/public/assets/manor/v7-runtime/crops/78/withered.png","15a03115f6e4ff1b746be687cdb88104df7c9c52266fd98723ca0f123ceea83c","exported-root-symbol",
"farm","79","seed","ui/allcrops/Crop_79_Seed.swf","c31983c2bb23098312794b4ccdfb2d21eb5180b577302d2bd09bdbce3b530f00","Crop_79_Seed","2","2","root-symbol","1","0","139,12,984,1018","43","51","apps/web/public/assets/manor/v7-runtime/crops/79/seed.png","25461015fbf56e8da2c779322df6c8e8cbd98fc53499bc1d50eae52e9a6e7a0b","exported-root-symbol",
"farm","79","sprout","ui/allcrops/Crop_79_0.swf","b765b894347f2a0b6dcad218c24a8eb637559742663ba4a6e8584b2515e0e35c","Crop_79_0","7","7","root-symbol","1","0","1668,276,2246,967","29","35","apps/web/public/assets/manor/v7-runtime/crops/79/sprout.png","b631d42bc4219d3cd480a384864f967aada3a6266243be8755464f9aeb2a5ddf","exported-root-symbol",
"farm","79","young","ui/allcrops/Crop_79_1.swf","c405d7c166c98ce6a25ca9151d13e7d77ede1b88216e0ba4f321e21a12e4ff5e","Crop_79_1","8","8","root-symbol","1","0","1392,-147,2432,1044","52","60","apps/web/public/assets/manor/v7-runtime/crops/79/young.png","4049ac1a4e2396c657ea64283c895fbbade6c0bb5b52c0c5b7abc02414ae8fc7","exported-root-symbol",
"farm","79","growing","ui/allcrops/Crop_79_2.swf","323b479352d0acaa4d8a9d17b6f0676037a9562cd027e7a376f1d7b626497570","Crop_79_2","8","8","root-symbol","1","0","983,-730,2887,1153","96","95","apps/web/public/assets/manor/v7-runtime/crops/79/growing.png","30937cf13857367ee769eaebaf0f4b84e23ff1a39481def094d8485de7efcd27","exported-root-symbol",
"farm","79","mature","ui/allcrops/Crop_79_3.swf","2679b69e77df996f3332c9a3290edf0d18cb4ec00799b6144fd93e4027231bcb","Crop_79_3","13","13","root-symbol","1","0","737,-1104,3129,1218","120","117","apps/web/public/assets/manor/v7-runtime/crops/79/mature.png","a486f2bb5f1459314ca7eebedaec1ca1fbcdc65400aab4d133cb00e50235945c","exported-root-symbol",
"farm","79","withered","ui/allcrops/Crop_79_4.swf","85468e6e6414ceebe5d2f52d32d2887395eb3932bef314ed02a14e29f8174edf","Crop_79_6","3","3","root-symbol","1","0","724,-83,3260,1046","127","57","apps/web/public/assets/manor/v7-runtime/crops/79/withered.png","a4f52468845986fa9a05fdeb3fe2433683550bc42b4da4a5b08ba585a58438a9","exported-root-symbol",
"farm","83","seed","ui/allcrops/Crop_83_Seed.swf","44119efb44c4d385e6af4ea056d3db783d4ba0ad192a5ae88e3e4540ac1674e1","Crop_83_Seed","9","9","root-symbol","1","0","20,18,1179,1060","58","53","apps/web/public/assets/manor/v7-runtime/crops/83/seed.png","ab80f1edc01d19c0b2df2712685c1ad4925beef7a8f3f67d4609bbb152cd2547","exported-root-symbol",
"farm","83","sprout","ui/allcrops/Crop_83_0.swf","782cda552bdd16d92b04729879a8597f999bfeb814317932c76441399f975863","Crop_83_0","5","5","root-symbol","1","0","1772,185,2227,1006","23","42","apps/web/public/assets/manor/v7-runtime/crops/83/sprout.png","11d508462db9a9ae62837cc5776e9fe38479dc48d2f1f8a98b912564ad3735ef","exported-root-symbol",
"farm","83","young","ui/allcrops/Crop_83_1.swf","c474f8edbacd3a67fa36ddbe9ba96f77f885bdfe943dcd0813333cab0c60a720","Crop_83_1","5","5","root-symbol","1","0","1530,-132,2389,1038","43","59","apps/web/public/assets/manor/v7-runtime/crops/83/young.png","b15f8ea9cf4ce13cdd05f98d4f21986dfae959369e148ad302dfe9af36286cf2","exported-root-symbol",
"farm","83","growing","ui/allcrops/Crop_83_2.swf","420278c03f46f836367adde5b6c65fa03dd5706563e01da1ccaf69a43ecb6df2","Crop_83_2","7","7","root-symbol","1","0","1043,-654,2927,1154","95","91","apps/web/public/assets/manor/v7-runtime/crops/83/growing.png","2adafd59e4740eeee2984e1420be350874796962fe1060871df5fd8d8f2aea37","exported-root-symbol",
"farm","83","mature","ui/allcrops/Crop_83_3.swf","c582bc3c6459c94d640d2130859c7fe91d7ac0e67d50599f0dba9e161b2c2fa9","Crop_83_3","31","31","root-symbol","1","0","724,-1266,3336,1233","131","125","apps/web/public/assets/manor/v7-runtime/crops/83/mature.png","8bc6a666dabfd6d6d52f092488f59bf78faaad6062034923fa00cf013baf65fc","exported-root-symbol",
"farm","83","withered","ui/allcrops/Crop_83_4.swf","d7717b77d15f5f4acc53c5beacebaa57f7a0ea4f6174eb5b0a92b68df8c55a88","Crop_83_6","3","3","root-symbol","1","0","810,2,3346,1131","127","57","apps/web/public/assets/manor/v7-runtime/crops/83/withered.png","a4f52468845986fa9a05fdeb3fe2433683550bc42b4da4a5b08ba585a58438a9","exported-root-symbol",
"farm","84","seed","ui/allcrops/Crop_84_Seed.swf","c8fc30fccbac5411c47c3462d5394b5b8fd5804155b30eb0c00a9e579cce90a3","Crop_84_Seed","3","3","root-symbol","1","0","19,124,1156,1171","57","53","apps/web/public/assets/manor/v7-runtime/crops/84/seed.png","c5953297d9b207bfd6fe7de4af75799be98319956e989c9f2d9803db3492ce14","exported-root-symbol",
"farm","84","sprout","ui/allcrops/Crop_84_0.swf","5438fcf9d1917a6ee16adc97031530345a9fba5bc7a9cef4ed7be3a13d735df7","Crop_84_0","10","10","root-symbol","1","0","1720,302,2092,999","19","35","apps/web/public/assets/manor/v7-runtime/crops/84/sprout.png","c96761f87372fc7507fa0d8fbbfc37f79d706124ba488fe178c0f18efc128c76","exported-root-symbol",
"farm","84","young","ui/allcrops/Crop_84_1.swf","764aca673934a58f46038c57a337f520023209a64588d5b671553dd0e6ceb1c7","Crop_84_1","13","13","root-symbol","1","0","1536,123,2354,1014","41","45","apps/web/public/assets/manor/v7-runtime/crops/84/young.png","59073190e1a3b311da6e3e9eb67a28bf0e7441d8ea31e9305861b3880dc7455a","exported-root-symbol",
"farm","84","growing","ui/allcrops/Crop_84_2.swf","8dcfa7609b85796c9bc226788933691c546c1ba0530a73a8424415ebd630ffe7","Crop_84_2","20","20","root-symbol","1","0","1389,-352,2581,1069","60","72","apps/web/public/assets/manor/v7-runtime/crops/84/growing.png","79f496c08d4069192a2f22db6acd799fddf878ddb2fa1423e4d8d27c2d346aa0","exported-root-symbol",
"farm","84","mature","ui/allcrops/Crop_84_3.swf","4be96de2e7431191d668d9d16aec374dac319aa5f89bb6a24d7cb5ee8f08b693","Crop_84_3","54","54","root-symbol","1","0","686,-1242,3110,1245","122","125","apps/web/public/assets/manor/v7-runtime/crops/84/mature.png","8a7770e5c018d6260ed5e376f41da4b414d678d582d17d979acc5f329f894e51","exported-root-symbol",
"farm","84","withered","ui/allcrops/Crop_84_4.swf","a6e6876f4af6fbd74dbc82581489ae83971479a0fb55c0ad6b9de8e7dd3deabe","Crop_84_6","3","3","root-symbol","1","0","736,-14,3272,1115","127","57","apps/web/public/assets/manor/v7-runtime/crops/84/withered.png","a4f52468845986fa9a05fdeb3fe2433683550bc42b4da4a5b08ba585a58438a9","exported-root-symbol",
"farm","85","seed","ui/allcrops/Crop_85_Seed.swf","ebcd60d1b225bae45bee80e9e60f7be32d95eef866155996de60d8db995e567d","Crop_85_Seed","6","6","root-symbol","1","0","6,83,1177,1105","59","52","apps/web/public/assets/manor/v7-runtime/crops/85/seed.png","4791f2b89d96cf6409b3b867c4fff11466022fa989e9bbaf7833dcb859286eb8","exported-root-symbol",
"farm","85","sprout","ui/allcrops/Crop_85_0.swf","f8092168cda20ad6fc2d8cd44397a6398e9819bf51cce929559b3bc8b568e27c","Crop_85_0","8","8","root-symbol","1","0","1620,266,2333,1066","36","40","apps/web/public/assets/manor/v7-runtime/crops/85/sprout.png","bf28a711d02e1af2ea3fa53ccc50cb4a6fe69f4ac80f71b9d612bc78dac562ef","exported-root-symbol",
"farm","85","young","ui/allcrops/Crop_85_1.swf","39ab65a5bafce213c88e550ac51f136bbccc699318b5ede8ffd8d9b9e9334335","Crop_85_1","14","14","root-symbol","1","0","1493,-547,2551,1085","53","82","apps/web/public/assets/manor/v7-runtime/crops/85/young.png","b7eace9f26d92d330a4c432ca06622d749f726312e46a6eb536f2529886c44a7","exported-root-symbol",
"farm","85","growing","ui/allcrops/Crop_85_2.swf","87eccb9c988fc263d5c2276c2b014533cc31d8f135636f6813053380ea077e5d","Crop_85_2","14","14","root-symbol","1","0","1177,-907,2738,1124","79","102","apps/web/public/assets/manor/v7-runtime/crops/85/growing.png","200be582ed4d951a49f11017c4f513f71bcbe6533974b018b0ea5fcd9b7b4fd1","exported-root-symbol",
"farm","85","mature","ui/allcrops/Crop_85_3.swf","216db69a130cd0d59a7f5afed65a3fb54c700c3c00b34b8f38f29bf1e2c619a6","Crop_85_3","24","24","root-symbol","1","0","387,-1413,3316,1222","147","132","apps/web/public/assets/manor/v7-runtime/crops/85/mature.png","217847dab6fdfb9b7455f254c212718964a99272993cca93a28c41406b10d23a","exported-root-symbol",
"farm","85","withered","ui/allcrops/Crop_85_4.swf","b04c443e9c09ff6dc24f5e8166d57a8c7febd4b8e71dc6b82b041091d5e41ca9","Crop_85_6","3","3","root-symbol","1","0","783,-9,3319,1120","127","57","apps/web/public/assets/manor/v7-runtime/crops/85/withered.png","15a03115f6e4ff1b746be687cdb88104df7c9c52266fd98723ca0f123ceea83c","exported-root-symbol",
"farm","86","seed","ui/allcrops/Crop_86_Seed.swf","9ee50dc4be74c337bb5e099e216e67f1c39fa25130fc0b2dcd31684d9f562d83","Crop_86_Seed","8","8","root-symbol","1","0","44,203,1202,866","58","34","apps/web/public/assets/manor/v7-runtime/crops/86/seed.png","cc8657b745732d4d8b4774cb9abda3fe40d40370b8d44fb9bc44e1d9a26d56e9","exported-root-symbol",
"farm","86","sprout","ui/allcrops/Crop_86_0.swf","94bb21fcb5f0a2dde678de033670d11cedfa1e79aa341bf671c51ba545f185fc","Crop_86_0","4","4","root-symbol","1","0","1629,674,1954,989","17","16","apps/web/public/assets/manor/v7-runtime/crops/86/sprout.png","630bf049339383b4aeab5cff8581f5a6a69fdc74b8d27d8847de50086b826ef0","exported-root-symbol",
"farm","86","young","ui/allcrops/Crop_86_1.swf","40022e475cc8538fdea0380cca181493de2cd8a03dfeaaf39764092b51607ebe","Crop_86_1","4","4","root-symbol","1","0","1592,403,1988,1003","20","30","apps/web/public/assets/manor/v7-runtime/crops/86/young.png","b54ce0a95c2bd6ebbf0fd66ecbe8b57585089f4864a6ec5ead63719dd4a796be","exported-root-symbol",
"farm","86","growing","ui/allcrops/Crop_86_2.swf","04777baf7000a39f334f9bf3f4be15d00f5002168b6e28cf0fd27b23f475cf4e","Crop_86_2","14","14","root-symbol","1","0","1332,-225,2307,1146","49","69","apps/web/public/assets/manor/v7-runtime/crops/86/growing.png","361e0ccc3a3c314ddf73b2e17022c5d8efb3e3e9b8b359dfff2e04c11ef6eb58","exported-root-symbol",
"farm","86","mature","ui/allcrops/Crop_86_3.swf","2caaf1baca146436c1022d2faaa1637638490229a86b0aba8f97a7a10ccee59e","Crop_86_3","30","30","root-symbol","1","0","631,-1491,3207,1207","129","135","apps/web/public/assets/manor/v7-runtime/crops/86/mature.png","49e3f1f38731fa70662330e3fb3fd99a5566a98bb266d41b8caa4a62335032eb","exported-root-symbol",
"farm","86","withered","ui/allcrops/Crop_86_4.swf","6f3d20566f1ff0dfb0df1e6595a125c13b5f364bec69a706755e93177150d810","Crop_86_6","3","3","root-symbol","1","0","771,-31,3307,1098","127","57","apps/web/public/assets/manor/v7-runtime/crops/86/withered.png","1869bcefa1fb64e99843f9b6d8fff370e2f5fa50ed4e01b61c24719043ab102b","exported-root-symbol",
"farm","87","seed","ui/allcrops/Crop_87_Seed.swf","d27e019324273b17c66b114a875fb7f5b415559655cd1da601421648639e96fa","Crop_87_Seed","9","9","root-symbol","1","0","112,33,844,1194","37","59","apps/web/public/assets/manor/v7-runtime/crops/87/seed.png","c9560dcec048fcf6c2bbb4122ec3f8aeab1935059c9c4a4a278ba4d8cf2edd30","exported-root-symbol",
"farm","87","sprout","ui/allcrops/Crop_87_0.swf","f47daadec938119d437508ee6a1ee729a8ac4574c7b63c3e001a14c8e33d0361","Crop_87_0","11","11","root-symbol","1","0","1770,314,2203,993","22","34","apps/web/public/assets/manor/v7-runtime/crops/87/sprout.png","571f55a76220e07b58e516fd5b18a2a425fc36992b0d983bd2e39240c9e56307","exported-root-symbol",
"farm","87","young","ui/allcrops/Crop_87_1.swf","4ad4758f5e5fe1cabe034d10584e99749682078ff2648a23c04cf40c16c480b5","Crop_87_1","13","13","root-symbol","1","0","1571,141,2379,1027","41","45","apps/web/public/assets/manor/v7-runtime/crops/87/young.png","281b34c2bc6f1a9df74b83887f1a1272df3420787dd07445bdd46d68128675fa","exported-root-symbol",
"farm","87","growing","ui/allcrops/Crop_87_2.swf","fc5571dda99fe3108e21216c819b4ed15a167eca36a389743d89bac5dbf3449a","Crop_87_2","14","14","root-symbol","1","0","1448,-435,2492,1145","53","79","apps/web/public/assets/manor/v7-runtime/crops/87/growing.png","4fa22b8033de02fdd2911ce3b25aee3388b13eb4f37cd9d1aa05c28d114f49d7","exported-root-symbol",
"farm","87","mature","ui/allcrops/Crop_87_3.swf","51d06a9bf34c3631591111c47d19694c5d97ef65eeb1ab307454003d8b243f94","Crop_87_3","74","74","root-symbol","1","0","826,-1237,3129,1316","116","128","apps/web/public/assets/manor/v7-runtime/crops/87/mature.png","33e6f9b9922f174233cad636e573b57872b048125997d05c750fa44d142f407a","exported-root-symbol",
"farm","87","withered","ui/allcrops/Crop_87_4.swf","d770b93e9f5714e9d143872a54612289cc7fde81f9a63a205cdf6fe8be5bed3b","Crop_87_6","3","3","root-symbol","1","0","810,6,3346,1135","127","57","apps/web/public/assets/manor/v7-runtime/crops/87/withered.png","a4f52468845986fa9a05fdeb3fe2433683550bc42b4da4a5b08ba585a58438a9","exported-root-symbol",
"farm","88","seed","ui/allcrops/Crop_88_Seed.swf","eb77d3ccccd84faa5008944cb4cc399f286a8ccb18525c730f1a5bf9fe145d38","Crop_88_Seed","6","6","root-symbol","1","0","91,42,999,1204","46","59","apps/web/public/assets/manor/v7-runtime/crops/88/seed.png","71ca965e1548b213835e855b1ccce68dd7b6b5ae4b2ebd840e9d92b9d80437e4","exported-root-symbol",
"farm","88","sprout","ui/allcrops/Crop_88_0.swf","b060ca4bbd72acd8815488856e38cc06ec98c0afff3b6228cd5919660b70de69","Crop_88_0","5","5","root-symbol","1","0","1523,341,2346,1102","42","39","apps/web/public/assets/manor/v7-runtime/crops/88/sprout.png","67bab0d4a89acdd9c6ed2e4743ed9c7a48aeec896954c26b050e1c2c3ab594ce","exported-root-symbol",
"farm","88","young","ui/allcrops/Crop_88_1.swf","8c32ca96b6f261508ad95c811daa959e7beb993842fc78d857a7ddd53ffe0bd5","Crop_88_1","6","6","root-symbol","1","0","1524,-125,2347,1102","42","62","apps/web/public/assets/manor/v7-runtime/crops/88/young.png","2a3079586b313a923a43b350ddca0737e34f4a746e1bbf4458efd76eafa5eb21","exported-root-symbol",
"farm","88","growing","ui/allcrops/Crop_88_2.swf","0b33a5c6524025049f0e3636f0d5173e2157c63a1013cb51c75094b7d98aee12","Crop_88_2","9","9","root-symbol","1","0","1303,-411,2648,1209","68","81","apps/web/public/assets/manor/v7-runtime/crops/88/growing.png","459dfade1de3f23b150d2c7c57ab5ca9e838681e24c693d5751365edd533fa9e","exported-root-symbol",
"farm","88","mature","ui/allcrops/Crop_88_3.swf","97d81c5bf88800b237705417682b9ee1447c81ab7f49ca265d5b354140e05f53","Crop_88_3","16","16","root-symbol","1","0","727,-1518,3141,1315","121","142","apps/web/public/assets/manor/v7-runtime/crops/88/mature.png","9a6b93a62be1071cb49218d851a992761e7fcd34492db4b2f31be5d777f667cb","exported-root-symbol",
"farm","88","withered","ui/allcrops/Crop_88_4.swf","20fb384c21f2bb32a32d68f85db41bb101c1fb3865a4f438e00f50cafca9f252","Crop_88_6","3","3","root-symbol","1","0","731,1,3267,1130","127","57","apps/web/public/assets/manor/v7-runtime/crops/88/withered.png","15a03115f6e4ff1b746be687cdb88104df7c9c52266fd98723ca0f123ceea83c","exported-root-symbol",
"farm","89","seed","ui/allcrops/Crop_89_Seed.swf","f828cc8e0b7eac7d454bb641bfc14beddf7de8e7a96beb869d57fad7c6d30d50","Crop_89_Seed","6","6","root-symbol","1","0","83,182,1297,1271","61","55","apps/web/public/assets/manor/v7-runtime/crops/89/seed.png","8ad9854f59e9b20e0b35940491f101732e62a4e0f8cceee872e5f7902c271bc0","exported-root-symbol",
"farm","89","sprout","ui/allcrops/Crop_89_0.swf","1404e2c74ab7256cd00299a51570a86be60c1a70c5733c627e28e64f827352dc","Crop_89_0","5","5","root-symbol","1","0","1752,493,2089,1014","17","27","apps/web/public/assets/manor/v7-runtime/crops/89/sprout.png","e762a388d1a28f5393d04b46e0b674e311b5757c9c528cab8567ed6940fd0764","exported-root-symbol",
"farm","89","young","ui/allcrops/Crop_89_1.swf","973b1d97e2527152b7756f758e2099e9f4676f9f3b44951a947639744d8c447c","Crop_89_1","7","7","root-symbol","1","0","1537,412,2224,1041","35","32","apps/web/public/assets/manor/v7-runtime/crops/89/young.png","1eb8a5aed09bfc8624ca7ad694ab70ccf07ddf8ce223971995e410da6df8b881","exported-root-symbol",
"farm","89","growing","ui/allcrops/Crop_89_2.swf","a170f4242831a6c001ca8860b8b564ef8cba8da7a2d7edbeeb09986f4c7edb2d","Crop_89_2","10","10","root-symbol","1","0","1465,92,2342,1056","44","49","apps/web/public/assets/manor/v7-runtime/crops/89/growing.png","f6647a9888a84750309ea1c3d540befb2e6939e6040c96dff4ad4e1ea2d93258","exported-root-symbol",
"farm","89","mature","ui/allcrops/Crop_89_3.swf","a7105b8744434136ea7baa13e82d5d82c989bdf65c02d40b9243d5ea34d4fbdd","Crop_89_3","23","23","root-symbol","1","0","579,-1159,3327,1210","138","119","apps/web/public/assets/manor/v7-runtime/crops/89/mature.png","ba8e7a64261a5e2adf232165ad37c6f8c42838047756b7ab5b234f3bd9f83877","exported-root-symbol",
"farm","89","withered","ui/allcrops/Crop_89_4.swf","abd9b894219b80eda9b28e2ef42cb5e2c0344ce2f3b0c43ff2a0aa08061b688d","Crop_89_6","3","3","root-symbol","1","0","690,4,3226,1133","127","57","apps/web/public/assets/manor/v7-runtime/crops/89/withered.png","a4f52468845986fa9a05fdeb3fe2433683550bc42b4da4a5b08ba585a58438a9","exported-root-symbol",
"farm","90","seed","ui/allcrops/Crop_90_Seed.swf","3082b84149d152e059c37afeb657d277b3e7940032658fb3c416e164e1b3be8c","Crop_90_Seed","4","4","root-symbol","1","0","119,54,1278,1120","58","54","apps/web/public/assets/manor/v7-runtime/crops/90/seed.png","606400fc7ea7862639a9502c91b1db1cd162e9406ed6b5b86b8080f044feede5","exported-root-symbol",
"farm","90","sprout","ui/allcrops/Crop_90_0.swf","e2e7dcbd5d3b20a4a23316c54347534c3171f11079ed48f2a59001f7b58c44a0","Crop_90_0","6","6","root-symbol","1","0","1648,545,2212,996","29","23","apps/web/public/assets/manor/v7-runtime/crops/90/sprout.png","2c972049a8a63bc4b82da02c0a2f0a31629a4658c57c699836cfe2681e62325b","exported-root-symbol",
"farm","90","young","ui/allcrops/Crop_90_1.swf","e79b50b6a46b694522065c703ccacbb8f013306a0e926e419ff9e54626ae73ac","Crop_90_1","10","10","root-symbol","1","0","1503,262,2291,1027","40","39","apps/web/public/assets/manor/v7-runtime/crops/90/young.png","12e4154fc2c7a306ddf6529e96b49ef8fdef4a613f2cbe3e7344aecdfe08b28e","exported-root-symbol",
"farm","90","growing","ui/allcrops/Crop_90_2.swf","636fa1c0e224fed122161d658481c1e2ed5242e7445db2f83ca59272c21695d3","Crop_90_2","9","9","root-symbol","1","0","1274,-576,2523,1104","63","84","apps/web/public/assets/manor/v7-runtime/crops/90/growing.png","b2a336b3ff57b81e6923bc1a2727f93fe180d69cc25148f0dd54cce6c2900cda","exported-root-symbol",
"farm","90","mature","ui/allcrops/Crop_90_3.swf","05569d5e0a588ccdedc375e0094d4fbb90a87b1ae49245d8b3cf3584f1ce50a6","Crop_90_3","16","16","root-symbol","1","0","484,-1076,3117,1329","132","121","apps/web/public/assets/manor/v7-runtime/crops/90/mature.png","d7e73b2fd4c71bb407fea1b139015ee705efd8093c07a0a16f4df6e3dd122d68","exported-root-symbol",
"farm","90","withered","ui/allcrops/Crop_90_4.swf","fbee818372c7ee521b8daddc576182445a158fff907129839683abedaf38c7b0","Crop_90_6","3","3","root-symbol","1","0","689,-14,3225,1115","127","57","apps/web/public/assets/manor/v7-runtime/crops/90/withered.png","a4f52468845986fa9a05fdeb3fe2433683550bc42b4da4a5b08ba585a58438a9","exported-root-symbol",
"farm","100","seed","ui/allcrops/Crop_100_Seed.swf","2f010d9b4c66a7631706084abcdfca6f894bffdde302dd8372586e12e2f4f184","Crop_100_Seed","3","3","root-symbol","1","0","-20,-12,1047,1181","54","60","apps/web/public/assets/manor/v7-runtime/crops/100/seed.png","fb11210be3d7aaf885c6bb46c48ef9841a63742fbc0f54fb0da87eb634d9c16a","exported-root-symbol",
"farm","100","sprout","ui/allcrops/Crop_100_0.swf","6031d5f15934a0cc53a6c37310f8482ca821b0a5a8052990dc8650716f8db7f1","Crop_100_0","4","4","root-symbol","1","0","1674,522,2126,957","23","22","apps/web/public/assets/manor/v7-runtime/crops/100/sprout.png","3204325f2618f333e2b8fd83ad611e8ab468f8a551d8736fa39f106aa31f38cc","exported-root-symbol",
"farm","100","young","ui/allcrops/Crop_100_1.swf","08bb5af194bae40cba31885c3a476085b4bffd6b7d3c4a711c796a6228b0e863","Crop_100_1","3","3","root-symbol","1","0","1334,213,2427,1110","55","45","apps/web/public/assets/manor/v7-runtime/crops/100/young.png","607486234f302450862ee89a776c35bf954f90144ff4012c9a5139b4c792e1e6","exported-root-symbol",
"farm","100","growing","ui/allcrops/Crop_100_2.swf","3ca7d2ed0a39dad222bf6ae2079459bc58f218dc5d57ec7e89e54fb8c0323bda","Crop_100_2","6","6","root-symbol","1","0","1123,-155,2711,1236","80","70","apps/web/public/assets/manor/v7-runtime/crops/100/growing.png","4f5139fae00619592364e1b16732db2b0c82ba943308482051080ab366d18918","exported-root-symbol",
"farm","100","mature","ui/allcrops/Crop_100_3.swf","c23a145dc413a15ee13c4256fc49bc0e6718987399891dac16f552dc459a8e27","Crop_100_3","16","16","root-symbol","1","0","794,-1223,3008,1431","111","133","apps/web/public/assets/manor/v7-runtime/crops/100/mature.png","d85cae208f2585c14d57c04e3e3342d93fb6e4f735d9d64c642df9e60ec75e2d","exported-root-symbol",
"farm","100","withered","ui/allcrops/Crop_100_4.swf","8196577ec52a81d007a8d958271dffcbd60d9717d6d3ca033556fce243e08ebb","Crop_100_6","3","3","root-symbol","1","0","719,15,3255,1144","127","57","apps/web/public/assets/manor/v7-runtime/crops/100/withered.png","a4f52468845986fa9a05fdeb3fe2433683550bc42b4da4a5b08ba585a58438a9","exported-root-symbol",
"farm","119","seed","ui/allcrops/Crop_119_Seed.swf","cbba912374ed84cc1951145a0e3847c2008efb6cbf3414edb455dd5bcbd660b4","Crop_119_Seed","13","13","root-symbol","1","0","-25,10,1137,1165","59","58","apps/web/public/assets/manor/v7-runtime/crops/119/seed.png","94cf43ee37e4f443ce8746d70d3b32669013574484814cf7b3879138a666a886","exported-root-symbol",
"farm","119","sprout","ui/allcrops/Crop_119_0.swf","ce90e5ebdf3404d7d92029de9744e71abcb88cb2e49d75d3ca63539ed9171627","Crop_119_0","3","3","root-symbol","1","0","1483,687,2345,1064","44","19","apps/web/public/assets/manor/v7-runtime/crops/119/sprout.png","ebb53666ca1c02a5670f64d486fbe91a4e396e14a3491fcf1b9a58bd93b1a945","exported-root-symbol",
"farm","119","young","ui/allcrops/Crop_119_1.swf","1474246089368f00bd647782c99ead0a446e260fda2bda8d4a7caeb2902a3732","Crop_119_1","11","11","root-symbol","1","0","1622,388,2139,1033","26","33","apps/web/public/assets/manor/v7-runtime/crops/119/young.png","1f3261a0206e475790067c37c05dd016e85f888e243c172a90adb7baa69cfd1e","exported-root-symbol",
"farm","119","growing","ui/allcrops/Crop_119_2.swf","a247a20ac7d3230f7f4ea30648de32e02b43535ad70fd4170551a867b6431bd7","Crop_119_2","15","15","root-symbol","1","0","1411,-236,2412,1095","51","67","apps/web/public/assets/manor/v7-runtime/crops/119/growing.png","ac5d6b0bb26de667706213716ffa4d4af28fca541976149845ba39a2db1e09fe","exported-root-symbol",
"farm","119","mature","ui/allcrops/Crop_119_3.swf","9e2da82c4b126239d1a529be05eea0751a58c426743fe88eba13301fa1f80ef5","Crop_119_3","47","47","root-symbol","1","0","589,-1432,3162,1298","129","137","apps/web/public/assets/manor/v7-runtime/crops/119/mature.png","482b5f5ea93dfba33f636fa06ded80ba401f527f951417a0a01c9e75660bacc3","exported-root-symbol",
"farm","119","withered","ui/allcrops/Crop_119_4.swf","227c32465a5d0d7d3e2e70cc9cd4bf75b0d8914bce5d75029f3950f94fd6d4b5","Crop_119_6","3","3","root-symbol","1","0","719,-24,3255,1105","127","57","apps/web/public/assets/manor/v7-runtime/crops/119/withered.png","15a03115f6e4ff1b746be687cdb88104df7c9c52266fd98723ca0f123ceea83c","exported-root-symbol",
"farm","122","seed","ui/allcrops/Crop_122_Seed.swf","dd08fcbc89c0513dc68c6cba30cdd63059bf522c009a37c77e40ddd1a06ed1fe","Crop_122_Seed","6","6","root-symbol","1","0","43,86,1108,1222","54","57","apps/web/public/assets/manor/v7-runtime/crops/122/seed.png","4fa5d01464c92f1fb89ce2b695fa9a2930976375daa83be708fe187c1b42b1bd","exported-root-symbol",
"farm","122","sprout","ui/allcrops/Crop_122_0.swf","9a743f860f312d5c5b19612b7d012efa2001289ffd31064bfda0da321f08647b","Crop_122_0","3","3","root-symbol","1","0","1570,695,2432,1072","44","19","apps/web/public/assets/manor/v7-runtime/crops/122/sprout.png","ebb53666ca1c02a5670f64d486fbe91a4e396e14a3491fcf1b9a58bd93b1a945","exported-root-symbol",
"farm","122","young","ui/allcrops/Crop_122_1.swf","438430bd17c6866897ba776e33dcf3709c8ad22ccc1ef469609fc5ff4526f910","Crop_122_1","6","6","root-symbol","1","0","1632,245,2344,1073","36","42","apps/web/public/assets/manor/v7-runtime/crops/122/young.png","f54794a573b68364a4eb7e518fc5f378f91d36f4963b6627553e03ae82828484","exported-root-symbol",
"farm","122","growing","ui/allcrops/Crop_122_2.swf","c7a016fadcdfa5a2bb6c8c3f507b4f000d6b2d365e9236a0fdd800c00dff5860","Crop_122_2","9","9","root-symbol","1","0","1354,-97,2662,1173","66","64","apps/web/public/assets/manor/v7-runtime/crops/122/growing.png","680bfa521535ec0ad8781b1085796569f2901144c0612ae6c74618258af7febf","exported-root-symbol",
"farm","122","mature","ui/allcrops/Crop_122_3.swf","45b936b39b93dcd500e5bd53fef57cc95021501d3a32e15cc65440bd9ca68e11","Crop_122_3","20","20","root-symbol","1","0","645,-695,3206,1259","129","98","apps/web/public/assets/manor/v7-runtime/crops/122/mature.png","a113527cd50a68f05d55c6330d2e27d71553e799b7919a7a41d06ba174c67482","exported-root-symbol",
"farm","122","withered","ui/allcrops/Crop_122_4.swf","2abffa84643c6b19d6954436216e9b7e89593e851fb15aac47fe29472126b83b","Crop_122_6","3","3","root-symbol","1","0","796,-139,3332,990","127","57","apps/web/public/assets/manor/v7-runtime/crops/122/withered.png","15a03115f6e4ff1b746be687cdb88104df7c9c52266fd98723ca0f123ceea83c","exported-root-symbol",
"farm","126","seed","ui/allcrops/Crop_126_Seed.swf","84ce8d47500bbed7a417d8431b319abd2d7151c8d1f04e1e74726e58c8fd258a","Crop_126_Seed","9","9","root-symbol","1","0","-10,-20,1183,1037","60","53","apps/web/public/assets/manor/v7-runtime/crops/126/seed.png","f8650823d943039bd979c2a001d35a3e09b7f48e6265105b233ba9679a43d625","exported-root-symbol",
"farm","126","sprout","ui/allcrops/Crop_126_0.swf","f87461e220d0b8929503f76ef63aba80e5e45f9020fe32d6f80f02e073519ea5","Crop_126_0","11","11","root-symbol","1","0","1591,220,2453,1108","44","45","apps/web/public/assets/manor/v7-runtime/crops/126/sprout.png","b5ab2bb87cc18519f71f7ee8b05074bd3e9674411d0e087f9184495916b93ff3","exported-root-symbol",
"farm","126","young","ui/allcrops/Crop_126_1.swf","93a970372083184da8379607c1bf6c263f89f2205f66f49fd50829973e35915b","Crop_126_1","9","9","root-symbol","1","0","1673,220,2273,1081","30","44","apps/web/public/assets/manor/v7-runtime/crops/126/young.png","c04b9179d492f9c91e29936f0f33fc5d081e87fff0dfcf482ee362f50487139e","exported-root-symbol",
"farm","126","growing","ui/allcrops/Crop_126_2.swf","6c4bef1b35c027f16d19330a22cd31845adf198b76d8595e598ed48b845bf942","Crop_126_2","16","16","root-symbol","1","0","1474,-263,2571,1112","55","69","apps/web/public/assets/manor/v7-runtime/crops/126/growing.png","3a19c81ec478d3ceb79cae7570b7d44de5b05a6216f761d7beaf36bc9806ba4b","exported-root-symbol",
"farm","126","mature","ui/allcrops/Crop_126_3.swf","3e12c9ba40724df37ba355f5145aaaa9505809e76d0974c5c0477c29ec4023e9","Crop_126_3","58","58","root-symbol","1","0","500,-1500,3437,1356","147","143","apps/web/public/assets/manor/v7-runtime/crops/126/mature.png","acc63179759b98d1e9f887f275a26e82ea1a0f68752656ac089c91aa4beaa56b","exported-root-symbol",
"farm","126","withered","ui/allcrops/Crop_126_4.swf","df91026c33eaa24809e3ae65ffaea5eadd689d755a50448e5dfeca490cbd08b4","Crop_126_5","3","3","root-symbol","1","0","823,39,3359,1168","127","57","apps/web/public/assets/manor/v7-runtime/crops/126/withered.png","a4f52468845986fa9a05fdeb3fe2433683550bc42b4da4a5b08ba585a58438a9","exported-root-symbol",
"farm","130","seed","ui/allcrops/Crop_130_Seed.swf","1f9f6de0fd48f7bdb58befa3ef57358b0236fb086a42c8d2c0d4b7b70c9549ed","Crop_130_Seed","7","7","root-symbol","1","0","-20,-20,1220,1220","62","62","apps/web/public/assets/manor/v7-runtime/crops/130/seed.png","8b553f7a585b32501d46b67b8aa4390e10791bc94b2181a853d9b14b1330e1a8","exported-root-symbol",
"farm","130","sprout","ui/allcrops/Crop_130_0.swf","71ed015346e1857477b28e06199946d5c966e919f21dbdd62e5e3871a3206d44","Crop_130_0","3","3","root-symbol","1","0","1546,704,2408,1081","44","19","apps/web/public/assets/manor/v7-runtime/crops/130/sprout.png","ebb53666ca1c02a5670f64d486fbe91a4e396e14a3491fcf1b9a58bd93b1a945","exported-root-symbol",
"farm","130","young","ui/allcrops/Crop_130_1.swf","27cbce6ebf23a541b7704186153f4a876a69007a67a8f2c5fcbc68d74c47a15e","Crop_130_1","5","5","root-symbol","1","0","1593,391,2327,1136","37","38","apps/web/public/assets/manor/v7-runtime/crops/130/young.png","3c96570cb34f57e8c51cfd312e076593903c046db687f5810b299094cd8cf3f7","exported-root-symbol",
"farm","130","growing","ui/allcrops/Crop_130_2.swf","8acd34c5707834463c738089436e58287ed60a34122069197017c537a4f18c37","Crop_130_2","6","6","root-symbol","1","0","1325,-158,2424,1200","55","68","apps/web/public/assets/manor/v7-runtime/crops/130/growing.png","d3ec5bfab4b72b1356f868f3b601ca2ab15b8ce343e36bb584d0a635482e3cd6","exported-root-symbol",
"farm","130","mature","ui/allcrops/Crop_130_3.swf","fba51e2848e8ca102466a21361693420505f1f55c1532789cb518b7b9a3f72bb","Crop_130_3","22","22","root-symbol","1","0","769,-1536,3101,1277","117","141","apps/web/public/assets/manor/v7-runtime/crops/130/mature.png","19e490e9646076ef6dd886f372f3c8d28b3cf5997b8beeff0f7d647223fca1c6","exported-root-symbol",
"farm","130","withered","ui/allcrops/Crop_130_4.swf","8629cb5a1912edd3c8d692c6753b07e32075120d6423801b3b812e37cec177a4","Crop_130_6","3","3","root-symbol","1","0","803,-23,3339,1106","127","57","apps/web/public/assets/manor/v7-runtime/crops/130/withered.png","15a03115f6e4ff1b746be687cdb88104df7c9c52266fd98723ca0f123ceea83c","exported-root-symbol",
"farm","131","seed","ui/allcrops/Crop_131_Seed.swf","286e2f8083b1f61628d82723eee3ee07ddde90f7fc684ecfe389e505632b39c6","Crop_131_Seed","6","6","root-symbol","1","0","107,39,1175,967","54","47","apps/web/public/assets/manor/v7-runtime/crops/131/seed.png","02e806792fa24e8bac94477908b65daae6a7db825130b33b16105fb48b41a61d","exported-root-symbol",
"farm","131","sprout","ui/allcrops/Crop_131_0.swf","b0e55dc64719985f9a4f6b236f860f67c35b8a130c947e577d319e6d41fe4900","Crop_131_0","3","3","root-symbol","1","0","1518,655,2380,1032","44","19","apps/web/public/assets/manor/v7-runtime/crops/131/sprout.png","12691290202b3d3f97ab24fbf53c06512317cc8f5699be1953ddeba77aa530d6","exported-root-symbol",
"farm","131","young","ui/allcrops/Crop_131_1.swf","33d3e3e822453b1c2ad6c94513d71053e2beed427dcd5385379eaade8d82cd1b","Crop_131_1","3","3","root-symbol","1","0","1769,456,2117,937","18","25","apps/web/public/assets/manor/v7-runtime/crops/131/young.png","5a688cada419ccb16bab37f193b434474ee186b7880b3de7feac6ac4fcb0e060","exported-root-symbol",
"farm","131","growing","ui/allcrops/Crop_131_2.swf","872b351fff557c826e96636e5e43b2a9da7588cce63817cd5a62aac08af04a02","Crop_131_2","7","7","root-symbol","1","0","1317,-588,2472,1052","58","82","apps/web/public/assets/manor/v7-runtime/crops/131/growing.png","efaba46414ba4085af9a60a2e631a18b02769307d2a2568a80fee03beab5c568","exported-root-symbol",
"farm","131","mature","ui/allcrops/Crop_131_3.swf","a290998d1af1654b6a1ffccd3303d46f59692aad6dbcf5a1330a57419742df75","Crop_131_3","14","14","root-symbol","1","0","733,-1290,3178,1151","123","123","apps/web/public/assets/manor/v7-runtime/crops/131/mature.png","2e190552aaac01d7a856b705f6cf44441669159a1992479343a4ec0ea7caa775","exported-root-symbol",
"farm","131","withered","ui/allcrops/Crop_131_4.swf","0134dfeca3b91621fe3c899bb9323ef3485506635b3e7fbcb9070a533f7da0ca","Crop_131_6","3","3","root-symbol","1","0","807,-59,3343,1070","127","57","apps/web/public/assets/manor/v7-runtime/crops/131/withered.png","a4f52468845986fa9a05fdeb3fe2433683550bc42b4da4a5b08ba585a58438a9","exported-root-symbol",
"farm","136","seed","ui/allcrops/Crop_136_Seed.swf","f85d0ff08663a708233ad321c199eb2e3962b1421a67b7c580f4d6f7e360e997","Crop_136_Seed","4","4","root-symbol","1","0","2,24,1123,1166","57","58","apps/web/public/assets/manor/v7-runtime/crops/136/seed.png","6de1e91f6ca1e7f5b143212ea72dfe45e8bb603b6916ca13ed1660f4b2834e13","exported-root-symbol",
"farm","136","sprout","ui/allcrops/Crop_136_0.swf","74fa8abad39b8b8aa7bfad156bb9e31239da0162d1f56da723d65862aa5e2d4e","Crop_136_0","3","3","root-symbol","1","0","1542,692,2404,1069","44","19","apps/web/public/assets/manor/v7-runtime/crops/136/sprout.png","ee3fbd29458f78864b327efc10b4395f26841a23cbdeff6cd7b6b34f80f36828","exported-root-symbol",
"farm","136","young","ui/allcrops/Crop_136_1.swf","80c758cbeec041cad1b02872e7715152a088cda299359fdda4b8d546aaaa3fa0","Crop_136_1","6","6","root-symbol","1","0","1572,456,2342,1040","39","30","apps/web/public/assets/manor/v7-runtime/crops/136/young.png","a82f13be18b0dad11cae19d39f274fcfe6ea332950eb4b4a07b031d9b74b3701","exported-root-symbol",
"farm","136","growing","ui/allcrops/Crop_136_2.swf","3a62ec6e49731fb75e647e6f5d2f6c3cb3f21f6162307b6ca5d329ca200e87df","Crop_136_2","6","6","root-symbol","1","0","1255,139,2587,1164","67","52","apps/web/public/assets/manor/v7-runtime/crops/136/growing.png","dd7847349cd3fd01936e896b6d64f37e53b6019c447178b26c1a9d84b5c3d5e6","exported-root-symbol",
"farm","136","mature","ui/allcrops/Crop_136_3.swf","0794124fb00283255a0d4354a05d3a685ee3503459c614aefd9809073f1e7f93","Crop_136_3","13","13","root-symbol","1","0","672,-968,3219,1273","128","113","apps/web/public/assets/manor/v7-runtime/crops/136/mature.png","104b3aff1dda31303398d2d121436da30a5ee5bb42455307ded919ebc4638c7d","exported-root-symbol",
"farm","136","withered","ui/allcrops/Crop_136_4.swf","767960605e77043efb19ee66c4b441c6fd9d0f898d29951a1182996fc5a45c98","Crop_136_6","3","3","root-symbol","1","0","806,-45,3342,1084","127","57","apps/web/public/assets/manor/v7-runtime/crops/136/withered.png","a4f52468845986fa9a05fdeb3fe2433683550bc42b4da4a5b08ba585a58438a9","exported-root-symbol",
"farm","137","seed","ui/allcrops/Crop_137_Seed.swf","8356183fcbc4065385acfe7c84e30485e77a2c3ec4b14c076ec57a26e42b670e","Crop_137_Seed","7","7","root-symbol","1","0","-16,-3,1217,1220","62","62","apps/web/public/assets/manor/v7-runtime/crops/137/seed.png","fe559b50fb082ab8188079fe7f11512f6bf681c41c751b3104dbf62a1b8c0695","exported-root-symbol",
"farm","137","sprout","ui/allcrops/Crop_137_0.swf","2eb5ea4e6694375524c852cab9da8af717b234d5f9969a5ac4684e00e310e531","Crop_137_0","3","3","root-symbol","1","0","1567,665,2429,1042","44","19","apps/web/public/assets/manor/v7-runtime/crops/137/sprout.png","d3b5c065fdd528da04b1f17199502d62f0e81255d31d8288b7353fda27f7cc7a","exported-root-symbol",
"farm","137","young","ui/allcrops/Crop_137_1.swf","e6846020d21c5aaa8f8430ce16efc7a2ebc981541b379b8962c413752cb78293","Crop_137_1","7","7","root-symbol","1","0","1402,-529,2651,1078","63","81","apps/web/public/assets/manor/v7-runtime/crops/137/young.png","4480dcdaa3f1df719f65ccac5cbe854449a6969bc41b7457e521306733c80229","exported-root-symbol",
"farm","137","growing","ui/allcrops/Crop_137_2.swf","0a29501a61f7f2918e16699aa6e4daa745c880733121bfaa08752ee76cb18373","Crop_137_2","12","12","root-symbol","1","0","1205,-781,2819,1077","81","93","apps/web/public/assets/manor/v7-runtime/crops/137/growing.png","4f54e6aeb612d16fb5eeda196d43937fde9d53a3e809fb87b487fc8057c99c1b","exported-root-symbol",
"farm","137","mature","ui/allcrops/Crop_137_3.swf","96ac9742e8c9fa9e3361be11517b5c3eb94287326a1b0853ddcaca59280bd6d1","Crop_137_3","26","26","root-symbol","1","0","894,-1390,3397,1117","126","126","apps/web/public/assets/manor/v7-runtime/crops/137/mature.png","521a0898bd378d77d41d71ca186b78c04e1c9776e8eecdfddb078c3e163b3966","exported-root-symbol",
"farm","137","withered","ui/allcrops/Crop_137_4.swf","0303ebf7a7a4a3d3e1c4085bdbff6373df9e40656998af49f72dcea54309fc65","Crop_137_6","3","3","root-symbol","1","0","814,1,3350,1130","127","57","apps/web/public/assets/manor/v7-runtime/crops/137/withered.png","a4f52468845986fa9a05fdeb3fe2433683550bc42b4da4a5b08ba585a58438a9","exported-root-symbol",
"farm","139","seed","ui/allcrops/Crop_139_Seed.swf","deea592f63e2461727893c6d9f639313bd9049d204d8a4b99aac4267e8e26414","Crop_139_Seed","3","3","root-symbol","1","0","137,89,1297,1162","58","54","apps/web/public/assets/manor/v7-runtime/crops/139/seed.png","8a8bb77d9530f45e2549f86c6e1f50c8f89d4458e98fd77a8231fd01d825ef00","exported-root-symbol",
"farm","139","sprout","ui/allcrops/Crop_139_0.swf","f8abab42d9a7783d6d2bcd1d19088931ece945bffd9d4c448008eb877da070b0","Crop_139_0","6","6","root-symbol","1","0","1781,376,2119,961","17","30","apps/web/public/assets/manor/v7-runtime/crops/139/sprout.png","1e090d91842c6e67b3bc163473cb28ca6ed72c6f4b34729b4d042787b163ca28","exported-root-symbol",
"farm","139","young","ui/allcrops/Crop_139_1.swf","b4ae1a4d1937b53f3b2250c24d96beafef0f7b68fdd426c81ecee149a6b74c64","Crop_139_1","10","10","root-symbol","1","0","1675,1,2259,1002","30","51","apps/web/public/assets/manor/v7-runtime/crops/139/young.png","df876cfdff0c3df327bf49d72e308ea00d5d167b0ec97f549b5886c7f3ce49d1","exported-root-symbol",
"farm","139","growing","ui/allcrops/Crop_139_2.swf","d560ecb6b78132ff4d95bb302144bf134e0961c69b4360bf25677604b7bae097","Crop_139_2","10","10","root-symbol","1","0","1455,-474,2534,1058","54","77","apps/web/public/assets/manor/v7-runtime/crops/139/growing.png","6760e972243fb0586970a72bbcc193dfb83097d547551dc67fe87e6dc3a5b4d4","exported-root-symbol",
"farm","139","mature","ui/allcrops/Crop_139_3.swf","99898c392d56d3febbcdc193c4b7d4c344ce6a148bab80a217724e2879006048","Crop_139_3","17","17","root-symbol","1","0","880,-1312,3133,1245","113","128","apps/web/public/assets/manor/v7-runtime/crops/139/mature.png","ae9010cc9409cf84e980ab6cbf1ec4d911e63bb5e70bbd08a295c6ad15d11f3c","exported-root-symbol",
"farm","139","withered","ui/allcrops/Crop_139_4.swf","54b7ae11472df86740c505b0ec65a3353180dfe81a70d45e3a096630e411f045","Crop_139_0","25","25","root-symbol","1","0","824,-1310,3360,1247","127","128","apps/web/public/assets/manor/v7-runtime/crops/139/withered.png","31c429e5dedf0820df91c5c0d465aed7b53e93c06e8b3821f17747e4d3fc3bcc","exported-root-symbol",
"farm","140","seed","ui/allcrops/Crop_140_Seed.swf","434c099de972e1a5d1011e627b6c623646683723378c67772bc0f899977cd451","Crop_140_Seed","6","6","root-symbol","1","0","-15,96,1014,1152","52","53","apps/web/public/assets/manor/v7-runtime/crops/140/seed.png","0a2bea77ef1b49a59b2fe5fa870b9a7828fd1861ec2f7a2ea10c14f9d88789c1","exported-root-symbol",
"farm","140","sprout","ui/allcrops/Crop_140_0.swf","f561a5fa88864ca4b4b5f4771783b5f947eeb7e6abb095c0267230fbbf20b880","Crop_140_0","6","6","root-symbol","1","0","1585,307,2353,1023","39","36","apps/web/public/assets/manor/v7-runtime/crops/140/sprout.png","59db220d68caa94b82c4540d5f396e45a87891064cb818afddb815baa51a1fdc","exported-root-symbol",
"farm","140","young","ui/allcrops/Crop_140_1.swf","a48474625857ce13732995392ea187ce9a5d1aaded9ca9cf574edff89480a3b6","Crop_140_1","7","7","root-symbol","1","0","1542,-208,2527,1024","50","62","apps/web/public/assets/manor/v7-runtime/crops/140/young.png","e121ebf8fc113d911694af2ab17c870d25c6ce7abc877042c5d9198b55da726b","exported-root-symbol",
"farm","140","growing","ui/allcrops/Crop_140_2.swf","778d10b08c1aab0d432f1cbf5734cdc0bd71ae9c553412e9819c09ee51864fd4","Crop_140_2","7","7","root-symbol","1","0","1237,-743,2688,1096","73","92","apps/web/public/assets/manor/v7-runtime/crops/140/growing.png","e1d6b8a5c694d753570da9c17d7ce9eccdc3f775c8c2235f9251a7d7879ea1e8","exported-root-symbol",
"farm","140","mature","ui/allcrops/Crop_140_3.swf","2a1c610471b441822fce2bbb8e7999277ed955c416a240105d920e0221835bf5","Crop_140_3","24","24","root-symbol","1","0","479,-1538,3198,1179","136","136","apps/web/public/assets/manor/v7-runtime/crops/140/mature.png","d440c2238aa603b4989982f4d6292d7e97fa1cd0d3662fd33b464f8b5236740a","exported-root-symbol",
"farm","140","withered","ui/allcrops/Crop_140_4.swf","f53e8635e5212186498bfb05ed72032a1f37d84cb97c929fa220916cd9097da1","Crop_140_6","3","3","root-symbol","1","0","683,-33,3219,1096","127","57","apps/web/public/assets/manor/v7-runtime/crops/140/withered.png","06b5785e46cdddf16ea57e4e11f9bac39ec5e95bf99832d0932fd893a1b6e884","exported-root-symbol",
"farm","141","seed","ui/allcrops/Crop_141_Seed.swf","ddb05fa833ce611d9cbe3485133f4fe6247bb089657e03fefd7261ab0a6135ab","Crop_141_Seed","2","2","root-symbol","1","0","-20,-18,1113,1073","57","55","apps/web/public/assets/manor/v7-runtime/crops/141/seed.png","f4ffca251ec6b8c3cd893021e1c89ba3b5dd90b2429e71f29835e174cbc39388","exported-root-symbol",
"farm","141","sprout","ui/allcrops/Crop_141_0.swf","63d405d8292ef311e8b99b6edaa45d604c115ed47c8a8ac98dd89543c7734f5d","Crop_141_0","3","3","root-symbol","1","0","1554,635,2416,1012","44","19","apps/web/public/assets/manor/v7-runtime/crops/141/sprout.png","ee3fbd29458f78864b327efc10b4395f26841a23cbdeff6cd7b6b34f80f36828","exported-root-symbol",
"farm","141","young","ui/allcrops/Crop_141_1.swf","4100f3ce570ef39cf93305dcaf4487bccfd6587615d4ab62a6e6dd13f8557385","Crop_141_1","4","4","root-symbol","1","0","1560,82,2343,988","40","46","apps/web/public/assets/manor/v7-runtime/crops/141/young.png","f6083fdadb495aa34169bc6098e70ac5091b2b31de0e78a1447b50e7f344403b","exported-root-symbol",
"farm","141","growing","ui/allcrops/Crop_141_2.swf","0c80f6ef28d6ba8355400bcfa93736fc7be85306ad90c3358f9d2a5ff80efa7a","Crop_141_2","8","8","root-symbol","1","0","1528,191,2258,1005","37","41","apps/web/public/assets/manor/v7-runtime/crops/141/growing.png","4d53c71d460ceae3f3672cb010e17756bbb2798592efd59cc1355d490e9ce372","exported-root-symbol",
"farm","141","mature","ui/allcrops/Crop_141_3.swf","c6ed3a1fe1f43e3c2492118e24db20bcb95d72b213fb38066e019e005e0e1197","Crop_141_3","26","26","root-symbol","1","0","739,-1210,2840,1181","106","120","apps/web/public/assets/manor/v7-runtime/crops/141/mature.png","dd7a3393e9e76b8b39d1a433b29a674232eca7366a734914a5067bea1b384c8c","exported-root-symbol",
"farm","141","withered","ui/allcrops/Crop_141_4.swf","8163eb09c112f42930aa6541fab328a34f7e7943ebee74ad2da97e13bdd42f9c","Crop_141_6","3","3","root-symbol","1","0","719,-23,3255,1106","127","57","apps/web/public/assets/manor/v7-runtime/crops/141/withered.png","a4f52468845986fa9a05fdeb3fe2433683550bc42b4da4a5b08ba585a58438a9","exported-root-symbol",
"farm","142","seed","ui/allcrops/Crop_142_Seed.swf","389eef1a36dee1bbc982b078699902b562079f338649df33369a85eceffe0b33","Crop_142_Seed","4","4","root-symbol","1","0","104,181,1099,944","50","39","apps/web/public/assets/manor/v7-runtime/crops/142/seed.png","0e421b46b1f9cf07118eb5d5674139a2299896631f352defe0ee6ca7bcc20a93","exported-root-symbol",
"farm","142","sprout","ui/allcrops/Crop_142_0.swf","de3fbe5c62330b9f93fb138f9597b44c4174bb4ab7e7f96a24e490ff77a008f1","Crop_142_0","3","3","root-symbol","1","0","1500,658,2362,1035","44","19","apps/web/public/assets/manor/v7-runtime/crops/142/sprout.png","e713a7abe7b425f4f73c5bf7cd3ea64c1d67847d752b4077868b300dfa1d27c5","exported-root-symbol",
"farm","142","young","ui/allcrops/Crop_142_1.swf","c31d6e35ad2fe41d913a5d52638c2d7031395e05bc3fa361b75e557289502523","Crop_142_1","4","4","root-symbol","1","0","1601,401,2193,1008","30","31","apps/web/public/assets/manor/v7-runtime/crops/142/young.png","3fc061da6615c85a3f2c60f7800d29c4b4f98d4b6594515e404d962a665503c9","exported-root-symbol",
"farm","142","growing","ui/allcrops/Crop_142_2.swf","b33b05d98c4ea584c2920be4f0aa1e1c907cd6afef472c6b1b1e2dc89a2ad29c","Crop_142_2","5","5","root-symbol","1","0","1440,-242,2357,1035","46","64","apps/web/public/assets/manor/v7-runtime/crops/142/growing.png","5eda70362c5a8e0458f8c36f62124ef65c6114c217e357030de0b6019712ea2b","exported-root-symbol",
"farm","142","mature","ui/allcrops/Crop_142_3.swf","a4e83a983675aae2b9d377af58d0a11cc6db48e7160f1b8e267a2a419e879a1e","Crop_142_3","16","16","root-symbol","1","0","605,-1453,3403,1280","140","137","apps/web/public/assets/manor/v7-runtime/crops/142/mature.png","529fb1331357e40f813eb785415b83fba60e1a9608e4e31e4db20872a7ffec76","exported-root-symbol",
"farm","142","withered","ui/allcrops/Crop_142_4.swf","c7e5bf3bc25c858323692fc8f9f3a153ac8539e99eabfc8a2ef925fe5d28ae81","Crop_142_6","3","3","root-symbol","1","0","769,-60,3305,1069","127","57","apps/web/public/assets/manor/v7-runtime/crops/142/withered.png","15a03115f6e4ff1b746be687cdb88104df7c9c52266fd98723ca0f123ceea83c","exported-root-symbol",
"farm","143","seed","ui/allcrops/Crop_143_Seed.swf","77e888dd63ae94ed3ea87da18de6d02d67e9364a2f21541aabb905aeb4440cdd","Crop_143_Seed","10","10","root-symbol","1","0","-13,8,1156,1174","59","59","apps/web/public/assets/manor/v7-runtime/crops/143/seed.png","b266263d8e1672c10b8e8481f3a59f3410d936819b6788a3b7415e64dffcac76","exported-root-symbol",
"farm","143","sprout","ui/allcrops/Crop_143_0.swf","eb8284638339dfc9514d1472eb66baa93b5ff98fb885365ce4deca6108ae7674","Crop_143_0","3","3","root-symbol","1","0","1528,635,2390,1012","44","19","apps/web/public/assets/manor/v7-runtime/crops/143/sprout.png","ec53d94ec65a59f28e32fd033b39a16a4a86cca263035ca62e6f33aa365f6696","exported-root-symbol",
"farm","143","young","ui/allcrops/Crop_143_1.swf","5c553595500f8f7e2e78bb1a64ee71f632d03b5cf6f84d91127764831e3c54ad","Crop_143_1","5","5","root-symbol","1","0","1533,520,2401,1117","44","30","apps/web/public/assets/manor/v7-runtime/crops/143/young.png","3d3d0b419fbf469e6c6e45963794e0d1887cac689f65587fadd4dec2c9ac78ee","exported-root-symbol",
"farm","143","growing","ui/allcrops/Crop_143_2.swf","82ab61bbcba4b04703c55084987b974f9cbab72d61145b855885100894972e53","Crop_143_2","12","12","root-symbol","1","0","1313,-303,2665,1152","68","73","apps/web/public/assets/manor/v7-runtime/crops/143/growing.png","bd95595de21ca0143e2a79578e4345a9ddb566285c9366a370fa595a70829ef5","exported-root-symbol",
"farm","143","mature","ui/allcrops/Crop_143_3.swf","a0704dce32c3a9f7668bb4a5989db0cae1e890cb561eacd74c213e88091cd61f","Crop_143_3","56","56","root-symbol","1","0","763,-1564,3118,1193","118","138","apps/web/public/assets/manor/v7-runtime/crops/143/mature.png","9f1d0a80221110ed45c5bf6478c4c6b03b38170da963eb5c5848757a344e5a2b","exported-root-symbol",
"farm","143","withered","ui/allcrops/Crop_143_4.swf","2c60fee02c24c9b4cbfc09d028ebb89c3c9dc25fc2c75e06692d24d79d41e711","Crop_143_6","3","3","root-symbol","1","0","840,-18,3376,1111","127","57","apps/web/public/assets/manor/v7-runtime/crops/143/withered.png","06b5785e46cdddf16ea57e4e11f9bac39ec5e95bf99832d0932fd893a1b6e884","exported-root-symbol",
"farm","144","seed","ui/allcrops/Crop_144_Seed.swf","53a7531258ec1b6e94e81a254f61b2c4f8371c5cefcc72aa77f949be04e96d85","Crop_144_Seed","6","6","root-symbol","1","0","-12,50,1159,1086","59","52","apps/web/public/assets/manor/v7-runtime/crops/144/seed.png","1d0a49a5a316a7dc3d979de502adc78c531b0dc67ed43ac017c81e831df7362c","exported-root-symbol",
"farm","144","sprout","ui/allcrops/Crop_144_0.swf","284bedb7542fd3f71c74e476ef28801ecb59d91586bfc55b201a94a5ed82d696","Crop_144_0","3","3","root-symbol","1","0","1543,666,2405,1043","44","19","apps/web/public/assets/manor/v7-runtime/crops/144/sprout.png","ebb53666ca1c02a5670f64d486fbe91a4e396e14a3491fcf1b9a58bd93b1a945","exported-root-symbol",
"farm","144","young","ui/allcrops/Crop_144_1.swf","4b66431f80ef1795e065c0606a521450773bf4c159d515864b6d24b5aea3d5b9","Crop_144_1","4","4","root-symbol","1","0","1628,578,2238,1081","31","26","apps/web/public/assets/manor/v7-runtime/crops/144/young.png","845342a9db0190b2ee92300b31a09f9cd9bc762c9d3561ed7143a93fa8af5447","exported-root-symbol",
"farm","144","growing","ui/allcrops/Crop_144_2.swf","0f429037683ea2764555383014020c04627a6dba395f0c143c8fb821cb73dc86","Crop_144_2","7","7","root-symbol","1","0","1262,-285,2713,1028","73","66","apps/web/public/assets/manor/v7-runtime/crops/144/growing.png","02a6d92309d686b4e155a11ec7a5ff6f091cf776723e69229bc0013ca33bcca4","exported-root-symbol",
"farm","144","mature","ui/allcrops/Crop_144_3.swf","c73f8013f93eef4009b3125dd0daeb96b08b63d5863cc16554dd30f4ef837f2b","Crop_144_3","17","17","root-symbol","1","0","551,-1488,3400,1135","143","132","apps/web/public/assets/manor/v7-runtime/crops/144/mature.png","67a5cbfd8fce6b0df1d4cfe146bac398aa9e300e11ab72e384b10e67dac05d58","exported-root-symbol",
"farm","144","withered","ui/allcrops/Crop_144_4.swf","510ce187a12ae3d0e7997d723546753d77209f53f734e1d76bc9f8049af61a2f","Crop_144_6","3","3","root-symbol","1","0","789,-18,3325,1111","127","57","apps/web/public/assets/manor/v7-runtime/crops/144/withered.png","15a03115f6e4ff1b746be687cdb88104df7c9c52266fd98723ca0f123ceea83c","exported-root-symbol",
"farm","169","seed","ui/allcrops/Crop_169_Seed.swf","7ce86c8462c0f9879deb432577fe8eeb67ec4ac31268b3b4e6320ee5eac60d94","Crop_169_Seed","5","5","root-symbol","1","0","-20,-20,1220,1220","62","62","apps/web/public/assets/manor/v7-runtime/crops/169/seed.png","8d13f246cc5b93bb91bc6cc5cdab319664109d3d5ed6b3270ebab986e8be62ec","exported-root-symbol",
"farm","169","sprout","ui/allcrops/Crop_169_0.swf","4874db89e019fbbad6e1785082d72fb9c4640214fb6958ef1d7f352a0e4ab0ff","Crop_169_0","3","3","root-symbol","1","0","1578,669,2440,1046","44","19","apps/web/public/assets/manor/v7-runtime/crops/169/sprout.png","d0f5dad9e4a5a30891f550d9f775270fadc9b3b9c051f3013d9d2ed082d23c3e","exported-root-symbol",
"farm","169","young","ui/allcrops/Crop_169_1.swf","367fe8029203d34b136a045489b81d101a3291ed627645ae640bce00ade91c4b","Crop_169_1","5","5","root-symbol","1","0","1740,454,2237,1012","25","28","apps/web/public/assets/manor/v7-runtime/crops/169/young.png","1ce23be2e7e5d4c410ad4b680db01b6c63e77eeda0c3bb1a9e251585fa550ea7","exported-root-symbol",
"farm","169","growing","ui/allcrops/Crop_169_2.swf","41337f82c10d85c2f5e85f145ec63bb112191d812c5a6f0856ccf467e4ea8dad","Crop_169_2","6","6","root-symbol","1","0","1584,263,2400,1060","41","40","apps/web/public/assets/manor/v7-runtime/crops/169/growing.png","194986749bff7215cc541e520ee33be0326d58f98838f38f1aead93f79588410","exported-root-symbol",
"farm","169","mature","ui/allcrops/Crop_169_3.swf","8653f019fa496cc1bd907a207bf827c78b5026308e8bd649ddf6ca3f9fd22e0a","Crop_169_3","16","16","root-symbol","1","0","536,-401,3304,1535","139","97","apps/web/public/assets/manor/v7-runtime/crops/169/mature.png","b9399c909e61d8e0f5145805d381f76eb8ff12f372771fdb1248c57e69f3b44c","exported-root-symbol",
"farm","169","withered","ui/allcrops/Crop_169_4.swf","6bc9c1db6bddd92f5e7ecd41cb1e2c34a20083ff07cde32e2f056b34b188d9ab","Crop_169_6","3","3","root-symbol","1","0","608,-113,3144,1016","127","57","apps/web/public/assets/manor/v7-runtime/crops/169/withered.png","06b5785e46cdddf16ea57e4e11f9bac39ec5e95bf99832d0932fd893a1b6e884","exported-root-symbol",
"farm","170","seed","ui/allcrops/Crop_170_Seed.swf","6e7f9e42b46129fe73dda6677f5fc307b49757f995182ba689c1e094046ab482","Crop_170_Seed","5","5","root-symbol","1","0","-20,-20,1220,1220","62","62","apps/web/public/assets/manor/v7-runtime/crops/170/seed.png","51026ad7a34673abcfed8bd4affd656b5529210eea56aca6df3c2f526f977631","exported-root-symbol",
"farm","170","sprout","ui/allcrops/Crop_170_0.swf","b5a5857d7992cb890f084a7fcaaad833e3282620099d10209726b187d1a1ca63","Crop_170_0","3","3","root-symbol","1","0","1559,665,2421,1042","44","19","apps/web/public/assets/manor/v7-runtime/crops/170/sprout.png","d0f5dad9e4a5a30891f550d9f775270fadc9b3b9c051f3013d9d2ed082d23c3e","exported-root-symbol",
"farm","170","young","ui/allcrops/Crop_170_1.swf","541b2d36191ea15cd296fab76a130129a2c237cab04edc19995a696fc1593eb3","Crop_170_1","5","5","root-symbol","1","0","1680,421,2177,979","25","28","apps/web/public/assets/manor/v7-runtime/crops/170/young.png","09b7168eadda0d01a1b5be956aef49eb7da3dc670b516dcd56d0fb7b576f632b","exported-root-symbol",
"farm","170","growing","ui/allcrops/Crop_170_2.swf","172dc37690d30a7f73a86b6988490a14cfde483f3e35dcbbe52160540b58ef47","Crop_170_2","6","6","root-symbol","1","0","1540,261,2356,1058","41","40","apps/web/public/assets/manor/v7-runtime/crops/170/growing.png","db223f6e459ca9e4f77f7d96d3ca4032df1a5debe08b895a1782f2ab9571c4d5","exported-root-symbol",
"farm","170","mature","ui/allcrops/Crop_170_3.swf","1352e94dcd38bf5774f6163fd960bf0da27f2df30eda8cc58ab76e1edb8dd273","Crop_170_3","16","16","root-symbol","1","0","535,-315,3324,1595","140","96","apps/web/public/assets/manor/v7-runtime/crops/170/mature.png","a768928bdc1b87e672d6048e03cec9b3411002e1e18a5cd2ea581622508c6a77","exported-root-symbol",
"farm","170","withered","ui/allcrops/Crop_170_4.swf","ba9300e4ce9f5887bf870b8e36f3467a99f985e622f59b0f45a5991a0daddc57","Crop_170_6","3","3","root-symbol","1","0","723,-50,3259,1079","127","57","apps/web/public/assets/manor/v7-runtime/crops/170/withered.png","06b5785e46cdddf16ea57e4e11f9bac39ec5e95bf99832d0932fd893a1b6e884","exported-root-symbol",
"farm","171","seed","ui/allcrops/Crop_171_Seed.swf","8719df1e4447de04bcd2bc6edf37b8a3e235f6e9801097691bd9e888820eb94a","Crop_171_Seed","5","5","root-symbol","1","0","-20,-20,1220,1220","62","62","apps/web/public/assets/manor/v7-runtime/crops/171/seed.png","e9055809a7e6db042f2eee4d4b6df98fb2e93c71b08bcacaacc1f93bf8583ebb","exported-root-symbol",
"farm","171","sprout","ui/allcrops/Crop_171_0.swf","ff45fb339ea099f29d9eb4d102445d5011966fbc23ee2eb9f1743c9b8f59bee9","Crop_171_0","3","3","root-symbol","1","0","1597,643,2459,1020","44","19","apps/web/public/assets/manor/v7-runtime/crops/171/sprout.png","d0f5dad9e4a5a30891f550d9f775270fadc9b3b9c051f3013d9d2ed082d23c3e","exported-root-symbol",
"farm","171","young","ui/allcrops/Crop_171_1.swf","6f589a1c0fc17e6ecc29c3e420e0302badb73ded3a8c51a0b51d22c38ea9553f","Crop_171_1","5","5","root-symbol","1","0","1725,388,2222,946","25","28","apps/web/public/assets/manor/v7-runtime/crops/171/young.png","b02fde436fb62e4f08ef4841c8a2d5c9a6bfdb098da45c13948f0ea855122186","exported-root-symbol",
"farm","171","growing","ui/allcrops/Crop_171_2.swf","4d361fe10bb261fadf34e3adb5283f03b8b86a81346577e69c42d83a76d29ac3","Crop_171_2","6","6","root-symbol","1","0","1567,223,2383,1020","41","40","apps/web/public/assets/manor/v7-runtime/crops/171/growing.png","93453063f225f2eeb5b6f600eb8a8c6fa5e63b23c76c25c7956088c0f87f7374","exported-root-symbol",
"farm","171","mature","ui/allcrops/Crop_171_3.swf","ef95c1df36ea922e14af5ec955f2304f61ce0879198394bc35ce6f8b41182749","Crop_171_3","16","16","root-symbol","1","0","543,-349,3345,1558","141","96","apps/web/public/assets/manor/v7-runtime/crops/171/mature.png","41917c9135224ef30005891c9da2547e8a0c2e0467203a0291f18e4243971fdb","exported-root-symbol",
"farm","171","withered","ui/allcrops/Crop_171_4.swf","4841c47024f24a5314dc1b3abea1018038175e771a1afc9fdebe5473f843a1c0","Crop_171_6","3","3","root-symbol","1","0","704,-83,3240,1046","127","57","apps/web/public/assets/manor/v7-runtime/crops/171/withered.png","06b5785e46cdddf16ea57e4e11f9bac39ec5e95bf99832d0932fd893a1b6e884","exported-root-symbol",
"farm","172","seed","ui/allcrops/Crop_172_Seed.swf","b2a105c8c831753c32b8c8a7c333596c47b08dd75641087139f5bbfb5338ddb7","Crop_172_Seed","4","4","root-symbol","1","0","-28,-23,1221,1221","63","63","apps/web/public/assets/manor/v7-runtime/crops/172/seed.png","9ed6572fff245942405d34913721aff885798bd4d91926a84b6ca86f8608aa7f","exported-root-symbol",
"farm","172","sprout","ui/allcrops/Crop_172_0.swf","2a5355343e4f78cea6d762a528831ecac74b7cb00194c2b5c3cf6a9e27e61616","Crop_172_0","3","3","root-symbol","1","0","1522,649,2384,1026","44","19","apps/web/public/assets/manor/v7-runtime/crops/172/sprout.png","d0f5dad9e4a5a30891f550d9f775270fadc9b3b9c051f3013d9d2ed082d23c3e","exported-root-symbol",
"farm","172","young","ui/allcrops/Crop_172_1.swf","e2a5b424fe5e2b2bbc0366a0f01cf57cb3993f920194179cf170957c9c2ade94","Crop_172_1","4","4","root-symbol","1","0","1560,312,2308,1027","38","36","apps/web/public/assets/manor/v7-runtime/crops/172/young.png","a059ec219d8d890e24dd44ff22952245e287e6013050b5325c819378b9a50dc5","exported-root-symbol",
"farm","172","growing","ui/allcrops/Crop_172_2.swf","5895d0a712e823c802eab0f16907e47fc9f917bafbe2acb5260563b65e9e1582","Crop_172_2","6","6","root-symbol","1","0","1200,-180,2700,1136","75","66","apps/web/public/assets/manor/v7-runtime/crops/172/growing.png","d131a117f5ff4a20a902f84671588c920c68900491df1701e58d0b736e9a1e8c","exported-root-symbol",
"farm","172","mature","ui/allcrops/Crop_172_3.swf","123480d0b8ae3d6ccaa3769dc7faa19c97e105bba25db68d257d19f160a3d932","Crop_172_3","11","11","root-symbol","1","0","537,-1103,3291,1271","138","119","apps/web/public/assets/manor/v7-runtime/crops/172/mature.png","d92bb338913f8a693b782ff9798717d567833106527f1ef017a28e1294b8fa3b","exported-root-symbol",
"farm","172","withered","ui/allcrops/Crop_172_4.swf","d6b7839b24192b1f60c6d69d1b8f62c01d0e05caec7893a13359d57fc3582b80","Crop_172_6","3","3","root-symbol","1","0","711,-60,3247,1069","127","57","apps/web/public/assets/manor/v7-runtime/crops/172/withered.png","06b5785e46cdddf16ea57e4e11f9bac39ec5e95bf99832d0932fd893a1b6e884","exported-root-symbol",
"farm","173","seed","ui/allcrops/Crop_173_Seed.swf","b7bd669a74966641d2dc6017387535433c7b0d64322359e11202214757463599","Crop_173_Seed","5","5","root-symbol","1","0","23,23,1246,1267","62","63","apps/web/public/assets/manor/v7-runtime/crops/173/seed.png","cdeeb3a5472d937ab899f705b36c82e62d5ea4379bb16e20af12b3c12e45c8f7","exported-root-symbol",
"farm","173","sprout","ui/allcrops/Crop_173_0.swf","493077e3783ccd908d38618fec75ec8610584d672b08eefc36eade1126a7e112","Crop_173_0","3","3","root-symbol","1","0","1531,649,2393,1026","44","19","apps/web/public/assets/manor/v7-runtime/crops/173/sprout.png","d0f5dad9e4a5a30891f550d9f775270fadc9b3b9c051f3013d9d2ed082d23c3e","exported-root-symbol",
"farm","173","young","ui/allcrops/Crop_173_1.swf","4fa61deac45f5f9d500df01fe4ea1fdc7b7a794e477efd126d770c7fac020586","Crop_173_1","6","6","root-symbol","1","0","1692,468,2176,984","25","26","apps/web/public/assets/manor/v7-runtime/crops/173/young.png","ed3e33c7ab07db81fab99a4e99dd653ebb5fe6014ad40d15aa60b7f8e002a8a3","exported-root-symbol",
"farm","173","growing","ui/allcrops/Crop_173_2.swf","a4f2f3c04f3b959b4966ced02080e13da321514ede15e74283db57ce34977067","Crop_173_2","8","8","root-symbol","1","0","1519,-47,2308,1022","40","54","apps/web/public/assets/manor/v7-runtime/crops/173/growing.png","0768e73af0da012f545e7376af42cf4ec98c8fe3875efeacde2990e3bcaeb262","exported-root-symbol",
"farm","173","mature","ui/allcrops/Crop_173_3.swf","202d7eec1bbbe5b8ffc6877a7b802434dcc722dbc7d80ea259db537d6c0c3ba1","Crop_173_3","16","16","root-symbol","1","0","791,-1376,2986,1171","110","128","apps/web/public/assets/manor/v7-runtime/crops/173/mature.png","a109d98b57a942708ef73e17d6c4d6418af00291973597052174b4f73dd33987","exported-root-symbol",
"farm","173","withered","ui/allcrops/Crop_173_4.swf","8aad292d51dde817b1a8d8e75e1494764e8d1566d8edf5e9c136dc471f222361","Crop_173_6","3","3","root-symbol","1","0","720,-59,3256,1070","127","57","apps/web/public/assets/manor/v7-runtime/crops/173/withered.png","06b5785e46cdddf16ea57e4e11f9bac39ec5e95bf99832d0932fd893a1b6e884","exported-root-symbol",
"farm","175","seed","ui/allcrops/Crop_175_Seed.swf","baaa25b615c855ac469e8c4df147e2c30205a6f2ceedeb75f6171cb4c9da9fc5","Crop_175_Seed","6","6","root-symbol","1","0","-20,-7,1184,1114","61","57","apps/web/public/assets/manor/v7-runtime/crops/175/seed.png","88bbb986df3dce9ffc0ad0f7246a37d0724f99aede2ec635e070fc80c745f6f5","exported-root-symbol",
"farm","175","sprout","ui/allcrops/Crop_175_0.swf","5ad68179f04f162369692cf3bf925969c6fa9fcaf0868ceb7694873181c3f4ea","Crop_175_0","3","3","root-symbol","1","0","1526,657,2388,1034","44","19","apps/web/public/assets/manor/v7-runtime/crops/175/sprout.png","6dd6d07cf5ecb9f23378888880bfe2191835416dc430b9488f2efee9d77b6606","exported-root-symbol",
"farm","175","young","ui/allcrops/Crop_175_1.swf","429f6e147a76ddda9ed5271ddaf8eca9f45eda910e1382e086a9d30933f77159","Crop_175_1","8","8","root-symbol","1","0","1555,445,2231,975","34","27","apps/web/public/assets/manor/v7-runtime/crops/175/young.png","da8ef6246d55d8419cf0471286b1d6c4073f7f622897550f2598eef5405cad9e","exported-root-symbol",
"farm","175","growing","ui/allcrops/Crop_175_2.swf","9cf37f5fb9e4f27b61050f846d452aa72fc7c3e41232cbd82ee5dcf2f9b4b9a7","Crop_175_2","8","8","root-symbol","1","0","1379,24,2374,1014","50","50","apps/web/public/assets/manor/v7-runtime/crops/175/growing.png","cfd665090772610bace6246711b9fe3a991e4363012016f18212ecd8044da9b7","exported-root-symbol",
"farm","175","mature","ui/allcrops/Crop_175_3.swf","f58412c3fb93e2d7020a668c9e74f5d7e3165cb41842a196f5f66e1151f1e465","Crop_175_3","16","16","root-symbol","1","0","686,-1379,3182,1167","125","128","apps/web/public/assets/manor/v7-runtime/crops/175/mature.png","c895c5a263a52dcef6e9765e5e28de3aa65699a6f8b3aba9335fda04923ee869","exported-root-symbol",
"farm","175","withered","ui/allcrops/Crop_175_4.swf","2a335b6df91e2d2eba80798fd27beb995f134801d2d22ade308a9694c248e4de","Crop_175_6","3","3","root-symbol","1","0","785,-43,3321,1086","127","57","apps/web/public/assets/manor/v7-runtime/crops/175/withered.png","06b5785e46cdddf16ea57e4e11f9bac39ec5e95bf99832d0932fd893a1b6e884","exported-root-symbol",
"farm","177","seed","ui/allcrops/Crop_177_Seed.swf","cc1048f13988d11642157a640728fccb06da29d5448824a2f66b0f2e33381ea3","Crop_177_Seed","5","5","root-symbol","1","0","5,5,1210,1123","61","56","apps/web/public/assets/manor/v7-runtime/crops/177/seed.png","80918d71488edacbe88e387c3158c07f20867df7ca0bf7679c68cb3e29688b43","exported-root-symbol",
"farm","177","sprout","ui/allcrops/Crop_177_0.swf","f0157d14eab7ccd8c595beee9bc74b3f585d6915d557cb67852ed770e34165fb","Crop_177_0","3","3","root-symbol","1","0","1527,678,2389,1055","44","19","apps/web/public/assets/manor/v7-runtime/crops/177/sprout.png","ebb53666ca1c02a5670f64d486fbe91a4e396e14a3491fcf1b9a58bd93b1a945","exported-root-symbol",
"farm","177","young","ui/allcrops/Crop_177_1.swf","e50ad3def1365fc8f4f85037eb0cfc7dab93620c3f86fbbebf05b8687cc89a66","Crop_177_1","6","6","root-symbol","1","0","1563,391,2279,1006","36","31","apps/web/public/assets/manor/v7-runtime/crops/177/young.png","50f9e700097a695fa57a0e66121b37429a3a2cb22c456aeff3a16aaaf11610ef","exported-root-symbol",
"farm","177","growing","ui/allcrops/Crop_177_2.swf","cd21cb70244a7636f8699eea6b27566e9855397c826df176aaf6382f201ce4e5","Crop_177_2","8","8","root-symbol","1","0","1506,152,2427,1055","47","46","apps/web/public/assets/manor/v7-runtime/crops/177/growing.png","e1239546e919afc00d970ff20a2be0f80c51a4e4a301033dae87c2d0a4613d94","exported-root-symbol",
"farm","177","mature","ui/allcrops/Crop_177_3.swf","960305929c98394f5b5de488ebb314918e2bad99bc7c6162dc7180398248146b","Crop_177_3","40","40","root-symbol","1","0","766,-1409,3156,1331","120","137","apps/web/public/assets/manor/v7-runtime/crops/177/mature.png","833ead6ab0db8ff971f283a17a1a3be28ba1d94700ba926bae88e22bdaa3ee03","exported-root-symbol",
"farm","177","withered","ui/allcrops/Crop_177_4.swf","7619f6498ca87a144c6a866f7e2c54cce99f28bf13c70750f5c30e8962aaa77b","Crop_177_6","3","3","root-symbol","1","0","769,-28,3305,1101","127","57","apps/web/public/assets/manor/v7-runtime/crops/177/withered.png","15a03115f6e4ff1b746be687cdb88104df7c9c52266fd98723ca0f123ceea83c","exported-root-symbol",
"farm","178","seed","ui/allcrops/Crop_178_Seed.swf","e37221c768819c841e85f0d2f6352a12e8acc07e32dfe3feaaf75ae7fbfc91cd","Crop_178_Seed","11","11","root-symbol","1","0","0,-38,1128,1073","57","56","apps/web/public/assets/manor/v7-runtime/crops/178/seed.png","15c73f225f9c7e650baaf66d74313bef553afbb555b6c0fdadd079aa02035051","exported-root-symbol",
"farm","178","sprout","ui/allcrops/Crop_178_0.swf","978248a5721c723459576ac6de54f74813b8e25785bdb10ea0f9ee5948edec28","Crop_178_0","3","3","root-symbol","1","0","1518,655,2380,1032","44","19","apps/web/public/assets/manor/v7-runtime/crops/178/sprout.png","12691290202b3d3f97ab24fbf53c06512317cc8f5699be1953ddeba77aa530d6","exported-root-symbol",
"farm","178","young","ui/allcrops/Crop_178_1.swf","f04a31eb6731b2171fbd1f85287b194e8f2a028185b66712ad2c09024d05c2e2","Crop_178_1","7","7","root-symbol","1","0","1589,485,2323,979","37","25","apps/web/public/assets/manor/v7-runtime/crops/178/young.png","770b467ea9dc4efad6c776eac73053a7549221912525dd357ea812fc95a7b182","exported-root-symbol",
"farm","178","growing","ui/allcrops/Crop_178_2.swf","cf395973ddc56575f49d5ae63c32e851063ad9c1bec28ef72c89dc9c9b602c18","Crop_178_2","9","9","root-symbol","1","0","1306,-51,2642,1090","67","58","apps/web/public/assets/manor/v7-runtime/crops/178/growing.png","c72091401392dc722a98ee0cafcbc9910c6de74347f17013a9ba7f3cc7d9b8d5","exported-root-symbol",
"farm","178","mature","ui/allcrops/Crop_178_3.swf","58e0ed6b96283c30212357de3d2b8cc296857ab8d85e84cf1d41e7b4d4a2f44a","Crop_178_3","25","25","root-symbol","1","0","505,-1422,3252,1233","138","133","apps/web/public/assets/manor/v7-runtime/crops/178/mature.png","02a1315a94b229160bef9b14b6f568d0cd4d85f05fdc8337e513c5ef857589ee","exported-root-symbol",
"farm","178","withered","ui/allcrops/Crop_178_4.swf","8b62cfae2412ffb5358eaee63318933b0f47b825b4f5bd1932387cb5151a42f4","Crop_178_6","3","3","root-symbol","1","0","807,-59,3343,1070","127","57","apps/web/public/assets/manor/v7-runtime/crops/178/withered.png","a4f52468845986fa9a05fdeb3fe2433683550bc42b4da4a5b08ba585a58438a9","exported-root-symbol",
"farm","181","seed","ui/allcrops/Crop_181_Seed.swf","ceb782e4bd763a0d677b7f29754add5791bf3cc53e5fd352122003d2713064a4","Crop_181_Seed","25","25","root-symbol","1","0","36,-47,1179,1080","58","57","apps/web/public/assets/manor/v7-runtime/crops/181/seed.png","207daa87fa1c2fc179a3d80e8644ad2739bd0d2de1fb14c6f9236a543789d1a4","exported-root-symbol",
"farm","181","sprout","ui/allcrops/Crop_181_0.swf","89e68779f3807162e3de4af6b0175ca0da371785704f4cbe94c29f3f526c8cda","Crop_181_0","3","3","root-symbol","1","0","1518,655,2380,1032","44","19","apps/web/public/assets/manor/v7-runtime/crops/181/sprout.png","12691290202b3d3f97ab24fbf53c06512317cc8f5699be1953ddeba77aa530d6","exported-root-symbol",
"farm","181","young","ui/allcrops/Crop_181_1.swf","926e804d2517ca801d690c2b8b55183601644427e472faa8884b036fbead1aad","Crop_181_1","10","10","root-symbol","1","0","1526,364,2351,1029","42","34","apps/web/public/assets/manor/v7-runtime/crops/181/young.png","395b1f9ce68feaf1575210472cb8e3c05f012e72faa22e41e67ec22177c1c3bd","exported-root-symbol",
"farm","181","growing","ui/allcrops/Crop_181_2.swf","a8757f079110586daa9e306f0f0c100a8b6ff163b207cd3e2d2a0e475e6d11a9","Crop_181_2","14","14","root-symbol","1","0","1285,-390,2566,1110","65","75","apps/web/public/assets/manor/v7-runtime/crops/181/growing.png","b411d7a9e1ca8abc6743a84ef3aedfd30354db9371d51546b4935acdf6d6a723","exported-root-symbol",
"farm","181","mature","ui/allcrops/Crop_181_3.swf","82d97eb75a418b182c561a7340fb4b56644393c774c34e501696e5ad51b725ab","Crop_181_3","55","55","root-symbol","1","0","957,-1872,3135,1204","109","154","apps/web/public/assets/manor/v7-runtime/crops/181/mature.png","52ffe1540480b3920b126de418943b4fc7de59109afeda28f432069fefd1af9a","exported-root-symbol",
"farm","181","withered","ui/allcrops/Crop_181_4.swf","358d29b3158f0991864cf7327d5df89e06782d1fc858e8550a8ca8e63ab4eaee","Crop_181_6","3","3","root-symbol","1","0","807,-59,3343,1070","127","57","apps/web/public/assets/manor/v7-runtime/crops/181/withered.png","a4f52468845986fa9a05fdeb3fe2433683550bc42b4da4a5b08ba585a58438a9","exported-root-symbol",
"farm","186","seed","ui/allcrops/Crop_186_Seed.swf","8bbadc4781d20a4f4e685e143aef08746c37857441d0e408d296be591b3c62f7","Crop_186_Seed","6","6","root-symbol","1","0","1,33,984,1183","50","58","apps/web/public/assets/manor/v7-runtime/crops/186/seed.png","ed21c2ddb69018a62e6f971063a75809cd057cb99ecb8081258aad156361c530","exported-root-symbol",
"farm","186","sprout","ui/allcrops/Crop_186_0.swf","3e834e9a60d8db61ec3b7b5b6943640413ff9e83952c83b89c40819c5ed63cb6","Crop_186_0","3","3","root-symbol","1","0","1500,670,2362,1047","44","19","apps/web/public/assets/manor/v7-runtime/crops/186/sprout.png","6dd6d07cf5ecb9f23378888880bfe2191835416dc430b9488f2efee9d77b6606","exported-root-symbol",
"farm","186","young","ui/allcrops/Crop_186_1.swf","6547f15f8594bbadaa68a17eb062c3c7ece235850bd0bcac03a2ea536e10b0fc","Crop_186_1","6","6","root-symbol","1","0","1572,570,2113,999","28","22","apps/web/public/assets/manor/v7-runtime/crops/186/young.png","b2cfdd6bc613e1803193eccab5a0c9b1ba9a7925a2d8c34a5a71e0bdea4bb507","exported-root-symbol",
"farm","186","growing","ui/allcrops/Crop_186_2.swf","425e8fff0a187bedd2612f02c7ba27a3a9bba416dcde7e4f04f39063d47a1f40","Crop_186_2","7","7","root-symbol","1","0","1384,17,2359,1061","49","53","apps/web/public/assets/manor/v7-runtime/crops/186/growing.png","ab0059829175d3f85e35d8b59650988b7841bc6acb3317970b67af74c311d9f7","exported-root-symbol",
"farm","186","mature","ui/allcrops/Crop_186_3.swf","0ac5b33ae80cc03826737a4267e40f3742d7f9a34a81ca55b31a8473bd1ec88a","Crop_186_3","13","13","root-symbol","1","0","582,-1456,3152,1182","129","132","apps/web/public/assets/manor/v7-runtime/crops/186/mature.png","2ced4b3b5848c1e3967c9e2a64ea95d5689aaabd729a2e32812f91996be9ae81","exported-root-symbol",
"farm","186","withered","ui/allcrops/Crop_186_4.swf","a5360244b52ee3f7f1d064a30850c8e50f39086b320cf892ad3753e9d1ee2f68","Crop_186_6","3","3","root-symbol","1","0","755,-51,3291,1078","127","57","apps/web/public/assets/manor/v7-runtime/crops/186/withered.png","06b5785e46cdddf16ea57e4e11f9bac39ec5e95bf99832d0932fd893a1b6e884","exported-root-symbol",
"farm","187","seed","ui/allcrops/Crop_187_Seed.swf","28fb8bf8e261c000f21d930752ea8c69f181fb067e045838e4586a6640cf0cbd","Crop_187_Seed","6","6","root-symbol","1","0","-1,32,1185,1087","60","53","apps/web/public/assets/manor/v7-runtime/crops/187/seed.png","edcbe2d2a976fab8a93eafdb13c881e093ee3421173d45996c5084b9373f0b78","exported-root-symbol",
"farm","187","sprout","ui/allcrops/Crop_187_0.swf","c48515825a8286d5e75aa1ab45952abda76469c6d7b9ffc38423ffdbcc64439d","Crop_187_0","3","3","root-symbol","1","0","1513,681,2375,1058","44","19","apps/web/public/assets/manor/v7-runtime/crops/187/sprout.png","6dd6d07cf5ecb9f23378888880bfe2191835416dc430b9488f2efee9d77b6606","exported-root-symbol",
"farm","187","young","ui/allcrops/Crop_187_1.swf","8317070185b060804201e3c1273d7c418c5fc8506936bf0cf6d68f9259677157","Crop_187_1","4","4","root-symbol","1","0","1641,199,2187,993","28","40","apps/web/public/assets/manor/v7-runtime/crops/187/young.png","d569bcc1a5c2e1585e925d8e370a345e1a92bd06acde03178dd07b0b2824db03","exported-root-symbol",
"farm","187","growing","ui/allcrops/Crop_187_2.swf","79a392f3ac25e9a966dca9d14c42df5bd8665991ca23547db7bb429e75aa877b","Crop_187_2","5","5","root-symbol","1","0","1471,-29,2288,1026","41","53","apps/web/public/assets/manor/v7-runtime/crops/187/growing.png","dc1ff08a6f833a9793d8dd0643f101bab4f02a3d0b27f3c5dce3851f354e39e5","exported-root-symbol",
"farm","187","mature","ui/allcrops/Crop_187_3.swf","89852cd576d9c8c403946ca3c38eef6fcd83e9ced22a671fcddc458a5c6bc8c6","Crop_187_3","19","19","root-symbol","1","0","859,-1504,3058,1148","110","133","apps/web/public/assets/manor/v7-runtime/crops/187/mature.png","b532e0e528370875e85986308d23daeb030eabc4869ed1243aa951ffda8c4e1d","exported-root-symbol",
"farm","187","withered","ui/allcrops/Crop_187_4.swf","dff1efee78eacb3506ea325d45335e42fcb08ae91944e2fe90bcbb11b651b7e7","Crop_187_6","3","3","root-symbol","1","0","792,-38,3328,1091","127","57","apps/web/public/assets/manor/v7-runtime/crops/187/withered.png","06b5785e46cdddf16ea57e4e11f9bac39ec5e95bf99832d0932fd893a1b6e884","exported-root-symbol",
"farm","191","seed","ui/allcrops/Crop_191_Seed.swf","02c665c45312aba8abffa066650dc87384771a4e36b6ba29ac0ee41baeca0834","Crop_191_Seed","6","6","root-symbol","1","0","84,-10,1163,1071","54","55","apps/web/public/assets/manor/v7-runtime/crops/191/seed.png","ba521eb1ce09d9b413cc988d008386456586a2454b3a4cc7c5645e626dabb174","exported-root-symbol",
"farm","191","sprout","ui/allcrops/Crop_191_0.swf","02826ee98d92dbc7fa54b6bb842f0dba624ea1872dfd2123faea87b3b1b8918d","Crop_191_0","3","3","root-symbol","1","0","1518,655,2380,1032","44","19","apps/web/public/assets/manor/v7-runtime/crops/191/sprout.png","12691290202b3d3f97ab24fbf53c06512317cc8f5699be1953ddeba77aa530d6","exported-root-symbol",
"farm","191","young","ui/allcrops/Crop_191_1.swf","41e00d777a7e1a05523d3275ee71436bb474449e98b70313129c98c7172fbfe7","Crop_191_1","7","7","root-symbol","1","0","1696,409,2228,1034","27","32","apps/web/public/assets/manor/v7-runtime/crops/191/young.png","9da42258069a15e6f52032470aa5adda4361d1795ebc4e7679f4d4c5fe0b3e5f","exported-root-symbol",
"farm","191","growing","ui/allcrops/Crop_191_2.swf","8859285da96f75e7e23de7a9c48086dd1d8126b1f6723183eec4b2aac2e187d9","Crop_191_2","11","11","root-symbol","1","0","1519,-73,2420,1046","46","56","apps/web/public/assets/manor/v7-runtime/crops/191/growing.png","a5f983f892f40ed95057c452f9e778216f602e22a770a2d1cfd3baa055cf70bc","exported-root-symbol",
"farm","191","mature","ui/allcrops/Crop_191_3.swf","34b5a177aa4cb08b744bcd1e03aff98190bf0b011a6ad8a43a51effa60ad94dc","Crop_191_3","28","28","root-symbol","1","0","898,-1642,3316,1312","121","148","apps/web/public/assets/manor/v7-runtime/crops/191/mature.png","beb463bb8b90abe02910fee9acbba208180d759aebb61955995d159130069729","exported-root-symbol",
"farm","191","withered","ui/allcrops/Crop_191_4.swf","b5347e6a596f99a4f75b69a9656343891a04fc3007a5409ceb9455e734c4deb8","Crop_191_6","3","3","root-symbol","1","0","807,-59,3343,1070","127","57","apps/web/public/assets/manor/v7-runtime/crops/191/withered.png","a4f52468845986fa9a05fdeb3fe2433683550bc42b4da4a5b08ba585a58438a9","exported-root-symbol",
"farm","194","seed","ui/allcrops/Crop_194_Seed.swf","a66c2c2cbe71ca0f53a6af70743c2016054ded16b2fd3ec0daaf45722642884f","Crop_194_Seed","6","6","root-symbol","1","0","5,-20,1236,1175","62","60","apps/web/public/assets/manor/v7-runtime/crops/194/seed.png","4c9ac0635afd44dee2ea5762a5ecb41ee3eacf8bad090c9c8a13090d743f6c59","exported-root-symbol",
"farm","194","sprout","ui/allcrops/Crop_194_0.swf","e2f0f67ab12d63e55335e510776310cc80a408aab280c9315e10c1438e9344c6","Crop_194_0","3","3","root-symbol","1","0","1518,655,2380,1032","44","19","apps/web/public/assets/manor/v7-runtime/crops/194/sprout.png","ebb53666ca1c02a5670f64d486fbe91a4e396e14a3491fcf1b9a58bd93b1a945","exported-root-symbol",
"farm","194","young","ui/allcrops/Crop_194_1.swf","b1d243006040f03f8238d63785c36e0b60acc5955152849dbb0162b15a65c550","Crop_194_1","4","4","root-symbol","1","0","1601,196,2205,991","31","40","apps/web/public/assets/manor/v7-runtime/crops/194/young.png","bc8be4604a45bdba6e35c2eca20e03fbead101c4b1c74cbbd969c8f8543984b6","exported-root-symbol",
"farm","194","growing","ui/allcrops/Crop_194_2.swf","b66830cbea150ecf1afdeb1b06b9610d747f87ddc4c312cb7d52dce13727e68c","Crop_194_2","5","5","root-symbol","1","0","1353,-268,2502,1036","58","66","apps/web/public/assets/manor/v7-runtime/crops/194/growing.png","ba56305610cf547a95ba7eac8978c161809d57b665591520bea47eaef2604f82","exported-root-symbol",
"farm","194","mature","ui/allcrops/Crop_194_3.swf","1049347188b66515f8114d46d3b134f061a1b4eccff78b26229f6aeac028b00f","Crop_194_3","19","19","root-symbol","1","0","812,-1543,2993,1406","110","148","apps/web/public/assets/manor/v7-runtime/crops/194/mature.png","7572b63e52d439be3e3b0ce437ffa7f164bb7f8b90d894a2d96a299153431827","exported-root-symbol",
"farm","194","withered","ui/allcrops/Crop_194_4.swf","bd4ff8efe9f792f8d2f45bbb0411deed25c3bfb24704b08cecf8d350db167e82","Crop_194_6","3","3","root-symbol","1","0","807,-59,3343,1070","127","57","apps/web/public/assets/manor/v7-runtime/crops/194/withered.png","a4f52468845986fa9a05fdeb3fe2433683550bc42b4da4a5b08ba585a58438a9","exported-root-symbol",
"farm","195","seed","ui/allcrops/Crop_195_Seed.swf","ab8ca90330a4e1c2851a20cf5653a02def58f86fe8549f53464e468fb41ffdad","Crop_195_Seed","4","4","root-symbol","1","0","72,-44,1213,1003","58","53","apps/web/public/assets/manor/v7-runtime/crops/195/seed.png","e07799aa6909f7fae8ee6cd48aa6520e3e95a997d6ea2f6e4012471972f0bb06","exported-root-symbol",
"farm","195","sprout","ui/allcrops/Crop_195_0.swf","626e388a9af77dccd65cfc2c95cb89f45be155793c0e576b1e53e5a0eb35efa0","Crop_195_0","3","3","root-symbol","1","0","1518,655,2380,1032","44","19","apps/web/public/assets/manor/v7-runtime/crops/195/sprout.png","12691290202b3d3f97ab24fbf53c06512317cc8f5699be1953ddeba77aa530d6","exported-root-symbol",
"farm","195","young","ui/allcrops/Crop_195_1.swf","f26e63846c5e72a5eedb63e1c4b73baacc51c44f172b5e6daffbda15ef46667d","Crop_195_1","4","4","root-symbol","1","0","1637,392,2314,969","34","29","apps/web/public/assets/manor/v7-runtime/crops/195/young.png","89a3c59a649298c535523194ecac1e663eb76de6637dafd87ddc9bbe6e52e793","exported-root-symbol",
"farm","195","growing","ui/allcrops/Crop_195_2.swf","915d36316d92bcefade3a7425d3ff2c7ffac707865c271827ae97088c2f2c022","Crop_195_2","6","6","root-symbol","1","0","1371,-301,2502,1089","57","70","apps/web/public/assets/manor/v7-runtime/crops/195/growing.png","759058bb92a96c5b643a1b22802ee41d2445720ebf5eff30be384209fbc4e6bb","exported-root-symbol",
"farm","195","mature","ui/allcrops/Crop_195_3.swf","7bfc263bd804981cdd64f11c83f75a68ddc7ae6a1edda347b03a5e9cef61bd0d","Crop_195_3","20","20","root-symbol","1","0","759,-1461,3237,1342","124","141","apps/web/public/assets/manor/v7-runtime/crops/195/mature.png","65e0cd0b16bc5c9e32cd46c41f6d22bc9a3e0e1b136be669496dc0e7083f0a38","exported-root-symbol",
"farm","195","withered","ui/allcrops/Crop_195_4.swf","6a5d396cd16a6bd60d4d82797e23c6f1ded1e949763ec5cb32b1907bdffef270","Crop_195_6","3","3","root-symbol","1","0","807,-59,3343,1070","127","57","apps/web/public/assets/manor/v7-runtime/crops/195/withered.png","a4f52468845986fa9a05fdeb3fe2433683550bc42b4da4a5b08ba585a58438a9","exported-root-symbol",
"farm","197","seed","ui/allcrops/Crop_197_Seed.swf","4a269e3f2496226e4c21883a30a862dcd08940d4c6e237e87907d360345de85b","Crop_197_Seed","7","7","root-symbol","1","0","13,13,1211,1127","60","56","apps/web/public/assets/manor/v7-runtime/crops/197/seed.png","4ba2c2862d1e74487ced6a764578fca0d739783f8a91e92372e9b6856f9135da","exported-root-symbol",
"farm","197","sprout","ui/allcrops/Crop_197_0.swf","511193a49d444d0fa9913cc06c2475ea6aaa8ea966454359bd9b39a44e4d688c","Crop_197_0","3","3","root-symbol","1","0","1518,655,2380,1032","44","19","apps/web/public/assets/manor/v7-runtime/crops/197/sprout.png","ebb53666ca1c02a5670f64d486fbe91a4e396e14a3491fcf1b9a58bd93b1a945","exported-root-symbol",
"farm","197","young","ui/allcrops/Crop_197_1.swf","c4d52ae651e2b2cfedb77ef51f1caa401bcabea887f971c52608ac8ae5bc1fc3","Crop_197_1","12","12","root-symbol","1","0","1691,619,2205,987","26","19","apps/web/public/assets/manor/v7-runtime/crops/197/young.png","74f93e1b5eca198a8c0e2599127cfec4993c2770f1941c49eb81688ecfdb848f","exported-root-symbol",
"farm","197","growing","ui/allcrops/Crop_197_2.swf","19cd563f4c6e3681860ba3a4625dd19ddf768c4d581f0780f5444012ed09b70a","Crop_197_2","18","18","root-symbol","1","0","1561,-177,2359,1008","40","60","apps/web/public/assets/manor/v7-runtime/crops/197/growing.png","226b2545fcdbd1919bb9a7de03e6de8a5a54818ac8dbfc907c1c7bb9b8269613","exported-root-symbol",
"farm","197","mature","ui/allcrops/Crop_197_3.swf","fd7937588bb15edef51aac1ce80014ec9bde3e41379b18ff0ef564d2210a8a6a","Crop_197_3","32","32","root-symbol","1","0","764,-1858,3333,1170","129","152","apps/web/public/assets/manor/v7-runtime/crops/197/mature.png","d7a28eb733ff0d59871281dcab9fb717e323324189f0f0f8646f487e5e91bea4","exported-root-symbol",
"farm","197","withered","ui/allcrops/Crop_197_4.swf","8f0c3457e480ef6a1e138a00fab2eaed15c4b2c22db1f3c5e9090fb1694d9240","Crop_197_6","3","3","root-symbol","1","0","807,-59,3343,1070","127","57","apps/web/public/assets/manor/v7-runtime/crops/197/withered.png","a4f52468845986fa9a05fdeb3fe2433683550bc42b4da4a5b08ba585a58438a9","exported-root-symbol",
"farm","198","seed","ui/allcrops/Crop_198_Seed.swf","9393d5f5444e604a0391cf64aa12273aa0973c0b56f915b18706a13b52200f4b","Crop_198_Seed","4","4","root-symbol","1","0","11,-16,1214,1182","61","60","apps/web/public/assets/manor/v7-runtime/crops/198/seed.png","e2dafa2916160fb935fb87e962517902e31efebd4d7d6868fd80d6214278040e","exported-root-symbol",
"farm","198","sprout","ui/allcrops/Crop_198_0.swf","15d780db75bef32107468c224cc07ef653314a58fc1d25e41ec8bf49e78eb157","Crop_198_0","3","3","root-symbol","1","0","1518,655,2380,1032","44","19","apps/web/public/assets/manor/v7-runtime/crops/198/sprout.png","12691290202b3d3f97ab24fbf53c06512317cc8f5699be1953ddeba77aa530d6","exported-root-symbol",
"farm","198","young","ui/allcrops/Crop_198_1.swf","6995ba99b1b3530a2d54c9b1efd54174e1e699c4800d1b36c269a35643695dc2","Crop_198_1","5","5","root-symbol","1","0","1654,339,2246,1006","30","34","apps/web/public/assets/manor/v7-runtime/crops/198/young.png","60aba49899c0e3454f70088f6ead75bc1182e163533c26e0f52d001d79fee53c","exported-root-symbol",
"farm","198","growing","ui/allcrops/Crop_198_2.swf","f21ce5335be3e94dc207aa968e93e2f09e3c9ed6867b706daeadd683b218087f","Crop_198_2","10","10","root-symbol","1","0","1351,-139,2480,1118","57","63","apps/web/public/assets/manor/v7-runtime/crops/198/growing.png","805053d77cdfe2821d0108864ca6158ae24477416a6a3149e8811d6989cf4443","exported-root-symbol",
"farm","198","mature","ui/allcrops/Crop_198_3.swf","b241e9b1a433df1eece2edcdb918c16688a5fef4d78401c1efd965d45a8a1bb1","Crop_198_3","21","21","root-symbol","1","0","768,-1580,2979,1182","111","139","apps/web/public/assets/manor/v7-runtime/crops/198/mature.png","2ac245a900fb622abbbc33fac9869011ad1bc5d137194d525c34affb8b4369e5","exported-root-symbol",
"farm","198","withered","ui/allcrops/Crop_198_4.swf","2a7606b3c5ddfef3b33a8d48dc6c24ae7a4145f090704c16264f8ecb615008c3","Crop_198_6","3","3","root-symbol","1","0","807,-59,3343,1070","127","57","apps/web/public/assets/manor/v7-runtime/crops/198/withered.png","a4f52468845986fa9a05fdeb3fe2433683550bc42b4da4a5b08ba585a58438a9","exported-root-symbol",
"farm","200","seed","ui/allcrops/Crop_200_Seed.swf","5cc4e28222308874684828ae142693df65cb2def1b0b741adf46a3028a3487b9","Crop_200_Seed","5","5","root-symbol","1","0","48,131,1280,1199","62","54","apps/web/public/assets/manor/v7-runtime/crops/200/seed.png","8641eb094a169e4a7e086c50b95ce225cb699625c1990f7f92894cc666a2a584","exported-root-symbol",
"farm","200","sprout","ui/allcrops/Crop_200_0.swf","57cf2f309d5c2ceb5f48c7db6e4ed29dcd8bfd0e6a5cf0b1fd0c3166f0a099ef","Crop_200_0","3","3","root-symbol","1","0","1519,656,2381,1033","44","19","apps/web/public/assets/manor/v7-runtime/crops/200/sprout.png","a54252c835d36bf31202e5f99d711b2dde6e014b19bb1f7b88df186dbdab6841","exported-root-symbol",
"farm","200","young","ui/allcrops/Crop_200_1.swf","bfa36c121b0cf0ba51e9f6f795a6e90702545ec3205cbfe3942ac1c0bc2f1116","Crop_200_1","6","6","root-symbol","1","0","1640,438,2164,969","27","27","apps/web/public/assets/manor/v7-runtime/crops/200/young.png","e515d49092ae391e03060c4e5efc483417f23eaead1ebf64a990f9e1e13c5473","exported-root-symbol",
"farm","200","growing","ui/allcrops/Crop_200_2.swf","35f1c3903a5b41009c7e50e659a8425e377e512db2b984327e2c166a1feb1150","Crop_200_2","7","7","root-symbol","1","0","1421,-79,2354,994","47","54","apps/web/public/assets/manor/v7-runtime/crops/200/growing.png","3bff59dbfca9af956d2c1d38d849d71f58c3f971faa1b9e848931611747c037b","exported-root-symbol",
"farm","200","mature","ui/allcrops/Crop_200_3.swf","40a09ad78d69b8c02825c708f7f1f48f8ff69b4557d6bc6199351f6055fd2ec8","Crop_200_3","13","12","last-visible-child","1","0","-1162,-1268,1061,1388","112","133","apps/web/public/assets/manor/v7-runtime/crops/200/mature.png","611aa893be1d039666040591e49b31fea975559f849aa53a4b09fbe2343bb716","exported-root-symbol",
"farm","200","withered","ui/allcrops/Crop_200_4.swf","fa30e5b3b236c729ee12f1788ff278d876e756a262e9dc46ee35216005ff97ab","Crop_200_6","3","3","root-symbol","1","0","756,-81,3302,1049","128","57","apps/web/public/assets/manor/v7-runtime/crops/200/withered.png","5791d4a61552a195f704182a89da66eac263767e3b2ba942adafd10c782d6a03","exported-root-symbol",
"farm","201","seed","ui/allcrops/Crop_201_Seed.swf","3be54fdba021ab512e7062417145d2b086155e4fef50492112c31921964164ff","Crop_201_Seed","5","5","root-symbol","1","0","9,-24,1221,990","61","51","apps/web/public/assets/manor/v7-runtime/crops/201/seed.png","f7d7537e473e90c2d17a8770debacd3fbb34e07a5b35be909f4d47fc4f72b965","exported-root-symbol",
"farm","201","sprout","ui/allcrops/Crop_201_0.swf","c8123128cdfbfa414bfd3e5f2242e1d05788d490814455ab2f198be56b67b098","Crop_201_0","5","5","root-symbol","1","0","387,96,3409,1628","152","77","apps/web/public/assets/manor/v7-runtime/crops/201/sprout.png","ff4815b4bb522ad6ac53b35460fdfc4e37849100d5f2417208a4a4c8850d2f57","exported-root-symbol",
"farm","201","young","ui/allcrops/Crop_201_1.swf","e20afcfb4064714f57b4260fa9af6c27e2c8091998cf981fd44da80225c1181c","Crop_201_1","8","8","root-symbol","1","0","391,94,3413,1626","152","77","apps/web/public/assets/manor/v7-runtime/crops/201/young.png","8c35f0a7a2254eb2dcaa1a1d7f6f6cc6895f3a031e83195b8b5caaacf2b86ced","exported-root-symbol",
"farm","201","growing","ui/allcrops/Crop_201_2.swf","0702dc15c01cebe9dc59f1dac84db479c0573817166bb6ca0cd2f7532317b514","Crop_201_2","8","8","root-symbol","1","0","388,-277,3410,1629","152","96","apps/web/public/assets/manor/v7-runtime/crops/201/growing.png","fcd9f9a5633f0eaca00db98827cdb9892e53090164dba236b232becc54341ca3","exported-root-symbol",
"farm","201","mature","ui/allcrops/Crop_201_3.swf","845a09adb6f98c25a5b2f1cecd4d0ccce4c364b68b9a714e855c4aff581db64f","Crop_201_3","18","18","root-symbol","1","0","391,-928,3413,1663","152","130","apps/web/public/assets/manor/v7-runtime/crops/201/mature.png","ffd8c089f6b51509a2140a209f40badd1cf330f3bd5da0a3470034030d8a4418","exported-root-symbol",
"farm","201","withered","ui/allcrops/Crop_201_4.swf","a298e168a936c71dd68378ad7374819f9d02ec246f3980a40bdf134856c9151e","Crop_201_6","3","3","root-symbol","1","0","793,-57,3329,1072","127","57","apps/web/public/assets/manor/v7-runtime/crops/201/withered.png","15a03115f6e4ff1b746be687cdb88104df7c9c52266fd98723ca0f123ceea83c","exported-root-symbol",
"farm","202","seed","ui/allcrops/Crop_202_Seed.swf","13083d4e1afe66ba3c478f19333013c47b852c29a0ac72131f6345b8ac3d7989","Crop_202_Seed","6","6","root-symbol","1","0","-20,-20,1225,1057","63","54","apps/web/public/assets/manor/v7-runtime/crops/202/seed.png","df486770cb4e4387f79f74a2ddf6e7a84a1d923812be485e851d5bac87a4f33a","exported-root-symbol",
"farm","202","sprout","ui/allcrops/Crop_202_0.swf","1c70d5cf2ec2a034be631e506b66e895b9703af559a7d17e7a5137f9f1e68d93","Crop_202_0","7","7","root-symbol","1","0","515,82,3314,1701","140","81","apps/web/public/assets/manor/v7-runtime/crops/202/sprout.png","110fad2871320b23c2e322262797413ddb9d4a39379a2caf9d69b6a280ec5ebf","exported-root-symbol",
"farm","202","young","ui/allcrops/Crop_202_1.swf","aef0217536a08c6d2e076a0ab2185b93827a0f27d1317a759d736a8c3659f4c4","Crop_202_1","10","10","root-symbol","1","0","515,24,3314,1701","140","84","apps/web/public/assets/manor/v7-runtime/crops/202/young.png","abb5d2f7a84dd3fef64f3a79f486b6e1aeac2b792eff52f73eeb6efc65ff8f21","exported-root-symbol",
"farm","202","growing","ui/allcrops/Crop_202_2.swf","55c2d1b4eed448d699c029557684ad22cf3a1fe45b3ff1365df26d921ea407e7","Crop_202_2","11","11","root-symbol","1","0","515,-241,3314,1701","140","98","apps/web/public/assets/manor/v7-runtime/crops/202/growing.png","892bf518b204f86c161a349d6b62d2794dfb3e6d3048ae2ea9c205d54b95ea5c","exported-root-symbol",
"farm","202","mature","ui/allcrops/Crop_202_3.swf","9a599cac798a2d637c5a0ab3e58a9801bfbe828c0b5cdf44b7af262d9a9b2d3b","Crop_202_3","23","23","root-symbol","1","0","514,-963,3315,1704","141","134","apps/web/public/assets/manor/v7-runtime/crops/202/mature.png","b24311214e36cdaf124d805b2743305431fa45944721843ee472ca750dbf718f","exported-root-symbol",
"farm","202","withered","ui/allcrops/Crop_202_4.swf","78f1099418fb52fe8bb91902663f84256ac40cb9dad5e92a085f01aefe5e22e0","Crop_202_6","3","3","root-symbol","1","0","516,85,3315,1702","140","81","apps/web/public/assets/manor/v7-runtime/crops/202/withered.png","c5372f13de5d1fc4bc464a65062970cc2d897b470f04a19a5df493746090fe82","exported-root-symbol",
"farm","204","seed","ui/allcrops/Crop_204_Seed.swf","8b5e8b5fa8297fbc7570d4210384fee93a3467e473d20ee46bcd43ec29566e7e","Crop_204_Seed","6","6","root-symbol","1","0","-20,-20,1296,1220","66","62","apps/web/public/assets/manor/v7-runtime/crops/204/seed.png","5167b4ee10bee94b91b27208f19972bf939e5c1f0da6207277c2f318937a5772","exported-root-symbol",
"farm","204","sprout","ui/allcrops/Crop_204_0.swf","59d4475aafff357d05f82aac9ab339aa85f5ffb8b86f8dd0b9aa2851a5d564cf","Crop_204_0","3","3","root-symbol","1","0","1577,608,2439,985","44","19","apps/web/public/assets/manor/v7-runtime/crops/204/sprout.png","bbfef630a897a6cc8809143157df50cd95ebf48f1e58ae1389b88b4bde78e747","exported-root-symbol",
"farm","204","young","ui/allcrops/Crop_204_1.swf","beffdd1ecf803ae8487c9c1d42e3aa972eb123913460bf3940bf6b6d674842e9","Crop_204_1","6","6","root-symbol","1","0","756,124,3144,1457","120","67","apps/web/public/assets/manor/v7-runtime/crops/204/young.png","02334b2c34549943d30af8ae9c8530e6da382ac13dce55932b359ed68b4acac2","exported-root-symbol",
"farm","204","growing","ui/allcrops/Crop_204_2.swf","eb5fb05b9135a2cafbdc07f6460437b3adbdaa6fa0d6e773973ce624ff77f785","Crop_204_2","9","9","root-symbol","1","0","756,-423,3144,1458","120","95","apps/web/public/assets/manor/v7-runtime/crops/204/growing.png","974baa168358c5154b65a9efa2a6a9f624ebf014897e0a0dff40e209bc78f325","exported-root-symbol",
"farm","204","mature","ui/allcrops/Crop_204_3.swf","cc4d84cb91e641edfcaf91da8230d99a5c70e0c634f1e407265119e1bf86d9f5","Crop_204_3","24","24","root-symbol","1","0","756,-1279,3144,1458","120","137","apps/web/public/assets/manor/v7-runtime/crops/204/mature.png","4f0d50210fe8a174727bd514f3fd3e48e8526708114d7aaa385eaf746316f72c","exported-root-symbol",
"farm","204","withered","ui/allcrops/Crop_204_4.swf","846f5da10bd28e2d8ddcc0a4d11ce1e732138061df89335a79b0e3d3219cbf06","Crop_204_6","3","3","root-symbol","1","0","794,-126,3330,1003","127","57","apps/web/public/assets/manor/v7-runtime/crops/204/withered.png","a4f52468845986fa9a05fdeb3fe2433683550bc42b4da4a5b08ba585a58438a9","exported-root-symbol",
"farm","205","seed","ui/allcrops/Crop_205_Seed.swf","bde19e67a83cceefe8e7517242eb42617190f0f6526eaaa1a8b759a00740bad2","Crop_205_Seed","9","9","root-symbol","1","0","22,-10,1162,987","57","50","apps/web/public/assets/manor/v7-runtime/crops/205/seed.png","d24f6022c2b3d997c65e99505f1019b48854da94a54a94830da256b3c955e8dc","exported-root-symbol",
"farm","205","sprout","ui/allcrops/Crop_205_0.swf","623d3e40bb7430fd5ba8b7c5dbf0a1ae9bef278ea3246a67812beeb830c1c74f","Crop_205_0","3","3","root-symbol","1","0","1541,588,2403,965","44","19","apps/web/public/assets/manor/v7-runtime/crops/205/sprout.png","ba4466865d2b45ddf61bc448394016c1ff006210d2e373e4ebe75b0ab62d8aca","exported-root-symbol",
"farm","205","young","ui/allcrops/Crop_205_1.swf","a98fb6536128f1c1483849c7bfd01884713c08e163d885bfe2f50b141b7a7ed8","Crop_205_1","10","10","root-symbol","1","0","1582,71,2222,962","32","45","apps/web/public/assets/manor/v7-runtime/crops/205/young.png","05674d07f6f538299958e34766938a68acf5b7107bdf17c4e5e49c8549273129","exported-root-symbol",
"farm","205","growing","ui/allcrops/Crop_205_2.swf","7268335012dbca13a9155f27f76673e02c976fe620aeb0ad7c6372184c1f2ebc","Crop_205_2","14","14","root-symbol","1","0","1095,-110,2713,1025","81","57","apps/web/public/assets/manor/v7-runtime/crops/205/growing.png","bf850ead6d99763b63c4530415241f2c88d56a3466766f360a92a07d0674be88","exported-root-symbol",
"farm","205","mature","ui/allcrops/Crop_205_3.swf","87c7a77804ffd75306c91879ec911ebc79219ca2979942781a8ec0ee36616af0","Crop_205_3","30","30","root-symbol","1","0","706,-943,3172,1182","124","107","apps/web/public/assets/manor/v7-runtime/crops/205/mature.png","4e133b389faa33e75f3604e3cca9358cf5b7705756181e20048ff750687a2b63","exported-root-symbol",
"farm","205","withered","ui/allcrops/Crop_205_4.swf","c17a1d57c258c60da759c5a5b1567c54073a1257907c6cfcbad7d3abeeba78ca","Crop_205_6","3","3","root-symbol","1","0","819,-75,3355,1054","127","57","apps/web/public/assets/manor/v7-runtime/crops/205/withered.png","ca0331d48a0320135250de0344da1fd74b4d615d05c2604c1a2a95f264f3d2ee","exported-root-symbol",
"farm","206","seed","ui/allcrops/Crop_206_Seed.swf","dddf1a8fa9a71e454a2daed24064dbafc504e5b215107fc4588387808ab132a0","Crop_206_Seed","5","5","root-symbol","1","0","-21,-19,1161,1157","60","59","apps/web/public/assets/manor/v7-runtime/crops/206/seed.png","bd561228418aa89470151b8843f7231f353ba8849c6a12fc1bc1bd66df9bd24d","exported-root-symbol",
"farm","206","sprout","ui/allcrops/Crop_206_0.swf","3a5656eb6143e629df6caebd50c5b4a93b867e13b14b070bb280441add6bcf5b","Crop_206_0","3","3","root-symbol","1","0","1541,588,2403,965","44","19","apps/web/public/assets/manor/v7-runtime/crops/206/sprout.png","ba4466865d2b45ddf61bc448394016c1ff006210d2e373e4ebe75b0ab62d8aca","exported-root-symbol",
"farm","206","young","ui/allcrops/Crop_206_1.swf","82116d9d1d743c20e0245e21f8a0c0b6946fe925bfdc79f31604d8ce6ec85e5a","Crop_206_1","11","11","root-symbol","1","0","1481,61,2415,1103","47","53","apps/web/public/assets/manor/v7-runtime/crops/206/young.png","fe8592c0fbe48b02e9bf7626a7b819cedf51b259cd094f254380dc028fcc1c68","exported-root-symbol",
"farm","206","growing","ui/allcrops/Crop_206_2.swf","e9232fe4712384144faab77f851015fc66ded69ed63e48b2105dbdaf13d74410","Crop_206_2","7","7","root-symbol","1","0","1141,-707,2929,1023","90","87","apps/web/public/assets/manor/v7-runtime/crops/206/growing.png","b5d66b72d6ae474d292323629680e568fe80ae0c5120a293ffbd2f436aa4ce9a","exported-root-symbol",
"farm","206","mature","ui/allcrops/Crop_206_3.swf","2706af52402ad9847096ad067398c66ea352e750240207b6f88e5e4c29af2a62","Crop_206_3","33","33","root-symbol","1","0","871,-1355,3043,1191","109","128","apps/web/public/assets/manor/v7-runtime/crops/206/mature.png","2b1b7601af1c3edc0c7b444541fe50d7325ced0daff10db82f2180743b05f138","exported-root-symbol",
"farm","206","withered","ui/allcrops/Crop_206_4.swf","b960ea98dd3a13a29581d799881e360d06793d7f438049c038e204c88ca5b979","Crop_206_6","3","3","root-symbol","1","0","819,-75,3355,1054","127","57","apps/web/public/assets/manor/v7-runtime/crops/206/withered.png","ca0331d48a0320135250de0344da1fd74b4d615d05c2604c1a2a95f264f3d2ee","exported-root-symbol",
"farm","208","seed","ui/allcrops/Crop_208_Seed.swf","6376c3a9726af2370206012d532a3b57f2d952829bdd237cb5cf915e7e2bf804","Crop_208_Seed","6","6","root-symbol","1","0","-20,-20,1220,1220","62","62","apps/web/public/assets/manor/v7-runtime/crops/208/seed.png","197cc597264eda921653f8bd561289e4a3a8060bb6808b5b1651022125fbd5db","exported-root-symbol",
"farm","208","sprout","ui/allcrops/Crop_208_0.swf","5200f3db7eae628c8d0797e1c8102128da91b5801d0422c4599df7a5592821c8","Crop_208_0","3","3","root-symbol","1","0","1563,633,2425,1010","44","19","apps/web/public/assets/manor/v7-runtime/crops/208/sprout.png","ebb53666ca1c02a5670f64d486fbe91a4e396e14a3491fcf1b9a58bd93b1a945","exported-root-symbol",
"farm","208","young","ui/allcrops/Crop_208_1.swf","33ac790b4a3c78fcf73355ce3991c0b2f85e513a835064fe9c16acab07636c3a","Crop_208_1","5","5","root-symbol","1","0","1527,238,2427,996","45","38","apps/web/public/assets/manor/v7-runtime/crops/208/young.png","92c99fcb6b11848ff5b29aef9a96dde9ce710b78eedce5fa1983c233671a4346","exported-root-symbol",
"farm","208","growing","ui/allcrops/Crop_208_2.swf","a7855bb2c513f31adb94e5f158aa121e30ae3ae0e513bbce3e772d942aa2b43c","Crop_208_2","14","14","root-symbol","1","0","1185,-670,2929,1120","88","90","apps/web/public/assets/manor/v7-runtime/crops/208/growing.png","db1649184d6911620d3f70b09f3d08f483d65f1bedc2c72a2f480e34bfef897f","exported-root-symbol",
"farm","208","mature","ui/allcrops/Crop_208_3.swf","23dfb88924344247f62d299969aba3779fcba40a898382f590dd98aac2318cbe","Crop_208_3","23","23","root-symbol","1","0","790,-1302,3393,1146","131","123","apps/web/public/assets/manor/v7-runtime/crops/208/mature.png","319ef851479d0e3a9ea8e68097ac012b2b00c5071fb5fc70e48e634fb0f04eac","exported-root-symbol",
"farm","208","withered","ui/allcrops/Crop_208_4.swf","e84819bd6f30f57a2e2c3014af5faf4ef54588c3279bec6c0aaffd1526a0dde5","Crop_208_6","3","3","root-symbol","1","0","833,-38,3369,1091","127","57","apps/web/public/assets/manor/v7-runtime/crops/208/withered.png","a4f52468845986fa9a05fdeb3fe2433683550bc42b4da4a5b08ba585a58438a9","exported-root-symbol",
"farm","209","seed","ui/allcrops/Crop_209_Seed.swf","69aa7424022f6b4c53a34df2ef130c6835e27c2309c95d0f9b0153bd2b553eb3","Crop_209_Seed","4","4","root-symbol","1","0","22,35,1291,1196","64","59","apps/web/public/assets/manor/v7-runtime/crops/209/seed.png","3794d3c2fcbe2c0b18fbcf259a2ab9e90d00a42b72381dd8632bcdb61f5f4290","exported-root-symbol",
"farm","209","sprout","ui/allcrops/Crop_209_0.swf","dde6f2ac4129dd8743810f4ccb1ff5cedd4aaf1dfa849491633d5f3eacca789c","Crop_209_0","3","3","root-symbol","1","0","1505,673,2367,1050","44","19","apps/web/public/assets/manor/v7-runtime/crops/209/sprout.png","ebb53666ca1c02a5670f64d486fbe91a4e396e14a3491fcf1b9a58bd93b1a945","exported-root-symbol",
"farm","209","young","ui/allcrops/Crop_209_1.swf","60b00cc0fefd70c87239e1b3060b8649f2bcb96a4704ad39d3a0e2c8972761ad","Crop_209_1","4","4","root-symbol","1","0","1653,250,2173,1056","26","41","apps/web/public/assets/manor/v7-runtime/crops/209/young.png","eada134dcab64721778c605c3ac77a92a845bf80f0a3901d88ac80bc4191a1f1","exported-root-symbol",
"farm","209","growing","ui/allcrops/Crop_209_2.swf","c4ac90783015b99ce674b2af2fc869716c3a6cfa74057ee89fe7ec895f229b91","Crop_209_2","8","8","root-symbol","1","0","1412,-118,2427,1105","51","62","apps/web/public/assets/manor/v7-runtime/crops/209/growing.png","d5603f6ed1468db19db03d9e960a7f3ba86515dcb87d21112f26a09495d5b8b4","exported-root-symbol",
"farm","209","mature","ui/allcrops/Crop_209_3.swf","672ded7f44907d0f3f36c9fdf7d925a05c14c2ec1c3adf64fe344076f94edc67","Crop_209_3","14","14","root-symbol","1","0","1085,-1045,2666,1348","80","120","apps/web/public/assets/manor/v7-runtime/crops/209/mature.png","d1022a76d1905a51c4322c010ff234a8af2c5c770887e7e553de66b154e629c3","exported-root-symbol",
"farm","209","withered","ui/allcrops/Crop_209_4.swf","504aa84d46b3ccb1a17b1452f9c0f6ed78a84116f8b9af7b5364ee2f94aba51e","Crop_209_6","3","3","root-symbol","1","0","734,10,3270,1139","127","57","apps/web/public/assets/manor/v7-runtime/crops/209/withered.png","a4f52468845986fa9a05fdeb3fe2433683550bc42b4da4a5b08ba585a58438a9","exported-root-symbol",
"farm","210","seed","ui/allcrops/Crop_210_Seed.swf","0a7d9b57fad60b092572f765c65106bb3d4bb4ba7cb2e36265bdacb0423f0010","Crop_210_Seed","7","7","root-symbol","1","0","1,43,988,1136","50","55","apps/web/public/assets/manor/v7-runtime/crops/210/seed.png","3f791e9dd4366ce01bcc8f67417e7e2f3c347ea58bb96cccc46d52b5ac05035e","exported-root-symbol",
"farm","210","sprout","ui/allcrops/Crop_210_0.swf","1c00dc3331f1b17b4131edac088e3d2f0dba30272cf8f499efdafa2200df1e2d","Crop_210_0","3","3","root-symbol","1","0","1477,640,2339,1017","44","19","apps/web/public/assets/manor/v7-runtime/crops/210/sprout.png","12691290202b3d3f97ab24fbf53c06512317cc8f5699be1953ddeba77aa530d6","exported-root-symbol",
"farm","210","young","ui/allcrops/Crop_210_1.swf","37459f147505162667fe8cf91c0976f1b6e221f269602872f33c44cdfb5a0d8b","Crop_210_1","5","5","root-symbol","1","0","1479,312,2211,1020","37","36","apps/web/public/assets/manor/v7-runtime/crops/210/young.png","29112ae33692685aa5979473b7ef9c8b7e6feea2fd0764931f89245cbb5c1e39","exported-root-symbol",
"farm","210","growing","ui/allcrops/Crop_210_2.swf","5eb888baf4f1fc5df3db70f1c9142ea4f90411c4071cb219a0acca6f54738752","Crop_210_2","7","7","root-symbol","1","0","1351,-271,2377,1148","52","71","apps/web/public/assets/manor/v7-runtime/crops/210/growing.png","5391d2b7881a7d2046854da2ac7ff8beb9b3667177e9fba89859bd75df85a62e","exported-root-symbol",
"farm","210","mature","ui/allcrops/Crop_210_3.swf","dd52dad30ad17c8548d817d18a5fe277335feac8faec25cc142dec4921153372","Crop_210_3","17","17","root-symbol","1","0","884,-1013,2593,1233","86","113","apps/web/public/assets/manor/v7-runtime/crops/210/mature.png","fb2dae6a87793f3b97a410483d737e0f245345ac113a415ee2385819e55d793c","exported-root-symbol",
"farm","210","withered","ui/allcrops/Crop_210_4.swf","cfce8fafa367b83040f4bfcd9ea48e1552ca328b74b1ba7701cb51abd03a566b","Crop_210_6","3","3","root-symbol","1","0","738,-16,3274,1113","127","57","apps/web/public/assets/manor/v7-runtime/crops/210/withered.png","a4f52468845986fa9a05fdeb3fe2433683550bc42b4da4a5b08ba585a58438a9","exported-root-symbol",
"farm","211","seed","ui/allcrops/Crop_211_Seed.swf","41c45ed0a41e7554d60fb9b4c532f8439bc17bc531c2afd96f91d59a345b084b","Crop_211_Seed","3","3","root-symbol","1","0","-20,21,1191,1084","61","54","apps/web/public/assets/manor/v7-runtime/crops/211/seed.png","0ce9073ce14a448c852bd26a63d4894be847b5b7ea979fd7aa1618d7a9544402","exported-root-symbol",
"farm","211","sprout","ui/allcrops/Crop_211_0.swf","5cb1e146213e02eb45c02478294542ed273c33af1fb60e2a45899ef59c555338","Crop_211_0","3","3","root-symbol","1","0","1548,720,2410,1097","44","19","apps/web/public/assets/manor/v7-runtime/crops/211/sprout.png","ebb53666ca1c02a5670f64d486fbe91a4e396e14a3491fcf1b9a58bd93b1a945","exported-root-symbol",
"farm","211","young","ui/allcrops/Crop_211_1.swf","0ae15fc73b38b7366d608a87a608556ff656f4777df0da0082a703559077518c","Crop_211_1","7","7","root-symbol","1","0","1415,472,2490,1138","54","34","apps/web/public/assets/manor/v7-runtime/crops/211/young.png","001571041ed5cc8153631ef6dbfb8202e6c4d57675ad95bd5dc419d8d7739072","exported-root-symbol",
"farm","211","growing","ui/allcrops/Crop_211_2.swf","6fc984ffe64874a491357e070af87eb2585679505afeaff924d9206bb8149c04","Crop_211_2","9","9","root-symbol","1","0","1285,-227,2636,1211","68","72","apps/web/public/assets/manor/v7-runtime/crops/211/growing.png","1ea9869a55695bcdfa4f6a96adad7a2a620d58f24cf76a9afacf64ece68786cb","exported-root-symbol",
"farm","211","mature","ui/allcrops/Crop_211_3.swf","c4f60418e2270c047810cc918bce6e9707f3dd23f5fd77ad3e953ab08c991d68","Crop_211_3","26","26","root-symbol","1","0","1009,-1215,3034,1414","102","132","apps/web/public/assets/manor/v7-runtime/crops/211/mature.png","a9cfc9984a9fcc34db935f21b417c322ae834cf27244cb37878a47b332b86cac","exported-root-symbol",
"farm","211","withered","ui/allcrops/Crop_211_4.swf","e16a924d140af807c38fba488be8155ee84887747f9193b406748a31eb15a253","Crop_211_6","3","3","root-symbol","1","0","819,54,3355,1183","127","57","apps/web/public/assets/manor/v7-runtime/crops/211/withered.png","a4f52468845986fa9a05fdeb3fe2433683550bc42b4da4a5b08ba585a58438a9","exported-root-symbol",
"farm","218","seed","ui/allcrops/Crop_218_Seed.swf","c503e9900938a8ccfe377bcbfb600a8fce4e1830d41dcceaa39e50d2b28a0e39","Crop_218_Seed","11","11","root-symbol","1","0","-23,-9,1223,1170","63","59","apps/web/public/assets/manor/v7-runtime/crops/218/seed.png","42733c93758a167be5bd3e4254021c0fca7db337856d14a97a79bb3b4a682100","exported-root-symbol",
"farm","218","sprout","ui/allcrops/Crop_218_0.swf","35acdbcc9f6ba591c053f1f2831df6895de4543f55ffb9171e85d5876e4121b8","Crop_218_0","12","12","root-symbol","1","0","1595,-8,2201,1047","31","53","apps/web/public/assets/manor/v7-runtime/crops/218/sprout.png","40e298cb4104845dc62898bbb1728e2c0655574ae68983da9e923643be2fcb29","exported-root-symbol",
"farm","218","young","ui/allcrops/Crop_218_1.swf","6a40c7141057b250a4c815f72c1ce65ccd228f0a060454d6ca83d2bbd32ea044","Crop_218_1","14","14","root-symbol","1","0","1457,-652,2388,1034","47","85","apps/web/public/assets/manor/v7-runtime/crops/218/young.png","6c24acb50607d424a70d85971b64278779f1e5add2c1cef5409f36e55dab3394","exported-root-symbol",
"farm","218","growing","ui/allcrops/Crop_218_2.swf","176b0e4607e662d2ae578f10a5d1381461f9a5441b04b7385fdb8bd00283025e","Crop_218_2","13","13","root-symbol","1","0","1279,-960,2749,1099","74","103","apps/web/public/assets/manor/v7-runtime/crops/218/growing.png","2b75f20b5db294d7fc81531c3996c26001064c17a441a73a1353e55f41e41ab6","exported-root-symbol",
"farm","218","mature","ui/allcrops/Crop_218_3.swf","4694ad818d9821f3944a3b57bccf4e88dc87ce2ef09177d977fde00d55b19ab3","Crop_218_3","18","18","root-symbol","1","0","777,-1806,3037,1169","113","149","apps/web/public/assets/manor/v7-runtime/crops/218/mature.png","854e0ad54d5a1f57c3eef4ce4deb19db6308acf5c81356063f3178c7a3b4a137","exported-root-symbol",
"farm","218","withered","ui/allcrops/Crop_218_4.swf","d7c7673f37b40208745c30e5a169eaa15e00b96bc8ed9365ebf3b78ab03aa8d9","Crop_218_6","3","3","root-symbol","1","0","734,-80,3270,1049","127","57","apps/web/public/assets/manor/v7-runtime/crops/218/withered.png","279e06a075b25bed5a743a8ae1087fcd9f3af32c677a3993eb9903f5ebadef71","exported-root-symbol",
"farm","219","seed","ui/allcrops/Crop_219_Seed.swf","f166533dd7824f9dbc2d1c73bd10c60e45f10eb99284a3642b42af827d27ee34","Crop_219_Seed","9","9","root-symbol","1","0","-15,-15,1227,1219","63","62","apps/web/public/assets/manor/v7-runtime/crops/219/seed.png","e12b9e98c01ed000a93982eed8bb1fbfdbd540554f72afb90ec2436846020431","exported-root-symbol",
"farm","219","sprout","ui/allcrops/Crop_219_0.swf","d28114a2ff5049464d61b2a2a2facb44494b80ed50cf559490ef4302db287d95","Crop_219_0","3","3","root-symbol","1","0","1563,686,2425,1063","44","19","apps/web/public/assets/manor/v7-runtime/crops/219/sprout.png","bbfef630a897a6cc8809143157df50cd95ebf48f1e58ae1389b88b4bde78e747","exported-root-symbol",
"farm","219","young","ui/allcrops/Crop_219_1.swf","261a926984b09d437717ae4f23f351579297bc965d0dbef13ceb12bc9501258b","Crop_219_1","10","10","root-symbol","1","0","1143,-88,2785,1119","83","61","apps/web/public/assets/manor/v7-runtime/crops/219/young.png","40a0d164dee619ceadccebfa77c98445558ec05c1297cae442dc1db3541b7bd4","exported-root-symbol",
"farm","219","growing","ui/allcrops/Crop_219_2.swf","31f43baf7fd1a758f9d4328ec4363af3ef155f28afab689592952fdfdc1d0774","Crop_219_2","12","12","root-symbol","1","0","661,-725,3041,1216","119","98","apps/web/public/assets/manor/v7-runtime/crops/219/growing.png","4ba07d0b70093136e63235040cae8789c6a5cb80cc818e0fd3b51808faa29dda","exported-root-symbol",
"farm","219","mature","ui/allcrops/Crop_219_3.swf","252bff0868f04d9477a05d61c75ce252bd2c63631d327f9199061de6512d773b","Crop_219_3","29","29","root-symbol","1","0","469,-1320,3396,1280","147","130","apps/web/public/assets/manor/v7-runtime/crops/219/mature.png","f8cfb8c296639c3a1bb4db9007baf0bcc6f75c2658911b3830105e195f0b636d","exported-root-symbol",
"farm","219","withered","ui/allcrops/Crop_219_4.swf","f09f40c81ee8b947900777515c09c43834955ccfd029721866ae153779b3c37a","Crop_219_6","3","3","root-symbol","1","0","746,8,3282,1137","127","57","apps/web/public/assets/manor/v7-runtime/crops/219/withered.png","a4f52468845986fa9a05fdeb3fe2433683550bc42b4da4a5b08ba585a58438a9","exported-root-symbol",
"farm","220","seed","ui/allcrops/Crop_220_Seed.swf","bac6567b15474452c5343e565c711612a5d2f2df298932cd2c18c6d5d61f80e3","Crop_220_Seed","7","7","root-symbol","1","0","33,28,1166,1304","57","64","apps/web/public/assets/manor/v7-runtime/crops/220/seed.png","8697e9f5883604f10ca4e397ee10218e21dacfb624e2263a89bc4bfa574d0c29","exported-root-symbol",
"farm","220","sprout","ui/allcrops/Crop_220_0.swf","97b61d06728f5de110e6789e874eab2ad4527ec5d26b40e32cff44b59ea68a76","Crop_220_0","5","5","root-symbol","1","0","1593,594,2166,1034","29","22","apps/web/public/assets/manor/v7-runtime/crops/220/sprout.png","531f922089386b0dfa2caa909111d85b79e608327c43facf92eafb8fdf60281e","exported-root-symbol",
"farm","220","young","ui/allcrops/Crop_220_1.swf","2c26a291fbd180d5619d1236e85496173564e6534fe9b590e332af8446ee3016","Crop_220_1","8","8","root-symbol","1","0","1387,394,2413,1121","52","37","apps/web/public/assets/manor/v7-runtime/crops/220/young.png","80ba2aabe6ed094e676d2075d8655782d809c70028d4f75c0b60403f95b9a639","exported-root-symbol",
"farm","220","growing","ui/allcrops/Crop_220_2.swf","57af4851d6951b01564c58f2cee98db5bad4de4c1fd57c002365980d0f3f590e","Crop_220_2","12","12","root-symbol","1","0","1165,-107,2583,1157","71","64","apps/web/public/assets/manor/v7-runtime/crops/220/growing.png","c52f45379929145e450b9dd9a2cfefed4c70442d0681e7267135c33749000bbc","exported-root-symbol",
"farm","220","mature","ui/allcrops/Crop_220_3.swf","de09429fd61b72231d7f0aa4f437a55c23843391fa227961db94e8355931276c","Crop_220_3","18","18","root-symbol","1","0","588,-1184,3357,1460","139","133","apps/web/public/assets/manor/v7-runtime/crops/220/mature.png","f3801a97f841deeaf9a6fa10f8f7c6611978cb987eb7c87b833700c17d8a2f4e","exported-root-symbol",
"farm","220","withered","ui/allcrops/Crop_220_4.swf","c04ecda9a4936c10043a307340d542c30c344fd17ebe16eaece0a73445399921","Crop_220_6","3","3","root-symbol","1","0","695,85,3231,1214","127","57","apps/web/public/assets/manor/v7-runtime/crops/220/withered.png","a4f52468845986fa9a05fdeb3fe2433683550bc42b4da4a5b08ba585a58438a9","exported-root-symbol",
"farm","222","seed","ui/allcrops/Crop_222_Seed.swf","05d117d18c0c8e3e5692cdd7e2998c1eee856f844fd35b28639b8eeb1d36de69","Crop_222_Seed","5","5","root-symbol","1","0","49,58,1199,1139","58","55","apps/web/public/assets/manor/v7-runtime/crops/222/seed.png","ba4b719448561049d19e0d1e25943d1943eca12c83704097f2c6eec5c758f102","exported-root-symbol",
"farm","222","sprout","ui/allcrops/Crop_222_0.swf","2db44d23a4870711a6180a7d6a71781d9aa91d53e7a5524e81df3b86bf7ccf88","Crop_222_0","5","5","root-symbol","1","0","1726,482,2290,1071","29","30","apps/web/public/assets/manor/v7-runtime/crops/222/sprout.png","54d5f036e2e4646b240cdd82746955797fdf0b7d516a9c1912ee7c8473e0712b","exported-root-symbol",
"farm","222","young","ui/allcrops/Crop_222_1.swf","1473f1a7b104f681a0d90e629127eb85339e284b75199c41aab6c5ab37605d48","Crop_222_1","6","6","root-symbol","1","0","1477,-256,2527,1165","53","72","apps/web/public/assets/manor/v7-runtime/crops/222/young.png","d2490bd9282535cd3309aab0e1994d4f931be1a7be344097a16879d2b4c1f99e","exported-root-symbol",
"farm","222","growing","ui/allcrops/Crop_222_2.swf","a56429722d11a38f1148de97e5e0b38eac691865d222f08a523ebd2bc6127918","Crop_222_2","6","6","root-symbol","1","0","1206,-521,2685,1222","74","88","apps/web/public/assets/manor/v7-runtime/crops/222/growing.png","404dee487e2a4ace7e2c4d75243b240a67131816ca8a58f302687e43cb26c9df","exported-root-symbol",
"farm","222","mature","ui/allcrops/Crop_222_3.swf","1f7d14244d013c05766ace4f5ef70c022b11edd7c615f56a4b63d2b8cf539162","Crop_222_3","14","14","root-symbol","1","0","563,-1472,3341,1355","139","142","apps/web/public/assets/manor/v7-runtime/crops/222/mature.png","f8a8eef01c095d19c7b1ab4417907fee662137868ace9136155b51cfb74097ee","exported-root-symbol",
"farm","222","withered","ui/allcrops/Crop_222_4.swf","446179630df0cf2c320abeff932e651f402f24afc45468202120acb1612559cf","Crop_222_6","3","3","root-symbol","1","0","800,26,3336,1155","127","57","apps/web/public/assets/manor/v7-runtime/crops/222/withered.png","a4f52468845986fa9a05fdeb3fe2433683550bc42b4da4a5b08ba585a58438a9","exported-root-symbol",
"farm","223","seed","ui/allcrops/Crop_223_Seed.swf","c42e1f0f30f81dd0b41f0b80a44919369784be0a5264d807137fecb3f7532703","Crop_223_Seed","5","5","root-symbol","1","0","-19,-18,1161,1158","59","59","apps/web/public/assets/manor/v7-runtime/crops/223/seed.png","d610264a2d6bd10f091b521bf9daa9f620894512b189f65461a9bb6622fa223c","exported-root-symbol",
"farm","223","sprout","ui/allcrops/Crop_223_0.swf","f967935e9b5acb13fd63ddf15680826adfda0ddddff9c51b717b46904e11f286","Crop_223_0","3","3","root-symbol","1","0","1567,664,2429,1041","44","19","apps/web/public/assets/manor/v7-runtime/crops/223/sprout.png","d3b5c065fdd528da04b1f17199502d62f0e81255d31d8288b7353fda27f7cc7a","exported-root-symbol",
"farm","223","young","ui/allcrops/Crop_223_1.swf","62d74e8d7f1ce892c9f5235441d14a37fda335c51635edcab742683c708c01d3","Crop_223_1","6","6","root-symbol","1","0","1582,-53,2442,1041","43","55","apps/web/public/assets/manor/v7-runtime/crops/223/young.png","c532438b3ade134b2f2af6afb084c52a9eb25eac1b6096731608765c3d851cb4","exported-root-symbol",
"farm","223","growing","ui/allcrops/Crop_223_2.swf","cd4ec2f4134f987e51d42acbb4fa4a7ccf83d9698f7f53e106dfbf41d4dc8fcd","Crop_223_2","8","8","root-symbol","1","0","993,-1060,2840,1140","93","110","apps/web/public/assets/manor/v7-runtime/crops/223/growing.png","1e05716a83e3aef763c7ebe01acc3705d914510bcf52a56f32d219dac74ab850","exported-root-symbol",
"farm","223","mature","ui/allcrops/Crop_223_3.swf","a33f7a67160f170153d5b10bf9b87a3a72a71d57c320339510c54a39fb39f57e","Crop_223_3","15","15","root-symbol","1","0","624,-1601,3119,1208","125","141","apps/web/public/assets/manor/v7-runtime/crops/223/mature.png","9931ece54a3192f5f885ab3bc50c449fe4ef2863379c06b354a0a092ccc309c1","exported-root-symbol",
"farm","223","withered","ui/allcrops/Crop_223_4.swf","26fa48d3a7fac8aa25ccf0d122ffd641fbd778fb6dd95723b089d3e771b0157b","Crop_223_6","3","3","root-symbol","1","0","705,23,3241,1152","127","57","apps/web/public/assets/manor/v7-runtime/crops/223/withered.png","a4f52468845986fa9a05fdeb3fe2433683550bc42b4da4a5b08ba585a58438a9","exported-root-symbol",
"farm","224","seed","ui/allcrops/Crop_224_Seed.swf","efa0fb0b472cefc7b082d6148cbf9af55cff59155de7c9b1607811898c3960c3","Crop_224_Seed","6","6","root-symbol","1","0","35,12,1152,1135","56","57","apps/web/public/assets/manor/v7-runtime/crops/224/seed.png","80e86bb3330a74972eaad4ae99c0bfdebd35228053e2359c6d94a454aaa8a325","exported-root-symbol",
"farm","224","sprout","ui/allcrops/Crop_224_0.swf","6c6c50deaa653ed9942e388412283913dd7f436942b626a921ff862343e531b9","Crop_224_0","3","3","root-symbol","1","0","1601,639,2463,1016","44","19","apps/web/public/assets/manor/v7-runtime/crops/224/sprout.png","d3b5c065fdd528da04b1f17199502d62f0e81255d31d8288b7353fda27f7cc7a","exported-root-symbol",
"farm","224","young","ui/allcrops/Crop_224_1.swf","331543f39d30d59f01bd884bb5594ec12547f50d803d6994593601c481a7cd68","Crop_224_1","7","7","root-symbol","1","0","1530,-121,2453,1078","47","60","apps/web/public/assets/manor/v7-runtime/crops/224/young.png","e9542a8534c2d11724c8eeacec2784f06ef673f801e63c92e82aafa5b6983d98","exported-root-symbol",
"farm","224","growing","ui/allcrops/Crop_224_2.swf","06d33d561c05503075aa876f2e7a1eb75c8eac8b95b578a58b12fffc385f11f6","Crop_224_2","9","9","root-symbol","1","0","1342,-689,2733,1078","70","89","apps/web/public/assets/manor/v7-runtime/crops/224/growing.png","6dd72a0af84340145d7d925b575a53a624dd44f56acf79e4ca172fa9ecb2e2d5","exported-root-symbol",
"farm","224","mature","ui/allcrops/Crop_224_3.swf","3aacbb8ea9f63cbdf069f6dbb23568fdf5d1dd5503580e41f07c25f76c9fd768","Crop_224_3","24","24","root-symbol","1","0","952,-1321,3279,1169","117","125","apps/web/public/assets/manor/v7-runtime/crops/224/mature.png","52c38ca0febca470049b2670322ab66f0252f64806282c49da1c8a3e0729b995","exported-root-symbol",
"farm","224","withered","ui/allcrops/Crop_224_4.swf","c4a8b1fdcc99582eb22b21e508c6638c0cc7483e5f801f74c78811c11efd4acf","Crop_224_6","3","3","root-symbol","1","0","869,-63,3405,1066","127","57","apps/web/public/assets/manor/v7-runtime/crops/224/withered.png","a4f52468845986fa9a05fdeb3fe2433683550bc42b4da4a5b08ba585a58438a9","exported-root-symbol",
"farm","225","seed","ui/allcrops/Crop_225_Seed.swf","82a3d6a0a8045a37ded970ca876b15e92f9928c2d0a8f0de791c3b2da26bdb4b","Crop_225_Seed","5","5","root-symbol","1","0","-20,-24,1150,1090","59","56","apps/web/public/assets/manor/v7-runtime/crops/225/seed.png","b73bb0978148385329f79fed997fa4c996655253ed43744a34134148a083b3ad","exported-root-symbol",
"farm","225","sprout","ui/allcrops/Crop_225_0.swf","52db3aecc0a53546bff873d739cfbce9d73a7bde4c46b563f0bb834e578f85c2","Crop_225_0","3","3","root-symbol","1","0","1498,670,2360,1047","44","19","apps/web/public/assets/manor/v7-runtime/crops/225/sprout.png","ee3fbd29458f78864b327efc10b4395f26841a23cbdeff6cd7b6b34f80f36828","exported-root-symbol",
"farm","225","young","ui/allcrops/Crop_225_1.swf","43567d6b61c0a40ecabec7d77598f4446534eb13c23f51e5db1f18f48046280b","Crop_225_1","7","7","root-symbol","1","0","1568,-76,2214,1048","33","57","apps/web/public/assets/manor/v7-runtime/crops/225/young.png","dfc2576c51f4930e8fddb8e9d25c147987bf663401ecf671fbbe8cf300b358a5","exported-root-symbol",
"farm","225","growing","ui/allcrops/Crop_225_2.swf","8b154e1a648a9af4f2dc50c4a546631de573501e8c88877efed9da47df998b62","Crop_225_2","11","11","root-symbol","1","0","1370,-667,2335,1077","49","88","apps/web/public/assets/manor/v7-runtime/crops/225/growing.png","73829a2a83b302ffe70fa3f53f5d380951f0167e8651616b57944a24c0c4a9f3","exported-root-symbol",
"farm","225","mature","ui/allcrops/Crop_225_3.swf","1ad7f5dc95bb016fee3388dade02fe904c412789218baccf1efcbee859a1f146","Crop_225_3","26","26","root-symbol","1","0","658,-1440,3314,1231","133","134","apps/web/public/assets/manor/v7-runtime/crops/225/mature.png","33bc8851508e5fbdbf1d20e198281d61b6046fe1445bad48db2fc00f87b33183","exported-root-symbol",
"farm","225","withered","ui/allcrops/Crop_225_4.swf","8d76462f050228707ae8ccb0b6bdee8ebcf3bd30bd4d5df2f88df38dd4f1bd59","Crop_225_6","3","3","root-symbol","1","0","743,6,3279,1135","127","57","apps/web/public/assets/manor/v7-runtime/crops/225/withered.png","a4f52468845986fa9a05fdeb3fe2433683550bc42b4da4a5b08ba585a58438a9","exported-root-symbol",
"farm","226","seed","ui/allcrops/Crop_226_Seed.swf","7073449be09f959a59d412eef6b6d2a5b55c60e87d341a16dbef97490792f9f7","Crop_226_Seed","3","3","root-symbol","1","0","14,44,1223,1380","61","67","apps/web/public/assets/manor/v7-runtime/crops/226/seed.png","e603d4578eff47d0d4aecd2bd4927b1b69b1b8e232c9e4cb8c984aa42784e716","exported-root-symbol",
"farm","226","sprout","ui/allcrops/Crop_226_0.swf","8b15b1757d58ab92335c750f8144700c5bc46f4cc44caaf7ecf25feab197c1ad","Crop_226_0","3","3","root-symbol","1","0","1501,638,2363,1015","44","19","apps/web/public/assets/manor/v7-runtime/crops/226/sprout.png","ee3fbd29458f78864b327efc10b4395f26841a23cbdeff6cd7b6b34f80f36828","exported-root-symbol",
"farm","226","young","ui/allcrops/Crop_226_1.swf","8d314b66f3880f669e360c62972022475c2925402eb59524d4999e40a4d7c081","Crop_226_1","7","7","root-symbol","1","0","1372,220,2384,1070","51","43","apps/web/public/assets/manor/v7-runtime/crops/226/young.png","b0af0a5ddea6f9e4521c396185882c8d02189b12f80cfc44d763356beda571bd","exported-root-symbol",
"farm","226","growing","ui/allcrops/Crop_226_2.swf","cd4614c100fb19d898cc2d463013cdcd8f9fadf8f371dd9facd883ad6b4c2de7","Crop_226_2","11","11","root-symbol","1","0","1278,-338,2622,1062","68","70","apps/web/public/assets/manor/v7-runtime/crops/226/growing.png","64685a5e5535a450df6455dd2418db8bc5bdbd3e1bfe73d909bf85185eea418a","exported-root-symbol",
"farm","226","mature","ui/allcrops/Crop_226_3.swf","c994adb52cfb9fffdeadf495a0f0e2f775f51e845c8b1faf1a5d425f7349b62c","Crop_226_3","21","21","root-symbol","1","0","547,-1410,3432,1200","145","131","apps/web/public/assets/manor/v7-runtime/crops/226/mature.png","3cf73abf81cf2859f6aef9fa4ecb7213081e17b1c710f79e0cd9ab47791cf767","exported-root-symbol",
"farm","226","withered","ui/allcrops/Crop_226_4.swf","40fd8a7121046d936a40b3a2055ab3327788996ce9c4b1fd1cafcc7c60bec26b","Crop_226_6","3","3","root-symbol","1","0","764,-56,3300,1073","127","57","apps/web/public/assets/manor/v7-runtime/crops/226/withered.png","a4f52468845986fa9a05fdeb3fe2433683550bc42b4da4a5b08ba585a58438a9","exported-root-symbol",
"farm","227","seed","ui/allcrops/Crop_227_Seed.swf","a2990c2eb73944959331bfb12720d5ea1f67eb00699cc7505544b8bf2498daf0","Crop_227_Seed","8","8","root-symbol","1","0","-20,-20,1191,1178","61","60","apps/web/public/assets/manor/v7-runtime/crops/227/seed.png","ed94c0685cb42ea4a4c2c9a95325fd834bbc3b318828801265a6c97c7bbb3db7","exported-root-symbol",
"farm","227","sprout","ui/allcrops/Crop_227_0.swf","d69102b9e3e4c5881ee97d720b30eb505c0c258f2b9cb8612b34607527ef4427","Crop_227_0","3","3","root-symbol","1","0","1461,645,2323,1022","44","19","apps/web/public/assets/manor/v7-runtime/crops/227/sprout.png","ee3fbd29458f78864b327efc10b4395f26841a23cbdeff6cd7b6b34f80f36828","exported-root-symbol",
"farm","227","young","ui/allcrops/Crop_227_1.swf","b7cea35fbc178bcde6bdc71413dad5290d0ce8c52a0e92b8881fe70e385f775c","Crop_227_1","10","10","root-symbol","1","0","765,18,2918,1481","108","74","apps/web/public/assets/manor/v7-runtime/crops/227/young.png","8a022026b058e490497488d08b9519902852b0426df66642be41d22e10b042be","exported-root-symbol",
"farm","227","growing","ui/allcrops/Crop_227_2.swf","ee4b798a9f06a2133ce9ac5bebcf8e9a257c3e596b99318bcae8ab73b527d9bb","Crop_227_2","10","10","root-symbol","1","0","765,-18,2918,1482","108","75","apps/web/public/assets/manor/v7-runtime/crops/227/growing.png","e51b07f319aec058992aa0f46403db64448528396d30addddbbf8579317bbcdf","exported-root-symbol",
"farm","227","mature","ui/allcrops/Crop_227_3.swf","195ad4d0d8e51cf1b99e7e9c3e9a807913f1379f3cec859988dda34edd9ec9c0","Crop_227_3","21","21","root-symbol","1","0","532,-718,3339,1598","141","116","apps/web/public/assets/manor/v7-runtime/crops/227/mature.png","45e75c5e7566b8884b4c3c8854d998cb15abee51827e427aae4122714028541b","exported-root-symbol",
"farm","227","withered","ui/allcrops/Crop_227_4.swf","52e4691295ae94e4f4cabb3cef38db9f14792d29837c2aa245863ad981bcee5f","Crop_227_6","3","3","root-symbol","1","0","765,-63,3301,1066","127","57","apps/web/public/assets/manor/v7-runtime/crops/227/withered.png","a4f52468845986fa9a05fdeb3fe2433683550bc42b4da4a5b08ba585a58438a9","exported-root-symbol",
"farm","228","seed","ui/allcrops/Crop_228_Seed.swf","32564ea732154210abc8d61d93158e56ca38a5f6c320d4898404bc884323b0d7","Crop_228_Seed","4","4","root-symbol","1","0","57,19,1280,1183","62","59","apps/web/public/assets/manor/v7-runtime/crops/228/seed.png","589b7b6a41eddb04692239ee9b54c2efc95ac3b55db68930df733ffdb86856ac","exported-root-symbol",
"farm","228","sprout","ui/allcrops/Crop_228_0.swf","546b40a2fa682a7d1ba34cc05042ef262ed4e798a4c2530238c3606fce373b9f","Crop_228_0","7","7","root-symbol","1","0","1513,-30,2332,1018","41","53","apps/web/public/assets/manor/v7-runtime/crops/228/sprout.png","66a7bf80e25531533012d5d7d760e2524302b16bdcd34be202e9a3e3c78dee1f","exported-root-symbol",
"farm","228","young","ui/allcrops/Crop_228_1.swf","ce9a7c3a32dab01dbc8330176f46ecc2c308564e0a5f11906882c79b40a05f76","Crop_228_1","9","9","root-symbol","1","0","1276,-292,2586,1083","66","69","apps/web/public/assets/manor/v7-runtime/crops/228/young.png","98213c48d7bb151ed9e6c054ccfd27635868834a5a85f1a9e1f85c4b9a44ff96","exported-root-symbol",
"farm","228","growing","ui/allcrops/Crop_228_2.swf","0e8d19c298857c35f04d8a5cc2623884f6b6a9d667522249f4798bf84d339bcd","Crop_228_2","11","11","root-symbol","1","0","1028,-1374,3014,1165","100","127","apps/web/public/assets/manor/v7-runtime/crops/228/growing.png","5dc6e4bd082ec178efec8d3dd94be3df99f1744995b04c8bdacc737763b0277a","exported-root-symbol",
"farm","228","mature","ui/allcrops/Crop_228_3.swf","b71d49a47d03279e50d13bc9fc73b6b2fc84a217dd88779d643e286b8116c10f","Crop_228_3","19","19","root-symbol","1","0","902,-1375,3073,1165","109","127","apps/web/public/assets/manor/v7-runtime/crops/228/mature.png","a91e7b782eb028a6e28ec1d5012fbb4b68bae3d8709295ad54e59c84d00ea819","exported-root-symbol",
"farm","228","withered","ui/allcrops/Crop_228_4.swf","8128a971cb5b9e3a456d75a313f748449c61b1aca4aa417b6583efeb1dcd649d","Crop_228_6","3","3","root-symbol","1","0","820,-57,3356,1072","127","57","apps/web/public/assets/manor/v7-runtime/crops/228/withered.png","a4f52468845986fa9a05fdeb3fe2433683550bc42b4da4a5b08ba585a58438a9","exported-root-symbol",
"farm","229","seed","ui/allcrops/Crop_229_Seed.swf","16418097b5208b5353543e40cc00461934b612ed773bce71ed7b50dd7ae2a303","Crop_229_Seed","10","10","root-symbol","1","0","-20,19,1203,1194","62","59","apps/web/public/assets/manor/v7-runtime/crops/229/seed.png","ddcac1294aa448fdd7800438ea09086350d92893e4a31bae4dfc1081ac2de386","exported-root-symbol",
"farm","229","sprout","ui/allcrops/Crop_229_0.swf","c8f06d7c9b741c807ec291ad45a7076826020612dcf4aa3d4b4ceb875b5ab426","Crop_229_0","3","3","root-symbol","1","0","1610,564,2472,941","44","19","apps/web/public/assets/manor/v7-runtime/crops/229/sprout.png","ee3fbd29458f78864b327efc10b4395f26841a23cbdeff6cd7b6b34f80f36828","exported-root-symbol",
"farm","229","young","ui/allcrops/Crop_229_1.swf","d84f4429b7148c44ff2b17045c04d15dfe4b574076886935ed0cda09ecd7ae68","Crop_229_1","11","11","root-symbol","1","0","1654,116,2416,982","39","44","apps/web/public/assets/manor/v7-runtime/crops/229/young.png","8410b9e59ec1f9266808d39dbfb04c4cb86aac77c1f828fe7c84d11f8b0c60e6","exported-root-symbol",
"farm","229","growing","ui/allcrops/Crop_229_2.swf","6e21899b6773c64c351757ff1a4ae28de9a2c0144825ba7a1180993534417877","Crop_229_2","12","12","root-symbol","1","0","1370,-245,2706,1193","67","72","apps/web/public/assets/manor/v7-runtime/crops/229/growing.png","7d78b2144ad0b60619e90ec43aeb715306cd3c34e809a1393d97a5f6f60d273a","exported-root-symbol",
"farm","229","mature","ui/allcrops/Crop_229_3.swf","ad6c65909ecd198d78d0a9094f57bbd9d48a72444d0de33ba0dcfe54d2aa2d30","Crop_229_3","21","21","root-symbol","1","0","652,-1169,3292,1581","132","138","apps/web/public/assets/manor/v7-runtime/crops/229/mature.png","f3cc8273909b41f6503b2a929f7b6a7029c4816067c06a5ea6922ba129a04059","exported-root-symbol",
"farm","229","withered","ui/allcrops/Crop_229_4.swf","548c905f0024a527d7f3c1c850fdae264086e2ceb9cca23af3bf102976c59f54","Crop_229_6","3","3","root-symbol","1","0","827,-2,3363,1127","127","57","apps/web/public/assets/manor/v7-runtime/crops/229/withered.png","a4f52468845986fa9a05fdeb3fe2433683550bc42b4da4a5b08ba585a58438a9","exported-root-symbol",
"farm","230","seed","ui/allcrops/Crop_230_Seed.swf","4339cceaa96efa002ceffd5aa1d3389120d789d281beb2032a8347781b59f41e","Crop_230_Seed","6","6","root-symbol","1","0","29,49,1130,1285","56","62","apps/web/public/assets/manor/v7-runtime/crops/230/seed.png","0f242b3af6ee6e8ce3eb9ab8f287b582208d59d83513fb2cc8e2af721bb0320c","exported-root-symbol",
"farm","230","sprout","ui/allcrops/Crop_230_0.swf","ba367d351a5ef7b7e0fbacaee4fa0e66aa04cd0b4e11471ab56e4aa060abfada","Crop_230_0","3","3","root-symbol","1","0","1562,670,2424,1047","44","19","apps/web/public/assets/manor/v7-runtime/crops/230/sprout.png","bbfef630a897a6cc8809143157df50cd95ebf48f1e58ae1389b88b4bde78e747","exported-root-symbol",
"farm","230","young","ui/allcrops/Crop_230_1.swf","411c22920e8965d6c26e161baf54bf07b8baadf89e532ae4f5d2e17144b1c856","Crop_230_1","6","6","root-symbol","1","0","1541,2,2292,1028","38","52","apps/web/public/assets/manor/v7-runtime/crops/230/young.png","2955890237fd05668a050de88180640b6c8ce92618bf71eb20e071b692e59ce6","exported-root-symbol",
"farm","230","growing","ui/allcrops/Crop_230_2.swf","7cdfc88820c347595f81cea22104282c9f5c87286d5c4c1b94fbdd02fbb4cbd3","Crop_230_2","9","9","root-symbol","1","0","1355,-771,2695,1185","67","98","apps/web/public/assets/manor/v7-runtime/crops/230/growing.png","be03a19ad81f77f760ef6e92c1a041c559b786b26147c2219c4e700eebcc4323","exported-root-symbol",
"farm","230","mature","ui/allcrops/Crop_230_3.swf","530cb7a5c5baa81acb4c632642fab613010480acea48edeab90eaa3b634389fc","Crop_230_3","24","24","root-symbol","1","0","609,-1368,3418,1369","141","137","apps/web/public/assets/manor/v7-runtime/crops/230/mature.png","5e99384beeee9a36b615ff0a0eb6330ce82acce743ecb2ad3b1d4ff050748ff9","exported-root-symbol",
"farm","230","withered","ui/allcrops/Crop_230_4.swf","d276b1266a2f0863f93d1f4775a4d05ea67495014d5f356a16051a3d32b43698","Crop_230_6","3","3","root-symbol","1","0","805,-61,3341,1068","127","57","apps/web/public/assets/manor/v7-runtime/crops/230/withered.png","a4f52468845986fa9a05fdeb3fe2433683550bc42b4da4a5b08ba585a58438a9","exported-root-symbol",
"farm","235","seed","ui/allcrops/Crop_235_Seed.swf","523dc36ec53cf768d0f19f10652978a23bed7daf61ea44824a5f51c6bf09632e","Crop_235_Seed","5","5","root-symbol","1","0","-24,-23,1206,1187","62","61","apps/web/public/assets/manor/v7-runtime/crops/235/seed.png","4b14d6045a0ea4bb2d8e2d661a3ff5c5e41c782b7ee2f15001feedc416e41a40","exported-root-symbol",
"farm","235","sprout","ui/allcrops/Crop_235_0.swf","df3182644c59ff0eddf5f179dfbd021991fa6339a5a3279f887d7ed52e74da31","Crop_235_0","3","3","root-symbol","1","0","1542,636,2404,1013","44","19","apps/web/public/assets/manor/v7-runtime/crops/235/sprout.png","12691290202b3d3f97ab24fbf53c06512317cc8f5699be1953ddeba77aa530d6","exported-root-symbol",
"farm","235","young","ui/allcrops/Crop_235_1.swf","8fba572b62335d32550cb80de7cf57732e2de9a7b3d317d9560659811dc8e42e","Crop_235_1","11","11","root-symbol","1","0","1564,33,2321,965","38","47","apps/web/public/assets/manor/v7-runtime/crops/235/young.png","ad4640f6d3bbe9b3f1be317df5f3ebb524654f231cc52a92a88bd358bd2862aa","exported-root-symbol",
"farm","235","growing","ui/allcrops/Crop_235_2.swf","53c2e66b7aae8992c06673f5a762f8ffcbdfa26691084f265c2643ceb980e1dd","Crop_235_2","11","11","root-symbol","1","0","1043,-361,2682,1124","82","75","apps/web/public/assets/manor/v7-runtime/crops/235/growing.png","9c51a7e9f00bff9c9b5c869936560446fc587bacf724242e9a8ad8d240961612","exported-root-symbol",
"farm","235","mature","ui/allcrops/Crop_235_3.swf","420f09a55f101d9eb814c3db376f2d38116863036020872285a60839a0018190","Crop_235_3","18","18","root-symbol","1","0","664,-1926,3178,1155","126","155","apps/web/public/assets/manor/v7-runtime/crops/235/mature.png","e1e1aacfc6ff17e1370b9528e5cf75c97a88fa9a6d1e294448d99d2040184729","exported-root-symbol",
"farm","235","withered","ui/allcrops/Crop_235_4.swf","3ea3c748b068b0dfad6aa9257a43a6ee23fe1ec0317ed3f865396e7b2eaf2735","Crop_235_6","3","3","root-symbol","1","0","802,-20,3338,1109","127","57","apps/web/public/assets/manor/v7-runtime/crops/235/withered.png","a4f52468845986fa9a05fdeb3fe2433683550bc42b4da4a5b08ba585a58438a9","exported-root-symbol",
"farm","242","seed","ui/allcrops/Crop_242_Seed.swf","710612b3afbfe69f37fa3369b0df2d836cb476814c417184325c0e9ddbefb92b","Crop_242_Seed","8","8","root-symbol","1","0","31,109,1207,1197","59","55","apps/web/public/assets/manor/v7-runtime/crops/242/seed.png","ef09176db79301f3aef0fc9af18bd3cc7e8f017fb208dd5bc72b62e886e11297","exported-root-symbol",
"farm","242","sprout","ui/allcrops/Crop_242_0.swf","ad44e1bdae5f5a5853b7d962d8c2e4c2ea07113e9c1ccec36268e1ae40a90179","Crop_242_0","3","3","root-symbol","1","0","1487,664,2349,1041","44","19","apps/web/public/assets/manor/v7-runtime/crops/242/sprout.png","ee3fbd29458f78864b327efc10b4395f26841a23cbdeff6cd7b6b34f80f36828","exported-root-symbol",
"farm","242","young","ui/allcrops/Crop_242_1.swf","8656b99459c7a50299c96eb1529a08af769e970d82dfa380c6ce6d4e4389cd9a","Crop_242_1","7","7","root-symbol","1","0","1543,159,2175,1033","32","44","apps/web/public/assets/manor/v7-runtime/crops/242/young.png","ad64d8a65a7a04275e4a29b18db0f6cac45aedb642965769092665f992790afd","exported-root-symbol",
"farm","242","growing","ui/allcrops/Crop_242_2.swf","8a80d1df8585bb71f61e4ddedb0ff41b8acc4fc2317a98c1bb60a107ce1e475e","Crop_242_2","8","8","root-symbol","1","0","1367,-496,2560,1069","60","79","apps/web/public/assets/manor/v7-runtime/crops/242/growing.png","089287228b0968695185fb2e59c7adc8097e8406fc650c81f5e2b16bce05d641","exported-root-symbol",
"farm","242","mature","ui/allcrops/Crop_242_3.swf","a376fe38f712436f426e01e06e866b2855136c042e75abafbefbd30dbf77a8b0","Crop_242_3","27","27","root-symbol","1","0","617,-1430,3320,1223","136","133","apps/web/public/assets/manor/v7-runtime/crops/242/mature.png","210a256498eb2f09360dad8b55f9a976ca9c2be25196cc37765365c90d6d965d","exported-root-symbol",
"farm","242","withered","ui/allcrops/Crop_242_4.swf","094c7ccf2c7ff7974fed31dd317eea09f5bcff4062e5e3134af437b5d6a13a2c","Crop_242_6","3","3","root-symbol","1","0","779,-29,3315,1100","127","57","apps/web/public/assets/manor/v7-runtime/crops/242/withered.png","a4f52468845986fa9a05fdeb3fe2433683550bc42b4da4a5b08ba585a58438a9","exported-root-symbol",
"farm","243","seed","ui/allcrops/Crop_243_Seed.swf","650b563cae9761ec52959bf38b45085a86451d6b1066f18fe1b11557d935e880","Crop_243_Seed","7","7","root-symbol","1","0","12,37,1168,1182","58","58","apps/web/public/assets/manor/v7-runtime/crops/243/seed.png","98460371bb706a99d1f57790d9fa123e6a6dcce4fbe705433df9309c0f77b17a","exported-root-symbol",
"farm","243","sprout","ui/allcrops/Crop_243_0.swf","d8df34223043ec1fb944c8ca472ef95fca73232d1ed98532a3ebd399158043a2","Crop_243_0","3","3","root-symbol","1","0","1505,691,2367,1068","44","19","apps/web/public/assets/manor/v7-runtime/crops/243/sprout.png","ee3fbd29458f78864b327efc10b4395f26841a23cbdeff6cd7b6b34f80f36828","exported-root-symbol",
"farm","243","young","ui/allcrops/Crop_243_1.swf","461215defe86fa2bc15812f893c936092b9474abbc8d399317e3f651f25ae4bf","Crop_243_1","7","7","root-symbol","1","0","1657,337,2141,1010","25","34","apps/web/public/assets/manor/v7-runtime/crops/243/young.png","15fe3df8ce0907f26a908460ed641fabc077f4e8c6f57f1c48fd46ccc5fa2c05","exported-root-symbol",
"farm","243","growing","ui/allcrops/Crop_243_2.swf","66e9b27940c5ff9472f9e09e563b25ad92e7488792e158a9e0980c2de62cabcd","Crop_243_2","9","9","root-symbol","1","0","1409,-229,2490,1040","55","64","apps/web/public/assets/manor/v7-runtime/crops/243/growing.png","06c137ab12e5c4068cd1b4a9216d3820680466cc5c162685e982ef60c03b75b6","exported-root-symbol",
"farm","243","mature","ui/allcrops/Crop_243_3.swf","cd1613770e0143e80eed693edd9dec885262ccd86e3591507b073f93f9d928ea","Crop_243_3","23","23","root-symbol","1","0","565,-1501,3317,1182","138","135","apps/web/public/assets/manor/v7-runtime/crops/243/mature.png","c0705bad8f5ef07c05866a38663b5426af9c7baafe54ae2f6dcfb2313c0688d1","exported-root-symbol",
"farm","243","withered","ui/allcrops/Crop_243_4.swf","3d8ff78f6ab42f0e1e0cc8e4737f116b220c49d73f7e3561435c8aa1a55555a9","Crop_243_6","3","3","root-symbol","1","0","735,50,3271,1179","127","57","apps/web/public/assets/manor/v7-runtime/crops/243/withered.png","a4f52468845986fa9a05fdeb3fe2433683550bc42b4da4a5b08ba585a58438a9","exported-root-symbol",
"farm","244","seed","ui/allcrops/Crop_244_Seed.swf","9c689db9c350c675b2559fde273372ec214291975f5a09e5085bb3cab6008d64","Crop_244_Seed","7","7","root-symbol","1","0","-23,-6,1235,1240","63","63","apps/web/public/assets/manor/v7-runtime/crops/244/seed.png","bc59be819eebb8c93ed8b6717720291cacd8dc376827c4c29f6f209fce96a0d8","exported-root-symbol",
"farm","244","sprout","ui/allcrops/Crop_244_0.swf","d283ae7d2b68af94fa199ed56dccfb460fe865696de6b358e6d58462f41c3540","Crop_244_0","3","3","root-symbol","1","0","1518,655,2380,1032","44","19","apps/web/public/assets/manor/v7-runtime/crops/244/sprout.png","12691290202b3d3f97ab24fbf53c06512317cc8f5699be1953ddeba77aa530d6","exported-root-symbol",
"farm","244","young","ui/allcrops/Crop_244_1.swf","fc462af835f2219df7f4f92e3b8a72c5c8b123fdbc0b3f6d59a9491d39ff6ab4","Crop_244_1","5","5","root-symbol","1","0","1636,360,2158,973","27","31","apps/web/public/assets/manor/v7-runtime/crops/244/young.png","20f2fd33e4312b17f604710434ad86605e97b17fdb4e75ca11d626eda5f1a86f","exported-root-symbol",
"farm","244","growing","ui/allcrops/Crop_244_2.swf","274dee859a5ee9831199748b5f5f618719416956aa08278e01b55ef6f1b9b6f1","Crop_244_2","19","19","root-symbol","1","0","1275,-123,2464,1068","60","60","apps/web/public/assets/manor/v7-runtime/crops/244/growing.png","7c7e5441717b8be0fd4268f574e535f23b9e22963e0ebeaebcb98507ad9faf70","exported-root-symbol",
"farm","244","mature","ui/allcrops/Crop_244_3.swf","072eb3fe44733d9f2320de3228ba99ae4ff4ed04a6fb9eb97453c4989f0b0c0c","Crop_244_3","34","34","root-symbol","1","0","460,-1262,3300,1166","142","122","apps/web/public/assets/manor/v7-runtime/crops/244/mature.png","56bc2796c9efee7141525fcc78d2c4da114d693006acd1451d831e9356dcf064","exported-root-symbol",
"farm","244","withered","ui/allcrops/Crop_244_4.swf","d0e48a4651b4c51e4754c2e248cfd917665b1920f849f7104776336e698ac204","Crop_244_6","3","3","root-symbol","1","0","807,-59,3343,1070","127","57","apps/web/public/assets/manor/v7-runtime/crops/244/withered.png","a4f52468845986fa9a05fdeb3fe2433683550bc42b4da4a5b08ba585a58438a9","exported-root-symbol",
"farm","246","seed","ui/allcrops/Crop_246_Seed.swf","20bdacf1e6ef03a6fa5579739fb9a6b6e753a29d003b5f78cd1ce3cccc9b9cf8","Crop_246_Seed","10","10","root-symbol","1","0","17,10,1382,1267","69","63","apps/web/public/assets/manor/v7-runtime/crops/246/seed.png","4bc7aedaea77ebba9d0f95801f98db9f7eff641d25683ebd5abc46a437aa37c3","exported-root-symbol",
"farm","246","sprout","ui/allcrops/Crop_246_0.swf","d741a780a5c325e7fb7325547216e087fc0c2cd79b1c2df9f33048001282038c","Crop_246_0","3","3","root-symbol","1","0","1518,655,2380,1032","44","19","apps/web/public/assets/manor/v7-runtime/crops/246/sprout.png","12691290202b3d3f97ab24fbf53c06512317cc8f5699be1953ddeba77aa530d6","exported-root-symbol",
"farm","246","young","ui/allcrops/Crop_246_1.swf","2962677ac06f26fad6df1eb33d14d49f323721c143c2e293c49417f5e339eea6","Crop_246_1","8","8","root-symbol","1","0","1686,361,2228,966","28","31","apps/web/public/assets/manor/v7-runtime/crops/246/young.png","3d644aecf740400382a9f48ed98f920260901339605958f5967a56cc9d6f86af","exported-root-symbol",
"farm","246","growing","ui/allcrops/Crop_246_2.swf","0f03bb12381e80398afd5e84542666a0a65eccabe8187765e9a6a931b98e340c","Crop_246_2","11","11","root-symbol","1","0","1369,-103,2508,1017","57","56","apps/web/public/assets/manor/v7-runtime/crops/246/growing.png","2ce2091efaadb146b174b4f82ec9bddae5860aa0a2fbb774083e3ae20d0f1732","exported-root-symbol",
"farm","246","mature","ui/allcrops/Crop_246_3.swf","4a7b6c2e6c24d9fd2ea78a3ba35015813771403187a20d927cc31ac72e40cd24","Crop_246_3","29","29","root-symbol","1","0","490,-1629,3451,1114","149","138","apps/web/public/assets/manor/v7-runtime/crops/246/mature.png","555b7f29037780386cee460ebcb6ee13335fe4a8ef3ce5b0dcace95c2e3c1db4","exported-root-symbol",
"farm","246","withered","ui/allcrops/Crop_246_4.swf","c4050ca3561411903db3b0840ad351695ed193f02849dcbc477924f6f69532e3","Crop_246_6","3","3","root-symbol","1","0","807,-59,3343,1070","127","57","apps/web/public/assets/manor/v7-runtime/crops/246/withered.png","a4f52468845986fa9a05fdeb3fe2433683550bc42b4da4a5b08ba585a58438a9","exported-root-symbol",
"farm","247","seed","ui/allcrops/Crop_247_Seed.swf","df840a5d602f842a832ac93dacd2b6cff9aee56ba00090e40d44db465155c9d2","Crop_247_Seed","23","23","root-symbol","1","0","-234,35,1667,1868","96","92","apps/web/public/assets/manor/v7-runtime/crops/247/seed.png","91d6e89fee7c1b78ab137819f892c837e4e30f861721a9b85df2289afbf97622","exported-root-symbol",
"farm","247","sprout","ui/allcrops/Crop_247_0.swf","189651bde92d55acf2c1def177299758375842814b1661348ef0733ce66b5191","Crop_247_0","3","3","root-symbol","1","0","1518,655,2380,1032","44","19","apps/web/public/assets/manor/v7-runtime/crops/247/sprout.png","12691290202b3d3f97ab24fbf53c06512317cc8f5699be1953ddeba77aa530d6","exported-root-symbol",
"farm","247","young","ui/allcrops/Crop_247_1.swf","54607251ca8d5af66322ff3c7d2ff414c845adf449336ae34f279d865c5f9de4","Crop_247_1","8","8","root-symbol","1","0","1619,412,2239,1032","31","31","apps/web/public/assets/manor/v7-runtime/crops/247/young.png","58eaeb167a0767aed9cb13a259de070f48756ba4bb119d71fdc0c124967279ce","exported-root-symbol",
"farm","247","growing","ui/allcrops/Crop_247_2.swf","6de0f83cc3d250121c67ff8d63216bd6250e80a37364897153aec0cbe69cf5d4","Crop_247_2","11","11","root-symbol","1","0","1223,-361,2608,1024","70","70","apps/web/public/assets/manor/v7-runtime/crops/247/growing.png","9defc021835e0921541a2caa6f7586473a7d7c5eb6d4e7ee41fe98c851f4aff8","exported-root-symbol",
"farm","247","mature","ui/allcrops/Crop_247_3.swf","c7590f5718b7fab83ca8aee82022f80363b9faa4dd14c483920ca4c3fc7bf223","Crop_247_3","44","44","root-symbol","1","0","105,-1730,3371,1455","164","160","apps/web/public/assets/manor/v7-runtime/crops/247/mature.png","254c023129f2697b5713a7023977eca738394beed31ae445c2df4738d5734467","exported-root-symbol",
"farm","247","withered","ui/allcrops/Crop_247_4.swf","ceed3c6a74737185d22fc9e50e2166a3898c2974cd5cccdcf0a02a8fef3e2e11","Crop_247_6","3","3","root-symbol","1","0","807,-59,3343,1070","127","57","apps/web/public/assets/manor/v7-runtime/crops/247/withered.png","a4f52468845986fa9a05fdeb3fe2433683550bc42b4da4a5b08ba585a58438a9","exported-root-symbol",
"farm","249","seed","ui/allcrops/Crop_249_Seed.swf","fb2862f876338cead2b5f1d80b15384a5d86cfaa87e148b3506ec4af35c740a4","Crop_249_Seed","11","11","root-symbol","1","0","139,38,1274,1198","57","58","apps/web/public/assets/manor/v7-runtime/crops/249/seed.png","36be998a1a9bd9c3ae49254a467ad8ef17cc0f9c610bc6c167c942b68c250253","exported-root-symbol",
"farm","249","sprout","ui/allcrops/Crop_249_0.swf","902cb02bb5293f7d6a4a445290a52bd906af01d86b91ebe142b628a2c201b924","Crop_249_0","3","3","root-symbol","1","0","1579,645,2441,1022","44","19","apps/web/public/assets/manor/v7-runtime/crops/249/sprout.png","ee3fbd29458f78864b327efc10b4395f26841a23cbdeff6cd7b6b34f80f36828","exported-root-symbol",
"farm","249","young","ui/allcrops/Crop_249_1.swf","7e5c884ec1e715886182b4771bd14b9e5264c98cf2781b0b39d65d339ede4db0","Crop_249_1","9","9","root-symbol","1","0","1698,343,2220,934","27","30","apps/web/public/assets/manor/v7-runtime/crops/249/young.png","bc8ad3b26cf1d6fc98042c6a3bdbd61ba171459331ab82466f889ad8ace3fc2f","exported-root-symbol",
"farm","249","growing","ui/allcrops/Crop_249_2.swf","e0c6d372589fd0dcccd8183f1fbe076c432458f702a5135d8c4e2e2576fdd9e4","Crop_249_2","11","11","root-symbol","1","0","1438,-98,2586,1004","58","56","apps/web/public/assets/manor/v7-runtime/crops/249/growing.png","1cbedd887409e2b8311c10f7ef41c125c94485f2d82bdc195ebfb2a58fa9998f","exported-root-symbol",
"farm","249","mature","ui/allcrops/Crop_249_3.swf","83c2268a4b381e18295e12c4d59ea9e49e80c74b1f74476996db6dad6798133d","Crop_249_3","22","22","root-symbol","1","0","548,-1536,3321,1204","139","137","apps/web/public/assets/manor/v7-runtime/crops/249/mature.png","b88d9532f3a7ca4a96d04ace1ceda43df3f420cf243a964e4704ef60d2bf88a5","exported-root-symbol",
"farm","249","withered","ui/allcrops/Crop_249_4.swf","170ec666c3b9190aecff00ebaf8f9af62a44df3c32f49a0a07716b7b979c94cf","Crop_249_6","3","3","root-symbol","1","0","763,-74,3299,1055","127","57","apps/web/public/assets/manor/v7-runtime/crops/249/withered.png","a4f52468845986fa9a05fdeb3fe2433683550bc42b4da4a5b08ba585a58438a9","exported-root-symbol",
"farm","251","seed","ui/allcrops/Crop_251_Seed.swf","25eaf272738bd0e04c284871272bb6c4e7757f14b49a8ba264055c0bc7ed1caa","Crop_251_Seed","4","4","root-symbol","1","0","2,-108,1238,1229","62","67","apps/web/public/assets/manor/v7-runtime/crops/251/seed.png","d2650c5a8e65eeeed4459c5d34f06bdbf789e1f651323d041beef403b81e205f","exported-root-symbol",
"farm","251","sprout","ui/allcrops/Crop_251_0.swf","11b8763fe828792333e46e3e38159971faac6421da5eaea8776f14f9b6194c6b","Crop_251_0","3","3","root-symbol","1","0","1518,655,2380,1032","44","19","apps/web/public/assets/manor/v7-runtime/crops/251/sprout.png","12691290202b3d3f97ab24fbf53c06512317cc8f5699be1953ddeba77aa530d6","exported-root-symbol",
"farm","251","young","ui/allcrops/Crop_251_1.swf","4f0593af6241fa582c5db9dc742b7b3b03c04e2799e4fcdcccee9a93b7158c42","Crop_251_1","9","9","root-symbol","1","0","1619,514,2363,977","38","24","apps/web/public/assets/manor/v7-runtime/crops/251/young.png","401042737c696eaef2e0e72ef5cce07be5443726fc72c2662ba20aa0ca4866b7","exported-root-symbol",
"farm","251","growing","ui/allcrops/Crop_251_2.swf","0248c904313e4caf57fd86d87cd77b069558b689ab3f8455861dfa06dcb6aa62","Crop_251_2","9","9","root-symbol","1","0","1285,29,2659,1072","69","53","apps/web/public/assets/manor/v7-runtime/crops/251/growing.png","6887d42ef3239c41fd7c1e60336027e3b08209af4d5fc54112749f76cb3d2a87","exported-root-symbol",
"farm","251","mature","ui/allcrops/Crop_251_3.swf","0299a1e6d4d1faed451bb7abe231efdc6242c97bd4ec41c18c8f437abb34f113","Crop_251_3","20","20","root-symbol","1","0","653,-1894,3227,1191","129","155","apps/web/public/assets/manor/v7-runtime/crops/251/mature.png","2fbe81d9008b297153b050a0196ae21e1ef22de34efd06f32e22cfcb36491910","exported-root-symbol",
"farm","251","withered","ui/allcrops/Crop_251_4.swf","075ced7fe48d0e111a77e1b2e8c6244c72b28a5a5f946f612fadfa1b03a18361","Crop_251_6","3","3","root-symbol","1","0","807,-59,3343,1070","127","57","apps/web/public/assets/manor/v7-runtime/crops/251/withered.png","a4f52468845986fa9a05fdeb3fe2433683550bc42b4da4a5b08ba585a58438a9","exported-root-symbol",
"farm","264","seed","ui/allcrops/Crop_264_Seed.swf","f3cbdb79f16760ade41d9848e8176630107d5e1280977bce4584fcda50cc3083","Crop_264_Seed","7","7","root-symbol","1","0","-20,-21,1220,1212","62","62","apps/web/public/assets/manor/v7-runtime/crops/264/seed.png","8f721bfbf3406afbe8d83ff3cacb91e97cc4ee9df401b15c018e837288a568e5","exported-root-symbol",
"farm","264","sprout","ui/allcrops/Crop_264_0.swf","d223d5e51ff306d4d7b63d21ed2125ef972334260ba5d733cfb1ccecc4b2eeb8","Crop_264_0","3","3","root-symbol","1","0","1524,613,2386,990","44","19","apps/web/public/assets/manor/v7-runtime/crops/264/sprout.png","a54252c835d36bf31202e5f99d711b2dde6e014b19bb1f7b88df186dbdab6841","exported-root-symbol",
"farm","264","young","ui/allcrops/Crop_264_1.swf","59d9cce8e68c18ffbf61a98a2ffc12fa59ca572f216f9f242d60c1be756b2941","Crop_264_1","7","7","root-symbol","1","0","1590,20,2203,927","31","46","apps/web/public/assets/manor/v7-runtime/crops/264/young.png","02f1383a241345f8d7d8c2fab894e10c5e8e1201a6d0e9fe724bd3acbf76f0bc","exported-root-symbol",
"farm","264","growing","ui/allcrops/Crop_264_2.swf","923688530ba02324ef2541e2898514624094458a9ef98e06994e194a045631e1","Crop_264_2","8","8","root-symbol","1","0","1345,-728,2343,974","50","86","apps/web/public/assets/manor/v7-runtime/crops/264/growing.png","5e41fcd1c60986d8aa014f781fe08d73268d0a1c97a58a8e0f165c65e733a9f5","exported-root-symbol",
"farm","264","mature","ui/allcrops/Crop_264_3.swf","2a046997c01c98e6fb7b2869e09d6ed4c58e3ae3d896943bf36d13c11977a9cc","Crop_264_3","22","21","last-visible-child","1","0","-1112,-1371,1046,1386","108","138","apps/web/public/assets/manor/v7-runtime/crops/264/mature.png","f9463dc43ad698b8f67f2db333b024ea65a15775972a448e4b8ea5a2ccd8ad48","exported-root-symbol",
"farm","264","withered","ui/allcrops/Crop_264_4.swf","fb7195d65e635d05862d07cb665feb2794b8025979e1a2602537e159d3118278","Crop_264_6","3","3","root-symbol","1","0","755,-106,3301,1024","128","57","apps/web/public/assets/manor/v7-runtime/crops/264/withered.png","e4cae434752cfa7320850526519e442366b914bd04c1f33519af2e4a93c6959c","exported-root-symbol",
"farm","267","seed","ui/allcrops/Crop_267_Seed.swf","837997382ea1bd994b70de4b308ac4af479aa3c820de8f7d2afe0372c0da0f47","Crop_267_Seed","10","10","root-symbol","1","0","-20,-19,1177,1192","60","61","apps/web/public/assets/manor/v7-runtime/crops/267/seed.png","b7b046a0d8a877a2cbdf344d66715192e34d43699ee95e440fbe78dcc95cd731","exported-root-symbol",
"farm","267","sprout","ui/allcrops/Crop_267_0.swf","40f1970b62bfa8939dd116c7e386ea5e263dfa0833dad4fb1a304fa9de7fac26","Crop_267_0","3","3","root-symbol","1","0","1547,650,2409,1027","44","19","apps/web/public/assets/manor/v7-runtime/crops/267/sprout.png","a54252c835d36bf31202e5f99d711b2dde6e014b19bb1f7b88df186dbdab6841","exported-root-symbol",
"farm","267","young","ui/allcrops/Crop_267_1.swf","0af30f262c910316d2544762327ba4e25967b900471960a4cad4d33fa2315167","Crop_267_1","5","5","root-symbol","1","0","1621,374,2263,1020","33","33","apps/web/public/assets/manor/v7-runtime/crops/267/young.png","63656c4299ae463b642981b252cb81818b33f861edca6feda0a1fb1d8732df86","exported-root-symbol",
"farm","267","growing","ui/allcrops/Crop_267_2.swf","3c97341735f2a79c6a299c6b3d13c9233147303cca5e3ac64ae6232a0eeb734d","Crop_267_2","7","7","root-symbol","1","0","1477,-11,2423,1090","48","56","apps/web/public/assets/manor/v7-runtime/crops/267/growing.png","1606412eda0dcdc2a1cfddc268f6b4333de665c923b57d132dfc92313b5f7860","exported-root-symbol",
"farm","267","mature","ui/allcrops/Crop_267_3.swf","d6bb6c088c5be782b7af329beb73daa44bb13af3c7e13501cef639d38924319b","Crop_267_3","27","26","last-visible-child","1","0","-1016,-1368,1017,1370","102","137","apps/web/public/assets/manor/v7-runtime/crops/267/mature.png","dbf03b57455a761acdacbc3d77772517a45bf5176f7bad0c6444635e23e7e7e4","exported-root-symbol",
"farm","267","withered","ui/allcrops/Crop_267_4.swf","e3a520d1a71b47ba76face66adc76323624320fd48c2705f739e930eb09a1b3f","Crop_267_6","3","3","root-symbol","1","0","800,-91,3346,1039","128","57","apps/web/public/assets/manor/v7-runtime/crops/267/withered.png","e4cae434752cfa7320850526519e442366b914bd04c1f33519af2e4a93c6959c","exported-root-symbol",
"farm","269","seed","ui/allcrops/Crop_269_Seed.swf","db99b835c5477124d70f7ca238320dabc3100e8d16303f671e4728cfc692a25b","Crop_269_Seed","5","5","root-symbol","1","0","-18,-20,1166,1200","60","61","apps/web/public/assets/manor/v7-runtime/crops/269/seed.png","2834be3e76f152e5ea7b3424ac84d53142a526f8c025737af463252ef913aea9","exported-root-symbol",
"farm","269","sprout","ui/allcrops/Crop_269_0.swf","7fb4cbe63c6de05fbc9cdf092d6ad3343095d951988cfafc8d12bbf33fc66507","Crop_269_0","3","3","root-symbol","1","0","1552,602,2414,979","44","19","apps/web/public/assets/manor/v7-runtime/crops/269/sprout.png","a54252c835d36bf31202e5f99d711b2dde6e014b19bb1f7b88df186dbdab6841","exported-root-symbol",
"farm","269","young","ui/allcrops/Crop_269_1.swf","45c4994de01f0d5f2e871b3960cfeead639452f5c0fdaede86196fc2061f31ff","Crop_269_1","9","9","root-symbol","1","0","1597,99,2356,959","38","43","apps/web/public/assets/manor/v7-runtime/crops/269/young.png","1e3d5e9513ff72238855d03740a6d6f95cf9966397e15a6610d6820f579a0922","exported-root-symbol",
"farm","269","growing","ui/allcrops/Crop_269_2.swf","1b1530e539eace373d5ac96a38311abcbf73450e287ac2f7d859a83c8cf57eec","Crop_269_2","9","9","root-symbol","1","0","1347,-304,2589,1097","63","71","apps/web/public/assets/manor/v7-runtime/crops/269/growing.png","fcdc67ae4b53508c69aa15b4492bbfa311ebd040ea33cb6bb175309b3185223a","exported-root-symbol",
"farm","269","mature","ui/allcrops/Crop_269_3.swf","966676053176a3ebd5aac1a7f3ea9d099fe50adeed19530c11c87091dad0c804","Crop_269_3","25","24","last-visible-child","1","0","-1420,-1323,1186,1325","131","133","apps/web/public/assets/manor/v7-runtime/crops/269/mature.png","a485cecb47739e78b6c917b05f87742c786a91ec385aa6639be2684ba544baa6","exported-root-symbol",
"farm","269","withered","ui/allcrops/Crop_269_4.swf","dc7427a27c9643585bd0e7c363e2d91903aca69cfb3da75e66ccff3fbb41421d","Crop_269_6","3","3","root-symbol","1","0","788,1,3334,1131","128","57","apps/web/public/assets/manor/v7-runtime/crops/269/withered.png","e4cae434752cfa7320850526519e442366b914bd04c1f33519af2e4a93c6959c","exported-root-symbol",
"farm","301","seed","ui/allcrops/Crop_301_Seed.swf","fe9f2525e923c56b1f4cd740b8f094e84aa5427197623814f196b573b9051df9","Crop_301_Seed","5","5","root-symbol","1","0","94,54,1172,1072","54","51","apps/web/public/assets/manor/v7-runtime/crops/301/seed.png","1b540e2a6943c1d75a7f6492f3591d18ef0806f26c822b468846d72f08528ffe","exported-root-symbol",
"farm","301","sprout","ui/allcrops/Crop_301_0.swf","d42dc5f63632aad94da05c60a8234774fe18d859187540a88b0e35681a5d006e","Crop_301_0","3","3","root-symbol","1","0","1512,636,2374,1013","44","19","apps/web/public/assets/manor/v7-runtime/crops/301/sprout.png","12691290202b3d3f97ab24fbf53c06512317cc8f5699be1953ddeba77aa530d6","exported-root-symbol",
"farm","301","young","ui/allcrops/Crop_301_1.swf","f4ef7ecac12bf3881348eb218e783f460e3fa473197b4b2e9d6b27e00baa8039","Crop_301_1","8","8","root-symbol","1","0","1450,-3,2436,1014","50","51","apps/web/public/assets/manor/v7-runtime/crops/301/young.png","61591d86f7c5996b45582fb40ab0ae3b8f75c67102a6e22bc0608176c9d0471f","exported-root-symbol",
"farm","301","growing","ui/allcrops/Crop_301_2.swf","cbd9876b67d4d3d576642358971d14715bb8252a2e2beabc17a6e02d970858b1","Crop_301_2","10","10","root-symbol","1","0","1269,-832,2723,1086","73","96","apps/web/public/assets/manor/v7-runtime/crops/301/growing.png","52cc64f186a443ae56845aab48a8511f543ca08f637909a930e457b7a9b5d714","exported-root-symbol",
"farm","301","mature","ui/allcrops/Crop_301_3.swf","c4b6ee5958364fb17d187c1bd31782a5f94b92f9b7cc8cd1e4426367f9c021f6","Crop_301_3","20","20","root-symbol","1","0","496,-1487,2913,1202","121","135","apps/web/public/assets/manor/v7-runtime/crops/301/mature.png","6dfe62f13e88da53ae05ebdacb039dee52c17d2105a012d6ed9924feefc591b9","exported-root-symbol",
"farm","301","withered","ui/allcrops/Crop_301_4.swf","f853443a5fd3e4eaf4475a5b0d0f6b8d9780a431c618eabc75f2f476cbe9a2e1","Crop_301_6","3","3","root-symbol","1","0","796,-91,3332,1038","127","57","apps/web/public/assets/manor/v7-runtime/crops/301/withered.png","15a03115f6e4ff1b746be687cdb88104df7c9c52266fd98723ca0f123ceea83c","exported-root-symbol",
"farm","302","seed","ui/allcrops/Crop_302_Seed.swf","9f576e36c424b26f27beed9316113e7dab3e0c852b783f6da8aec8aec49a570b","Crop_302_Seed","6","6","root-symbol","1","0","-20,45,1115,1086","57","53","apps/web/public/assets/manor/v7-runtime/crops/302/seed.png","26bf4239c2ccb4120c04bfdf8911494489f91718816fd604a42ec7a278dd0152","exported-root-symbol",
"farm","302","sprout","ui/allcrops/Crop_302_0.swf","2de5013db470251e1a70c2dd2c8041b3d055eeb959622b91eb68c18460a75995","Crop_302_0","6","6","root-symbol","1","0","1702,220,2216,1006","26","40","apps/web/public/assets/manor/v7-runtime/crops/302/sprout.png","245698c361a396c8126d1ce33f5666a0b5f454a737b4d1ef3f7b1dab0d305547","exported-root-symbol",
"farm","302","young","ui/allcrops/Crop_302_1.swf","ed1e0ac78b8ff0182d0f3ef12ce2d63c312eb1df0cf1706235e69262e1c4d1dc","Crop_302_1","9","9","root-symbol","1","0","1576,-193,2572,1037","50","62","apps/web/public/assets/manor/v7-runtime/crops/302/young.png","fb65de8a3726c5bea5f0a76d431f244c0a5562ddc442b5d271e85969021880fc","exported-root-symbol",
"farm","302","growing","ui/allcrops/Crop_302_2.swf","55f14830db287a5b78b52d20a2a2d8eaa97425043e067e1bdb76aeb609044587","Crop_302_2","9","9","root-symbol","1","0","1276,-608,2642,1118","69","87","apps/web/public/assets/manor/v7-runtime/crops/302/growing.png","cf11198b6df4c5b6c64379250f7c8d3f8301701e8019aa4cf562a727d9d569d3","exported-root-symbol",
"farm","302","mature","ui/allcrops/Crop_302_3.swf","e83d384fd12a5eb7b4ff18dc0928be1adccce13330eb3c2fc812af18b8644504","Crop_302_3","11","11","root-symbol","1","0","667,-1250,3421,1203","138","123","apps/web/public/assets/manor/v7-runtime/crops/302/mature.png","b9faf438423ac14ee8d15edbcb23f9a64713e9a7308a827a4378a66984a83315","exported-root-symbol",
"farm","302","withered","ui/allcrops/Crop_302_4.swf","2e286234e107662d574b5a7b6601ae345bff5a26ce09e1137bbda961f82e2f6e","Crop_302_6","3","3","root-symbol","1","0","851,-23,3387,1106","127","57","apps/web/public/assets/manor/v7-runtime/crops/302/withered.png","15a03115f6e4ff1b746be687cdb88104df7c9c52266fd98723ca0f123ceea83c","exported-root-symbol",
"farm","303","seed","ui/allcrops/Crop_303_Seed.swf","7cb9378305252f0aafbf59bc9f216710f3eb0b2c18c488e26cb06abd7ed33633","Crop_303_Seed","5","5","root-symbol","1","0","-18,16,1036,1128","53","56","apps/web/public/assets/manor/v7-runtime/crops/303/seed.png","6a79742fe76e1b8b27c7893cfbe2254d69cb15a86207924d788daf69dbd77061","exported-root-symbol",
"farm","303","sprout","ui/allcrops/Crop_303_0.swf","70ac70c917c91b8bed6b01f477a22ab45e7f2fe254427040ad63be7232e2e1db","Crop_303_0","3","3","root-symbol","1","0","1563,663,2425,1040","44","19","apps/web/public/assets/manor/v7-runtime/crops/303/sprout.png","ebb53666ca1c02a5670f64d486fbe91a4e396e14a3491fcf1b9a58bd93b1a945","exported-root-symbol",
"farm","303","young","ui/allcrops/Crop_303_1.swf","1099fcea8e2031fede6526f79cbf73bfde4d13643be8ea5491a81f08cf88cbb8","Crop_303_1","6","6","root-symbol","1","0","1649,-146,2285,1002","32","58","apps/web/public/assets/manor/v7-runtime/crops/303/young.png","76bbb8f964d1a21dbc056fbe21b8a471b553039658b4268656b25ff2e2740831","exported-root-symbol",
"farm","303","growing","ui/allcrops/Crop_303_2.swf","3414b02b8e82cde3a5122a876edb376897f9496d04f2a36adcc7a54303cc1b83","Crop_303_2","6","6","root-symbol","1","0","1288,-640,2549,1077","64","86","apps/web/public/assets/manor/v7-runtime/crops/303/growing.png","131eabc6b25ada5990602ca0057c0114ba6997e08af8bf2a153903d76353ec9b","exported-root-symbol",
"farm","303","mature","ui/allcrops/Crop_303_3.swf","e70b31aef68c3708688718032378544c3ee65e09e604c3fb39653ab7d6aeae83","Crop_303_3","17","17","root-symbol","1","0","575,-1448,3173,1230","130","134","apps/web/public/assets/manor/v7-runtime/crops/303/mature.png","f57edcc8207a0776aa1b2ff237eff1183e58e64e3b4eeb67e49c326c4d2ae839","exported-root-symbol",
"farm","303","withered","ui/allcrops/Crop_303_4.swf","9c64be4ebce23571d5195cbc3723d5bfe659bcecdb29e434d7b7027ddd226541","Crop_303_6","3","3","root-symbol","1","0","804,-32,3340,1097","127","57","apps/web/public/assets/manor/v7-runtime/crops/303/withered.png","15a03115f6e4ff1b746be687cdb88104df7c9c52266fd98723ca0f123ceea83c","exported-root-symbol",
"farm","304","seed","ui/allcrops/Crop_304_Seed.swf","5df1a5431232b839b9d680905856258cb62cdfd8c4439038394a3c10dbbec4e5","Crop_304_Seed","5","5","root-symbol","1","0","-20,-20,1000,1067","51","55","apps/web/public/assets/manor/v7-runtime/crops/304/seed.png","bb75acf9e06022edac63d4ff6a2eb4d31702ac15b6b9b5c1fa299a0d734a2c56","exported-root-symbol",
"farm","304","sprout","ui/allcrops/Crop_304_0.swf","430e8ed5bd819c33d1608afb38b0aacaa2c8e22c078d2621bed8d52a492d98fe","Crop_304_0","3","3","root-symbol","1","0","1521,639,2383,1016","44","19","apps/web/public/assets/manor/v7-runtime/crops/304/sprout.png","ebb53666ca1c02a5670f64d486fbe91a4e396e14a3491fcf1b9a58bd93b1a945","exported-root-symbol",
"farm","304","young","ui/allcrops/Crop_304_1.swf","3b42b9246fdceea4b6a6fd1cfd5b8f99b6fac8976e6e832789fc29bd5762cfd2","Crop_304_1","11","11","root-symbol","1","0","1710,391,2166,931","23","27","apps/web/public/assets/manor/v7-runtime/crops/304/young.png","3e0cf754e5ecb537cfab68fc4297a33f56f6a1f7e95fa277e4f341e8d32e9e96","exported-root-symbol",
"farm","304","growing","ui/allcrops/Crop_304_2.swf","c105f8feb3fad829294e9c4a7707fc866ec55f26124d5bd8f190ff8d4ff71973","Crop_304_2","14","14","root-symbol","1","0","1313,-494,2528,1018","61","76","apps/web/public/assets/manor/v7-runtime/crops/304/growing.png","5d7a36bbb9faabab04822c59485e720a0a0cdbdd7bbdf5f6fe82cdefb1d2b919","exported-root-symbol",
"farm","304","mature","ui/allcrops/Crop_304_3.swf","837c42a500f31ef15f1978860d9ea2e40486d0c1a5fa02ffa780e5a4029ce28d","Crop_304_3","30","30","root-symbol","1","0","476,-1409,3305,1109","142","126","apps/web/public/assets/manor/v7-runtime/crops/304/mature.png","e6ed56166950f88986bd40c911c9a89f05110e6ebfeb10ac9cdb0ffe2cf7bfcc","exported-root-symbol",
"farm","304","withered","ui/allcrops/Crop_304_4.swf","ca9b0fed046f619a37338dfdd6f4560c2c9da10946105f6c6683b9ca3abe7457","Crop_304_6","3","3","root-symbol","1","0","793,-101,3329,1028","127","57","apps/web/public/assets/manor/v7-runtime/crops/304/withered.png","15a03115f6e4ff1b746be687cdb88104df7c9c52266fd98723ca0f123ceea83c","exported-root-symbol",
"farm","305","seed","ui/allcrops/Crop_305_Seed.swf","c04faa3731a4eaa8d8351c9859a2ef3bf893e414cc72223fe8233229b510f3f1","Crop_305_Seed","2","2","root-symbol","1","0","208,2,1181,1215","49","61","apps/web/public/assets/manor/v7-runtime/crops/305/seed.png","d27d72414ca3afd1bb414db1299045bcd6b7f9168e64c913b91ad265f0e109ff","exported-root-symbol",
"farm","305","sprout","ui/allcrops/Crop_305_0.swf","18b83f4065cc763731351c0b43a5709553b2e15cac499996c2675a5b9d99020d","Crop_305_0","3","3","root-symbol","1","0","1575,683,2437,1060","44","19","apps/web/public/assets/manor/v7-runtime/crops/305/sprout.png","d0f5dad9e4a5a30891f550d9f775270fadc9b3b9c051f3013d9d2ed082d23c3e","exported-root-symbol",
"farm","305","young","ui/allcrops/Crop_305_1.swf","133d163c420e9b5cb15546c053d29854f2a586d3010d0a323372d4f4515fa912","Crop_305_1","4","4","root-symbol","1","0","1693,238,2326,1022","32","40","apps/web/public/assets/manor/v7-runtime/crops/305/young.png","4f283d2f795bdf2200d56958032e200bbd17b218ec2d3899bcdbc43291104925","exported-root-symbol",
"farm","305","growing","ui/allcrops/Crop_305_2.swf","ff0135260b412137f0850cc6d68b18b5907b6b098d94bed88f06ccdd71486cba","Crop_305_2","4","4","root-symbol","1","0","1647,-515,2444,1046","40","79","apps/web/public/assets/manor/v7-runtime/crops/305/growing.png","7e9982c4e3778a1dfedaa09052b8caa94e8b41865e6cf39d1f69df35b30c3f29","exported-root-symbol",
"farm","305","mature","ui/allcrops/Crop_305_3.swf","d0b82da26dcf9c39fcce80e48bffe152946da90e1c754fd3cf1c671e2652aa18","Crop_305_3","18","18","root-symbol","1","0","519,-1642,3377,1288","143","147","apps/web/public/assets/manor/v7-runtime/crops/305/mature.png","13dc321869e42a3eb720a11498650f55e75c3138354a40bcab816ae4dea56e6f","exported-root-symbol",
"farm","305","withered","ui/allcrops/Crop_305_4.swf","301a3b41cb392289523b3a92efd897426a1cfa390207a0e521c7117c31d6794a","Crop_305_6","3","3","root-symbol","1","0","833,-45,3369,1084","127","57","apps/web/public/assets/manor/v7-runtime/crops/305/withered.png","06b5785e46cdddf16ea57e4e11f9bac39ec5e95bf99832d0932fd893a1b6e884","exported-root-symbol",
"farm","316","seed","ui/allcrops/Crop_316_Seed.swf","540e9d937dbc51587d60b72e5759550a7e0feff33a67cdba8d853452242c5f75","Crop_316_Seed","3","3","root-symbol","1","0","-24,46,989,1033","51","50","apps/web/public/assets/manor/v7-runtime/crops/316/seed.png","3ab006114f9e599924ecc6aa5c0d3498a344733b2a0b903ea70763e1fea245d5","exported-root-symbol",
"farm","316","sprout","ui/allcrops/Crop_316_0.swf","fe458bc7ee225347348e5efcb3d24e204d6ba76b161ad08b8db1bf401a842143","Crop_316_0","3","3","root-symbol","1","0","1530,641,2392,1018","44","19","apps/web/public/assets/manor/v7-runtime/crops/316/sprout.png","ebb53666ca1c02a5670f64d486fbe91a4e396e14a3491fcf1b9a58bd93b1a945","exported-root-symbol",
"farm","316","young","ui/allcrops/Crop_316_1.swf","465ea920abaec9563b0eaa42f43b4459490223032d44d62adbefdaafdc2142b7","Crop_316_1","6","6","root-symbol","1","0","1639,502,2182,942","28","22","apps/web/public/assets/manor/v7-runtime/crops/316/young.png","c41ddb13c2590d4d8c1f9f5592f5feaebe4f195e7dacd1b0b5861a03eb1502a9","exported-root-symbol",
"farm","316","growing","ui/allcrops/Crop_316_2.swf","84a0a229395c251b40fb1d58ca9cbd714c51e6fafa93a3474916027a385f425a","Crop_316_2","5","5","root-symbol","1","0","1571,277,2316,1004","38","37","apps/web/public/assets/manor/v7-runtime/crops/316/growing.png","55c4a5d0ab9be0ac8d3bc43b2bd3aef6e36a8a47c96cbe12d4bb5f4e2a592f84","exported-root-symbol",
"farm","316","mature","ui/allcrops/Crop_316_3.swf","b997bb59e1304be1f22c840ca771b142ef06b41820512391140ba2f5daf8cadc","Crop_316_3","15","15","root-symbol","1","0","1284,-736,2673,1270","70","101","apps/web/public/assets/manor/v7-runtime/crops/316/mature.png","52e0ebfbe9d766833a94d7bdac89422b4e43ee43527b66d87854b6810abea5d8","exported-root-symbol",
"farm","316","withered","ui/allcrops/Crop_316_4.swf","826fba5eb457cfba226a8e4047412c6c0dae1e91970a5fd69965495e4aeb28c7","Crop_316_6","3","3","root-symbol","1","0","819,-75,3355,1054","127","57","apps/web/public/assets/manor/v7-runtime/crops/316/withered.png","a4f52468845986fa9a05fdeb3fe2433683550bc42b4da4a5b08ba585a58438a9","exported-root-symbol",
"farm","317","seed","ui/allcrops/Crop_317_Seed.swf","ccf76cb0595cafda8a7f8583c535fe321dc17c4c3e4f6186fe286279fc7b7350","Crop_317_Seed","3","3","root-symbol","1","0","-18,80,989,1070","51","50","apps/web/public/assets/manor/v7-runtime/crops/317/seed.png","e159dd3c43a09e6d92346b141292c5da499b9f9221d331b18a7fddd076cef1c5","exported-root-symbol",
"farm","317","sprout","ui/allcrops/Crop_317_0.swf","19cbb967dd575724cb3976bbe607061285a708ccf32ba742c9ae6d5d9b730046","Crop_317_0","3","3","root-symbol","1","0","1549,675,2411,1052","44","19","apps/web/public/assets/manor/v7-runtime/crops/317/sprout.png","ebb53666ca1c02a5670f64d486fbe91a4e396e14a3491fcf1b9a58bd93b1a945","exported-root-symbol",
"farm","317","young","ui/allcrops/Crop_317_1.swf","f59ae555d581f4f813cbbfdd9bf13cf2f4ba2a923887a020dfb6ceb075eaddb7","Crop_317_1","6","6","root-symbol","1","0","1610,233,2208,1005","30","39","apps/web/public/assets/manor/v7-runtime/crops/317/young.png","b2141c8e71518930b45022079dc83896a09f765897dd36181f7f88da54062c84","exported-root-symbol",
"farm","317","growing","ui/allcrops/Crop_317_2.swf","0bb4b78e8c251038cd97b846e22755d7b1e321f09487e0e371da7e7893ebc33e","Crop_317_2","6","6","root-symbol","1","0","1525,514,2396,1022","44","26","apps/web/public/assets/manor/v7-runtime/crops/317/growing.png","bd2a16784194058bb8071f047c9e384ca42e6637d4cf6a2dc04d9c87de709ab1","exported-root-symbol",
"farm","317","mature","ui/allcrops/Crop_317_3.swf","21c3a4945fdeb597b253af72ec2de120e08575b19eada1f88798a7017e124128","Crop_317_3","15","15","root-symbol","1","0","1394,-897,2410,1139","51","102","apps/web/public/assets/manor/v7-runtime/crops/317/mature.png","37509044563d8deec4f3479a4d20076e0dc09b58c624e80d0c97c2a88efcfb17","exported-root-symbol",
"farm","317","withered","ui/allcrops/Crop_317_4.swf","38292198e8555913be5eb781aeb02b9ec3294550189549ef33e1d2d43702c08d","Crop_317_6","3","3","root-symbol","1","0","828,-30,3364,1099","127","57","apps/web/public/assets/manor/v7-runtime/crops/317/withered.png","a4f52468845986fa9a05fdeb3fe2433683550bc42b4da4a5b08ba585a58438a9","exported-root-symbol",
"farm","318","seed","ui/allcrops/Crop_318_Seed.swf","2dcddcdd73f5eeba48622313be08dcec8a015e4b9831187bbabf7a3c45b52915","Crop_318_Seed","3","3","root-symbol","1","0","-24,42,989,1029","51","50","apps/web/public/assets/manor/v7-runtime/crops/318/seed.png","5dafb35dec94454db78b7a9141502d9230a74d0ce8a8e668dcc66849be7be9a2","exported-root-symbol",
"farm","318","sprout","ui/allcrops/Crop_318_0.swf","c25e94a094ec10f6185ede06ef1c06c29c538e2bdeadc955dd5c58efd587325a","Crop_318_0","3","3","root-symbol","1","0","1498,638,2360,1015","44","19","apps/web/public/assets/manor/v7-runtime/crops/318/sprout.png","ebb53666ca1c02a5670f64d486fbe91a4e396e14a3491fcf1b9a58bd93b1a945","exported-root-symbol",
"farm","318","young","ui/allcrops/Crop_318_1.swf","050e4b8d7006aa3217ead8a17a2ec7c849ff9ca1911a9465a2919f6913056008","Crop_318_1","6","6","root-symbol","1","0","1628,489,2171,929","28","22","apps/web/public/assets/manor/v7-runtime/crops/318/young.png","e904be0380ea2f499e95319e2ab74fed8e66db75bd0145e8a6b7d70f607ac1a4","exported-root-symbol",
"farm","318","growing","ui/allcrops/Crop_318_2.swf","bb9ff9dd06301f45802d0ac7fef7d075797a4a078e5f46d3b159fabf6c5b3c1d","Crop_318_2","5","5","root-symbol","1","0","1558,329,2267,1004","36","34","apps/web/public/assets/manor/v7-runtime/crops/318/growing.png","519ab49218ea06de851d3c4aeac84ddacde84653c7528f20e325bb18c39c0c66","exported-root-symbol",
"farm","318","mature","ui/allcrops/Crop_318_3.swf","1353b52bbd540f17ebbe035abd9c4136624ba58adb6e3873928d223fa85c2c4b","Crop_318_3","11","11","root-symbol","1","0","1221,-853,2654,1249","72","106","apps/web/public/assets/manor/v7-runtime/crops/318/mature.png","35c4af8fdb34249d9ec4ee6d54759c166a22f830024f7ca85939ce89f863e384","exported-root-symbol",
"farm","318","withered","ui/allcrops/Crop_318_4.swf","f38d8d75bd1d3cf5cc9eef0c9259a4a3aab048045486b2c63fc2ea10c1822ad0","Crop_318_6","3","3","root-symbol","1","0","715,-61,3251,1068","127","57","apps/web/public/assets/manor/v7-runtime/crops/318/withered.png","a4f52468845986fa9a05fdeb3fe2433683550bc42b4da4a5b08ba585a58438a9","exported-root-symbol",
"farm","319","seed","ui/allcrops/Crop_319_Seed.swf","42faf50c7e7f8d66625c79ccbb660f65f995a06a2f1e11507dad73466823d57f","Crop_319_Seed","3","3","root-symbol","1","0","-20,21,989,1006","51","50","apps/web/public/assets/manor/v7-runtime/crops/319/seed.png","224551b7413a3ba64bce57914475ce63cd6774ae291b41ac1551efa192e5b02c","exported-root-symbol",
"farm","319","sprout","ui/allcrops/Crop_319_0.swf","3b0ed7ae46ac178d9131007a2ac59d4a2153ce5ec7381f329335a7204f79b71e","Crop_319_0","3","3","root-symbol","1","0","1509,640,2371,1017","44","19","apps/web/public/assets/manor/v7-runtime/crops/319/sprout.png","ebb53666ca1c02a5670f64d486fbe91a4e396e14a3491fcf1b9a58bd93b1a945","exported-root-symbol",
"farm","319","young","ui/allcrops/Crop_319_1.swf","e31ce2bc991bb2c2c0c111802de9a6216fbeab45268a746cee4f41d9d0377f9d","Crop_319_1","6","6","root-symbol","1","0","1607,227,2270,1018","34","40","apps/web/public/assets/manor/v7-runtime/crops/319/young.png","55779e73a8997c26b510ca68e3173d306b2c897ddb607c809321b0e20a596e21","exported-root-symbol",
"farm","319","growing","ui/allcrops/Crop_319_2.swf","466b94381b02df4b96e9259980cd2f5361e19186994a11feb9bdd8214a9cb403","Crop_319_2","5","5","root-symbol","1","0","1421,184,2419,1036","50","43","apps/web/public/assets/manor/v7-runtime/crops/319/growing.png","8a908fa304bd480f4c38b6223c7034e56258e31401d757380f96f2da8105c533","exported-root-symbol",
"farm","319","mature","ui/allcrops/Crop_319_3.swf","0f616eab82c8a8c68d85139d73fc439d851ef9b0cde93a96d8e99eb445a70fc6","Crop_319_3","12","12","root-symbol","1","0","1247,-816,2630,1222","70","102","apps/web/public/assets/manor/v7-runtime/crops/319/mature.png","66c71b62fe9792352f7655f41c0156ae796625a85ff39075a32a85e93f1275de","exported-root-symbol",
"farm","319","withered","ui/allcrops/Crop_319_4.swf","41c500d759053cff740834158a9b8d7a0ed14b3f3fe6b9569a03b17623818ec2","Crop_319_6","3","3","root-symbol","1","0","748,-40,3284,1089","127","57","apps/web/public/assets/manor/v7-runtime/crops/319/withered.png","a4f52468845986fa9a05fdeb3fe2433683550bc42b4da4a5b08ba585a58438a9","exported-root-symbol",
"farm","322","seed","ui/allcrops/Crop_322_Seed.swf","3b3f71b1f25fb129555cc0d8203f5e6326be4c209fd5159aabfa7154019c517e","Crop_322_Seed","3","3","root-symbol","1","0","-6,37,1003,1023","51","50","apps/web/public/assets/manor/v7-runtime/crops/322/seed.png","c6f0ad75ba17748161aecd65ad9b65febe1e1c017806271b23400b82580eefda","exported-root-symbol",
"farm","322","sprout","ui/allcrops/Crop_322_0.swf","3556916543047fea33de2265401d2d672d1f02d3632351f08217abd03ac14722","Crop_322_0","3","3","root-symbol","1","0","1552,695,2414,1072","44","19","apps/web/public/assets/manor/v7-runtime/crops/322/sprout.png","ebb53666ca1c02a5670f64d486fbe91a4e396e14a3491fcf1b9a58bd93b1a945","exported-root-symbol",
"farm","322","young","ui/allcrops/Crop_322_1.swf","2e664f6b62e26c48dfe0565bbfd3cc933a34798293535932a57f4a98a651ff79","Crop_322_1","6","6","root-symbol","1","0","1669,443,2251,1006","30","29","apps/web/public/assets/manor/v7-runtime/crops/322/young.png","8e99819288b0d4a157d77049a1b11ced4eeb945ee693d0afd8aeba7538018a8d","exported-root-symbol",
"farm","322","growing","ui/allcrops/Crop_322_2.swf","7708e69e0aa8f8ca08a5e05cdf7fed9b5c0c99a9793169cbb072d4ec2d6a7a28","Crop_322_2","5","5","root-symbol","1","0","1596,372,2330,1046","37","34","apps/web/public/assets/manor/v7-runtime/crops/322/growing.png","3bfaf9c9106bf08aaf858f203551a86db3ac555713ff3eea36ec223d9e53c2b3","exported-root-symbol",
"farm","322","mature","ui/allcrops/Crop_322_3.swf","675d5c1a3314320ca7209f62eb0ba54d22d1c57fe5bd156822e0dc1c65d59031","Crop_322_3","17","17","root-symbol","1","0","1242,-823,2673,1246","72","104","apps/web/public/assets/manor/v7-runtime/crops/322/mature.png","45c409dbb3f2d07e5897894e8e39e5b0942161c0273d52b70b622b9671430258","exported-root-symbol",
"farm","322","withered","ui/allcrops/Crop_322_4.swf","1921fbcd2318479bc915110c7af695b5bbbebb62bb632ae30d036d76f08ed0ed","Crop_322_6","3","3","root-symbol","1","0","711,-117,3247,1012","127","57","apps/web/public/assets/manor/v7-runtime/crops/322/withered.png","a4f52468845986fa9a05fdeb3fe2433683550bc42b4da4a5b08ba585a58438a9","exported-root-symbol",
"farm","323","seed","ui/allcrops/Crop_323_Seed.swf","0fb7b196a9b67145d2df39a3320022345c27984d4cc1f6b719a7369c3c98cc69","Crop_323_Seed","3","3","root-symbol","1","0","-3,82,990,1089","50","51","apps/web/public/assets/manor/v7-runtime/crops/323/seed.png","c099734b5ebf9aba23e9f5abafd43377fc4503edb5ef918d41c58a9d24a0f77e","exported-root-symbol",
"farm","323","sprout","ui/allcrops/Crop_323_0.swf","670f97f2b113276bd4e5ec5daac559178cd99bcdf1b6da16f7af5c5f716b4a81","Crop_323_0","3","3","root-symbol","1","0","1490,597,2352,974","44","19","apps/web/public/assets/manor/v7-runtime/crops/323/sprout.png","ebb53666ca1c02a5670f64d486fbe91a4e396e14a3491fcf1b9a58bd93b1a945","exported-root-symbol",
"farm","323","young","ui/allcrops/Crop_323_1.swf","4b7efcb33a22d68894b3d6b20ce6a2134ccbe135a1c32288a3fde4803b8544db","Crop_323_1","6","6","root-symbol","1","0","1615,298,2115,964","25","34","apps/web/public/assets/manor/v7-runtime/crops/323/young.png","cc79b6bf9388c698670e83d9b54b2263bce09d76e74786e52119fff95417cab2","exported-root-symbol",
"farm","323","growing","ui/allcrops/Crop_323_2.swf","714286ae43c15b711c143c48025ea5218927aade28888905c6942154c7a09a46","Crop_323_2","5","5","root-symbol","1","0","1490,405,2230,1002","37","30","apps/web/public/assets/manor/v7-runtime/crops/323/growing.png","bc5a97ccab82b71f00dcc784ba53ed39594282af679962add24d457d263e0a5e","exported-root-symbol",
"farm","323","mature","ui/allcrops/Crop_323_3.swf","0db1c20303e3c1bb4881cc3bb9523beb599ef3c267f20ddb98cd1f9acbd36515","Crop_323_3","12","12","root-symbol","1","0","1351,-955,2560,1229","61","110","apps/web/public/assets/manor/v7-runtime/crops/323/mature.png","f76f9000cfca693a802a754baf69e08e5386c41247ccfb01ec30610229235e44","exported-root-symbol",
"farm","323","withered","ui/allcrops/Crop_323_4.swf","3d3220d9058643712351b43e190f155f1dd5c2c6aca447741d7a900b95f37553","Crop_323_6","3","3","root-symbol","1","0","701,-121,3237,1008","127","57","apps/web/public/assets/manor/v7-runtime/crops/323/withered.png","a4f52468845986fa9a05fdeb3fe2433683550bc42b4da4a5b08ba585a58438a9","exported-root-symbol",
"farm","327","seed","ui/allcrops/Crop_327_Seed.swf","a6dcb6eb5c4c0fe477a19d71e946413674feb057fab61783798ae0422cfcf330","Crop_327_Seed","5","5","root-symbol","1","0","-21,-21,1200,1197","62","61","apps/web/public/assets/manor/v7-runtime/crops/327/seed.png","0e7cc811f5c57b9d171fb8b74fe3230564fcbd6747108508fb1621614be9c0d1","exported-root-symbol",
"farm","327","sprout","ui/allcrops/Crop_327_0.swf","514a1694fe87dce78a20624794ca2adfff2a369770723054ee62e18fa9999124","Crop_327_0","3","3","root-symbol","1","0","1566,639,2428,1016","44","19","apps/web/public/assets/manor/v7-runtime/crops/327/sprout.png","ee3fbd29458f78864b327efc10b4395f26841a23cbdeff6cd7b6b34f80f36828","exported-root-symbol",
"farm","327","young","ui/allcrops/Crop_327_1.swf","95e4709e1f1457a0f8c1df9fac3c7f8edbdff3251a7cafb7323e39dcec5546c2","Crop_327_1","6","6","root-symbol","1","0","1608,138,2325,986","36","43","apps/web/public/assets/manor/v7-runtime/crops/327/young.png","ae162c55c607058ecbac2e010083ca8bb84496b97e5cfec0ea2f7938bd6edbe1","exported-root-symbol",
"farm","327","growing","ui/allcrops/Crop_327_2.swf","2e543c8a8ed677ecd077e1d70b5a1165cad2e4450422050685599a4b373bef39","Crop_327_2","6","6","root-symbol","1","0","1180,-433,2768,1083","80","76","apps/web/public/assets/manor/v7-runtime/crops/327/growing.png","d387a441dd30a1c0973bd1d86030189892c8d24ea268a3d50ba99abc80f64ff4","exported-root-symbol",
"farm","327","mature","ui/allcrops/Crop_327_3.swf","4b08284c1375272509879ef8b6a0147ce953cc9da214a50149a81553e682d853","Crop_327_3","15","15","root-symbol","1","0","474,-1638,3670,1344","160","150","apps/web/public/assets/manor/v7-runtime/crops/327/mature.png","0c504bb2aaee51a1d9ece022b425022e7975005a1a04eb1a98f093bb87663c46","exported-root-symbol",
"farm","327","withered","ui/allcrops/Crop_327_4.swf","a382863e358508d52b9d5b75065bcf4ad707f7eae3a7189619e3e6754f981fe1","Crop_327_6","3","3","root-symbol","1","0","822,-76,3358,1053","127","57","apps/web/public/assets/manor/v7-runtime/crops/327/withered.png","a4f52468845986fa9a05fdeb3fe2433683550bc42b4da4a5b08ba585a58438a9","exported-root-symbol",
"farm","328","seed","ui/allcrops/Crop_328_Seed.swf","45d11db438aec7213aa1c326397c5ba8bdf72ebc05c563c0b41bc70b97ccc997","Crop_328_Seed","11","11","root-symbol","1","0","-20,-23,1196,1100","61","57","apps/web/public/assets/manor/v7-runtime/crops/328/seed.png","a9a810e3ccbca70fa2adce5e35f59648c3cf3d4509bd2533c1280b2024b797a5","exported-root-symbol",
"farm","328","sprout","ui/allcrops/Crop_328_0.swf","8f3306bdc4ac5bc4da7d5f0de5f1f517787c5e25547bf448cc9d0fac1a53e818","Crop_328_0","3","3","root-symbol","1","0","1634,621,2496,998","44","19","apps/web/public/assets/manor/v7-runtime/crops/328/sprout.png","ee3fbd29458f78864b327efc10b4395f26841a23cbdeff6cd7b6b34f80f36828","exported-root-symbol",
"farm","328","young","ui/allcrops/Crop_328_1.swf","71087ddf48a2a4b045581d08a1f9eb730f4289ac2bb384eb91d62d1924ad4d10","Crop_328_1","11","11","root-symbol","1","0","1665,384,2341,935","34","28","apps/web/public/assets/manor/v7-runtime/crops/328/young.png","3af2a21fd093817123f45ce2f66367fdb14e6f24c58bab1b3621d3f7685a82d1","exported-root-symbol",
"farm","328","growing","ui/allcrops/Crop_328_2.swf","6e002a5a5d8028d77c1de4647a5c7cbafc75f138dab970f35c44766dfc21d86c","Crop_328_2","12","12","root-symbol","1","0","1516,26,2496,1071","49","53","apps/web/public/assets/manor/v7-runtime/crops/328/growing.png","448a9145d202021cfbf96960eaecaaab136c79f6a9298a409d260f5d1e7ead0b","exported-root-symbol",
"farm","328","mature","ui/allcrops/Crop_328_3.swf","79eb19a034ca7332a050be35285817f19620d9770b5ff90ed19c175dfad8e275","Crop_328_3","25","25","root-symbol","1","0","621,-1449,3243,1311","132","138","apps/web/public/assets/manor/v7-runtime/crops/328/mature.png","b504254cbe2db0b5a9d1569698bf27e3549559328cd0adc25780b493b25a6738","exported-root-symbol",
"farm","328","withered","ui/allcrops/Crop_328_4.swf","7392e634b1fa5abaffef5d396a14f8f3d7c01a03e86694180728989a963e009b","Crop_328_6","3","3","root-symbol","1","0","768,-100,3304,1029","127","57","apps/web/public/assets/manor/v7-runtime/crops/328/withered.png","a4f52468845986fa9a05fdeb3fe2433683550bc42b4da4a5b08ba585a58438a9","exported-root-symbol",
"farm","329","seed","ui/allcrops/Crop_329_Seed.swf","f838f67384a7bc47a51873d563f566baa8a87f446812fa71d222c3e8c5172436","Crop_329_Seed","8","8","root-symbol","1","0","-5,-15,1203,1191","61","61","apps/web/public/assets/manor/v7-runtime/crops/329/seed.png","f32308a198ae3b7a8e7f0670d41527851fc2f354d591d8d4fe0a9b34cf7bba72","exported-root-symbol",
"farm","329","sprout","ui/allcrops/Crop_329_0.swf","4636f0344f06e4341db04d78ce1f77ffee7bc54d5e09a2a871ed6b69de73e7c2","Crop_329_0","3","3","root-symbol","1","0","1573,657,2435,1034","44","19","apps/web/public/assets/manor/v7-runtime/crops/329/sprout.png","ee3fbd29458f78864b327efc10b4395f26841a23cbdeff6cd7b6b34f80f36828","exported-root-symbol",
"farm","329","young","ui/allcrops/Crop_329_1.swf","edaa7f18784286afd69d1c18261bc3747231a763649b466e7b29c6d61f3f7f45","Crop_329_1","8","8","root-symbol","1","0","1686,416,2225,958","27","28","apps/web/public/assets/manor/v7-runtime/crops/329/young.png","f23b8cbcc4954d1e53d9c04fe08e0dd014cb0010cabec945d6da2fbc575897ab","exported-root-symbol",
"farm","329","growing","ui/allcrops/Crop_329_2.swf","536c047b37c147fb953b69b05a459d4dd938a58cba875e45126c60c78453f04f","Crop_329_2","8","8","root-symbol","1","0","1417,49,2431,1035","51","50","apps/web/public/assets/manor/v7-runtime/crops/329/growing.png","d00a016cad9ebea6180794c8e19b70cdc2446a0be9fb5d79bf9fbc5593c2a6c3","exported-root-symbol",
"farm","329","mature","ui/allcrops/Crop_329_3.swf","5d247773f723de239830a14befed939d0909546756ab2db422cf98eba2f9b7a8","Crop_329_3","16","16","root-symbol","1","0","564,-1276,3367,1287","141","129","apps/web/public/assets/manor/v7-runtime/crops/329/mature.png","737b9ba0e119d80c4f437c206fdc54576ad5b6512d99fe6598a8bea978a8d51b","exported-root-symbol",
"farm","329","withered","ui/allcrops/Crop_329_4.swf","2c83deae45fc0dcea73e12d8a38499e2ee31f5c188db59d2d2becf6f7e877003","Crop_329_6","3","3","root-symbol","1","0","733,-40,3269,1089","127","57","apps/web/public/assets/manor/v7-runtime/crops/329/withered.png","a4f52468845986fa9a05fdeb3fe2433683550bc42b4da4a5b08ba585a58438a9","exported-root-symbol",
"farm","330","seed","ui/allcrops/Crop_330_Seed.swf","99b5eae612d694642313a3e1c16f76d6103a9eaa3ce393db315b16387ea65d8b","Crop_330_Seed","7","7","root-symbol","1","0","-20,-21,1202,1135","62","58","apps/web/public/assets/manor/v7-runtime/crops/330/seed.png","f760af805abf245385285fb50d169fcc89047f21b551e24b1978189da8aeecbe","exported-root-symbol",
"farm","330","sprout","ui/allcrops/Crop_330_0.swf","84707eaf3e09dc3ea0888d7cbe7ee0ad770dbeb3eb0b3e215a4d189948fdf4d4","Crop_330_0","3","3","root-symbol","1","0","1546,630,2408,1007","44","19","apps/web/public/assets/manor/v7-runtime/crops/330/sprout.png","ee3fbd29458f78864b327efc10b4395f26841a23cbdeff6cd7b6b34f80f36828","exported-root-symbol",
"farm","330","young","ui/allcrops/Crop_330_1.swf","58d2869dc17ad9c9311d0726d1df4440d4c7715221a3c03e37ec7348ab55df6a","Crop_330_1","7","7","root-symbol","1","0","1559,319,2274,1006","36","35","apps/web/public/assets/manor/v7-runtime/crops/330/young.png","f8ade143d8539422d88646b32c999790f35066a68c9e7917266c08bbecf04e2b","exported-root-symbol",
"farm","330","growing","ui/allcrops/Crop_330_2.swf","312ad89d71142e5fa77c36d26e6fb196b1327186dcea2c47d461ce14fbc19407","Crop_330_2","8","8","root-symbol","1","0","1338,-98,2574,1134","62","62","apps/web/public/assets/manor/v7-runtime/crops/330/growing.png","dabe42e20eb1500dd23f48b248a20254424e4757ac0a3c884f9c764eb3154099","exported-root-symbol",
"farm","330","mature","ui/allcrops/Crop_330_3.swf","b541406581e675b47807afc71bde3b17e4cc4283272aef9e7563452b63388a43","Crop_330_3","15","15","root-symbol","1","0","527,-1545,3477,1273","148","141","apps/web/public/assets/manor/v7-runtime/crops/330/mature.png","6cb174c3b3d1d9c93f570f68a7af7b4d42dba7c24c7419a6c4d0ec2723d292ba","exported-root-symbol",
"farm","330","withered","ui/allcrops/Crop_330_4.swf","203b26673b16d9f550c9a0d74e9c6c59403e88a3b013076697a5bdbb23c78311","Crop_330_6","3","3","root-symbol","1","0","734,-57,3270,1072","127","57","apps/web/public/assets/manor/v7-runtime/crops/330/withered.png","a4f52468845986fa9a05fdeb3fe2433683550bc42b4da4a5b08ba585a58438a9","exported-root-symbol",
"farm","332","seed","ui/allcrops/Crop_332_Seed.swf","9f4382b7ff5c274cf66b647a51fc40385f5dc64362d36cbd52f49fcee4aea36f","Crop_332_Seed","5","5","root-symbol","1","0","-23,-20,1132,1188","58","61","apps/web/public/assets/manor/v7-runtime/crops/332/seed.png","bc9dcde7aab9a83e792b071b38ab29ec6b3ce1ee4416eb35eca6edfc811d29c9","exported-root-symbol",
"farm","332","sprout","ui/allcrops/Crop_332_0.swf","6458961347da84b39b73f5648c7cbd5b004f4f89b7bda2d9b31248bd69490291","Crop_332_0","3","3","root-symbol","1","0","1567,630,2429,1007","44","19","apps/web/public/assets/manor/v7-runtime/crops/332/sprout.png","ee3fbd29458f78864b327efc10b4395f26841a23cbdeff6cd7b6b34f80f36828","exported-root-symbol",
"farm","332","young","ui/allcrops/Crop_332_1.swf","919775aadb0001dafdcba2ddbdf2471e77068aea39c256422fc7760441668caf","Crop_332_1","6","6","root-symbol","1","0","1554,266,2278,994","37","37","apps/web/public/assets/manor/v7-runtime/crops/332/young.png","80e7a662788363bb4f44e19f5a4bde9955fd4abc63f3f618c6894bddf86b411f","exported-root-symbol",
"farm","332","growing","ui/allcrops/Crop_332_2.swf","2a2cfbae4c24a07aef9d7bac3ae98b84673a7f6705814b8bc17a0ca3a3db2d38","Crop_332_2","9","9","root-symbol","1","0","1174,-488,2666,1072","75","78","apps/web/public/assets/manor/v7-runtime/crops/332/growing.png","643f4d7bf5c7974ea8d9c3ca9498c038b73f46b1c968e0bc9f10baab9afd0a71","exported-root-symbol",
"farm","332","mature","ui/allcrops/Crop_332_3.swf","9a8f6d26d30329fcc713910b0d354623ab9886108a53081b4b3f94f8b4b54d4d","Crop_332_3","31","31","root-symbol","1","0","534,-1339,3281,1304","138","133","apps/web/public/assets/manor/v7-runtime/crops/332/mature.png","9428369b4129eaa520b033b35c06dcb63e09b6078019a8b0d85b95fd33eab7e0","exported-root-symbol",
"farm","332","withered","ui/allcrops/Crop_332_4.swf","df1257369cc8305e97cabd325b75e111ea9ed4a76da34919299368c67d4c2c88","Crop_332_6","3","3","root-symbol","1","0","786,-97,3322,1032","127","57","apps/web/public/assets/manor/v7-runtime/crops/332/withered.png","a4f52468845986fa9a05fdeb3fe2433683550bc42b4da4a5b08ba585a58438a9","exported-root-symbol",
"farm","333","seed","ui/allcrops/Crop_333_Seed.swf","01c4235964f42c50617b7af36c15d4a0d06ebd56487136c530ec0fb50a79a5e3","Crop_333_Seed","5","5","root-symbol","1","0","-23,32,1154,1248","59","61","apps/web/public/assets/manor/v7-runtime/crops/333/seed.png","9927f0a3f64e02f2e40257abca0d7b52a5bd1ef295b92c38828c99eefc9857ef","exported-root-symbol",
"farm","333","sprout","ui/allcrops/Crop_333_0.swf","4e4782abb6e659e9bb638ee24e3d8d46c43f3c144dc4a826587f85d38a6b45b1","Crop_333_0","3","3","root-symbol","1","0","1505,672,2367,1049","44","19","apps/web/public/assets/manor/v7-runtime/crops/333/sprout.png","ee3fbd29458f78864b327efc10b4395f26841a23cbdeff6cd7b6b34f80f36828","exported-root-symbol",
"farm","333","young","ui/allcrops/Crop_333_1.swf","caa5db90d9f7962ab3879d7c40caad8dda44536dade9423ec838f4159c50f834","Crop_333_1","5","5","root-symbol","1","0","1579,479,2174,1014","30","27","apps/web/public/assets/manor/v7-runtime/crops/333/young.png","172bfc19e90c0ddf5e30348ebd5ab2c916e8bc85ecb816806551a972bf7ddfee","exported-root-symbol",
"farm","333","growing","ui/allcrops/Crop_333_2.swf","5a30146b679f284a2fcd55d7f3102225f27ebe605c97d6b3d434d11903a8e1d7","Crop_333_2","5","5","root-symbol","1","0","1188,66,2614,1189","72","57","apps/web/public/assets/manor/v7-runtime/crops/333/growing.png","7a0ed36887acd154c8493c2ad90794a3969918736fa98492f3ea9d2afafa07c5","exported-root-symbol",
"farm","333","mature","ui/allcrops/Crop_333_3.swf","2d458fbb953df84ab517bcb6114aadbf43d0eb27055106de0375a7d984409f95","Crop_333_3","19","19","root-symbol","1","0","693,-1233,3160,1398","124","132","apps/web/public/assets/manor/v7-runtime/crops/333/mature.png","f3b359918c892d983a199e26f91d0b8d9029e75f1cb4c38cd63b89ce3fa43551","exported-root-symbol",
"farm","333","withered","ui/allcrops/Crop_333_4.swf","2c1ff2b211634d7a1b1321bc6326aaa741ce9a8ff9b716d183b3036f53d0c9fd","Crop_333_6","3","3","root-symbol","1","0","787,30,3323,1159","127","57","apps/web/public/assets/manor/v7-runtime/crops/333/withered.png","a4f52468845986fa9a05fdeb3fe2433683550bc42b4da4a5b08ba585a58438a9","exported-root-symbol",
"farm","334","seed","ui/allcrops/Crop_334_Seed.swf","5ea7a3fe7e151c305478c44a563342b817dd4047c8074ac0f2c2373f05868b77","Crop_334_Seed","6","6","root-symbol","1","0","-11,-22,1047,1183","53","61","apps/web/public/assets/manor/v7-runtime/crops/334/seed.png","7fe8f13a03ac16ec99e028abdaad9dcfda954e600e0aed516e04c15c4aa21bcd","exported-root-symbol",
"farm","334","sprout","ui/allcrops/Crop_334_0.swf","57db1fa8c6ea2ad17463210e027101545a6fdd761a0da61f12485b8e78254e1c","Crop_334_0","7","7","root-symbol","1","0","1702,380,2259,1036","28","33","apps/web/public/assets/manor/v7-runtime/crops/334/sprout.png","38c2d625477a44341becf839731ed98337cd3a162d666db03ef6f9a800fcd02c","exported-root-symbol",
"farm","334","young","ui/allcrops/Crop_334_1.swf","47aa015ddb1ff98d5e51db00e05a2b1acf66e62d2718e4d4ce9f16a4e82b4ee7","Crop_334_1","10","10","root-symbol","1","0","1633,49,2322,1054","35","51","apps/web/public/assets/manor/v7-runtime/crops/334/young.png","41d11e0f74363ba992bc7f4a191c1a50be6a4a0f95a6d7916a5aac6b854dafa3","exported-root-symbol",
"farm","334","growing","ui/allcrops/Crop_334_2.swf","29228e0e1d4d1929188e0921c2d53f925825e48ad3428dbe4d878afcef0852dc","Crop_334_2","13","13","root-symbol","1","0","1478,-352,2580,1109","56","74","apps/web/public/assets/manor/v7-runtime/crops/334/growing.png","a964c044ed0882c9c9b35bf62b67b3b156bbb351e4da093c6183da47f3db0370","exported-root-symbol",
"farm","334","mature","ui/allcrops/Crop_334_3.swf","e8ad4ba25774b38dd52567e5338fa54a8d5ca34ab98fb18ae5231a13c5b540bc","Crop_334_3","41","41","root-symbol","1","0","745,-1562,3125,1153","119","136","apps/web/public/assets/manor/v7-runtime/crops/334/mature.png","bb8ffb32ca1b802fe176bd9f6cada50774686cc044949102f15d3107e6509523","exported-root-symbol",
"farm","334","withered","ui/allcrops/Crop_334_4.swf","a51ce4287a4f27eb9443084687f78633ecff5361deba64effa69d635d7fb6ba9","Crop_334_6","3","3","root-symbol","1","0","867,-63,3403,1066","127","57","apps/web/public/assets/manor/v7-runtime/crops/334/withered.png","a4f52468845986fa9a05fdeb3fe2433683550bc42b4da4a5b08ba585a58438a9","exported-root-symbol",
"farm","366","seed","ui/allcrops/Crop_366_Seed.swf","e046db3e3e155d4dbdd65d1765ac960f6282d8bb5ebd09020c10418ddefff97c","Crop_366_Seed","5","5","root-symbol","1","0","-20,-20,1179,1181","60","61","apps/web/public/assets/manor/v7-runtime/crops/366/seed.png","ba1e88b51c7bd98d50e2b84fda78a51d9bb2c9a23da566fa93de897c576d8683","exported-root-symbol",
"farm","366","sprout","ui/allcrops/Crop_366_0.swf","96dce50c64c95d50abab1473bf97574d94692ddf5262f5d1db97167fe1425374","Crop_366_0","3","3","root-symbol","1","0","1528,640,2390,1017","44","19","apps/web/public/assets/manor/v7-runtime/crops/366/sprout.png","ee3fbd29458f78864b327efc10b4395f26841a23cbdeff6cd7b6b34f80f36828","exported-root-symbol",
"farm","366","young","ui/allcrops/Crop_366_1.swf","f928b5a535d9091b5637bd536f803878f8ec569084d2721b4dcd3d12d5436209","Crop_366_1","10","10","root-symbol","1","0","1530,98,2413,987","45","45","apps/web/public/assets/manor/v7-runtime/crops/366/young.png","cc765629514439026f0c44e53047feefb512478b32f6a38da3b2db3665488964","exported-root-symbol",
"farm","366","growing","ui/allcrops/Crop_366_2.swf","18a703f182bebce8bfaaf0cc650eafd5392878f72db790fce51d328507ea13c0","Crop_366_2","15","15","root-symbol","1","0","1195,-651,2505,1091","66","88","apps/web/public/assets/manor/v7-runtime/crops/366/growing.png","8650500268fde1fa6475bf77a22d3d4830cccbd7b0d235cc2abcb3830cd0c0f9","exported-root-symbol",
"farm","366","mature","ui/allcrops/Crop_366_3.swf","77fb099309f3db9c2299780463db767ebf78a469e4d7ca1add8dc3886a81a833","Crop_366_3","24","24","root-symbol","1","0","599,-1188,3252,1278","133","124","apps/web/public/assets/manor/v7-runtime/crops/366/mature.png","5c6105a84ea307e061021afa77cf650f1f7932502399c5eb66726dd2a25895b4","exported-root-symbol",
"farm","366","withered","ui/allcrops/Crop_366_4.swf","ab8fa3afe9324c2957bbc28afd896e8d2744dfdc8fd9e7864ed7c73166142f57","Crop_366_6","3","3","root-symbol","1","0","845,-31,3381,1098","127","57","apps/web/public/assets/manor/v7-runtime/crops/366/withered.png","a4f52468845986fa9a05fdeb3fe2433683550bc42b4da4a5b08ba585a58438a9","exported-root-symbol",
"farm","371","seed","ui/allcrops/Crop_371_Seed.swf","51f27d6daee170da5439c6a180048c222fb45ce7a17e38b76a083f376ffc5b3a","Crop_371_Seed","8","8","root-symbol","1","0","74,132,1177,951","56","41","apps/web/public/assets/manor/v7-runtime/crops/371/seed.png","fb28663ecaf8cb174a46d8e5fdea12be6a1b969d0a873ccf5feafd61bbb8fecd","exported-root-symbol",
"farm","371","sprout","ui/allcrops/Crop_371_0.swf","22a13386abf830530badaa4bd5d4b0da2bcb6208783e6d9cf7c6b1409c16bb79","Crop_371_0","3","3","root-symbol","1","0","1518,655,2380,1032","44","19","apps/web/public/assets/manor/v7-runtime/crops/371/sprout.png","a54252c835d36bf31202e5f99d711b2dde6e014b19bb1f7b88df186dbdab6841","exported-root-symbol",
"farm","371","young","ui/allcrops/Crop_371_1.swf","afc529a4da47d273c9cd7ceb414ef99a21f20ed2f289c14612a830f88935134d","Crop_371_1","8","8","root-symbol","1","0","1633,483,2332,1016","35","27","apps/web/public/assets/manor/v7-runtime/crops/371/young.png","bc69ac45a13e7c9a43e84eaae310b0846050f184d1bc3567240ffb4be8330178","exported-root-symbol",
"farm","371","growing","ui/allcrops/Crop_371_2.swf","514e9c8963fcbba1bf8771e37120957505838bb323caf7218e35febcb11b6426","Crop_371_2","10","10","root-symbol","1","0","1238,-282,2578,1047","67","67","apps/web/public/assets/manor/v7-runtime/crops/371/growing.png","12e2e16bf315cfeaa3de817c51fc96a577e4f6a8d10175d58f3ccc4637482159","exported-root-symbol",
"farm","371","mature","ui/allcrops/Crop_371_3.swf","3a5ae3c34c9a3f3f56a25cf4ee0c8fce3ffdd4e2c4e661b45ae48eb880204cd6","Crop_371_3","25","24","last-visible-child","1","0","-14,22,2429,2829","123","141","apps/web/public/assets/manor/v7-runtime/crops/371/mature.png","c2a349d26c850e52aa648c79a70d5b2d225d5442c60867a726af64319e43b0a0","exported-root-symbol",
"farm","371","withered","ui/allcrops/Crop_371_4.swf","fe0c902ff8b506eeeece1d154ad2398d17f6adc06328e910e2ba6407548149b3","Crop_371_6","3","3","root-symbol","1","0","807,-59,3353,1071","128","57","apps/web/public/assets/manor/v7-runtime/crops/371/withered.png","5791d4a61552a195f704182a89da66eac263767e3b2ba942adafd10c782d6a03","exported-root-symbol",
"farm","400","seed","ui/allcrops/Crop_400_Seed.swf","5bcd671e90c9144caf709dd7669b5da51113fef1d67cd109f85ba4bb5a07aed3","Crop_400_Seed","6","6","root-symbol","1","0","1,15,1183,989","60","49","apps/web/public/assets/manor/v7-runtime/crops/400/seed.png","5249fa6a1bdfe0d0252ddd824a35b907b9feef712f5bcbf70a999f2790c58591","exported-root-symbol",
"farm","400","sprout","ui/allcrops/Crop_400_0.swf","88866684ef6af3c90601b7e905f9d729afd55194e483dddaf8edf1634d72c564","Crop_400_0","3","3","root-symbol","1","0","1504,615,2366,992","44","19","apps/web/public/assets/manor/v7-runtime/crops/400/sprout.png","e713a7abe7b425f4f73c5bf7cd3ea64c1d67847d752b4077868b300dfa1d27c5","exported-root-symbol",
"farm","400","young","ui/allcrops/Crop_400_1.swf","78e23782f1e83de4538fc632cd7a6cf70d846ba66509f471fee1e5fc0758202d","Crop_400_1","8","8","root-symbol","1","0","1570,521,2260,967","35","23","apps/web/public/assets/manor/v7-runtime/crops/400/young.png","5ac5fc80ecc02ca99c04fffe577547941aec5bb490c241f9d092d43d3295e78b","exported-root-symbol",
"farm","400","growing","ui/allcrops/Crop_400_2.swf","5160e8329613c8e53663dc86ed82de6426aa3bfe51d43f935daf6455b7ab9444","Crop_400_2","13","13","root-symbol","1","0","1334,188,2484,1130","58","48","apps/web/public/assets/manor/v7-runtime/crops/400/growing.png","d82e7d9c7af3adc79b7b5bc8063e3576cc13daae22169f6cd866f30a49b94a80","exported-root-symbol",
"farm","400","mature","ui/allcrops/Crop_400_3.swf","2f2c1d4902a3822555cb5f75df7219097b3a6e2f7ee59e554d53e21e84f519dc","Crop_400_3","23","23","root-symbol","1","0","708,-1034,2937,1399","112","122","apps/web/public/assets/manor/v7-runtime/crops/400/mature.png","45a40eafa8db20cae6fc29fbec00b8576eab559e61abc050f29ac78a4d351bfd","exported-root-symbol",
"farm","400","withered","ui/allcrops/Crop_400_4.swf","be0feae0e5f33d0070c6d755e9b673b497b5970ab2271004c117921e09c48a4f","Crop_400_6","3","3","root-symbol","1","0","759,-53,3295,1076","127","57","apps/web/public/assets/manor/v7-runtime/crops/400/withered.png","a4f52468845986fa9a05fdeb3fe2433683550bc42b4da4a5b08ba585a58438a9","exported-root-symbol",
"farm","410","seed","ui/allcrops/Crop_410_Seed.swf","49c7ec518dc72959e103573ae21a76c232dadb7c9d43f2925c0f5f75615f51d7","Crop_410_Seed","5","5","root-symbol","1","0","1,76,1124,1158","57","55","apps/web/public/assets/manor/v7-runtime/crops/410/seed.png","46b3f8dacf2e67909a9b96d5a4991fd0146135ef61d0ebbf1c7b1e75068d169f","exported-root-symbol",
"farm","410","sprout","ui/allcrops/Crop_410_0.swf","fb9b2b1a2876d42f6722a36c07f0f9e73afc2e501414fe84915764e6dfc6b214","Crop_410_0","3","3","root-symbol","1","0","1511,617,2373,994","44","19","apps/web/public/assets/manor/v7-runtime/crops/410/sprout.png","a54252c835d36bf31202e5f99d711b2dde6e014b19bb1f7b88df186dbdab6841","exported-root-symbol",
"farm","410","young","ui/allcrops/Crop_410_1.swf","374a445abbdfaf44a2d05347f6c5827256890b4d846a565d62cbf659c19904b0","Crop_410_1","9","9","root-symbol","1","0","1624,268,2202,957","29","35","apps/web/public/assets/manor/v7-runtime/crops/410/young.png","bddedaf64e89c5933bd998f43b3e4147ae994d796ef945d8da5896e9fa396d64","exported-root-symbol",
"farm","410","growing","ui/allcrops/Crop_410_2.swf","50d972f2e2ef82136e166e3e4238b713634d5c0734e70042b390fff2398d1684","Crop_410_2","13","13","root-symbol","1","0","1414,-824,2478,1022","54","93","apps/web/public/assets/manor/v7-runtime/crops/410/growing.png","d4f9193370a23ee3dad7d5c90ea1dea848a0a87337d4a55b68f02b510a834899","exported-root-symbol",
"farm","410","mature","ui/allcrops/Crop_410_3.swf","482a6ebef77798afd836e89f28a55abc5e23ffba1feea28d1ceea33c818ba9f5","Crop_410_3","27","26","last-visible-child","1","0","-1592,-1441,1322,1255","146","135","apps/web/public/assets/manor/v7-runtime/crops/410/mature.png","277d847961a9c0b6fd717149a980e3272a715561aa8eb675df40d50817dad60a","exported-root-symbol",
"farm","410","withered","ui/allcrops/Crop_410_4.swf","a7c52740bab5449d84c287f61b51010df4acdf0415e8199e54afe9ded58c70ad","Crop_410_6","3","3","root-symbol","1","0","688,-91,3234,1039","128","57","apps/web/public/assets/manor/v7-runtime/crops/410/withered.png","5791d4a61552a195f704182a89da66eac263767e3b2ba942adafd10c782d6a03","exported-root-symbol",
"farm","435","seed","ui/allcrops/Crop_435_Seed.swf","49fef40f5c1e17b350e2dcbdd8df280af34e75bce383224ff52774c5872fe289","Crop_435_Seed","4","4","root-symbol","1","0","-20,-21,1181,1105","61","57","apps/web/public/assets/manor/v7-runtime/crops/435/seed.png","0291a81585722cffc570228f209404eae198443242d437af07871f610ab2b9c7","exported-root-symbol",
"farm","435","sprout","ui/allcrops/Crop_435_0.swf","8ef759cadddd172e549168147f60c1ebbd080ecb29b923841a343ac2739edff1","Crop_435_0","3","3","root-symbol","1","0","1498,670,2360,1047","44","19","apps/web/public/assets/manor/v7-runtime/crops/435/sprout.png","a54252c835d36bf31202e5f99d711b2dde6e014b19bb1f7b88df186dbdab6841","exported-root-symbol",
"farm","435","young","ui/allcrops/Crop_435_1.swf","6adf6795bdcbc68020e77075dc2957a2f003e4d5152687de0babce177d7a7df7","Crop_435_1","5","5","root-symbol","1","0","1541,335,2149,1068","31","37","apps/web/public/assets/manor/v7-runtime/crops/435/young.png","fa2b11f78ea395b328774875e579399d0dbd4f5823989e4dded4fde27c315c1b","exported-root-symbol",
"farm","435","growing","ui/allcrops/Crop_435_2.swf","1d41285025dada7584d60681242db4ff4cff7c4faf899f834eb4db874771563d","Crop_435_2","5","5","root-symbol","1","0","1157,-21,2573,1119","71","57","apps/web/public/assets/manor/v7-runtime/crops/435/growing.png","41e70ced825c906bd38afc1a2a988e242b145b3d03c09c35f834db7a357290b6","exported-root-symbol",
"farm","435","mature","ui/allcrops/Crop_435_3.swf","46e517009f37ae5ed721921b66484605ff1f4c670cebe8ae8d445a73281282fa","Crop_435_3","13","13","root-symbol","1","0","754,-1334,2912,1144","108","124","apps/web/public/assets/manor/v7-runtime/crops/435/mature.png","2a10ddbabedc90c6f431da7f0b779b6a1b279fb184614bcfc5bdfaaa23f3ef3c","exported-root-symbol",
"farm","435","withered","ui/allcrops/Crop_435_4.swf","3242b675815ef0664d67bcafe1d713f8dbd4156b8e1abe24b78099b535f55dd2","Crop_435_6","3","3","root-symbol","1","0","809,-39,3355,1091","128","57","apps/web/public/assets/manor/v7-runtime/crops/435/withered.png","7a063cb62e6305a03dfdbc40f04ac28572bae2c7054d23fdae80154b8a9a082e","exported-root-symbol",
"farm","612","seed","ui/allcrops/Crop_612_Seed.swf","3707d82fa868b80ed19d1631d958c3133725e741d15355f5832874ff27a254ef","Crop_612_Seed","7","7","root-symbol","1","0","-20,11,1221,1189","63","59","apps/web/public/assets/manor/v7-runtime/crops/612/seed.png","5ca9b49537f8ff5cd02508f8fffe77efe6fb99ff7473b13248b8398b07c5b80e","exported-root-symbol",
"farm","612","sprout","ui/allcrops/Crop_612_0.swf","e853d134c3459e8738316b1d1160dc09bc468167033bd41e4c4718e5cfac15b7","Crop_612_0","3","3","root-symbol","1","0","1546,577,2408,954","44","19","apps/web/public/assets/manor/v7-runtime/crops/612/sprout.png","a54252c835d36bf31202e5f99d711b2dde6e014b19bb1f7b88df186dbdab6841","exported-root-symbol",
"farm","612","young","ui/allcrops/Crop_612_1.swf","68e68bacc440189847111358354fa891490709644f6141413a52bdd3e39bd8e1","Crop_612_1","10","10","root-symbol","1","0","1542,174,2344,996","41","42","apps/web/public/assets/manor/v7-runtime/crops/612/young.png","6a5f913423ea0c74640dbc6a34eb5a021b5462aaa872ba93396a831f689c9ffd","exported-root-symbol",
"farm","612","growing","ui/allcrops/Crop_612_2.swf","f1fffe30a2c2471d273fc1fd5060959c8bfab8fce40d1a851ea19806f75adeba","Crop_612_2","12","12","root-symbol","1","0","1374,138,2543,1051","59","46","apps/web/public/assets/manor/v7-runtime/crops/612/growing.png","ebe1b6afab17e3945f9ba9549bdf0bdeb06f65ac0b9a090da70645def27b5388","exported-root-symbol",
"farm","612","mature","ui/allcrops/Crop_612_3.swf","6b15f8c70c58d2e6e2c7c9918620c9353fa35a43e8eacbd1f1e7a1ce1053fd66","Crop_612_3","29","29","root-symbol","1","0","416,-1954,3387,1194","149","158","apps/web/public/assets/manor/v7-runtime/crops/612/mature.png","9a94e01ec8ef740d3f8de9426074c3e1a3b4d89c15138f3135c3298722c04368","exported-root-symbol",
"farm","612","withered","ui/allcrops/Crop_612_4.swf","76d6bb9b5a809c12e7e8ec19edef8d21baca32f06619a90411e0b54e5c76fa08","Crop_612_6","3","3","root-symbol","1","0","845,-54,3391,1076","128","57","apps/web/public/assets/manor/v7-runtime/crops/612/withered.png","7a063cb62e6305a03dfdbc40f04ac28572bae2c7054d23fdae80154b8a9a082e","exported-root-symbol",
"farm","613","seed","ui/allcrops/Crop_613_Seed.swf","22f61b191088a6cfba0ea5c8ca22686aedbec1adc8af5a8e326cc9c35f30f910","Crop_613_Seed","7","7","root-symbol","1","0","-21,-22,1210,1209","62","62","apps/web/public/assets/manor/v7-runtime/crops/613/seed.png","b70c83cba4d4e816f2c33cdf718821625dbd81e1fa1434ad84be28b947ea6dae","exported-root-symbol",
"farm","613","sprout","ui/allcrops/Crop_613_0.swf","3fa3ce753609e70821622961ecf06221c999ecfd2a48562fd3fffbf1ef3f090d","Crop_613_0","3","3","root-symbol","1","0","1546,577,2408,954","44","19","apps/web/public/assets/manor/v7-runtime/crops/613/sprout.png","a54252c835d36bf31202e5f99d711b2dde6e014b19bb1f7b88df186dbdab6841","exported-root-symbol",
"farm","613","young","ui/allcrops/Crop_613_1.swf","0083287c519c2c4151f92f6a828df6d51c927a6044e79450d43fc6d02420e6bb","Crop_613_1","7","7","root-symbol","1","0","579,181,3292,1547","136","69","apps/web/public/assets/manor/v7-runtime/crops/613/young.png","adb7736b163b50c5fdb5c38cad5c47e77c6ffe7fa71578d575d757076f263c58","exported-root-symbol",
"farm","613","growing","ui/allcrops/Crop_613_2.swf","aa5d1132a4aa26fb5e18e8e99c2c1c9493bd7eda7a12a6dc8477853453b5f499","Crop_613_2","8","8","root-symbol","1","0","579,-4,3292,1548","136","78","apps/web/public/assets/manor/v7-runtime/crops/613/growing.png","14a3d0825a47b350cbf43ed746175f1401e860dde2c622bdf5b74d24e76b3a59","exported-root-symbol",
"farm","613","mature","ui/allcrops/Crop_613_3.swf","161b6b2734cbfcbc9cc71a10ec169ee13118fe07d3e487961ed6e4fc88c4d07e","Crop_613_3","73","73","root-symbol","1","0","571,-1492,3323,1548","138","152","apps/web/public/assets/manor/v7-runtime/crops/613/mature.png","bed69b782743f4ba28adaaa13ebf9867e819cb559a2f8d09248325d7f42435fd","exported-root-symbol",
"farm","613","withered","ui/allcrops/Crop_613_4.swf","97e42c8e394ec2039934bf9eef6db9004fb11da34ee50733084f842a35cf7c36","Crop_613_6","3","3","root-symbol","1","0","845,-54,3391,1076","128","57","apps/web/public/assets/manor/v7-runtime/crops/613/withered.png","7a063cb62e6305a03dfdbc40f04ac28572bae2c7054d23fdae80154b8a9a082e","exported-root-symbol",
"farm","614","seed","ui/allcrops/Crop_614_Seed.swf","18535fc70aacfe4e6ea1717628fb058b498421a8a7fcb014257b8cb0db3a6838","Crop_614_Seed","7","7","root-symbol","1","0","-9,-16,1202,1195","61","61","apps/web/public/assets/manor/v7-runtime/crops/614/seed.png","54580c443011713bac05ed2d188f46b04f756eef6c9a653cef6d7b20a53b0143","exported-root-symbol",
"farm","614","sprout","ui/allcrops/Crop_614_0.swf","70728d85f914524f07436f6f6cf59e2c8578eebf7670a2806ec6578408f0b529","Crop_614_0","3","3","root-symbol","1","0","1546,577,2408,954","44","19","apps/web/public/assets/manor/v7-runtime/crops/614/sprout.png","a54252c835d36bf31202e5f99d711b2dde6e014b19bb1f7b88df186dbdab6841","exported-root-symbol",
"farm","614","young","ui/allcrops/Crop_614_1.swf","1b95ed311ccd67c4e9684605ae646486df07b86556f27e8095e225e9d73fc0b9","Crop_614_1","7","7","root-symbol","1","0","579,181,3292,1547","136","69","apps/web/public/assets/manor/v7-runtime/crops/614/young.png","fe77615097a16cd28679fcb0cdcc7a9866af0b69730680c4cecdc8f5176e1488","exported-root-symbol",
"farm","614","growing","ui/allcrops/Crop_614_2.swf","1411dba1e05086ff7232af5da90ac94ae11aefd72b3d4364a606c04f25dc2e41","Crop_614_2","8","8","root-symbol","1","0","579,-17,3292,1548","136","79","apps/web/public/assets/manor/v7-runtime/crops/614/growing.png","339ff8a451989e07dc68ba7d31a7bdfcdc5860029900edaf542016b67552f3ec","exported-root-symbol",
"farm","614","mature","ui/allcrops/Crop_614_3.swf","e79b34b350207d4eea45877d7e19857b798d63d79cc54a948687eaa2b3cc87e4","Crop_614_3","74","74","root-symbol","1","0","579,-1578,3323,1556","138","157","apps/web/public/assets/manor/v7-runtime/crops/614/mature.png","855f2aa88ea5144928d548bd6317c0e895229fae08133ba6cd37fb959cafa58c","exported-root-symbol",
"farm","614","withered","ui/allcrops/Crop_614_4.swf","e5e91d730d3245ac3608d2757356136359b877cdc1d236156e753d15a9da4397","Crop_614_6","3","3","root-symbol","1","0","845,-54,3391,1076","128","57","apps/web/public/assets/manor/v7-runtime/crops/614/withered.png","7a063cb62e6305a03dfdbc40f04ac28572bae2c7054d23fdae80154b8a9a082e","exported-root-symbol",
"farm","615","seed","ui/allcrops/Crop_615_Seed.swf","3a96a9b4555f07e79f6d7b588b25b0a9693fe61eb4b67b0c3d8a92af80e44aeb","Crop_615_Seed","11","11","root-symbol","1","0","-12,-5,1206,1026","61","52","apps/web/public/assets/manor/v7-runtime/crops/615/seed.png","ea58e9ec0e14a05e85369d955b691bb120beeea3bf4d1e966684b091749d6c0e","exported-root-symbol",
"farm","615","sprout","ui/allcrops/Crop_615_0.swf","30d0e27b3441cb519b77c3f7dd56f43eec692340264c010b83e55a987d11bf3b","Crop_615_0","3","3","root-symbol","1","0","1546,577,2408,954","44","19","apps/web/public/assets/manor/v7-runtime/crops/615/sprout.png","a54252c835d36bf31202e5f99d711b2dde6e014b19bb1f7b88df186dbdab6841","exported-root-symbol",
"farm","615","young","ui/allcrops/Crop_615_1.swf","f01c7be9cf96e8dad73b83940c71b358404b54cc2afe4aedc64c043a48eff159","Crop_615_1","8","8","root-symbol","1","0","1414,210,2319,941","46","37","apps/web/public/assets/manor/v7-runtime/crops/615/young.png","50ee69349c0bcd871393c2a83a4331936dedf39e1d12436e1b0a037d0efb0463","exported-root-symbol",
"farm","615","growing","ui/allcrops/Crop_615_2.swf","8c76f10954d433a88798f937b7699cb3c1d4b8f21a852690a05a24b1b0dee812","Crop_615_2","12","12","root-symbol","1","0","1516,-89,2410,1027","45","56","apps/web/public/assets/manor/v7-runtime/crops/615/growing.png","109a9ea309ef6c9323f18380fdac177b94c5ad7ad734ee3b980177978830afda","exported-root-symbol",
"farm","615","mature","ui/allcrops/Crop_615_3.swf","1d967e0e94803b245cce54cacc8662b8beed3ccd2e4f35bd8f087e2916be6b96","Crop_615_3","27","27","root-symbol","1","0","469,-1474,3243,1250","139","137","apps/web/public/assets/manor/v7-runtime/crops/615/mature.png","e3abc51a82b38bf94dead491e3eec86f1ce1ecbf3178d23a0336e4c3a6ae4204","exported-root-symbol",
"farm","615","withered","ui/allcrops/Crop_615_4.swf","ef918d6369ad437449f868cea916d4074d190d171109620ab895141faff64730","Crop_615_6","3","3","root-symbol","1","0","845,-54,3391,1076","128","57","apps/web/public/assets/manor/v7-runtime/crops/615/withered.png","7a063cb62e6305a03dfdbc40f04ac28572bae2c7054d23fdae80154b8a9a082e","exported-root-symbol",
"farm","616","seed","ui/allcrops/Crop_616_Seed.swf","0ca5fd6d4fc9ac3944470b9eb39d925a4a2293f19c0edfd1309f55cfc1866566","Crop_616_Seed","5","5","root-symbol","1","0","-9,-1,1171,1163","59","59","apps/web/public/assets/manor/v7-runtime/crops/616/seed.png","1bf815e0987bdad0e00e83fdf4885579f121ebb1da9b9455402674e929c13a41","exported-root-symbol",
"farm","616","sprout","ui/allcrops/Crop_616_0.swf","3dcf13b408b3abe5c88e4343b1cd5ec368ebaa0db6d4849ce4d66336bf28f5be","Crop_616_0","3","3","root-symbol","1","0","1546,577,2408,954","44","19","apps/web/public/assets/manor/v7-runtime/crops/616/sprout.png","a54252c835d36bf31202e5f99d711b2dde6e014b19bb1f7b88df186dbdab6841","exported-root-symbol",
"farm","616","young","ui/allcrops/Crop_616_1.swf","6f8e17185d37c9f20c8f2a1093d2949de4d34c44e194d29504e6d97bedb29302","Crop_616_1","15","15","root-symbol","1","0","1414,210,2293,921","44","36","apps/web/public/assets/manor/v7-runtime/crops/616/young.png","3c17d2bcd7df3b77cec631988dff7d33f32bfb0388e340b48991fdbb2327e272","exported-root-symbol",
"farm","616","growing","ui/allcrops/Crop_616_2.swf","ca58747ec55eda2f8500caa6b75c07ad006c7c411cecdc1ac15eb36dac318feb","Crop_616_2","18","18","root-symbol","1","0","1333,-224,2516,1040","60","64","apps/web/public/assets/manor/v7-runtime/crops/616/growing.png","916f104a080b2e1f72021b13dd6caad14567facc4f4354296e56b8f5e1226f24","exported-root-symbol",
"farm","616","mature","ui/allcrops/Crop_616_3.swf","c7d878dca124ba36e5ed0dfc523f83edf5d61065c8ca350f09487710927ef2d6","Crop_616_3","29","29","root-symbol","1","0","528,-1624,3348,1341","141","149","apps/web/public/assets/manor/v7-runtime/crops/616/mature.png","c210be8373321323cd2275414da3c94e4dccb64c4b86c6a4cc5114552128e13b","exported-root-symbol",
"farm","616","withered","ui/allcrops/Crop_616_4.swf","f4e3adc35489e234aea3ef397dc4a12d769045ea48e8d194e8b589cbefbaac8b","Crop_616_6","3","3","root-symbol","1","0","845,-54,3391,1076","128","57","apps/web/public/assets/manor/v7-runtime/crops/616/withered.png","7a063cb62e6305a03dfdbc40f04ac28572bae2c7054d23fdae80154b8a9a082e","exported-root-symbol",
"farm","617","seed","ui/allcrops/Crop_617_Seed.swf","67c94af2607171f57260f3a0545243b70dde26ba5d1a4bd703639db0115b61ab","Crop_617_Seed","4","4","root-symbol","1","0","-16,0,1100,1050","56","53","apps/web/public/assets/manor/v7-runtime/crops/617/seed.png","e36b35bc4ac539d365c363e8585b6cb55c35e2e7946d8f70fd26102fd0edf576","exported-root-symbol",
"farm","617","sprout","ui/allcrops/Crop_617_0.swf","7bd0c1aafc17b235a706022425799bd1005ad6bc5b558d9ac40dd00c71ac204a","Crop_617_0","3","3","root-symbol","1","0","1546,577,2408,954","44","19","apps/web/public/assets/manor/v7-runtime/crops/617/sprout.png","a54252c835d36bf31202e5f99d711b2dde6e014b19bb1f7b88df186dbdab6841","exported-root-symbol",
"farm","617","young","ui/allcrops/Crop_617_1.swf","cb1ac9ecd25aad606fefddc6c3093b4589ac5e351f89d0e105498e7247e83ffa","Crop_617_1","8","8","root-symbol","1","0","1414,210,2323,887","46","34","apps/web/public/assets/manor/v7-runtime/crops/617/young.png","88d2d0ea21923f9acf2c80bee88c84ac9445ed505f9602b6c433eecc4fc7d486","exported-root-symbol",
"farm","617","growing","ui/allcrops/Crop_617_2.swf","4b078d618ce6fae233a4f77390ed804fafe2b2faa160c2b485163054fceefb35","Crop_617_2","7","7","root-symbol","1","0","1339,111,2562,1033","62","47","apps/web/public/assets/manor/v7-runtime/crops/617/growing.png","0431eb098c119bb89092849d34fc125d351d0483abdce5aeb7938456536a07e9","exported-root-symbol",
"farm","617","mature","ui/allcrops/Crop_617_3.swf","316979a9c2b24e5665f2dee3b8e8d21bb4c6dd68b35bd7b7ef12fbffc76954e8","Crop_617_3","18","18","root-symbol","1","0","543,-1660,3228,1306","135","149","apps/web/public/assets/manor/v7-runtime/crops/617/mature.png","ac089cac5d902145670afbe52e33c603994d839e27b0949f0f5849371f57f6ef","exported-root-symbol",
"farm","617","withered","ui/allcrops/Crop_617_4.swf","b019049e27aadee204c62c87e2c37fa37113fc26b10c9ae671a7b2d669a54398","Crop_617_6","3","3","root-symbol","1","0","845,-54,3391,1076","128","57","apps/web/public/assets/manor/v7-runtime/crops/617/withered.png","7a063cb62e6305a03dfdbc40f04ac28572bae2c7054d23fdae80154b8a9a082e","exported-root-symbol",
"farm","618","seed","ui/allcrops/Crop_618_Seed.swf","26819bd2215bff4892d87c23c4c7e4bb7f06bb92ebeaea7f2996183763308381","Crop_618_Seed","15","15","root-symbol","1","0","-20,18,1102,1140","57","57","apps/web/public/assets/manor/v7-runtime/crops/618/seed.png","c422743d18a8b8c6b587399033f97b84be3e270ed8638a1cf15586bf40078a42","exported-root-symbol",
"farm","618","sprout","ui/allcrops/Crop_618_0.swf","ea687026e359f7e26b027123542f4a52e7a75641f48f5370702efbc8aeaa2a1b","Crop_618_0","3","3","root-symbol","1","0","1546,577,2408,954","44","19","apps/web/public/assets/manor/v7-runtime/crops/618/sprout.png","a54252c835d36bf31202e5f99d711b2dde6e014b19bb1f7b88df186dbdab6841","exported-root-symbol",
"farm","618","young","ui/allcrops/Crop_618_1.swf","478e94d4f93139b2b07484e13c4abb00b19bac2be9b8364654226278af737320","Crop_618_1","5","5","root-symbol","1","0","1430,346,2438,1028","51","35","apps/web/public/assets/manor/v7-runtime/crops/618/young.png","788cfe45125d90f39c7ff328b5cd9f35e22ee2d49d3d3c0b4f98cfd05468bdb1","exported-root-symbol",
"farm","618","growing","ui/allcrops/Crop_618_2.swf","cbac209618299605fe4d8e1831b57b29de1e729af2d766175e5d37d496694625","Crop_618_2","8","8","root-symbol","1","0","1149,-500,2705,1058","78","78","apps/web/public/assets/manor/v7-runtime/crops/618/growing.png","51f24605f6d2543f43d8205705d78a46717101172795ddc66a6ec4396e66b743","exported-root-symbol",
"farm","618","mature","ui/allcrops/Crop_618_3.swf","b5ee64d8f0f3f99e50b6e213be4ad324625c21ef808dcb60a4eabb5a2e7aa778","Crop_618_3","38","38","root-symbol","1","0","614,-1630,3220,1208","131","142","apps/web/public/assets/manor/v7-runtime/crops/618/mature.png","1d13d9fcdc3bad54aa196cc1d27697a1a54621f9c91caa72510a42a5e77c00fd","exported-root-symbol",
"farm","618","withered","ui/allcrops/Crop_618_4.swf","af6ca00f0b6a7ab1f8882b6573555e7def3d96dab783dab887df7eec0de848cd","Crop_618_6","3","3","root-symbol","1","0","845,-54,3391,1076","128","57","apps/web/public/assets/manor/v7-runtime/crops/618/withered.png","7a063cb62e6305a03dfdbc40f04ac28572bae2c7054d23fdae80154b8a9a082e","exported-root-symbol",
"farm","621","seed","ui/allcrops/Crop_621_Seed.swf","61ed6a19676e56ce3584cf3e250ae462534db0c3f014369c956712dad260945f","Crop_621_Seed","3","3","root-symbol","1","0","169,-157,1032,791","44","48","apps/web/public/assets/manor/v7-runtime/crops/621/seed.png","518c809458c48257e21472ba1f373908a0bf3205ad44d3f12a623dd30399972e","exported-root-symbol",
"farm","621","sprout","ui/allcrops/Crop_621_0.swf","64607a55145b33b7e6bf59ea5ee232ef1fea724697b8f8da22b7d56961f3d64f","Crop_621_0","3","3","root-symbol","1","0","1571,664,2433,1041","44","19","apps/web/public/assets/manor/v7-runtime/crops/621/sprout.png","a54252c835d36bf31202e5f99d711b2dde6e014b19bb1f7b88df186dbdab6841","exported-root-symbol",
"farm","621","young","ui/allcrops/Crop_621_1.swf","b36e4d80abce4f32a2e84f0f37b469137c30c1455517831e2e51cfb45ddb91ce","Crop_621_1","4","4","root-symbol","1","0","1722,608,2215,999","25","20","apps/web/public/assets/manor/v7-runtime/crops/621/young.png","869f47048c9b3ac2f70ea764e87cd07b4b10623327d142ef879ca4eeca4b53fe","exported-root-symbol",
"farm","621","growing","ui/allcrops/Crop_621_2.swf","d77f6a3fb6a89346f3c9102f50d996bdaf775f4b4eceabfa8df99171b739621f","Crop_621_2","4","4","root-symbol","1","0","1619,188,2321,1004","36","41","apps/web/public/assets/manor/v7-runtime/crops/621/growing.png","3b8af6d0c4d15a07c5595e5c72149f05188aeb16fab107315d37603631774257","exported-root-symbol",
"farm","621","mature","ui/allcrops/Crop_621_3.swf","96a3c42f6a5ed27034456462c0d5cbfdbb965a5bcde0cc79b1ee29991fbe20ab","Crop_621_3","13","12","last-visible-child","1","0","-77,246,1682,2585","88","117","apps/web/public/assets/manor/v7-runtime/crops/621/mature.png","b875da5b14e68e26bd94633bef8ea56df9b1a82349636388d9f6816271580619","exported-root-symbol",
"farm","621","withered","ui/allcrops/Crop_621_4.swf","1a3be7e90d247af1efa2a4089a51968720dc4aea5ea9414dff676108907453f9","Crop_621_6","3","3","root-symbol","1","0","807,-59,3353,1071","128","57","apps/web/public/assets/manor/v7-runtime/crops/621/withered.png","e4cae434752cfa7320850526519e442366b914bd04c1f33519af2e4a93c6959c","exported-root-symbol",
"farm","622","seed","ui/allcrops/Crop_622_Seed.swf","9a5657751c46bdc9c009f528f9a09ecd93dbaea5273dd25cc594f50d387ed026","Crop_622_Seed","8","8","root-symbol","1","0","-23,-15,1195,1227","61","63","apps/web/public/assets/manor/v7-runtime/crops/622/seed.png","c652f83c81368dfa1d6f8375a0ba46b654ac6f39d5f4a440d10c2dac09867121","exported-root-symbol",
"farm","622","sprout","ui/allcrops/Crop_622_0.swf","81f5583e397432517633e53246b252799ca1d52e6525c85a2e2ef1b0bb60272a","Crop_622_0","3","3","root-symbol","1","0","1546,577,2408,954","44","19","apps/web/public/assets/manor/v7-runtime/crops/622/sprout.png","a54252c835d36bf31202e5f99d711b2dde6e014b19bb1f7b88df186dbdab6841","exported-root-symbol",
"farm","622","young","ui/allcrops/Crop_622_1.swf","fa425cec3de00ec5f51c098e640a9e00a48b405e3c366d599c081854757c62de","Crop_622_1","9","9","root-symbol","1","0","1520,43,2401,1023","45","49","apps/web/public/assets/manor/v7-runtime/crops/622/young.png","b6c90484f27937854b9534e7186034a2dd354dc921f815fc05e5fa5cb468f31b","exported-root-symbol",
"farm","622","growing","ui/allcrops/Crop_622_2.swf","e2426af53c846954544c3e75f43d356b73ffe3e74d3e5b248afbacfe1c33a9a4","Crop_622_2","12","12","root-symbol","1","0","1443,-480,2691,1061","63","78","apps/web/public/assets/manor/v7-runtime/crops/622/growing.png","c97734b61f2fdf3392556cb4f72b2d1fffae8c90b82be8f2edf2f5df6016d8c3","exported-root-symbol",
"farm","622","mature","ui/allcrops/Crop_622_3.swf","c24d8a269c29fc3416e17c557805cd0fc27fdce9e4e30a7c95234e813350176d","Crop_622_3","42","42","root-symbol","1","0","570,-1749,3594,1192","152","148","apps/web/public/assets/manor/v7-runtime/crops/622/mature.png","78a829621f110f223056240c08c46ab5eeda8f5a4554fec1e403ab9fea9d91c3","exported-root-symbol",
"farm","622","withered","ui/allcrops/Crop_622_4.swf","75990bfb35d0d1a3e808f70ca05bcb98877478cef1ad29456d75552eff888700","Crop_622_6","3","3","root-symbol","1","0","845,-54,3391,1076","128","57","apps/web/public/assets/manor/v7-runtime/crops/622/withered.png","7a063cb62e6305a03dfdbc40f04ac28572bae2c7054d23fdae80154b8a9a082e","exported-root-symbol",
"farm","623","seed","ui/allcrops/Crop_623_Seed.swf","17bdde8a6defc6e33df3e9c9cfc61ebc1ff1d95059bb60637b5f4fe015524780","Crop_623_Seed","7","7","root-symbol","1","0","-22,-16,1220,1164","63","59","apps/web/public/assets/manor/v7-runtime/crops/623/seed.png","b4476e380342c0db9111b2dec7ca9b86ac047e6e82de136508f2cb7c5014f8d9","exported-root-symbol",
"farm","623","sprout","ui/allcrops/Crop_623_0.swf","40945f63a87d79c2763712b60454947cffea1845eb3b3a0b1323bdcf93c683bc","Crop_623_0","3","3","root-symbol","1","0","1546,577,2408,954","44","19","apps/web/public/assets/manor/v7-runtime/crops/623/sprout.png","a54252c835d36bf31202e5f99d711b2dde6e014b19bb1f7b88df186dbdab6841","exported-root-symbol",
"farm","623","young","ui/allcrops/Crop_623_1.swf","4c3ee8356b5ab076de7ce4a43dfa0b6945936c933be4e8b2617324eb966b322c","Crop_623_1","8","8","root-symbol","1","0","1513,-74,2427,1023","46","55","apps/web/public/assets/manor/v7-runtime/crops/623/young.png","795811958a5883e4cca1fc81a466792291c98e3ddab5ca27ad8af2dd6ab3b24f","exported-root-symbol",
"farm","623","growing","ui/allcrops/Crop_623_2.swf","545476197a00f01f7e3d5eebe8ca57bde9286da966aad74cd7c0bb2e5f7fccf9","Crop_623_2","9","9","root-symbol","1","0","1352,-755,2980,1138","82","95","apps/web/public/assets/manor/v7-runtime/crops/623/growing.png","352908893c1c78fdd39384f5cc199f528b7897b37882eb5e1e8e60cf06a66a91","exported-root-symbol",
"farm","623","mature","ui/allcrops/Crop_623_3.swf","093484856a1cd7ff753fa32e3b6c80e45cce95b848e242d7ec3d4d018d367319","Crop_623_3","19","19","root-symbol","1","0","685,-1608,3460,1357","139","149","apps/web/public/assets/manor/v7-runtime/crops/623/mature.png","740626a89d9b7b61090c19adb8ac9cc4e92cc3378f445b679c934949dab74983","exported-root-symbol",
"farm","623","withered","ui/allcrops/Crop_623_4.swf","866382730741d8e787d7b90d433d68f308305f6f83d3c6d4f06331645a0e1f09","Crop_623_6","3","3","root-symbol","1","0","845,-54,3391,1076","128","57","apps/web/public/assets/manor/v7-runtime/crops/623/withered.png","7a063cb62e6305a03dfdbc40f04ac28572bae2c7054d23fdae80154b8a9a082e","exported-root-symbol",
"farm","624","seed","ui/allcrops/Crop_624_Seed.swf","0884491daae6ceb92ddbcfa8fcbddd82b8efa527a65d42156a6296ad6dbd26b3","Crop_624_Seed","9","9","root-symbol","1","0","4,-7,1246,1173","63","59","apps/web/public/assets/manor/v7-runtime/crops/624/seed.png","5280c1435ab4e4e1f0131d4cc2da67e1cf8932ae46daaa0bbc28551c0db5a8de","exported-root-symbol",
"farm","624","sprout","ui/allcrops/Crop_624_0.swf","c16f338fe51772add3e037a27e3e91f19c12a217eea5e840794c5398895cb8a6","Crop_624_0","3","3","root-symbol","1","0","1546,577,2408,954","44","19","apps/web/public/assets/manor/v7-runtime/crops/624/sprout.png","a54252c835d36bf31202e5f99d711b2dde6e014b19bb1f7b88df186dbdab6841","exported-root-symbol",
"farm","624","young","ui/allcrops/Crop_624_1.swf","54d22af530208b121e80b22f05f992559e789f7a1f9904302002ce22261e0e49","Crop_624_1","11","11","root-symbol","1","0","505,-193,3386,1553","145","88","apps/web/public/assets/manor/v7-runtime/crops/624/young.png","0c10fe61f3ec0c576364de97deac8b8ff11205d80f6c289abf30c76ca8994e58","exported-root-symbol",
"farm","624","growing","ui/allcrops/Crop_624_2.swf","ae3b4b4f5666c251874e5f44f341eefc348886f7cd38ea6bd80cd8ea60dfdfa5","Crop_624_2","11","11","root-symbol","1","0","507,-558,3388,1554","145","106","apps/web/public/assets/manor/v7-runtime/crops/624/growing.png","fbc3e8511b2933de7fe7ded50c7e19c959767e05829c23b2261dd79bfc1f4e2b","exported-root-symbol",
"farm","624","mature","ui/allcrops/Crop_624_3.swf","1df3121fa408192b9716152dbd5cab034034f24809b2ccae4467f3f544b8ea9b","Crop_624_3","33","33","root-symbol","1","0","506,-1617,3390,1559","145","159","apps/web/public/assets/manor/v7-runtime/crops/624/mature.png","b744035646c06cf6edcf7aa9ab499539ba1dd00945ef38a85906a849e5c0346b","exported-root-symbol",
"farm","624","withered","ui/allcrops/Crop_624_4.swf","2eaeb14d52e080bb417268598185b4b88bafc21bb5b43237141c2f1b8c09a124","Crop_624_6","3","3","root-symbol","1","0","845,-54,3391,1076","128","57","apps/web/public/assets/manor/v7-runtime/crops/624/withered.png","7a063cb62e6305a03dfdbc40f04ac28572bae2c7054d23fdae80154b8a9a082e","exported-root-symbol",
"farm","625","seed","ui/allcrops/Crop_625_Seed.swf","7b2f33ec2cf1a9898c7ef5cda3aa485dff7ee3f0aabefdf2bcac06fd602a2a55","Crop_625_Seed","5","5","root-symbol","1","0","111,-133,1095,874","50","51","apps/web/public/assets/manor/v7-runtime/crops/625/seed.png","4cf6056831e815a41769b31697829ad6172beb3570ae09a9399317f6be378be3","exported-root-symbol",
"farm","625","sprout","ui/allcrops/Crop_625_0.swf","20c5baea0e4568aa4deb603c3cdf95375943dcf9262896ed03e78e662a0b0dec","Crop_625_0","3","3","root-symbol","1","0","1571,664,2433,1041","44","19","apps/web/public/assets/manor/v7-runtime/crops/625/sprout.png","a54252c835d36bf31202e5f99d711b2dde6e014b19bb1f7b88df186dbdab6841","exported-root-symbol",
"farm","625","young","ui/allcrops/Crop_625_1.swf","195fc1be39f5fd39e27859ee16380e5e2b72946ccd23542f37fa316f9b553a1b","Crop_625_1","4","4","root-symbol","1","0","1729,648,2241,996","26","18","apps/web/public/assets/manor/v7-runtime/crops/625/young.png","7c51f9e4f8648aa8f90a3a06ce5bb50308a4806f0cb30083ae96270ed5d29630","exported-root-symbol",
"farm","625","growing","ui/allcrops/Crop_625_2.swf","5204d39ac3fd99eadea2a3ef497bd46fde1eb1f0e15ec39f6c1a81d90f77f89f","Crop_625_2","8","8","root-symbol","1","0","1493,177,2456,1052","49","44","apps/web/public/assets/manor/v7-runtime/crops/625/growing.png","00f7f9261c9af255aef5ae2cc39fbd75ecd4f18a81e06855e76ffccf30ed28e4","exported-root-symbol",
"farm","625","mature","ui/allcrops/Crop_625_3.swf","c180d434e75a9790f8317f7557ad7b9b1a87303c64914a88c1a2d2aeb15ca289","Crop_625_3","21","20","last-visible-child","1","0","-124,235,1827,2614","98","119","apps/web/public/assets/manor/v7-runtime/crops/625/mature.png","2470b774ae84bbe8e4bf9ae1d759ae60bc16e7672c4c3b24c2ad6e3d81bd54ab","exported-root-symbol",
"farm","625","withered","ui/allcrops/Crop_625_4.swf","3cd39d36784e890322097d60bd61dad98183d9ae8635bd88aba54e8e1c7c8617","Crop_625_6","3","3","root-symbol","1","0","807,-59,3353,1071","128","57","apps/web/public/assets/manor/v7-runtime/crops/625/withered.png","e4cae434752cfa7320850526519e442366b914bd04c1f33519af2e4a93c6959c","exported-root-symbol",
"farm","626","seed","ui/allcrops/Crop_626_Seed.swf","3fc927e3129be7a00a8f3142f5023d9cfc89fb215484badb33618699bd10ff02","Crop_626_Seed","6","6","root-symbol","1","0","83,-143,1194,807","56","48","apps/web/public/assets/manor/v7-runtime/crops/626/seed.png","ad538bf045c12314877113c5d32da62ec8073308456ab2483f9f7e67d9d58cda","exported-root-symbol",
"farm","626","sprout","ui/allcrops/Crop_626_0.swf","426d3c8b203ceb49bbf0aa3c6575f0ccab26e2d17266299d8be7e6775e888890","Crop_626_0","3","3","root-symbol","1","0","1571,664,2433,1041","44","19","apps/web/public/assets/manor/v7-runtime/crops/626/sprout.png","a54252c835d36bf31202e5f99d711b2dde6e014b19bb1f7b88df186dbdab6841","exported-root-symbol",
"farm","626","young","ui/allcrops/Crop_626_1.swf","69e093042797cfe187414bee79cdc097fa39e7486856ee7b9f61e3d98c4dc70a","Crop_626_1","4","4","root-symbol","1","0","1776,677,2186,992","21","16","apps/web/public/assets/manor/v7-runtime/crops/626/young.png","f8fcea3fc8623a8e1052f607533881160e5e67af873285f26b26b03624295520","exported-root-symbol",
"farm","626","growing","ui/allcrops/Crop_626_2.swf","9a104f6597c009a83424b96a599ca191c59e5ee5cf6c0960988da0e5aa2df4da","Crop_626_2","10","10","root-symbol","1","0","1565,86,2436,1044","44","48","apps/web/public/assets/manor/v7-runtime/crops/626/growing.png","baf9ff9b187fc8775ff929e466008c5aa82afce107407048f56791dcf7291856","exported-root-symbol",
"farm","626","mature","ui/allcrops/Crop_626_3.swf","52b8e23c2ce2b99cd1086f14eb4af54d06f61ccbab40a3bc996295566116b099","Crop_626_3","34","33","last-visible-child","1","0","-72,377,1739,2614","91","112","apps/web/public/assets/manor/v7-runtime/crops/626/mature.png","f2e57fa653b32271080e9d34aa4b3341c67ecb11de30392bc61acfce5b862303","exported-root-symbol",
"farm","626","withered","ui/allcrops/Crop_626_4.swf","c651b356c53c729420ce21f4ab7f512e9d6e77e27b240005162b1fc9fc3b3723","Crop_626_6","3","3","root-symbol","1","0","807,-59,3353,1071","128","57","apps/web/public/assets/manor/v7-runtime/crops/626/withered.png","e4cae434752cfa7320850526519e442366b914bd04c1f33519af2e4a93c6959c","exported-root-symbol",
"farm","627","seed","ui/allcrops/Crop_627_Seed.swf","badfee2bc55f775a04eb7dd52d6a44c2967107f7072ceb8996ce605f7c49546e","Crop_627_Seed","11","11","root-symbol","1","0","-18,-18,1226,1180","63","60","apps/web/public/assets/manor/v7-runtime/crops/627/seed.png","cee36a1096f200f2840ad02198cea8c00fd27385c33cc533e7a1ef3450a5dfb8","exported-root-symbol",
"farm","627","sprout","ui/allcrops/Crop_627_0.swf","4c6852740d95ff12e9b14fe4e636d1ed1fdac55fda95007c1ecb020a93092500","Crop_627_0","3","3","root-symbol","1","0","1546,577,2408,954","44","19","apps/web/public/assets/manor/v7-runtime/crops/627/sprout.png","a54252c835d36bf31202e5f99d711b2dde6e014b19bb1f7b88df186dbdab6841","exported-root-symbol",
"farm","627","young","ui/allcrops/Crop_627_1.swf","56696153e9cf061035faa6b910ec7e53ca86b17a54c14629074270e1b38087b3","Crop_627_1","11","11","root-symbol","1","0","1463,264,2209,954","38","35","apps/web/public/assets/manor/v7-runtime/crops/627/young.png","58f092f84e78f448581b7d935a4a2c621636bfc2ff74c74077a986d96b65b59e","exported-root-symbol",
"farm","627","growing","ui/allcrops/Crop_627_2.swf","b07a74fa82e75fcb569dbd6957777dc567956790b56a298bb8c8510f53493e81","Crop_627_2","14","14","root-symbol","1","0","1251,-16,2668,1076","71","55","apps/web/public/assets/manor/v7-runtime/crops/627/growing.png","b3b699d34293035c729cde2e816edbab46563c0af7be0c3e6920e23ae4f3e59a","exported-root-symbol",
"farm","627","mature","ui/allcrops/Crop_627_3.swf","93e6a1fef53dbf396c1071abe10b709af9e21469d236aaf0ad1f283281e17395","Crop_627_3","31","30","last-visible-child","1","0","-165,954,2511,3767","134","141","apps/web/public/assets/manor/v7-runtime/crops/627/mature.png","2cce5cb14b98c6bbc73568c71b59ba524632a04884eaea6d29107ae7f1fa6fcd","exported-root-symbol",
"farm","627","withered","ui/allcrops/Crop_627_4.swf","b3d9adfa020c94ef68904c7d20bbbfcb2063d98f65f2dfc2f8992fecebd75a24","Crop_627_6","3","3","root-symbol","1","0","845,-54,3391,1076","128","57","apps/web/public/assets/manor/v7-runtime/crops/627/withered.png","e4cae434752cfa7320850526519e442366b914bd04c1f33519af2e4a93c6959c","exported-root-symbol",
"farm","702","seed","ui/allcrops/Crop_702_Seed.swf","11761c0a5d7ecd1c1370003d37035856adf99aa529074f14d1e5b328ff9b51c0","Crop_702_Seed","6","6","root-symbol","1","0","-20,-14,1107,1100","57","56","apps/web/public/assets/manor/v7-runtime/crops/702/seed.png","f29796ce37f78a603867c1ed046a7e10f2f54d94486b8c31fe5513e1a24e87b0","exported-root-symbol",
"farm","702","sprout","ui/allcrops/Crop_702_0.swf","5da0c1aa7c8aeaabcf5a0725fc98551967adf3670318c73bd3b0ef700bed77f0","Crop_702_0","3","3","root-symbol","1","0","1546,577,2408,954","44","19","apps/web/public/assets/manor/v7-runtime/crops/702/sprout.png","a54252c835d36bf31202e5f99d711b2dde6e014b19bb1f7b88df186dbdab6841","exported-root-symbol",
"farm","702","young","ui/allcrops/Crop_702_1.swf","27f7f2c36cfa15aa28156746c00915c0fc13d6859b789bef6aa52c725e50b765","Crop_702_1","7","7","root-symbol","1","0","1545,167,2370,926","42","38","apps/web/public/assets/manor/v7-runtime/crops/702/young.png","11d938a4c8f208ef0a558ce3aa83ab40b84204427d836bee07fb251fb6debc80","exported-root-symbol",
"farm","702","growing","ui/allcrops/Crop_702_2.swf","8e80ae0b93e4c7c958bfc86c62ff6521b1be7a58fbe38272c539cd7b2d926e46","Crop_702_2","9","9","root-symbol","1","0","1318,-417,2743,950","72","69","apps/web/public/assets/manor/v7-runtime/crops/702/growing.png","92304ba1cd4c1ba9fffae830a07f1e46c0fe9dd284538120b09a19ca76a2aeda","exported-root-symbol",
"farm","702","mature","ui/allcrops/Crop_702_3.swf","dfe3f37fa504f60dbba0422045da1a09e70775b4293055d03f9a0596d876bc49","Crop_702_3","18","17","last-visible-child","1","0","-368,352,2504,3399","144","153","apps/web/public/assets/manor/v7-runtime/crops/702/mature.png","b6f68afd76071f01776397110a9e3d5f40c66d7876b3d10c9277992205de532d","exported-root-symbol",
"farm","702","withered","ui/allcrops/Crop_702_4.swf","c5dc229f7a0669a51f335b3ec209e574816e185ee66a02114576df93c798cc88","Crop_702_6","3","3","root-symbol","1","0","845,-54,3391,1076","128","57","apps/web/public/assets/manor/v7-runtime/crops/702/withered.png","e4cae434752cfa7320850526519e442366b914bd04c1f33519af2e4a93c6959c","exported-root-symbol",
"farm","704","seed","ui/allcrops/Crop_704_Seed.swf","f37543778484aeb70a9284a4e0edf58efddb813fb01a64838ddd4ddd15cb41df","Crop_704_Seed","15","15","root-symbol","1","0","-20,-20,1181,1114","61","57","apps/web/public/assets/manor/v7-runtime/crops/704/seed.png","5874ab8414b46eefe1043e83d2ecb7870cdbe6c879b539a32718f925aad026ba","exported-root-symbol",
"farm","704","sprout","ui/allcrops/Crop_704_0.swf","9fd7d1a4d7530357b176ca03b89a291ddf3ded41aab6691f13f2e69b27ab483c","Crop_704_0","3","3","root-symbol","1","0","1546,577,2408,954","44","19","apps/web/public/assets/manor/v7-runtime/crops/704/sprout.png","a54252c835d36bf31202e5f99d711b2dde6e014b19bb1f7b88df186dbdab6841","exported-root-symbol",
"farm","704","young","ui/allcrops/Crop_704_1.swf","659522c37a8598f82f863d94c01dfd44bb47a3cfcdaed45eae62cee12b2b52cc","Crop_704_1","10","10","root-symbol","1","0","1536,48,2345,948","41","45","apps/web/public/assets/manor/v7-runtime/crops/704/young.png","8139ff5a31c167b19a5fac68979ab50f5d253faa013f361d9c6617318530ca96","exported-root-symbol",
"farm","704","growing","ui/allcrops/Crop_704_2.swf","1e778a8fb3aada73a9b93baa1084fed7abe1262f4659c7b2a40451e8c59a436e","Crop_704_2","12","12","root-symbol","1","0","1213,-329,2705,954","75","65","apps/web/public/assets/manor/v7-runtime/crops/704/growing.png","b65920a4c6d977745c3f72463b9c5a0cb5c438e9f0e6e58d2ce3488c411b6994","exported-root-symbol",
"farm","704","mature","ui/allcrops/Crop_704_3.swf","5f9ac5077600035c59d1cd0d47a250847a2fe4fc0dd6cab0a99c5d3f095e10d9","Crop_704_3","26","25","last-visible-child","1","0","-285,600,2394,3465","134","144","apps/web/public/assets/manor/v7-runtime/crops/704/mature.png","23ae1af70483665b5ca2d541ac74543fe780411e604a909d232e2ffcc2f2188b","exported-root-symbol",
"farm","704","withered","ui/allcrops/Crop_704_4.swf","d4ce779af4a4c7ddbec5827fbc2b09e76b21e37624a5397603a1c003fe98c17b","Crop_704_6","3","3","root-symbol","1","0","845,-54,3391,1076","128","57","apps/web/public/assets/manor/v7-runtime/crops/704/withered.png","e4cae434752cfa7320850526519e442366b914bd04c1f33519af2e4a93c6959c","exported-root-symbol",
"farm","707","seed","ui/allcrops/Crop_707_Seed.swf","d79e688725735970c6b4c04fa19b956db7dcf56c4605587021b5402a05da60f9","Crop_707_Seed","7","7","root-symbol","1","0","65,83,1085,1077","51","50","apps/web/public/assets/manor/v7-runtime/crops/707/seed.png","c2a4bb221a9ec68d9dcc9f70bd8b6c9748bbfbcf59c62301486fafdf50d00c05","exported-root-symbol",
"farm","707","sprout","ui/allcrops/Crop_707_0.swf","7dd5cd7b3ca3bd6c230c094f45d51410718c076398e3d589366cc4276bebfaf9","Crop_707_0","3","3","root-symbol","1","0","1546,577,2408,954","44","19","apps/web/public/assets/manor/v7-runtime/crops/707/sprout.png","a54252c835d36bf31202e5f99d711b2dde6e014b19bb1f7b88df186dbdab6841","exported-root-symbol",
"farm","707","young","ui/allcrops/Crop_707_1.swf","f5f63bb81837dc749c296a739e007005e85e2ff41bbd793748eedb00812f8f98","Crop_707_1","12","12","root-symbol","1","0","1521,-109,2349,947","42","53","apps/web/public/assets/manor/v7-runtime/crops/707/young.png","aa081fe467f052a3411ee5ab65507f99d107f15aa1564e229f8ae428cda2d89f","exported-root-symbol",
"farm","707","growing","ui/allcrops/Crop_707_2.swf","75fa73e57d176938cb1b740b8b90c547d6efbbcb5e420e57c79cbb5d0cd71bde","Crop_707_2","14","14","root-symbol","1","0","816,-820,2462,1014","83","92","apps/web/public/assets/manor/v7-runtime/crops/707/growing.png","c76e299b32058e3a4c98d1b3ca989f162fd4a87719d358f661a2d40988a2d9e1","exported-root-symbol",
"farm","707","mature","ui/allcrops/Crop_707_3.swf","0ef75826bef7d1f6c65ef570302ee1ea86e0fc90f95585e9ebb5eec16bd0b5ec","Crop_707_3","28","27","last-visible-child","1","0","-539,594,2469,3352","151","138","apps/web/public/assets/manor/v7-runtime/crops/707/mature.png","92389f2d72957499a62672ad3743a1844f5a57571e8a7a24e76b672e4cef55a7","exported-root-symbol",
"farm","707","withered","ui/allcrops/Crop_707_4.swf","b8f735d8efd050cb5741442059c8518bab7775973ba546f23404f97fe1dddafa","Crop_707_6","3","3","root-symbol","1","0","845,-54,3391,1076","128","57","apps/web/public/assets/manor/v7-runtime/crops/707/withered.png","e4cae434752cfa7320850526519e442366b914bd04c1f33519af2e4a93c6959c","exported-root-symbol",
"farm","708","seed","ui/allcrops/Crop_708_Seed.swf","20681cd239aca1b8f79573600be1d907e21460fba8c4bd2c402a7476adfbbe9d","Crop_708_Seed","30","30","root-symbol","1","0","-20,-20,1150,1112","59","57","apps/web/public/assets/manor/v7-runtime/crops/708/seed.png","d619218d0d6e0d3a9d0c01137bc8cdd460c50338e50b22617884ed7d4302587b","exported-root-symbol",
"farm","708","sprout","ui/allcrops/Crop_708_0.swf","e90c19743756b4f4885b6ca307050454f39e416dc01ad6a8ee11ae8a2eba28f3","Crop_708_0","3","3","root-symbol","1","0","1546,577,2408,954","44","19","apps/web/public/assets/manor/v7-runtime/crops/708/sprout.png","a54252c835d36bf31202e5f99d711b2dde6e014b19bb1f7b88df186dbdab6841","exported-root-symbol",
"farm","708","young","ui/allcrops/Crop_708_1.swf","a1b4a4d8ea4d0d8f6183a025a5343882141742d8c3d53b04bcfd5843edf0b5ad","Crop_708_1","20","20","root-symbol","1","0","1198,35,2737,1087","77","53","apps/web/public/assets/manor/v7-runtime/crops/708/young.png","a91663a2258fa9fc7d4f1c82010b224b2dd14701e482e7f854dfe6ad9ead77e9","exported-root-symbol",
"farm","708","growing","ui/allcrops/Crop_708_2.swf","099ef6c367776fdb86d6814a7dbf2ef53695f95c239adead8cc903e5bd3009f0","Crop_708_2","38","38","root-symbol","1","0","873,-332,3031,1118","108","73","apps/web/public/assets/manor/v7-runtime/crops/708/growing.png","9735c6fe1a26d5f8faab7c7afd4801b602f07f5bb3acc4a31e8234c06c11e06f","exported-root-symbol",
"farm","708","mature","ui/allcrops/Crop_708_3.swf","a501edc85f4de6db791a35926e0fdb6a98b5ba88d531146bbf2045e611eade9f","Crop_708_3","55","54","last-visible-child","1","0","-516,807,2447,3958","149","158","apps/web/public/assets/manor/v7-runtime/crops/708/mature.png","f56b9694962382c17739fb161d342657f96aa616f87c3475a554db77a2613648","exported-root-symbol",
"farm","708","withered","ui/allcrops/Crop_708_4.swf","45311bf22521853d406bca9d0e2801e29b22cd753c460eef73a17e0bc777979a","Crop_708_6","3","3","root-symbol","1","0","845,-54,3391,1076","128","57","apps/web/public/assets/manor/v7-runtime/crops/708/withered.png","e4cae434752cfa7320850526519e442366b914bd04c1f33519af2e4a93c6959c","exported-root-symbol",
"farm","709","seed","ui/allcrops/Crop_709_Seed.swf","cfc9600b372246dff40472a30e4c564f290491f5186953c60a0784ae625716a3","Crop_709_Seed","5","5","root-symbol","1","0","24,15,1173,1116","58","56","apps/web/public/assets/manor/v7-runtime/crops/709/seed.png","bfdff6fece5609f9ba566a73e2d02be6dee954f2db6f99703b87bf37d6b259c2","exported-root-symbol",
"farm","709","sprout","ui/allcrops/Crop_709_0.swf","e3efdb6236fcf9f1d909add021a2bf77056429915acb4e6b76f687bdd16b093e","Crop_709_0","3","3","root-symbol","1","0","1546,577,2408,954","44","19","apps/web/public/assets/manor/v7-runtime/crops/709/sprout.png","a54252c835d36bf31202e5f99d711b2dde6e014b19bb1f7b88df186dbdab6841","exported-root-symbol",
"farm","709","young","ui/allcrops/Crop_709_1.swf","37a99ac85ea0171e92a1ca18111a9ce8c2fec988521eca75ef0d0000b09d4922","Crop_709_1","5","5","root-symbol","1","0","1450,111,2475,1087","52","49","apps/web/public/assets/manor/v7-runtime/crops/709/young.png","262d97ea0d936a85a0a8ecc175d0c744e21e80c0014d7e68b3e4818ef50789ae","exported-root-symbol",
"farm","709","growing","ui/allcrops/Crop_709_2.swf","728bd268d033bbce0be3dd66ceda28ead9751b1f191eaf39aeeec2641ce5239a","Crop_709_2","11","11","root-symbol","1","0","1095,-357,2827,1264","87","82","apps/web/public/assets/manor/v7-runtime/crops/709/growing.png","c365c22db6bafd9350b69bd3e972b24ddccea2bc643f5d57533f2f054a22029f","exported-root-symbol",
"farm","709","mature","ui/allcrops/Crop_709_3.swf","20f5f571faf9cda2210d40abb808c28304c8e4dc09020b92390964cfa0d35c47","Crop_709_3","23","22","last-visible-child","1","0","-170,861,2420,3860","130","150","apps/web/public/assets/manor/v7-runtime/crops/709/mature.png","4929c560e791eeba1317586b5dc259bb2ef781e9c56f98bfe121379d313145b2","exported-root-symbol",
"farm","709","withered","ui/allcrops/Crop_709_4.swf","99e83b4f451a2ff2298f1ab85d7605c240b094c89cc601a1a2350e31a82af984","Crop_709_6","3","3","root-symbol","1","0","845,-54,3391,1076","128","57","apps/web/public/assets/manor/v7-runtime/crops/709/withered.png","e4cae434752cfa7320850526519e442366b914bd04c1f33519af2e4a93c6959c","exported-root-symbol",
"farm","710","seed","ui/allcrops/Crop_710_Seed.swf","024af89927f4931736ea75a763306f5edace2be30db8f756c960080facc27fb0","Crop_710_Seed","5","5","root-symbol","1","0","-14,-20,1141,1100","58","56","apps/web/public/assets/manor/v7-runtime/crops/710/seed.png","c015a71a3da877a9057f38edbb51d54338a3baa9c234b58ee61960782fd99379","exported-root-symbol",
"farm","710","sprout","ui/allcrops/Crop_710_0.swf","01fcc77881247727f1cffd859d66bfe8790986f2f14fc89128a0d7bf62b5579d","Crop_710_0","3","3","root-symbol","1","0","1546,577,2408,954","44","19","apps/web/public/assets/manor/v7-runtime/crops/710/sprout.png","a54252c835d36bf31202e5f99d711b2dde6e014b19bb1f7b88df186dbdab6841","exported-root-symbol",
"farm","710","young","ui/allcrops/Crop_710_1.swf","b419318adc2ba1ce0278b8ab08e567343012d378a35d05d91ccb6974a601c169","Crop_710_1","6","6","root-symbol","1","0","1532,157,2322,1024","40","44","apps/web/public/assets/manor/v7-runtime/crops/710/young.png","e8b601135ce7ea25572f1a539b7e111f5ba542e581c58af7ee55094cf889410b","exported-root-symbol",
"farm","710","growing","ui/allcrops/Crop_710_2.swf","1ff97aaa3628e7d264c70d61c782bba04deff873424cc7d00269d39911cb048c","Crop_710_2","7","7","root-symbol","1","0","1266,5,2806,1050","77","53","apps/web/public/assets/manor/v7-runtime/crops/710/growing.png","35c08cacb99adf498be183e653bd467a9a4175b0a3ac17a10a99689f2c670411","exported-root-symbol",
"farm","710","mature","ui/allcrops/Crop_710_3.swf","3b1238009d6857370f5df027bb38289fa0874c3523add3c25aecc231f13fb7e0","Crop_710_3","18","17","last-visible-child","1","0","-357,993,2535,3613","145","131","apps/web/public/assets/manor/v7-runtime/crops/710/mature.png","71261a81aa3a6ec9514e62b730380d4dada6eba5bda3999faae9c5efece7de97","exported-root-symbol",
"farm","710","withered","ui/allcrops/Crop_710_4.swf","5f59ab50aed9c14ad609aee4a8fde1ae871f9924327a7cddecb869468be538e4","Crop_710_6","3","3","root-symbol","1","0","845,-54,3391,1076","128","57","apps/web/public/assets/manor/v7-runtime/crops/710/withered.png","e4cae434752cfa7320850526519e442366b914bd04c1f33519af2e4a93c6959c","exported-root-symbol",
"farm","711","seed","ui/allcrops/Crop_711_Seed.swf","fd30f8aee137bd94466002804999fed0f80f2f992fe0a12b67aa3e68a6f52b22","Crop_711_Seed","7","7","root-symbol","1","0","-20,-17,903,1184","47","61","apps/web/public/assets/manor/v7-runtime/crops/711/seed.png","be47b26b893cec5d912b521f1cb952f196bd6a36edb252f5b87b95a85b1885e0","exported-root-symbol",
"farm","711","sprout","ui/allcrops/Crop_711_0.swf","77046c76f204b43494f689e28ee58584e42a6906d96c751162b40c1d7469740a","Crop_711_0","3","3","root-symbol","1","0","1546,577,2408,954","44","19","apps/web/public/assets/manor/v7-runtime/crops/711/sprout.png","a54252c835d36bf31202e5f99d711b2dde6e014b19bb1f7b88df186dbdab6841","exported-root-symbol",
"farm","711","young","ui/allcrops/Crop_711_1.swf","96cd8a373704b4f7404dbb3368de62937d884daa6a234df6aac511f7d5b523c0","Crop_711_1","7","7","root-symbol","1","0","1752,419,2204,882","23","24","apps/web/public/assets/manor/v7-runtime/crops/711/young.png","0416b3b37551b5ebf92118194b97f9284fefb175d530dfd700f1b1608e606313","exported-root-symbol",
"farm","711","growing","ui/allcrops/Crop_711_2.swf","834d7545bf99278af418daff869343e68aee6578879ad7e5fe7966c1b3d1a2cc","Crop_711_2","11","11","root-symbol","1","0","1650,224,2305,976","33","38","apps/web/public/assets/manor/v7-runtime/crops/711/growing.png","58fc72d5bd2dd5226411635dc5781fa12f17836d5b18c45308bdb8bb46b5beb4","exported-root-symbol",
"farm","711","mature","ui/allcrops/Crop_711_3.swf","14e19ca0bf3480469dcd4e3854bb115cb7b567df60cf8191494f936206ce001e","Crop_711_3","22","21","last-visible-child","1","0","-222,1201,2572,3867","140","134","apps/web/public/assets/manor/v7-runtime/crops/711/mature.png","097dee39fadf24006cc4d4b0ccd4cf168416bdac15ed73a006ba747e21b2168b","exported-root-symbol",
"farm","711","withered","ui/allcrops/Crop_711_4.swf","1d659fb7a199676e39a9b7c8e6a800485f31109fe2c03e228f8f616997574c97","Crop_711_6","3","3","root-symbol","1","0","845,-54,3391,1076","128","57","apps/web/public/assets/manor/v7-runtime/crops/711/withered.png","e4cae434752cfa7320850526519e442366b914bd04c1f33519af2e4a93c6959c","exported-root-symbol",
"farm","712","seed","ui/allcrops/Crop_712_Seed.swf","be3ae8d7b5fb89ef9c097a76ce29f741a43b98cc8cc681d05a5174bb346c98b2","Crop_712_Seed","7","7","root-symbol","1","0","-20,-17,903,1184","47","61","apps/web/public/assets/manor/v7-runtime/crops/712/seed.png","b41f6eee039eb915fa7f2bcfaa8a6256bb5f484dbbf19c904cc86d075ff5f16b","exported-root-symbol",
"farm","712","sprout","ui/allcrops/Crop_712_0.swf","2017e1ab2ff8b6b8398f4462f841852c82d1cb8645b6f07da451298db832b30e","Crop_712_0","3","3","root-symbol","1","0","1546,577,2408,954","44","19","apps/web/public/assets/manor/v7-runtime/crops/712/sprout.png","a54252c835d36bf31202e5f99d711b2dde6e014b19bb1f7b88df186dbdab6841","exported-root-symbol",
"farm","712","young","ui/allcrops/Crop_712_1.swf","adf37628c4d804db78e85d50cba1d3039478b91916dfb234ae874167ce527e28","Crop_712_1","7","7","root-symbol","1","0","1752,419,2204,882","23","24","apps/web/public/assets/manor/v7-runtime/crops/712/young.png","0416b3b37551b5ebf92118194b97f9284fefb175d530dfd700f1b1608e606313","exported-root-symbol",
"farm","712","growing","ui/allcrops/Crop_712_2.swf","922ed3cd9f4953523449fa0d6f55623a306602e8ef9672f02841027d22b0096f","Crop_712_2","11","11","root-symbol","1","0","1650,224,2305,976","33","38","apps/web/public/assets/manor/v7-runtime/crops/712/growing.png","3ef60ebd13e81e95398113170e7ea9c4cb53d92e095806f1ce0f6d4fbaa80409","exported-root-symbol",
"farm","712","mature","ui/allcrops/Crop_712_3.swf","aa8b304f8a862f79070247ef7df0c7534d51d7997f514bc271795902c898f338","Crop_712_3","22","21","last-visible-child","1","0","-222,1201,2572,3867","140","134","apps/web/public/assets/manor/v7-runtime/crops/712/mature.png","d236048c2ffe1bcf8bc929a1fe082d30082b26d0d9f66740053e8e46353bb051","exported-root-symbol",
"farm","712","withered","ui/allcrops/Crop_712_4.swf","6392f701d8c62ceb91a1900e3948e66d56e62fd5f9a59b2d0b3dd87988a01f46","Crop_712_6","3","3","root-symbol","1","0","845,-54,3391,1076","128","57","apps/web/public/assets/manor/v7-runtime/crops/712/withered.png","e4cae434752cfa7320850526519e442366b914bd04c1f33519af2e4a93c6959c","exported-root-symbol",
"farm","713","seed","ui/allcrops/Crop_713_Seed.swf","cb37c14ed357fea56ac0fbedfc24261593b4774929555ff2850a4942d5344925","Crop_713_Seed","7","7","root-symbol","1","0","-20,-17,903,1184","47","61","apps/web/public/assets/manor/v7-runtime/crops/713/seed.png","cc55b03a5fe4938fc2a5a0c341ff100f8f0451f2ed85f60753b5820f12187c91","exported-root-symbol",
"farm","713","sprout","ui/allcrops/Crop_713_0.swf","24b90cc093c4217338a9f4442213856c2b32e9b46a7fa3ed523d3af58e163127","Crop_713_0","3","3","root-symbol","1","0","1546,577,2408,954","44","19","apps/web/public/assets/manor/v7-runtime/crops/713/sprout.png","a54252c835d36bf31202e5f99d711b2dde6e014b19bb1f7b88df186dbdab6841","exported-root-symbol",
"farm","713","young","ui/allcrops/Crop_713_1.swf","796cc64cae41395042003012baba8e340750b47e546c589f7a1f8f1e0583bf67","Crop_713_1","7","7","root-symbol","1","0","1752,419,2204,882","23","24","apps/web/public/assets/manor/v7-runtime/crops/713/young.png","0416b3b37551b5ebf92118194b97f9284fefb175d530dfd700f1b1608e606313","exported-root-symbol",
"farm","713","growing","ui/allcrops/Crop_713_2.swf","1cdd9e70b77e2165cda096624704a31e19c6b767b990b97c3c0a98ce2abdc78f","Crop_713_2","11","11","root-symbol","1","0","1652,225,2307,977","33","38","apps/web/public/assets/manor/v7-runtime/crops/713/growing.png","4a0815549c93cc0b3999ca15c1a27f609001d0f689d49c0cc68c81be7eb058ea","exported-root-symbol",
"farm","713","mature","ui/allcrops/Crop_713_3.swf","c61763c645e20264be279ebb9f90b4d7043f20ad57971b8a61289331622738a4","Crop_713_3","22","21","last-visible-child","1","0","-222,1201,2572,3867","140","134","apps/web/public/assets/manor/v7-runtime/crops/713/mature.png","617eadd3a9d5bbc098583fc377688d76f7d252ae8b308ccac5a20b162ffe7d13","exported-root-symbol",
"farm","713","withered","ui/allcrops/Crop_713_4.swf","2e68e88150ad9536f8f3400125af395ae2e216053ce45a687548153f217820d9","Crop_713_6","3","3","root-symbol","1","0","845,-54,3391,1076","128","57","apps/web/public/assets/manor/v7-runtime/crops/713/withered.png","e4cae434752cfa7320850526519e442366b914bd04c1f33519af2e4a93c6959c","exported-root-symbol",
"farm","714","seed","ui/allcrops/Crop_714_Seed.swf","9e584b8398b95ab654cec913b569c13b1f3f5348e6dc895e03667a28e9ed6f10","Crop_714_Seed","7","7","root-symbol","1","0","-19,-16,904,1184","47","60","apps/web/public/assets/manor/v7-runtime/crops/714/seed.png","6c24e9967f0f6efead0ac5ec6e3e5fd26c1932654c615a486adba5244aa26f8f","exported-root-symbol",
"farm","714","sprout","ui/allcrops/Crop_714_0.swf","094be857c0ce8e36b33dcc287b95031419701b9fea96b24407fcc941b5905ea2","Crop_714_0","3","3","root-symbol","1","0","1546,577,2408,954","44","19","apps/web/public/assets/manor/v7-runtime/crops/714/sprout.png","a54252c835d36bf31202e5f99d711b2dde6e014b19bb1f7b88df186dbdab6841","exported-root-symbol",
"farm","714","young","ui/allcrops/Crop_714_1.swf","80c22b3ef68b70fbe03bb4d549af552ef0d6717d5af9bc6386570639c21e8c36","Crop_714_1","7","7","root-symbol","1","0","1752,419,2204,882","23","24","apps/web/public/assets/manor/v7-runtime/crops/714/young.png","0416b3b37551b5ebf92118194b97f9284fefb175d530dfd700f1b1608e606313","exported-root-symbol",
"farm","714","growing","ui/allcrops/Crop_714_2.swf","700b8c33b3df4518795ce5fde0f0c266ccb7ead662a45aba8a7a37b8dbcfa72a","Crop_714_2","11","11","root-symbol","1","0","1651,221,2306,973","33","38","apps/web/public/assets/manor/v7-runtime/crops/714/growing.png","eca202035c64088d74a2bb228634e196fbe1e943ac6aa838b7d2efd6e0eebba6","exported-root-symbol",
"farm","714","mature","ui/allcrops/Crop_714_3.swf","e61b8e60acf83deab227231424fa6c39572e0c0e3148f0113f70f566e3d8bd05","Crop_714_3","22","21","last-visible-child","1","0","-222,1201,2572,3867","140","134","apps/web/public/assets/manor/v7-runtime/crops/714/mature.png","735fe61d30c07baddaa4aea8de689a157f8ae93dee500f70a1d613075fce02e1","exported-root-symbol",
"farm","714","withered","ui/allcrops/Crop_714_4.swf","2755d36dd721402eee398fd1ac328210724fa4c87f7673c0690fa6da18683997","Crop_714_6","3","3","root-symbol","1","0","845,-54,3391,1076","128","57","apps/web/public/assets/manor/v7-runtime/crops/714/withered.png","e4cae434752cfa7320850526519e442366b914bd04c1f33519af2e4a93c6959c","exported-root-symbol",
"farm","715","seed","ui/allcrops/Crop_715_Seed.swf","9169fe2950c0929d4a86e4cd9ba45c62c82c6e2058eda75972a1b1807a5e9a23","Crop_715_Seed","7","7","root-symbol","1","0","-19,-16,904,1184","47","60","apps/web/public/assets/manor/v7-runtime/crops/715/seed.png","3208c152e632083c5b1aa1e542db7c0c82653e5d0fb2e7dd2ea930eaca95c428","exported-root-symbol",
"farm","715","sprout","ui/allcrops/Crop_715_0.swf","cdb0de3cbadb6069718204dd68ad97d2d75cdb5e3441f26c9f12845dfb52ca0a","Crop_715_0","3","3","root-symbol","1","0","1546,577,2408,954","44","19","apps/web/public/assets/manor/v7-runtime/crops/715/sprout.png","a54252c835d36bf31202e5f99d711b2dde6e014b19bb1f7b88df186dbdab6841","exported-root-symbol",
"farm","715","young","ui/allcrops/Crop_715_1.swf","10cc60b6b6998c19a5a7470e5caaa015ba56b86aca50492f7beadf3735b2179e","Crop_715_1","7","7","root-symbol","1","0","1752,419,2204,882","23","24","apps/web/public/assets/manor/v7-runtime/crops/715/young.png","0416b3b37551b5ebf92118194b97f9284fefb175d530dfd700f1b1608e606313","exported-root-symbol",
"farm","715","growing","ui/allcrops/Crop_715_2.swf","c19191749865d3d1e57c2f00f36e807e88c6dabaa26bae5e6c9d3f82f9a294a5","Crop_715_2","11","11","root-symbol","1","0","1651,221,2306,973","33","38","apps/web/public/assets/manor/v7-runtime/crops/715/growing.png","28eaa25bf2d033da9ebbe22cfab1902e5f09f1785a1d4c0475b04ec63b2f6f6b","exported-root-symbol",
"farm","715","mature","ui/allcrops/Crop_715_3.swf","5af43e98cbf20dbae1690097cb52cde14689df026b53704f60809658c35a21db","Crop_715_3","22","21","last-visible-child","1","0","-222,1201,2572,3867","140","134","apps/web/public/assets/manor/v7-runtime/crops/715/mature.png","914f2fc85d646b7ec1d0a454515a196930483a351f2aa2f7f0efe14fd78e163a","exported-root-symbol",
"farm","715","withered","ui/allcrops/Crop_715_4.swf","297f57f4e18f4991abb5ed84f8660546a0e422ff85bc186dff3839d6ec861d7d","Crop_715_6","3","3","root-symbol","1","0","845,-54,3391,1076","128","57","apps/web/public/assets/manor/v7-runtime/crops/715/withered.png","e4cae434752cfa7320850526519e442366b914bd04c1f33519af2e4a93c6959c","exported-root-symbol",
"farm","716","seed","ui/allcrops/Crop_716_Seed.swf","93d9b6c078161a052619952f29fc44947e0d485b6bf2598344125c57e3f05973","Crop_716_Seed","7","7","root-symbol","1","0","-22,-16,901,1184","47","60","apps/web/public/assets/manor/v7-runtime/crops/716/seed.png","84ad69692d8f7c3b0035ce4a9447497b4e1502dafefd0249eefc8784d56af552","exported-root-symbol",
"farm","716","sprout","ui/allcrops/Crop_716_0.swf","06ce5145ea49b80735cae0d872a314afc715a3180a3553a66acdcf8ea875c013","Crop_716_0","3","3","root-symbol","1","0","1546,577,2408,954","44","19","apps/web/public/assets/manor/v7-runtime/crops/716/sprout.png","a54252c835d36bf31202e5f99d711b2dde6e014b19bb1f7b88df186dbdab6841","exported-root-symbol",
"farm","716","young","ui/allcrops/Crop_716_1.swf","0c505ec58d8e148ba3ed5bda2d1e727b91134a055765b0c3abdfa985084792fe","Crop_716_1","7","7","root-symbol","1","0","1752,419,2204,882","23","24","apps/web/public/assets/manor/v7-runtime/crops/716/young.png","0416b3b37551b5ebf92118194b97f9284fefb175d530dfd700f1b1608e606313","exported-root-symbol",
"farm","716","growing","ui/allcrops/Crop_716_2.swf","b91b4cb90d80a6819735b288a711ca8707fb90b55c2d5a3324a809dea091fbf9","Crop_716_2","11","11","root-symbol","1","0","1651,218,2306,970","33","38","apps/web/public/assets/manor/v7-runtime/crops/716/growing.png","d8c6f22bb6c822e581c39acaa96524d905b576d75224c9cd03d997d7c8142b0a","exported-root-symbol",
"farm","716","mature","ui/allcrops/Crop_716_3.swf","8ff65f1f42e93b8dec9a153dc14380792cdbb1be94d5c6b9a6a5f31ce66bb607","Crop_716_3","22","21","last-visible-child","1","0","-215,1201,2579,3867","140","134","apps/web/public/assets/manor/v7-runtime/crops/716/mature.png","c4ba502e353828509b3c81e3e7e1cc82305eef4e22c10622c1c6a3741cb5b999","exported-root-symbol",
"farm","716","withered","ui/allcrops/Crop_716_4.swf","18616c91da77f7875b4fd0a3346c27306cf998afcb6021ed40e713178afbfeb1","Crop_716_6","3","3","root-symbol","1","0","845,-54,3391,1076","128","57","apps/web/public/assets/manor/v7-runtime/crops/716/withered.png","e4cae434752cfa7320850526519e442366b914bd04c1f33519af2e4a93c6959c","exported-root-symbol",
"farm","717","seed","ui/allcrops/Crop_717_Seed.swf","0ddffdf5b5935462d7a7a457cf4109870b5e2d00adeaa194730e0a156110e67d","Crop_717_Seed","7","7","root-symbol","1","0","-33,-16,890,1184","47","60","apps/web/public/assets/manor/v7-runtime/crops/717/seed.png","53d37579eddcbb0338a36e82f5d8b74690f7c964361e172a54c9ae9e5db38019","exported-root-symbol",
"farm","717","sprout","ui/allcrops/Crop_717_0.swf","aec7019350ff13dc183bd04b73ced7a0d869af16661899d63231f631732435f4","Crop_717_0","3","3","root-symbol","1","0","1546,577,2408,954","44","19","apps/web/public/assets/manor/v7-runtime/crops/717/sprout.png","a54252c835d36bf31202e5f99d711b2dde6e014b19bb1f7b88df186dbdab6841","exported-root-symbol",
"farm","717","young","ui/allcrops/Crop_717_1.swf","92f8f207acabfbf7e04cf74fa68c6bcf88d3254bc5eab232b15f339acf81a117","Crop_717_1","7","7","root-symbol","1","0","1752,419,2204,882","23","24","apps/web/public/assets/manor/v7-runtime/crops/717/young.png","0416b3b37551b5ebf92118194b97f9284fefb175d530dfd700f1b1608e606313","exported-root-symbol",
"farm","717","growing","ui/allcrops/Crop_717_2.swf","8d8122ebf61f7095c5792bb396af753efdf4c6304894ad026661b4ef54c31056","Crop_717_2","11","11","root-symbol","1","0","1651,218,2306,970","33","38","apps/web/public/assets/manor/v7-runtime/crops/717/growing.png","525062bc8fd45beb49b61f12cb7835e9bb669bfa5371f133fb6e94931981c28e","exported-root-symbol",
"farm","717","mature","ui/allcrops/Crop_717_3.swf","8ddce397f146df5d78ba63b96315246f8ed2c7844495c36160022af10d59c8c4","Crop_717_3","22","21","last-visible-child","1","0","-215,1201,2579,3867","140","134","apps/web/public/assets/manor/v7-runtime/crops/717/mature.png","ee6befa321fa32a49b9d09ca4ddc2876be0883c10b61a07da7b0f0e2a1b6020f","exported-root-symbol",
"farm","717","withered","ui/allcrops/Crop_717_4.swf","6b15800a3ff414c226f176dd44feea8a6222dffe54c6007a694f99e68131ddac","Crop_717_6","3","3","root-symbol","1","0","845,-54,3391,1076","128","57","apps/web/public/assets/manor/v7-runtime/crops/717/withered.png","e4cae434752cfa7320850526519e442366b914bd04c1f33519af2e4a93c6959c","exported-root-symbol",
"farm","718","seed","ui/allcrops/Crop_718_Seed.swf","6315c07ff62e4206d7275f739ff221a143ca360dbd9327a4494b242d19635d21","Crop_718_Seed","7","7","root-symbol","1","0","-18,-16,905,1184","47","60","apps/web/public/assets/manor/v7-runtime/crops/718/seed.png","05b3b2e863fa1a5afeb00bda8b933764194dcc866b3c16f22491cf45c38f9cd2","exported-root-symbol",
"farm","718","sprout","ui/allcrops/Crop_718_0.swf","2623f5e691c6162f2acfc03ea9b279c845eed5c40af169ae0120bdcf0a8a2019","Crop_718_0","3","3","root-symbol","1","0","1546,577,2408,954","44","19","apps/web/public/assets/manor/v7-runtime/crops/718/sprout.png","a54252c835d36bf31202e5f99d711b2dde6e014b19bb1f7b88df186dbdab6841","exported-root-symbol",
"farm","718","young","ui/allcrops/Crop_718_1.swf","ea0319c4d5902a5a2ac946763b8a1d6302f2918ec241ab5669bf17083d446d21","Crop_718_1","7","7","root-symbol","1","0","1752,419,2204,882","23","24","apps/web/public/assets/manor/v7-runtime/crops/718/young.png","0416b3b37551b5ebf92118194b97f9284fefb175d530dfd700f1b1608e606313","exported-root-symbol",
"farm","718","growing","ui/allcrops/Crop_718_2.swf","eac1e534a11c64e34521c5a693fc8721f073caa3694599332219f81506927e7f","Crop_718_2","11","11","root-symbol","1","0","1652,218,2307,970","33","38","apps/web/public/assets/manor/v7-runtime/crops/718/growing.png","508b08f536d93e8755497bf36a326dfff9d0cb25ae000a0385d9d753a2950265","exported-root-symbol",
"farm","718","mature","ui/allcrops/Crop_718_3.swf","11dd0220828812827dcd1cf84aa0f6f6534f6dd25e227ab1fb8c277361ff28d5","Crop_718_3","22","21","last-visible-child","1","0","-209,1201,2585,3867","140","134","apps/web/public/assets/manor/v7-runtime/crops/718/mature.png","da58bce88ecdace83752d7dd90cbc45b6a248567b3022a9020a7b72e523ad2f7","exported-root-symbol",
"farm","718","withered","ui/allcrops/Crop_718_4.swf","4bd26da38f38bb5bfb762c3d2050c1858cfebe661e3dc844fba4a56cfc5109f5","Crop_718_6","3","3","root-symbol","1","0","845,-54,3391,1076","128","57","apps/web/public/assets/manor/v7-runtime/crops/718/withered.png","e4cae434752cfa7320850526519e442366b914bd04c1f33519af2e4a93c6959c","exported-root-symbol",
"farm","719","seed","ui/allcrops/Crop_719_Seed.swf","bdcc617cc184aa902d2050df03a21878c8099a287208db238b93d4fa55c9b0c7","Crop_719_Seed","4","4","root-symbol","1","0","-21,-16,902,1186","47","61","apps/web/public/assets/manor/v7-runtime/crops/719/seed.png","490f3acf2e1a0e2466d0aee5d501c53ec4889e5f06803feeeab4a9b207ce222a","exported-root-symbol",
"farm","719","sprout","ui/allcrops/Crop_719_0.swf","479a6d1e2ae3d40d9bbfb8f0fd133af6aa2bf95090ceb1228e03470920341a0f","Crop_719_0","3","3","root-symbol","1","0","1546,577,2408,954","44","19","apps/web/public/assets/manor/v7-runtime/crops/719/sprout.png","a54252c835d36bf31202e5f99d711b2dde6e014b19bb1f7b88df186dbdab6841","exported-root-symbol",
"farm","719","young","ui/allcrops/Crop_719_1.swf","c83933c63379ed22ff3c413bd87f792b3aa5811a1ef24663987dbf021c9b996a","Crop_719_1","7","7","root-symbol","1","0","1752,419,2204,882","23","24","apps/web/public/assets/manor/v7-runtime/crops/719/young.png","0416b3b37551b5ebf92118194b97f9284fefb175d530dfd700f1b1608e606313","exported-root-symbol",
"farm","719","growing","ui/allcrops/Crop_719_2.swf","c5f27864aefbf570bbca45f31c7b4ea327b0ab9f68d7f5ef1ee3e4005b0f9859","Crop_719_2","8","8","root-symbol","1","0","1652,218,2307,970","33","38","apps/web/public/assets/manor/v7-runtime/crops/719/growing.png","9e9b08790d6c6dc041dfdd29ac0545839cf78785e182682e727cdf237dda18cb","exported-root-symbol",
"farm","719","mature","ui/allcrops/Crop_719_3.swf","9c8cf06dc05ad29ce04cf8441bf489c84f793c341770cc637a3824ee4174d3ba","Crop_719_3","21","20","last-visible-child","1","0","-209,1201,2585,3867","140","134","apps/web/public/assets/manor/v7-runtime/crops/719/mature.png","1b035ec6d5b73ee910b3088d08bbc51fb1067fdf2069fdf47d439ae9cf5b992a","exported-root-symbol",
"farm","719","withered","ui/allcrops/Crop_719_4.swf","7d961401ef7361ab42aa80b3f06a7e08b277cc78008ec1183701edaa3f4dab71","Crop_719_6","3","3","root-symbol","1","0","845,-54,3391,1076","128","57","apps/web/public/assets/manor/v7-runtime/crops/719/withered.png","e4cae434752cfa7320850526519e442366b914bd04c1f33519af2e4a93c6959c","exported-root-symbol",
"farm","720","seed","ui/allcrops/Crop_720_Seed.swf","d20fa21d03979f5f244d51c671cb3b16b9582f9cd6c4b6807bb0aaae065c0cdc","Crop_720_Seed","5","5","root-symbol","1","0","-22,-16,901,1186","47","61","apps/web/public/assets/manor/v7-runtime/crops/720/seed.png","fc6cfadb2a385f4ed08f48555422047a47f5d23051a6e50a9b20cdc168e1685e","exported-root-symbol",
"farm","720","sprout","ui/allcrops/Crop_720_0.swf","2e9c23b4b04ee990be8b83fcff9aad2f0544f594c79c065fa5facdfa7c9e0e3b","Crop_720_0","3","3","root-symbol","1","0","1546,577,2408,954","44","19","apps/web/public/assets/manor/v7-runtime/crops/720/sprout.png","a54252c835d36bf31202e5f99d711b2dde6e014b19bb1f7b88df186dbdab6841","exported-root-symbol",
"farm","720","young","ui/allcrops/Crop_720_1.swf","64fd20236db79d29b4a118180ba169f6c8c91c88eb226171c93b5ee7824a68d2","Crop_720_1","7","7","root-symbol","1","0","1752,419,2204,882","23","24","apps/web/public/assets/manor/v7-runtime/crops/720/young.png","0416b3b37551b5ebf92118194b97f9284fefb175d530dfd700f1b1608e606313","exported-root-symbol",
"farm","720","growing","ui/allcrops/Crop_720_2.swf","94b900ea64ad0e955226c4e8da52011c22b4d5c83e5616c94b8632b151cb4c6c","Crop_720_2","9","9","root-symbol","1","0","1652,217,2307,969","33","38","apps/web/public/assets/manor/v7-runtime/crops/720/growing.png","4549248a14addecef970fd979bee621b93b734ad4f24cb16ab2b4ab7c71b7b65","exported-root-symbol",
"farm","720","mature","ui/allcrops/Crop_720_3.swf","41a2f06cdec612477c12a6c7a72739cd25e1ac894f206a6f0f38f019908d49ba","Crop_720_3","22","21","last-visible-child","1","0","-209,1201,2585,3867","140","134","apps/web/public/assets/manor/v7-runtime/crops/720/mature.png","cd25ae977a40bd4e370f83e393a1803d8e2ede9c43aec290cd1795aee284986b","exported-root-symbol",
"farm","720","withered","ui/allcrops/Crop_720_4.swf","cccfab96075179c294a970bf9b229e529b288194bf3410d1ff9525d6e6c2efd3","Crop_720_6","3","3","root-symbol","1","0","845,-54,3391,1076","128","57","apps/web/public/assets/manor/v7-runtime/crops/720/withered.png","e4cae434752cfa7320850526519e442366b914bd04c1f33519af2e4a93c6959c","exported-root-symbol",
"farm","721","seed","ui/allcrops/Crop_721_Seed.swf","f1bfd2fe132d95f8b38475d20fdae08ab6bcba8828e8e1ad3145072b6be5a94f","Crop_721_Seed","6","6","root-symbol","1","0","-22,-16,901,1186","47","61","apps/web/public/assets/manor/v7-runtime/crops/721/seed.png","d34d3c5bfeb0d0373902da1d80a9695c6584d833ee22086be5e41ffc753f9b33","exported-root-symbol",
"farm","721","sprout","ui/allcrops/Crop_721_0.swf","8b6f4fab69534c83cf78043865c9356019846cc20b1338cbea6eb894add16274","Crop_721_0","3","3","root-symbol","1","0","1546,577,2408,954","44","19","apps/web/public/assets/manor/v7-runtime/crops/721/sprout.png","a54252c835d36bf31202e5f99d711b2dde6e014b19bb1f7b88df186dbdab6841","exported-root-symbol",
"farm","721","young","ui/allcrops/Crop_721_1.swf","c17e4b7315b55b531c26066df11a253f867a51be22cc8fbd8224f32a7d518fd6","Crop_721_1","7","7","root-symbol","1","0","1752,419,2204,882","23","24","apps/web/public/assets/manor/v7-runtime/crops/721/young.png","0416b3b37551b5ebf92118194b97f9284fefb175d530dfd700f1b1608e606313","exported-root-symbol",
"farm","721","growing","ui/allcrops/Crop_721_2.swf","4f7ea34a01f925fcd546dd609b5a7f964a9fa0263799e939885229d665b63cba","Crop_721_2","10","10","root-symbol","1","0","1652,217,2307,969","33","38","apps/web/public/assets/manor/v7-runtime/crops/721/growing.png","53e515405cac3149acb45a90821dc0a80eaa17bc73cadb4894491c4f2f75d967","exported-root-symbol",
"farm","721","mature","ui/allcrops/Crop_721_3.swf","01e93a84f938d6a97a723552559096b7b873870bc8d67d258a20a04315607e15","Crop_721_3","21","20","last-visible-child","1","0","-209,1206,2585,3872","140","134","apps/web/public/assets/manor/v7-runtime/crops/721/mature.png","d0a2fb3b8ccbcac0b1099a54e9973f086d7841eee8c5a5f6feef1e34f59a39a5","exported-root-symbol",
"farm","721","withered","ui/allcrops/Crop_721_4.swf","6acb9b945672ad5f1341ededadfbc7ede0e93496d7610f975eed259e55deb7e0","Crop_721_6","3","3","root-symbol","1","0","845,-54,3391,1076","128","57","apps/web/public/assets/manor/v7-runtime/crops/721/withered.png","e4cae434752cfa7320850526519e442366b914bd04c1f33519af2e4a93c6959c","exported-root-symbol",
"farm","722","seed","ui/allcrops/Crop_722_Seed.swf","59f9cddd7736751e8b1c99346351d7a51b042bb71cc7e01101527dc9864e230f","Crop_722_Seed","6","6","root-symbol","1","0","-16,-17,907,1185","47","61","apps/web/public/assets/manor/v7-runtime/crops/722/seed.png","c0f381cf357c26b7ade6739bfe1e5a3ffaea68a0e4a93eb805c153a0217ed8a8","exported-root-symbol",
"farm","722","sprout","ui/allcrops/Crop_722_0.swf","d30e34a4f2e8403cfb2d07ae7d12854d85b6b05f98633be0eb66813b864d91a7","Crop_722_0","3","3","root-symbol","1","0","1546,577,2408,954","44","19","apps/web/public/assets/manor/v7-runtime/crops/722/sprout.png","a54252c835d36bf31202e5f99d711b2dde6e014b19bb1f7b88df186dbdab6841","exported-root-symbol",
"farm","722","young","ui/allcrops/Crop_722_1.swf","ea72a77f42bca85cba61b37f3231aa4b49105676854bb4ba04c117ac82040b75","Crop_722_1","7","7","root-symbol","1","0","1752,419,2204,882","23","24","apps/web/public/assets/manor/v7-runtime/crops/722/young.png","0416b3b37551b5ebf92118194b97f9284fefb175d530dfd700f1b1608e606313","exported-root-symbol",
"farm","722","growing","ui/allcrops/Crop_722_2.swf","7976b61fbaf1c37e4b3268fa4c90d332b5dec280b8790d2b6ac50304f454d80f","Crop_722_2","10","10","root-symbol","1","0","1652,217,2307,969","33","38","apps/web/public/assets/manor/v7-runtime/crops/722/growing.png","3260d892bfa48082f92f1c5b1b8b29f94a4694b99e886e234c874ea8a2d01ed2","exported-root-symbol",
"farm","722","mature","ui/allcrops/Crop_722_3.swf","d065e5d24e6849470f635ec3381aa7b55f2bbd6f562d12cf5c1de8265ad5e62a","Crop_722_3","21","20","last-visible-child","1","0","-209,1206,2585,3872","140","134","apps/web/public/assets/manor/v7-runtime/crops/722/mature.png","69d580958bbb8f30bcfd11c01bce502f34adf5c3a92991d8cf893f5ad1142a0f","exported-root-symbol",
"farm","722","withered","ui/allcrops/Crop_722_4.swf","f7324df5f8a6a1a74bb7f699c73ccf4daa6a398b279517658ea494cf591ec0a8","Crop_722_6","3","3","root-symbol","1","0","845,-54,3391,1076","128","57","apps/web/public/assets/manor/v7-runtime/crops/722/withered.png","e4cae434752cfa7320850526519e442366b914bd04c1f33519af2e4a93c6959c","exported-root-symbol",
"farm","723","seed","ui/allcrops/Crop_723_Seed.swf","a1bf0ff845d235da27209d8fbb146908a9ee2e9e7c8ef3b5b8e8c3bd234b9fe6","Crop_723_Seed","6","6","root-symbol","1","0","-15,-17,908,1183","47","60","apps/web/public/assets/manor/v7-runtime/crops/723/seed.png","91a8cac6e5dffa716346f885bd32d708e65bcb0c72eb8e71a720208016e38efd","exported-root-symbol",
"farm","723","sprout","ui/allcrops/Crop_723_0.swf","8f06d1440331e0f75443765cefdd348e931708dc048ae848e911304d59f10fdf","Crop_723_0","3","3","root-symbol","1","0","1546,577,2408,954","44","19","apps/web/public/assets/manor/v7-runtime/crops/723/sprout.png","a54252c835d36bf31202e5f99d711b2dde6e014b19bb1f7b88df186dbdab6841","exported-root-symbol",
"farm","723","young","ui/allcrops/Crop_723_1.swf","69d293c68cc34693971b1aa12bebe3048eb4d80c73b11326450cb0a9b3221065","Crop_723_1","7","7","root-symbol","1","0","1752,419,2204,882","23","24","apps/web/public/assets/manor/v7-runtime/crops/723/young.png","0416b3b37551b5ebf92118194b97f9284fefb175d530dfd700f1b1608e606313","exported-root-symbol",
"farm","723","growing","ui/allcrops/Crop_723_2.swf","fbb8144c691a1ae0fba45665c2b40c243f84604d2060b4c478ecb8c760556990","Crop_723_2","10","10","root-symbol","1","0","1652,213,2307,965","33","38","apps/web/public/assets/manor/v7-runtime/crops/723/growing.png","4f6bedffac7271114d24f8178fc3656517e73708615e60fde02a96b7f26d25cc","exported-root-symbol",
"farm","723","mature","ui/allcrops/Crop_723_3.swf","3407181a17b5c82ad61f6b64aeb5961f5a4a570c7f6679a333731c85b043d851","Crop_723_3","21","20","last-visible-child","1","0","-209,1206,2585,3872","140","134","apps/web/public/assets/manor/v7-runtime/crops/723/mature.png","6d32e381cb3211fabfe2e9db893502e11f037d242251631e4f4ede925905a5ee","exported-root-symbol",
"farm","723","withered","ui/allcrops/Crop_723_4.swf","c2755b9bfa21bd908bb3eafe0bcb4f6fffe6eba5deaa06a0cec3d0b4f37027d1","Crop_723_6","3","3","root-symbol","1","0","845,-54,3391,1076","128","57","apps/web/public/assets/manor/v7-runtime/crops/723/withered.png","e4cae434752cfa7320850526519e442366b914bd04c1f33519af2e4a93c6959c","exported-root-symbol",
"farm","724","seed","ui/allcrops/Crop_724_Seed.swf","cca30c9913e63cfb14e666ec74c1d898baa16403cbecd6e561c7a7e22af964b4","Crop_724_Seed","6","6","root-symbol","1","0","-15,-17,908,1183","47","60","apps/web/public/assets/manor/v7-runtime/crops/724/seed.png","4dd5428aa7f0952a2f524d74b8fedbc203d4d23779255d98b9bdc9aa3790d6a1","exported-root-symbol",
"farm","724","sprout","ui/allcrops/Crop_724_0.swf","17ad7e777c1cd52613466df8715988cbee4001f31d79157f81728bb2263a45de","Crop_724_0","3","3","root-symbol","1","0","1546,577,2408,954","44","19","apps/web/public/assets/manor/v7-runtime/crops/724/sprout.png","a54252c835d36bf31202e5f99d711b2dde6e014b19bb1f7b88df186dbdab6841","exported-root-symbol",
"farm","724","young","ui/allcrops/Crop_724_1.swf","daf0f3f610efdf7d7cc9fd285d577d66982f230cfa217388dfd907c64d933d9f","Crop_724_1","7","7","root-symbol","1","0","1752,419,2204,882","23","24","apps/web/public/assets/manor/v7-runtime/crops/724/young.png","0416b3b37551b5ebf92118194b97f9284fefb175d530dfd700f1b1608e606313","exported-root-symbol",
"farm","724","growing","ui/allcrops/Crop_724_2.swf","07a3830a36995fab49ba24401558c26877796f55cf96dd678e5425079a038d11","Crop_724_2","10","10","root-symbol","1","0","1652,213,2307,965","33","38","apps/web/public/assets/manor/v7-runtime/crops/724/growing.png","a6370724fc585bdddcf8f3d0b00edbd4a4a296910ead522e9c9663669e36ba28","exported-root-symbol",
"farm","724","mature","ui/allcrops/Crop_724_3.swf","2b02dd6cffed387a4a263b68668880a22c09fcb4b9a0356f676316ebed13c165","Crop_724_3","21","20","last-visible-child","1","0","-205,1206,2589,3872","140","134","apps/web/public/assets/manor/v7-runtime/crops/724/mature.png","e984b0f75f66e8eb6f093330ab77b1ee52f5ed5d92d744fba2bbd0d628624caa","exported-root-symbol",
"farm","724","withered","ui/allcrops/Crop_724_4.swf","e0e0add5ced6beb39d8f80e833124e8f93fa50ec4933f28541b9e02c811686da","Crop_724_6","3","3","root-symbol","1","0","845,-54,3391,1076","128","57","apps/web/public/assets/manor/v7-runtime/crops/724/withered.png","e4cae434752cfa7320850526519e442366b914bd04c1f33519af2e4a93c6959c","exported-root-symbol",
"farm","725","seed","ui/allcrops/Crop_725_Seed.swf","7f85bdc415cf780500c1075b10be51058d2299e91bc3b3113af80d8fafd48d96","Crop_725_Seed","6","6","root-symbol","1","0","-19,-17,904,1183","47","60","apps/web/public/assets/manor/v7-runtime/crops/725/seed.png","1eb14e8aac72ec21527d7892006ad9f27f5d67cb3a3ee43e132673d57a72715c","exported-root-symbol",
"farm","725","sprout","ui/allcrops/Crop_725_0.swf","20b1e79deecba5ec7889f96e1238bcfb35b930f4d0c31010392397bd323c15fd","Crop_725_0","3","3","root-symbol","1","0","1546,577,2408,954","44","19","apps/web/public/assets/manor/v7-runtime/crops/725/sprout.png","a54252c835d36bf31202e5f99d711b2dde6e014b19bb1f7b88df186dbdab6841","exported-root-symbol",
"farm","725","young","ui/allcrops/Crop_725_1.swf","f187ac88cd10393ad5dbc431e1c6fd1500709301a33d0fc5306f9b66779ccf20","Crop_725_1","7","7","root-symbol","1","0","1752,419,2204,882","23","24","apps/web/public/assets/manor/v7-runtime/crops/725/young.png","0416b3b37551b5ebf92118194b97f9284fefb175d530dfd700f1b1608e606313","exported-root-symbol",
"farm","725","growing","ui/allcrops/Crop_725_2.swf","76150be93361b2eee70a49c4cd836dae1ecff0e111da3f4f31e75ad723a6e698","Crop_725_2","10","10","root-symbol","1","0","1653,215,2308,967","33","38","apps/web/public/assets/manor/v7-runtime/crops/725/growing.png","d704075ff607662ba97bd7e109cceef5fe38e22873a5e10e55b060912c858f3b","exported-root-symbol",
"farm","725","mature","ui/allcrops/Crop_725_3.swf","46590c0c30e4d3d9f0f390be85d97c774ad207bb88aa3b5399d1a0472eecdccc","Crop_725_3","21","20","last-visible-child","1","0","-213,1206,2581,3872","140","134","apps/web/public/assets/manor/v7-runtime/crops/725/mature.png","84ac0256a90fc2cdb328cca762efce76fa2b138494c07f9939fe300434e9ea36","exported-root-symbol",
"farm","725","withered","ui/allcrops/Crop_725_4.swf","52fafb00b5f40ca2aa7025072d1646d75a9a8c8856acddb1318faf344768685a","Crop_725_6","3","3","root-symbol","1","0","845,-54,3391,1076","128","57","apps/web/public/assets/manor/v7-runtime/crops/725/withered.png","e4cae434752cfa7320850526519e442366b914bd04c1f33519af2e4a93c6959c","exported-root-symbol",
"farm","726","seed","ui/allcrops/Crop_726_Seed.swf","7338896b6ad3f87ec8082bdb3109a167b8b71f5ec673b7e1f18eebcb38d8f600","Crop_726_Seed","6","6","root-symbol","1","0","-21,-19,902,1184","47","61","apps/web/public/assets/manor/v7-runtime/crops/726/seed.png","a911626cd6a6c397a9669134d57f9086a825fb8062cbb030b794814b6d7bd17f","exported-root-symbol",
"farm","726","sprout","ui/allcrops/Crop_726_0.swf","ba19f1a5319b1eaf145f40b3c8fcf223c9acad77e16e73ff77e48326cb4c7fd3","Crop_726_0","3","3","root-symbol","1","0","1546,577,2408,954","44","19","apps/web/public/assets/manor/v7-runtime/crops/726/sprout.png","a54252c835d36bf31202e5f99d711b2dde6e014b19bb1f7b88df186dbdab6841","exported-root-symbol",
"farm","726","young","ui/allcrops/Crop_726_1.swf","75651697534bbd66b845532064a0118b0443bb02474160ae0c287128e02090e7","Crop_726_1","7","7","root-symbol","1","0","1752,419,2204,882","23","24","apps/web/public/assets/manor/v7-runtime/crops/726/young.png","0416b3b37551b5ebf92118194b97f9284fefb175d530dfd700f1b1608e606313","exported-root-symbol",
"farm","726","growing","ui/allcrops/Crop_726_2.swf","183f8f007a9fea09e3e649252973e0fc2211d375c0b729c3df97279cd369610a","Crop_726_2","10","10","root-symbol","1","0","1653,215,2308,967","33","38","apps/web/public/assets/manor/v7-runtime/crops/726/growing.png","4a890541c2781a04f1952541a62a74214fb745db8947e873af82622030a23ca9","exported-root-symbol",
"farm","726","mature","ui/allcrops/Crop_726_3.swf","dcd7c6fc013838081a9fb60c6db14ce73a4a5d055e827db6e1515eeb98c543aa","Crop_726_3","21","20","last-visible-child","1","0","-213,1206,2581,3872","140","134","apps/web/public/assets/manor/v7-runtime/crops/726/mature.png","582165905bf02ce74c31643c07454e2df788801194c92f7c8e106b23f87f4a6c","exported-root-symbol",
"farm","726","withered","ui/allcrops/Crop_726_4.swf","0355ee60cee0a0654c26f43606c3244fbb6bbca8235a0eff5367e88c55a5b53c","Crop_726_6","3","3","root-symbol","1","0","845,-54,3391,1076","128","57","apps/web/public/assets/manor/v7-runtime/crops/726/withered.png","e4cae434752cfa7320850526519e442366b914bd04c1f33519af2e4a93c6959c","exported-root-symbol",
"farm","727","seed","ui/allcrops/Crop_727_Seed.swf","e9b83260d0a074124cd4060e20fbbd654b908ebde5a4a56654b187dfd0e1a6e1","Crop_727_Seed","6","6","root-symbol","1","0","-19,-19,904,1183","47","61","apps/web/public/assets/manor/v7-runtime/crops/727/seed.png","3ccf110fc9f1d046c3f4a403b32e808150a3800f1e9d7189e577ad59b4d045aa","exported-root-symbol",
"farm","727","sprout","ui/allcrops/Crop_727_0.swf","089fc142fea8a4a7bd6ee514b2403e19ce4dbdba2c0ae87e186c19149828c009","Crop_727_0","3","3","root-symbol","1","0","1546,577,2408,954","44","19","apps/web/public/assets/manor/v7-runtime/crops/727/sprout.png","a54252c835d36bf31202e5f99d711b2dde6e014b19bb1f7b88df186dbdab6841","exported-root-symbol",
"farm","727","young","ui/allcrops/Crop_727_1.swf","c5eecfd071604816393eb68f098e5ceb6ae998228ba2f15dcf2c0406df9e12a9","Crop_727_1","7","7","root-symbol","1","0","1752,419,2204,882","23","24","apps/web/public/assets/manor/v7-runtime/crops/727/young.png","0416b3b37551b5ebf92118194b97f9284fefb175d530dfd700f1b1608e606313","exported-root-symbol",
"farm","727","growing","ui/allcrops/Crop_727_2.swf","b77675cbd266c8d51aca2af43481517d5ad8703e6bd0abb78cec74ef8f806f9f","Crop_727_2","10","10","root-symbol","1","0","1653,214,2308,966","33","38","apps/web/public/assets/manor/v7-runtime/crops/727/growing.png","a808faf5c7c3d0a77bab3044a5df1fa404e8d4ecbd575c9796287a6d8ec67657","exported-root-symbol",
"farm","727","mature","ui/allcrops/Crop_727_3.swf","58d6ace20b4bbae99a410eaf3704b9c7011f8a7c3f6185fb36eda39286db62ac","Crop_727_3","21","20","last-visible-child","1","0","-213,1206,2581,3872","140","134","apps/web/public/assets/manor/v7-runtime/crops/727/mature.png","b93bc8862a74df78cd1d34919b954b3408768200e7fd7711eed654f7af19ddb2","exported-root-symbol",
"farm","727","withered","ui/allcrops/Crop_727_4.swf","979f36055d5413230f1aeffe8f2a2ca01611860258229078bd824f8ad8705ac9","Crop_727_6","3","3","root-symbol","1","0","845,-54,3391,1076","128","57","apps/web/public/assets/manor/v7-runtime/crops/727/withered.png","e4cae434752cfa7320850526519e442366b914bd04c1f33519af2e4a93c6959c","exported-root-symbol",
"farm","728","seed","ui/allcrops/Crop_728_Seed.swf","0492cde63c8e0f7cfbbb5008a7a8feb76724e0aa2cf3c692a9b1a087c2a50749","Crop_728_Seed","4","4","root-symbol","1","0","-19,-17,904,1183","47","60","apps/web/public/assets/manor/v7-runtime/crops/728/seed.png","eea068a3cd3c51b6fe050364bbffaca9ee00fffb5e3ae8a5497bbeca592dd857","exported-root-symbol",
"farm","728","sprout","ui/allcrops/Crop_728_0.swf","5bf25ee06f8216f3c7c63f8c977060b10c5803e588025185a061bcbc93b0b74a","Crop_728_0","3","3","root-symbol","1","0","1546,577,2408,954","44","19","apps/web/public/assets/manor/v7-runtime/crops/728/sprout.png","a54252c835d36bf31202e5f99d711b2dde6e014b19bb1f7b88df186dbdab6841","exported-root-symbol",
"farm","728","young","ui/allcrops/Crop_728_1.swf","865c44e244bf88c53d24a27fc18c4fa8c3438167805b514add321f0cfbd51ba4","Crop_728_1","7","7","root-symbol","1","0","1752,419,2204,882","23","24","apps/web/public/assets/manor/v7-runtime/crops/728/young.png","0416b3b37551b5ebf92118194b97f9284fefb175d530dfd700f1b1608e606313","exported-root-symbol",
"farm","728","growing","ui/allcrops/Crop_728_2.swf","4e5d899f870778ce5ae83e2d617ab3d86286f064bfa69a061cf5cd4d15152ffc","Crop_728_2","9","9","root-symbol","1","0","1653,212,2308,964","33","38","apps/web/public/assets/manor/v7-runtime/crops/728/growing.png","3d7b82ee697860889ff2d8a2735652634ab7b068e7965176552300002bbd3f3d","exported-root-symbol",
"farm","728","mature","ui/allcrops/Crop_728_3.swf","4a8a464e6ba27cc7b142be70853b620d615cb509ee058befb784dc98f4096f4a","Crop_728_3","21","20","last-visible-child","1","0","-211,1208,2583,3874","140","134","apps/web/public/assets/manor/v7-runtime/crops/728/mature.png","0167b720fd72230261a9778071fb56d703e8bd778902a3ee4b1afeee6f0212d9","exported-root-symbol",
"farm","728","withered","ui/allcrops/Crop_728_4.swf","d2bccdeed9aec7982e0dfe2b1b6b70aac8b28c24b6a017aecb963fbddbe5ddcd","Crop_728_6","3","3","root-symbol","1","0","845,-54,3391,1076","128","57","apps/web/public/assets/manor/v7-runtime/crops/728/withered.png","e4cae434752cfa7320850526519e442366b914bd04c1f33519af2e4a93c6959c","exported-root-symbol",
"farm","729","seed","ui/allcrops/Crop_729_Seed.swf","deb7a06c5be16d6801161177ac903beb2afe474ff564a77268df1d000ec37346","Crop_729_Seed","5","5","root-symbol","1","0","-18,-17,905,1183","47","60","apps/web/public/assets/manor/v7-runtime/crops/729/seed.png","da4aa23d3425f057dcc219ba3556130081909e132bb8b5fdf21bff6db1d5322b","exported-root-symbol",
"farm","729","sprout","ui/allcrops/Crop_729_0.swf","114d3c1970bd2267e02a1ba24aa993d3b4af339d86aaaeba5449536e380b948d","Crop_729_0","3","3","root-symbol","1","0","1546,577,2408,954","44","19","apps/web/public/assets/manor/v7-runtime/crops/729/sprout.png","a54252c835d36bf31202e5f99d711b2dde6e014b19bb1f7b88df186dbdab6841","exported-root-symbol",
"farm","729","young","ui/allcrops/Crop_729_1.swf","7201b1aa243ac1895deb9fe5c4829ee1a1b133589358b6bbaf78703b75de8e3c","Crop_729_1","7","7","root-symbol","1","0","1752,419,2204,882","23","24","apps/web/public/assets/manor/v7-runtime/crops/729/young.png","0416b3b37551b5ebf92118194b97f9284fefb175d530dfd700f1b1608e606313","exported-root-symbol",
"farm","729","growing","ui/allcrops/Crop_729_2.swf","88e6f02ef785a6fb014161d643c850f162e64a00ecb48fbdf8c2956e4f4d4217","Crop_729_2","9","9","root-symbol","1","0","1653,212,2308,964","33","38","apps/web/public/assets/manor/v7-runtime/crops/729/growing.png","83b4d730dec49f7394f9538e546161bb0db6c9d7120ccdc83fcd1c4c1b7b07dc","exported-root-symbol",
"farm","729","mature","ui/allcrops/Crop_729_3.swf","00b057e3d4985ecf429729a6e014dd368ad059fddb384287d8812b87094e9c35","Crop_729_3","22","21","last-visible-child","1","0","-217,1211,2577,3877","140","134","apps/web/public/assets/manor/v7-runtime/crops/729/mature.png","e8bb95bc5e46cd9ae67483433b44ae77e2a6dde039917c7f56b38a250267c81a","exported-root-symbol",
"farm","729","withered","ui/allcrops/Crop_729_4.swf","4acc0babfb888df985a8e73e37a76528f936c575cd92c65cb536952b404ac840","Crop_729_6","3","3","root-symbol","1","0","845,-54,3391,1076","128","57","apps/web/public/assets/manor/v7-runtime/crops/729/withered.png","e4cae434752cfa7320850526519e442366b914bd04c1f33519af2e4a93c6959c","exported-root-symbol",
"farm","730","seed","ui/allcrops/Crop_730_Seed.swf","86d340254c36f3c304cac448b3aa4e50f48cd21719285b45ee4b221ceaa5cb8e","Crop_730_Seed","6","6","root-symbol","1","0","-18,-20,905,1180","47","60","apps/web/public/assets/manor/v7-runtime/crops/730/seed.png","cd9cae9ef5c2f683127fefd8b4dea1e6b4e04e549a4cd7a567ff9c67c3a01c75","exported-root-symbol",
"farm","730","sprout","ui/allcrops/Crop_730_0.swf","5b7b4d0fc4d38f288cdb081ebdd1a09310c475aa29d4e078b59313c826ea5857","Crop_730_0","3","3","root-symbol","1","0","1546,577,2408,954","44","19","apps/web/public/assets/manor/v7-runtime/crops/730/sprout.png","a54252c835d36bf31202e5f99d711b2dde6e014b19bb1f7b88df186dbdab6841","exported-root-symbol",
"farm","730","young","ui/allcrops/Crop_730_1.swf","4a0f60d513a5303b50c094d418a60b9119404ae9007c4c69d8fade09ece59812","Crop_730_1","7","7","root-symbol","1","0","1752,419,2204,882","23","24","apps/web/public/assets/manor/v7-runtime/crops/730/young.png","0416b3b37551b5ebf92118194b97f9284fefb175d530dfd700f1b1608e606313","exported-root-symbol",
"farm","730","growing","ui/allcrops/Crop_730_2.swf","77e8c164c245b9b7d845ab5881b0a379a78469894e9b665299e1e9d1976c37ff","Crop_730_2","10","10","root-symbol","1","0","1653,212,2308,964","33","38","apps/web/public/assets/manor/v7-runtime/crops/730/growing.png","0b8b28e7607a2e2bdb69265141b99c875fe581598f6f57879b24a9a99f37bc0b","exported-root-symbol",
"farm","730","mature","ui/allcrops/Crop_730_3.swf","d3ca719a706c3165d130af5cec7fcf477a430693ac96f1f70970d973318dd48b","Crop_730_3","21","20","last-visible-child","1","0","-217,1211,2577,3877","140","134","apps/web/public/assets/manor/v7-runtime/crops/730/mature.png","57efd96808881ec68fe4c6836f63a0763e3ed14bde580b13963e31f315ee0c0e","exported-root-symbol",
"farm","730","withered","ui/allcrops/Crop_730_4.swf","3ac8acf65f7c083b4c329c5e2ff22271c856f11e37039402a9796433f46582d4","Crop_730_6","3","3","root-symbol","1","0","845,-54,3391,1076","128","57","apps/web/public/assets/manor/v7-runtime/crops/730/withered.png","e4cae434752cfa7320850526519e442366b914bd04c1f33519af2e4a93c6959c","exported-root-symbol",
"farm","731","seed","ui/allcrops/Crop_731_Seed.swf","c9c4d2c2ac47544069cd2077fec24bd00ce787922d37215930765c94b52d60fd","Crop_731_Seed","6","6","root-symbol","1","0","-18,-20,905,1180","47","60","apps/web/public/assets/manor/v7-runtime/crops/731/seed.png","e1f12d7ae5965d5593fc2d5141f5b18095794a74a5b2f9932a95d44234995373","exported-root-symbol",
"farm","731","sprout","ui/allcrops/Crop_731_0.swf","e684dcd6b53e6268f2637f24854346894d086fc9d6180f0962fedb366261fce0","Crop_731_0","3","3","root-symbol","1","0","1546,577,2408,954","44","19","apps/web/public/assets/manor/v7-runtime/crops/731/sprout.png","a54252c835d36bf31202e5f99d711b2dde6e014b19bb1f7b88df186dbdab6841","exported-root-symbol",
"farm","731","young","ui/allcrops/Crop_731_1.swf","fd955ca688cd19c73753f740bca6dec6453dade83abea0f2c2c6e66209db3680","Crop_731_1","7","7","root-symbol","1","0","1752,419,2204,882","23","24","apps/web/public/assets/manor/v7-runtime/crops/731/young.png","0416b3b37551b5ebf92118194b97f9284fefb175d530dfd700f1b1608e606313","exported-root-symbol",
"farm","731","growing","ui/allcrops/Crop_731_2.swf","2b392b62fcacd11315d5b3c5f116accf13b778e04ca16faaa6782b33bf959b8f","Crop_731_2","10","10","root-symbol","1","0","1653,212,2308,964","33","38","apps/web/public/assets/manor/v7-runtime/crops/731/growing.png","4364ea6f0a4393eff80d0dd45aecc6224afca82952be2d0e17cbc1012e833ba5","exported-root-symbol",
"farm","731","mature","ui/allcrops/Crop_731_3.swf","8e9b3802df53f860c19a3a67826f081ccc586e817340b278f0bf858edba8f995","Crop_731_3","32","31","last-visible-child","1","0","-217,1211,2577,3877","140","134","apps/web/public/assets/manor/v7-runtime/crops/731/mature.png","f1b03cf505c5dea59d43b47cb33647c6e9abf69144411dd0a5378bdcc540a1bb","exported-root-symbol",
"farm","731","withered","ui/allcrops/Crop_731_4.swf","c7df9127a2609b0caab9a6e2ea68d9e2cca1d656ffdf041f68a041e24b237d09","Crop_731_6","3","3","root-symbol","1","0","845,-54,3391,1076","128","57","apps/web/public/assets/manor/v7-runtime/crops/731/withered.png","e4cae434752cfa7320850526519e442366b914bd04c1f33519af2e4a93c6959c","exported-root-symbol",
"farm","732","seed","ui/allcrops/Crop_732_Seed.swf","67ac97ee5f48822cbfe86918e4f2dd7ba1fa7ae91184545345d372f02ea8670f","Crop_732_Seed","6","6","root-symbol","1","0","-19,-20,904,1182","47","61","apps/web/public/assets/manor/v7-runtime/crops/732/seed.png","fdd6da719b3a31fc4c91c1552ecf471e90569f18862871f391afa3a40d6e8a97","exported-root-symbol",
"farm","732","sprout","ui/allcrops/Crop_732_0.swf","e5d1b7650f50da1e82c857f297ee58b3ef96d3c14217a32376ad371d18c1a83c","Crop_732_0","3","3","root-symbol","1","0","1546,577,2408,954","44","19","apps/web/public/assets/manor/v7-runtime/crops/732/sprout.png","a54252c835d36bf31202e5f99d711b2dde6e014b19bb1f7b88df186dbdab6841","exported-root-symbol",
"farm","732","young","ui/allcrops/Crop_732_1.swf","d44f9df9657a45da2cf7bb1bb7e96eecad2f5495245ac77a3c20f6f177047c46","Crop_732_1","7","7","root-symbol","1","0","1752,419,2204,882","23","24","apps/web/public/assets/manor/v7-runtime/crops/732/young.png","0416b3b37551b5ebf92118194b97f9284fefb175d530dfd700f1b1608e606313","exported-root-symbol",
"farm","732","growing","ui/allcrops/Crop_732_2.swf","58b1d3d8787f31166f3c4950648a469591432527946909cda8b874cfd19ef794","Crop_732_2","10","10","root-symbol","1","0","1653,212,2308,964","33","38","apps/web/public/assets/manor/v7-runtime/crops/732/growing.png","6f9f150ac46d86d26dd40d0cd47598612d5c59f101037904dc37fb6e6f4b7489","exported-root-symbol",
"farm","732","mature","ui/allcrops/Crop_732_3.swf","415ce5e4751975fb6311fa30d1751c1a2f7c2ca918719dd40eb15d8e7274b0d9","Crop_732_3","21","20","last-visible-child","1","0","-217,1211,2577,3877","140","134","apps/web/public/assets/manor/v7-runtime/crops/732/mature.png","2285419767c4b62837a03dd65df2ce546d5ba1f4ce6e18f2585ce470c9486178","exported-root-symbol",
"farm","732","withered","ui/allcrops/Crop_732_4.swf","082895b27f415f367e6cd3b2fc1523f07df0033438fa45a461f367047fc70861","Crop_732_6","3","3","root-symbol","1","0","845,-54,3391,1076","128","57","apps/web/public/assets/manor/v7-runtime/crops/732/withered.png","e4cae434752cfa7320850526519e442366b914bd04c1f33519af2e4a93c6959c","exported-root-symbol",
"farm","733","seed","ui/allcrops/Crop_733_Seed.swf","59229264ef5f9ae7dded4d054794fe1dc72f5bfcd65e843a6c9b62f8c6a4497d","Crop_733_Seed","6","6","root-symbol","1","0","-18,-20,905,1182","47","61","apps/web/public/assets/manor/v7-runtime/crops/733/seed.png","b1af7726918ff9f6c67e36a3d5d8e1f07fa4cafe537928bb79b9cef4cef823b4","exported-root-symbol",
"farm","733","sprout","ui/allcrops/Crop_733_0.swf","f60be8696f57f9ca1aeb2a5ecd67ca1c209506f65ae80b04358a71dd82a64638","Crop_733_0","3","3","root-symbol","1","0","1546,577,2408,954","44","19","apps/web/public/assets/manor/v7-runtime/crops/733/sprout.png","a54252c835d36bf31202e5f99d711b2dde6e014b19bb1f7b88df186dbdab6841","exported-root-symbol",
"farm","733","young","ui/allcrops/Crop_733_1.swf","afb2134f63fe730849a1b74dd36698aecc0c71c3b470c4882ff8fd4cf7d3c269","Crop_733_1","7","7","root-symbol","1","0","1752,419,2204,882","23","24","apps/web/public/assets/manor/v7-runtime/crops/733/young.png","0416b3b37551b5ebf92118194b97f9284fefb175d530dfd700f1b1608e606313","exported-root-symbol",
"farm","733","growing","ui/allcrops/Crop_733_2.swf","c2deae61c13ef768cde2f7c8c1ef5b542a782d41cf2b56e5dcde575397f897e3","Crop_733_2","10","10","root-symbol","1","0","1653,212,2308,964","33","38","apps/web/public/assets/manor/v7-runtime/crops/733/growing.png","5c32ef0656bcb915edfad552e34e5f02e4821417637e9c7bc1bc36fa69ff3019","exported-root-symbol",
"farm","733","mature","ui/allcrops/Crop_733_3.swf","3188a0052b8f0834154b7511477a873a3b567113064ea9e6923868bbc657e1b0","Crop_733_3","32","31","last-visible-child","1","0","-226,1216,2568,3882","140","134","apps/web/public/assets/manor/v7-runtime/crops/733/mature.png","b2eb08dc07c7dbe3bf97093d48d96e69853002f8b2494af1a2b4eadac68eacad","exported-root-symbol",
"farm","733","withered","ui/allcrops/Crop_733_4.swf","e6e3c240e942226805cb7dffac525647a14a6141b04489571ccceb0bfed93152","Crop_733_6","3","3","root-symbol","1","0","845,-54,3391,1076","128","57","apps/web/public/assets/manor/v7-runtime/crops/733/withered.png","e4cae434752cfa7320850526519e442366b914bd04c1f33519af2e4a93c6959c","exported-root-symbol",
"farm","734","seed","ui/allcrops/Crop_734_Seed.swf","8a1e50786090b04f1843d7dbdb387511abca3779d15efaffdfbd0353888d9274","Crop_734_Seed","6","6","root-symbol","1","0","-18,-20,905,1182","47","61","apps/web/public/assets/manor/v7-runtime/crops/734/seed.png","d3804429834b3bd982fa577d4fd8535a0b4d3025b12ec4b4768d0e55cd944cfe","exported-root-symbol",
"farm","734","sprout","ui/allcrops/Crop_734_0.swf","cd99abd81b3ab124e2ed999d473df8f92dd009cd1909b5ba773469ed1ea13993","Crop_734_0","3","3","root-symbol","1","0","1546,577,2408,954","44","19","apps/web/public/assets/manor/v7-runtime/crops/734/sprout.png","a54252c835d36bf31202e5f99d711b2dde6e014b19bb1f7b88df186dbdab6841","exported-root-symbol",
"farm","734","young","ui/allcrops/Crop_734_1.swf","f97e352652701c95c2437f24e7d20d31a1f3639a323b1da92cb2c38177b6fe34","Crop_734_1","7","7","root-symbol","1","0","1752,419,2204,882","23","24","apps/web/public/assets/manor/v7-runtime/crops/734/young.png","0416b3b37551b5ebf92118194b97f9284fefb175d530dfd700f1b1608e606313","exported-root-symbol",
"farm","734","growing","ui/allcrops/Crop_734_2.swf","f6f7545b577920474aab6e7cb4e6a83fdd2b4d09ea833e0ddd7119047a331cc7","Crop_734_2","10","10","root-symbol","1","0","1651,212,2306,964","33","38","apps/web/public/assets/manor/v7-runtime/crops/734/growing.png","bf805f4d4e793502a01468eed23e484ce2690ee69da312e8ed4613ec686fa064","exported-root-symbol",
"farm","734","mature","ui/allcrops/Crop_734_3.swf","c725670a20ef5d012bec33bf1f05c4af8787128f23f968da98cc9f5b11c1bb4c","Crop_734_3","21","20","last-visible-child","1","0","-228,1216,2566,3882","140","134","apps/web/public/assets/manor/v7-runtime/crops/734/mature.png","bded61f74276e0d746b79b69e516eac972bd6bf8fa9fd9c3d08a09a96e2649cb","exported-root-symbol",
"farm","734","withered","ui/allcrops/Crop_734_4.swf","a9e29191b7efa80f06fa59543035a089a43595543d8bdea35ef98e6a002b2694","Crop_734_6","3","3","root-symbol","1","0","845,-54,3391,1076","128","57","apps/web/public/assets/manor/v7-runtime/crops/734/withered.png","e4cae434752cfa7320850526519e442366b914bd04c1f33519af2e4a93c6959c","exported-root-symbol",
"farm","735","seed","ui/allcrops/Crop_735_Seed.swf","d0fb7c25ff2831a1896ee09ffe7a0fa7fbe49117bf5eef8f610b250cbf41bee9","Crop_735_Seed","6","6","root-symbol","1","0","-18,-19,906,1183","47","61","apps/web/public/assets/manor/v7-runtime/crops/735/seed.png","724f1dd5369f91499d65865ae7944e9ed08590c4e4a085f70004e736517e9f7c","exported-root-symbol",
"farm","735","sprout","ui/allcrops/Crop_735_0.swf","9d25a1ecf6ab720266de22fe9ebf2d4851edfce86503d36bc3784e7db2dcf50a","Crop_735_0","3","3","root-symbol","1","0","1546,577,2408,954","44","19","apps/web/public/assets/manor/v7-runtime/crops/735/sprout.png","a54252c835d36bf31202e5f99d711b2dde6e014b19bb1f7b88df186dbdab6841","exported-root-symbol",
"farm","735","young","ui/allcrops/Crop_735_1.swf","86b05f5bd5f5722d649bb3112517f52d68404ab6bfa449252fcca8bf333a02f2","Crop_735_1","7","7","root-symbol","1","0","1752,419,2204,882","23","24","apps/web/public/assets/manor/v7-runtime/crops/735/young.png","0416b3b37551b5ebf92118194b97f9284fefb175d530dfd700f1b1608e606313","exported-root-symbol",
"farm","735","growing","ui/allcrops/Crop_735_2.swf","76869ffcf9a74cb7890325c3c511866b9214ccbc7b0c55b614e3aa4bdd8db670","Crop_735_2","10","10","root-symbol","1","0","1651,212,2306,964","33","38","apps/web/public/assets/manor/v7-runtime/crops/735/growing.png","1e411e4f8cd28ad2175fda01dbc9ed4c6a68b9abbdb9c07305e9dc5172b15e89","exported-root-symbol",
"farm","735","mature","ui/allcrops/Crop_735_3.swf","07966b8c80709f9fe148628f0a2f732299ed0715d09169875d6a27a3dd3fa3ef","Crop_735_3","21","20","last-visible-child","1","0","-228,1216,2566,3882","140","134","apps/web/public/assets/manor/v7-runtime/crops/735/mature.png","7071b2f9bcd719ed2c200b34ec7017257658cffcb03a269eda23920345b88e91","exported-root-symbol",
"farm","735","withered","ui/allcrops/Crop_735_4.swf","faf22e5fe78fdff2d67e4586902aaed8b58c22727c5254079130edb61f4b5713","Crop_735_6","3","3","root-symbol","1","0","845,-54,3391,1076","128","57","apps/web/public/assets/manor/v7-runtime/crops/735/withered.png","e4cae434752cfa7320850526519e442366b914bd04c1f33519af2e4a93c6959c","exported-root-symbol",
"farm","736","seed","ui/allcrops/Crop_736_Seed.swf","924203b368e0606c9534be85748a1170b93262280cd66ecc717f01b752a00ecf","Crop_736_Seed","6","6","root-symbol","1","0","-17,-19,906,1182","47","61","apps/web/public/assets/manor/v7-runtime/crops/736/seed.png","19c0f1f83df4fc3ee9343b5ac9d2caa7ce42d70357c183ccd6eeef3c5278880b","exported-root-symbol",
"farm","736","sprout","ui/allcrops/Crop_736_0.swf","ac677c7deb5177f64d7804987899ccfb227fc1a08cfb210eb885599b4a0efce0","Crop_736_0","3","3","root-symbol","1","0","1546,577,2408,954","44","19","apps/web/public/assets/manor/v7-runtime/crops/736/sprout.png","a54252c835d36bf31202e5f99d711b2dde6e014b19bb1f7b88df186dbdab6841","exported-root-symbol",
"farm","736","young","ui/allcrops/Crop_736_1.swf","98558696265b849b7d2d4bc72b5ada561e2fac4172c8d7cb574b418b79e760e8","Crop_736_1","7","7","root-symbol","1","0","1752,419,2204,882","23","24","apps/web/public/assets/manor/v7-runtime/crops/736/young.png","0416b3b37551b5ebf92118194b97f9284fefb175d530dfd700f1b1608e606313","exported-root-symbol",
"farm","736","growing","ui/allcrops/Crop_736_2.swf","a6384dc58314227664eb0328d3ec47a9210f441421b6e8b6c97a8d5f32cb4cba","Crop_736_2","10","10","root-symbol","1","0","1651,212,2306,964","33","38","apps/web/public/assets/manor/v7-runtime/crops/736/growing.png","82b0e001e53f11d1aa618d35a9f52347e127cd7111c0e17feb188315f88004fd","exported-root-symbol",
"farm","736","mature","ui/allcrops/Crop_736_3.swf","5b096e7b95d425cf8ce272c7299fc7c05bb66f61c20c5d18adbd061a488fdc04","Crop_736_3","21","20","last-visible-child","1","0","-228,1216,2566,3882","140","134","apps/web/public/assets/manor/v7-runtime/crops/736/mature.png","ada64523a3149fddbffe136cffd827f451d8ec4dd3e1ffa77c1af959c61aa0b2","exported-root-symbol",
"farm","736","withered","ui/allcrops/Crop_736_4.swf","42e643f3ff886e2fb786d3797e753b909ea8fd4e666174e5e6eab90fce266b69","Crop_736_6","3","3","root-symbol","1","0","845,-54,3391,1076","128","57","apps/web/public/assets/manor/v7-runtime/crops/736/withered.png","e4cae434752cfa7320850526519e442366b914bd04c1f33519af2e4a93c6959c","exported-root-symbol",
"farm","737","seed","ui/allcrops/Crop_737_Seed.swf","4b87acdd13d3c016fa13c0385eb0975c5fdc98c7f064c36a66c3f392cc589e82","Crop_737_Seed","4","4","root-symbol","1","0","-18,-20,906,1182","47","61","apps/web/public/assets/manor/v7-runtime/crops/737/seed.png","0e2af56599186fd76690e14d1c596298283c3154454d98af5cb72c3c8ddeef28","exported-root-symbol",
"farm","737","sprout","ui/allcrops/Crop_737_0.swf","5a4e209f70640ebfde059b045e679ce1be485f7d7d82803120a2b4e4e388b2e8","Crop_737_0","3","3","root-symbol","1","0","1546,577,2408,954","44","19","apps/web/public/assets/manor/v7-runtime/crops/737/sprout.png","a54252c835d36bf31202e5f99d711b2dde6e014b19bb1f7b88df186dbdab6841","exported-root-symbol",
"farm","737","young","ui/allcrops/Crop_737_1.swf","f606cdde4979ff2904da2c5afd0d7d0d57601f8384def0ff042470078b299edb","Crop_737_1","7","7","root-symbol","1","0","1752,419,2204,882","23","24","apps/web/public/assets/manor/v7-runtime/crops/737/young.png","0416b3b37551b5ebf92118194b97f9284fefb175d530dfd700f1b1608e606313","exported-root-symbol",
"farm","737","growing","ui/allcrops/Crop_737_2.swf","d60b5747df6a010fc62cc7f4b53fd1741778ae3ebf5843eaeb19a4fa9552863d","Crop_737_2","8","8","root-symbol","1","0","1651,210,2306,962","33","38","apps/web/public/assets/manor/v7-runtime/crops/737/growing.png","ac34f384c43431be831567a147916fe3d573ceb0aa37409f329f29bd655ea7de","exported-root-symbol",
"farm","737","mature","ui/allcrops/Crop_737_3.swf","2e12f7aa5b32611b190b4237e56cbf34eaeab475259ef3a1d321a8173af3375f","Crop_737_3","21","20","last-visible-child","1","0","-228,1216,2566,3882","140","134","apps/web/public/assets/manor/v7-runtime/crops/737/mature.png","e146a621c7d0442c2eaaae5be62a86ad9442c3f33dfa190aeb77e1cdc591bf07","exported-root-symbol",
"farm","737","withered","ui/allcrops/Crop_737_4.swf","873be997ea5b25a9cb89ccaf6bf037980d4dca337351d3f4e47cf0a66cfaede2","Crop_737_6","3","3","root-symbol","1","0","845,-54,3391,1076","128","57","apps/web/public/assets/manor/v7-runtime/crops/737/withered.png","e4cae434752cfa7320850526519e442366b914bd04c1f33519af2e4a93c6959c","exported-root-symbol",
"farm","738","seed","ui/allcrops/Crop_738_Seed.swf","48ddc0c0227144ab771cd95cd881b63f1c53c7c04a84cb0868260baaa5d37eb3","Crop_738_Seed","5","5","root-symbol","1","0","-20,-8,903,1193","47","61","apps/web/public/assets/manor/v7-runtime/crops/738/seed.png","81fff3e8b42cd1fcd6388ce397f2b674f4342ba2411139c149174a289437cd40","exported-root-symbol",
"farm","738","sprout","ui/allcrops/Crop_738_0.swf","68a249569d5388f3ffca1bf60d22ca25cefed8af0c7b4cb8bd0513d71dbeb924","Crop_738_0","3","3","root-symbol","1","0","1546,577,2408,954","44","19","apps/web/public/assets/manor/v7-runtime/crops/738/sprout.png","a54252c835d36bf31202e5f99d711b2dde6e014b19bb1f7b88df186dbdab6841","exported-root-symbol",
"farm","738","young","ui/allcrops/Crop_738_1.swf","eae9a88e4ca16f1108a1500d2b8cb827fef9b745f227327a61a263db02e3e38e","Crop_738_1","9","9","root-symbol","1","0","1752,419,2204,882","23","24","apps/web/public/assets/manor/v7-runtime/crops/738/young.png","d5262c013c69c4a8e1c3fbf40e33320971a4c3865853c239c2cd6208cfe4fbfe","exported-root-symbol",
"farm","738","growing","ui/allcrops/Crop_738_2.swf","8107a3aae9a5c9624e2c6605d29c3b7660629d5d003d00d127cb11fac3c0ecc2","Crop_738_2","9","9","root-symbol","1","0","1652,229,2307,981","33","38","apps/web/public/assets/manor/v7-runtime/crops/738/growing.png","f87569737b325b4a6ecd49651500175c9cc68d04950a21fc4988ef4ea96b8a65","exported-root-symbol",
"farm","738","mature","ui/allcrops/Crop_738_3.swf","2d81f4983a34708889bcc6008d66a0e03ee61638181f0c92277888532b4c7c09","Crop_738_3","20","19","last-visible-child","1","0","-215,1199,2579,3865","140","134","apps/web/public/assets/manor/v7-runtime/crops/738/mature.png","8d6715e5b8a8689366a318f189b58cced37719f5f40545fc5518e2778c695e70","exported-root-symbol",
"farm","738","withered","ui/allcrops/Crop_738_4.swf","114176595dc5d66f2682a3322c39ad0ea6ad06fb2508501b46becbae2dc5dd3a","Crop_738_6","3","3","root-symbol","1","0","845,-54,3391,1076","128","57","apps/web/public/assets/manor/v7-runtime/crops/738/withered.png","e4cae434752cfa7320850526519e442366b914bd04c1f33519af2e4a93c6959c","exported-root-symbol",
"farm","739","seed","ui/allcrops/Crop_739_Seed.swf","838d545ebc206a73febc867c01143109396fac04dcdf97de07bed2e541196640","Crop_739_Seed","5","5","root-symbol","1","0","8,-8,931,1193","47","61","apps/web/public/assets/manor/v7-runtime/crops/739/seed.png","bb158a3b1a711ed9c719d28706654fff90d6d4f6786adc068d5bb8a87c5c0210","exported-root-symbol",
"farm","739","sprout","ui/allcrops/Crop_739_0.swf","8c6100c7bb17279980a92525ccd73f67cfb188cb4b8c0cd1daa8b5bb9e6c579b","Crop_739_0","3","3","root-symbol","1","0","1546,577,2408,954","44","19","apps/web/public/assets/manor/v7-runtime/crops/739/sprout.png","a54252c835d36bf31202e5f99d711b2dde6e014b19bb1f7b88df186dbdab6841","exported-root-symbol",
"farm","739","young","ui/allcrops/Crop_739_1.swf","4ef2a2808249eff1353f74adebeb434435fa094f81cd388f8407081904d691dd","Crop_739_1","9","9","root-symbol","1","0","1752,419,2204,882","23","24","apps/web/public/assets/manor/v7-runtime/crops/739/young.png","d5262c013c69c4a8e1c3fbf40e33320971a4c3865853c239c2cd6208cfe4fbfe","exported-root-symbol",
"farm","739","growing","ui/allcrops/Crop_739_2.swf","9da2a5b54d6cabc5a811b59ce681e89410ad682bdaef3435edb630adad5180c8","Crop_739_2","9","9","root-symbol","1","0","1661,222,2316,974","33","38","apps/web/public/assets/manor/v7-runtime/crops/739/growing.png","1c84ec9bbeee69b753967d9244a91e4ac207fd76734cdecdd033abab952a42c1","exported-root-symbol",
"farm","739","mature","ui/allcrops/Crop_739_3.swf","ee87fe260e14e4529931064e58c6e6248bd4d6e222ec9e86ddd3a7eb76d759d0","Crop_739_3","20","19","last-visible-child","1","0","-200,1182,2594,3848","140","134","apps/web/public/assets/manor/v7-runtime/crops/739/mature.png","477cd32dda8bb70bc17d1129162a711d174e9141ceb15196b2049070f920168e","exported-root-symbol",
"farm","739","withered","ui/allcrops/Crop_739_4.swf","4501fb69a02910282b17e5fb16a831d0d7846f0a5e86c8c00b6e9a39982961d6","Crop_739_6","3","3","root-symbol","1","0","845,-54,3391,1076","128","57","apps/web/public/assets/manor/v7-runtime/crops/739/withered.png","e4cae434752cfa7320850526519e442366b914bd04c1f33519af2e4a93c6959c","exported-root-symbol",
"farm","740","seed","ui/allcrops/Crop_740_Seed.swf","4d4a70753e32bdcbf6375e3a081afb5aba57a5044941082311d05d6a87b72048","Crop_740_Seed","5","5","root-symbol","1","0","-16,-12,907,1189","47","61","apps/web/public/assets/manor/v7-runtime/crops/740/seed.png","0bee6bc698a8cd696470d0b03258238c228988b2df7a8ab677dbc929c63fc927","exported-root-symbol",
"farm","740","sprout","ui/allcrops/Crop_740_0.swf","356d61c3227268e4e7a55e26a1b9022e26a2a550193fe259d692a99c387a36ff","Crop_740_0","3","3","root-symbol","1","0","1546,577,2408,954","44","19","apps/web/public/assets/manor/v7-runtime/crops/740/sprout.png","a54252c835d36bf31202e5f99d711b2dde6e014b19bb1f7b88df186dbdab6841","exported-root-symbol",
"farm","740","young","ui/allcrops/Crop_740_1.swf","2404ef6cb823771e79432047f2e424900148d995ec7ee1ccb93942713d4a8cab","Crop_740_1","9","9","root-symbol","1","0","1752,419,2204,882","23","24","apps/web/public/assets/manor/v7-runtime/crops/740/young.png","d5262c013c69c4a8e1c3fbf40e33320971a4c3865853c239c2cd6208cfe4fbfe","exported-root-symbol",
"farm","740","growing","ui/allcrops/Crop_740_2.swf","dcfdc210309c0c5a80d54796d89544868b4fce206341ec6c13adc77dd76eddc8","Crop_740_2","9","9","root-symbol","1","0","1661,229,2316,981","33","38","apps/web/public/assets/manor/v7-runtime/crops/740/growing.png","f7325967c81001d2edfb67e6a2e7571cb79dfcd7e92f7051329a5ba05db5b0c7","exported-root-symbol",
"farm","740","mature","ui/allcrops/Crop_740_3.swf","223748a3d1fb35186726ada6e9ded1d6048e29e48003754ecc6c8518d3a8dd30","Crop_740_3","20","19","last-visible-child","1","0","-211,1198,2583,3864","140","134","apps/web/public/assets/manor/v7-runtime/crops/740/mature.png","6fa5ff923b9ea630193e55d3794c9eb802ed7abc614a730225d192804a168217","exported-root-symbol",
"farm","740","withered","ui/allcrops/Crop_740_4.swf","2620df3cb16299f8963bdef002ce3b2d1022e4f1b6136dad2d74f724abd761c4","Crop_740_6","3","3","root-symbol","1","0","845,-54,3391,1076","128","57","apps/web/public/assets/manor/v7-runtime/crops/740/withered.png","e4cae434752cfa7320850526519e442366b914bd04c1f33519af2e4a93c6959c","exported-root-symbol",
"farm","741","seed","ui/allcrops/Crop_741_Seed.swf","da7259cd0097d9bcf5e79b9efe970dafc65af07cda605f6e34e5bf88e6066923","Crop_741_Seed","5","5","root-symbol","1","0","-16,-12,907,1187","47","60","apps/web/public/assets/manor/v7-runtime/crops/741/seed.png","e223d03179e39a044b7f2e3cb05b559d6779a9edf79f894a010c29252ae65e83","exported-root-symbol",
"farm","741","sprout","ui/allcrops/Crop_741_0.swf","e4873479167755cf2199a00831523208f4c376821a2a38265886b15d1db31a78","Crop_741_0","3","3","root-symbol","1","0","1546,577,2408,954","44","19","apps/web/public/assets/manor/v7-runtime/crops/741/sprout.png","a54252c835d36bf31202e5f99d711b2dde6e014b19bb1f7b88df186dbdab6841","exported-root-symbol",
"farm","741","young","ui/allcrops/Crop_741_1.swf","1affcd52b20f546e66c1c2db80996326accf9ba60bcd59e49aad3bf31a001ce0","Crop_741_1","7","7","root-symbol","1","0","1752,419,2204,882","23","24","apps/web/public/assets/manor/v7-runtime/crops/741/young.png","0416b3b37551b5ebf92118194b97f9284fefb175d530dfd700f1b1608e606313","exported-root-symbol",
"farm","741","growing","ui/allcrops/Crop_741_2.swf","2283bc86c31b1cf63cd5102731d0a6e3f92391715769a3c4ed9979dbfa05bbba","Crop_741_2","9","9","root-symbol","1","0","1661,229,2316,981","33","38","apps/web/public/assets/manor/v7-runtime/crops/741/growing.png","37a0ebd5fcd69b3c71493773b5753a80c04252159e49ef3b924cf13a7d50ec5e","exported-root-symbol",
"farm","741","mature","ui/allcrops/Crop_741_3.swf","935e956739edb4398a2e9296658d619dfb95853b4624e149abc55a3ecfabe9dd","Crop_741_3","20","19","last-visible-child","1","0","-211,1198,2583,3864","140","134","apps/web/public/assets/manor/v7-runtime/crops/741/mature.png","2a52450fac6bb9906c8834c8be067d8c72a197b5771661f338b958ce95e82af9","exported-root-symbol",
"farm","741","withered","ui/allcrops/Crop_741_4.swf","23ae4066c38d7d1110591b53b02ac4378810e5e1d6e147ae776e1bb24330ec35","Crop_741_6","3","3","root-symbol","1","0","845,-54,3391,1076","128","57","apps/web/public/assets/manor/v7-runtime/crops/741/withered.png","e4cae434752cfa7320850526519e442366b914bd04c1f33519af2e4a93c6959c","exported-root-symbol",
"farm","742","seed","ui/allcrops/Crop_742_Seed.swf","a99becc87f926a4c059ead9d46a301e3210eced70ae4d6d6180cae669259d6ba","Crop_742_Seed","5","5","root-symbol","1","0","-22,-9,901,1191","47","60","apps/web/public/assets/manor/v7-runtime/crops/742/seed.png","f8b693d3e8af4b25e714e995278875ca27fb8efe6393622afbfae01af214cc14","exported-root-symbol",
"farm","742","sprout","ui/allcrops/Crop_742_0.swf","5a183fd111588f2da68134fecaaf42e81c45202eace41f271970bde27305b2b1","Crop_742_0","3","3","root-symbol","1","0","1546,577,2408,954","44","19","apps/web/public/assets/manor/v7-runtime/crops/742/sprout.png","a54252c835d36bf31202e5f99d711b2dde6e014b19bb1f7b88df186dbdab6841","exported-root-symbol",
"farm","742","young","ui/allcrops/Crop_742_1.swf","1045a5ab4defc4e34d415a7e0d2b28f6b322163003897620524a8888719a122e","Crop_742_1","7","7","root-symbol","1","0","1752,419,2204,882","23","24","apps/web/public/assets/manor/v7-runtime/crops/742/young.png","0416b3b37551b5ebf92118194b97f9284fefb175d530dfd700f1b1608e606313","exported-root-symbol",
"farm","742","growing","ui/allcrops/Crop_742_2.swf","ca2530de4dc72bb6c3425bbac7e031791b0cec3f917a1aa70b29370c0e8d64f8","Crop_742_2","9","9","root-symbol","1","0","1651,227,2306,979","33","38","apps/web/public/assets/manor/v7-runtime/crops/742/growing.png","93c4a044a87bf368319379f1328845f3e8e304fac99128ae4820b7be9469f7c7","exported-root-symbol",
"farm","742","mature","ui/allcrops/Crop_742_3.swf","a5af6c6bdf14a5acab0b40af45565afb81d5ef2d11cacc49a081227cb7f0662d","Crop_742_3","21","20","last-visible-child","1","0","-218,1199,2576,3865","140","134","apps/web/public/assets/manor/v7-runtime/crops/742/mature.png","00971a4137538c337cdca5bff92b1c442e747a0fd087dbdec89c69f1b835f1f8","exported-root-symbol",
"farm","742","withered","ui/allcrops/Crop_742_4.swf","d174f29cdfad320f8167cf48007eedb6a59c194aa5314ee55504db3386a8ef7f","Crop_742_6","3","3","root-symbol","1","0","845,-54,3391,1076","128","57","apps/web/public/assets/manor/v7-runtime/crops/742/withered.png","e4cae434752cfa7320850526519e442366b914bd04c1f33519af2e4a93c6959c","exported-root-symbol",
"farm","743","seed","ui/allcrops/Crop_743_Seed.swf","4b134eaeb572c8997fe3b0ddc1a9bf166186df65431bc6bddd23f12fbbfe50ff","Crop_743_Seed","5","5","root-symbol","1","0","-34,-14,889,1187","47","61","apps/web/public/assets/manor/v7-runtime/crops/743/seed.png","1286f9e4ce8b1f315af1f8bf9116ced9dfe72cc9215ba74ebfe7e9619a4ee261","exported-root-symbol",
"farm","743","sprout","ui/allcrops/Crop_743_0.swf","dc824a59873519ab78df15c0ca68bbbfbf60c70646f50a589b91b34f0a43c98a","Crop_743_0","3","3","root-symbol","1","0","1546,577,2408,954","44","19","apps/web/public/assets/manor/v7-runtime/crops/743/sprout.png","a54252c835d36bf31202e5f99d711b2dde6e014b19bb1f7b88df186dbdab6841","exported-root-symbol",
"farm","743","young","ui/allcrops/Crop_743_1.swf","7396b27e3b66b293e0e8a07af161e8fc1de9090f03558f792ebccc5b41472270","Crop_743_1","7","7","root-symbol","1","0","1752,419,2204,882","23","24","apps/web/public/assets/manor/v7-runtime/crops/743/young.png","0416b3b37551b5ebf92118194b97f9284fefb175d530dfd700f1b1608e606313","exported-root-symbol",
"farm","743","growing","ui/allcrops/Crop_743_2.swf","ba249c175e0bd2f4cabfb26d03badab01e8fe6e278363a7482d1f54753885848","Crop_743_2","9","9","root-symbol","1","0","1651,223,2306,975","33","38","apps/web/public/assets/manor/v7-runtime/crops/743/growing.png","571cb7b29dd38ac05f3d04522c60cd72ddb1a1568db26eb46a59f8e247c8b785","exported-root-symbol",
"farm","743","mature","ui/allcrops/Crop_743_3.swf","36e85673c1ae018f3f2292b7ae5f5256dc6373f3045469a339698c29a3fe0364","Crop_743_3","20","19","last-visible-child","1","0","-218,1201,2576,3867","140","134","apps/web/public/assets/manor/v7-runtime/crops/743/mature.png","bb4cf58dfbc24bfb3ae19dfb20e351c15d115ffaa129eda57917475c709f8218","exported-root-symbol",
"farm","743","withered","ui/allcrops/Crop_743_4.swf","e4b6eb74df5443bf5a163b59bb1a4b149e372c34d61f6456f6036015acedb8ea","Crop_743_6","3","3","root-symbol","1","0","845,-54,3391,1076","128","57","apps/web/public/assets/manor/v7-runtime/crops/743/withered.png","e4cae434752cfa7320850526519e442366b914bd04c1f33519af2e4a93c6959c","exported-root-symbol",
"farm","744","seed","ui/allcrops/Crop_744_Seed.swf","5e9743e0e9abb43ac3dabc880d5c7e39d50a76752dec507549eaa64b162ac7e1","Crop_744_Seed","5","5","root-symbol","1","0","-18,-20,905,1180","47","60","apps/web/public/assets/manor/v7-runtime/crops/744/seed.png","30d3de86d199cb02161f6c3291ea487a10ce1d298984411a38f739d5d5f3cc75","exported-root-symbol",
"farm","744","sprout","ui/allcrops/Crop_744_0.swf","e3baf7248e37ed4a7f6e64cde921434c3f78176e5618801b862af398cc490df7","Crop_744_0","3","3","root-symbol","1","0","1546,577,2408,954","44","19","apps/web/public/assets/manor/v7-runtime/crops/744/sprout.png","a54252c835d36bf31202e5f99d711b2dde6e014b19bb1f7b88df186dbdab6841","exported-root-symbol",
"farm","744","young","ui/allcrops/Crop_744_1.swf","7580f73f855767d593f029fd64b825048657d6102df35193279d4e8ea01d0e1e","Crop_744_1","7","7","root-symbol","1","0","1752,419,2204,882","23","24","apps/web/public/assets/manor/v7-runtime/crops/744/young.png","0416b3b37551b5ebf92118194b97f9284fefb175d530dfd700f1b1608e606313","exported-root-symbol",
"farm","744","growing","ui/allcrops/Crop_744_2.swf","140bcf48e641d11b9adc6452fd08bee4c18e9bf038144ab6c3d18b6f2995030a","Crop_744_2","9","9","root-symbol","1","0","1652,213,2307,965","33","38","apps/web/public/assets/manor/v7-runtime/crops/744/growing.png","c79e4499664aecbb0526c45a27b83c63af1696e146c55f2355fba68414878b87","exported-root-symbol",
"farm","744","mature","ui/allcrops/Crop_744_3.swf","1461480ab46cb5714f606a6323240ddb4afd5c8c024442b838e5c7c478d0dbd2","Crop_744_3","20","19","last-visible-child","1","0","-209,1206,2585,3872","140","134","apps/web/public/assets/manor/v7-runtime/crops/744/mature.png","ba59cbc4c1d8c419f49bb9c42c0cbd4e450f17d418800c31e270ecd3997b8c50","exported-root-symbol",
"farm","744","withered","ui/allcrops/Crop_744_4.swf","3c05a06a69423b4ed631a1f5a3f7d39fc3f5b347a4bf5554ad4d68cd8a1ed0f8","Crop_744_6","3","3","root-symbol","1","0","845,-54,3391,1076","128","57","apps/web/public/assets/manor/v7-runtime/crops/744/withered.png","e4cae434752cfa7320850526519e442366b914bd04c1f33519af2e4a93c6959c","exported-root-symbol",
"farm","1000","seed","ui/allcrops/Crop_1000_Seed.swf","7aa9fd8fe3273d4b0f043b22aa62741b5a909d66beba115c06db23192feff433","Crop_1000_Seed","2","2","root-symbol","1","0","-20,0,1220,1126","62","57","apps/web/public/assets/manor/v7-runtime/crops/1000/seed.png","e6427ed68a725e65e021d43b90b195a01ba485733d0d2b59ebe0e21e63ea6436","exported-root-symbol",
"farm","1000","sprout","ui/allcrops/Crop_1000_0.swf","3cae7b80cdbe3f769d8c1fdfc8a45901bf92ef1cc96b8d768cdfadfc8a7aa369","Crop_1000_0","3","3","root-symbol","1","0","1541,588,2403,965","44","19","apps/web/public/assets/manor/v7-runtime/crops/1000/sprout.png","ba4466865d2b45ddf61bc448394016c1ff006210d2e373e4ebe75b0ab62d8aca","exported-root-symbol",
"farm","1000","young","ui/allcrops/Crop_1000_1.swf","fdfcdbe60a018ea2a339c630a7266a4e0ab841d060c00515919e959f983bbb5a","Crop_1000_1","3","2","last-visible-child","1","0","-479,9,499,1023","49","51","apps/web/public/assets/manor/v7-runtime/crops/1000/young.png","f62dcc4959ab2fea5d99b91523e841843531d1fc3ed68b2f3403b975d00ed3c0","exported-root-symbol",
"farm","1000","growing","ui/allcrops/Crop_1000_2.swf","113b8864d66dcb572e584eb9d72d5af0ed4f93d6cbbafb97aa1318ba894592de","Crop_1000_2","3","3","root-symbol","1","0","1179,-499,2579,1033","70","77","apps/web/public/assets/manor/v7-runtime/crops/1000/growing.png","7a85b4f9da05242b8a85d7184fa90a2ea1e55bfd339541c50cd9f11025960f71","exported-root-symbol",
"farm","1000","mature","ui/allcrops/Crop_1000_3.swf","2ba345afbd28a12326a9eb3b49942cfb2e02cb00ef587d2682548273f89b7f16","Crop_1000_3","7","7","root-symbol","1","0","944,-1043,2886,1002","98","103","apps/web/public/assets/manor/v7-runtime/crops/1000/mature.png","bf3e1a7dbf5094a76839f15422a151fb3551da616f3cfa6234a0a60fa0d36205","exported-root-symbol",
"farm","1000","withered","ui/allcrops/Crop_1000_4.swf","697b53dae12d9b15d182cf088fd090ce96f17ad254dcf61c97aeda344e3b9fbf","Crop_1000_6","3","3","root-symbol","1","0","819,-75,3355,1054","127","57","apps/web/public/assets/manor/v7-runtime/crops/1000/withered.png","ca0331d48a0320135250de0344da1fd74b4d615d05c2604c1a2a95f264f3d2ee","exported-root-symbol",
"farm","1001","seed","ui/allcrops/Crop_1001_Seed.swf","e8576c77b2583caa729482b06ab64fb07e129f90110cf0b84b802c3243e27755","Crop_1001_Seed","2","2","root-symbol","1","0","-10,10,886,1140","45","57","apps/web/public/assets/manor/v7-runtime/crops/1001/seed.png","68327753dc2a5304f3ba81dd74313adde4686aa2fba070f9e4c5c489a23ab1d8","exported-root-symbol",
"farm","1001","sprout","ui/allcrops/Crop_1001_0.swf","b11ce514cfe3185c6ea4a40223634ed80c6da23e8b45ebb934821d0610b43400","Crop_1001_0","3","3","root-symbol","1","0","1541,588,2403,965","44","19","apps/web/public/assets/manor/v7-runtime/crops/1001/sprout.png","ba4466865d2b45ddf61bc448394016c1ff006210d2e373e4ebe75b0ab62d8aca","exported-root-symbol",
"farm","1001","young","ui/allcrops/Crop_1001_1.swf","3b59f66526b7575b4c3458a56cf6ca7b92937dd3638ba467ba517cbd00f70328","Crop_1001_1","3","2","last-visible-child","1","0","-479,9,499,1023","49","51","apps/web/public/assets/manor/v7-runtime/crops/1001/young.png","f62dcc4959ab2fea5d99b91523e841843531d1fc3ed68b2f3403b975d00ed3c0","exported-root-symbol",
"farm","1001","growing","ui/allcrops/Crop_1001_2.swf","559321094df8a998adfdb74d54450b260ddb0b0671d9eb00c52ddc1cfd8714b7","Crop_1001_2","3","3","root-symbol","1","0","1179,-499,2579,1033","70","77","apps/web/public/assets/manor/v7-runtime/crops/1001/growing.png","7a85b4f9da05242b8a85d7184fa90a2ea1e55bfd339541c50cd9f11025960f71","exported-root-symbol",
"farm","1001","mature","ui/allcrops/Crop_1001_3.swf","58c72e58a62b719d96a88717b47a3c09aa43de772fdd0401527b7181eebd92f0","Crop_1001_3","7","7","root-symbol","1","0","669,-1170,2797,1065","107","112","apps/web/public/assets/manor/v7-runtime/crops/1001/mature.png","96a03c901c3059384e72f2db0fbdb6acc9c248f443d87a79eb2a11a8ff9e367c","exported-root-symbol",
"farm","1001","withered","ui/allcrops/Crop_1001_4.swf","d557bb8f3e812fcddf26fc8ef559ff10f2d4e909ebacd126e8bbf2c1e80cf0d4","Crop_1001_6","3","3","root-symbol","1","0","819,-75,3355,1054","127","57","apps/web/public/assets/manor/v7-runtime/crops/1001/withered.png","ca0331d48a0320135250de0344da1fd74b4d615d05c2604c1a2a95f264f3d2ee","exported-root-symbol",
"farm","1002","seed","ui/allcrops/Crop_1002_Seed.swf","07307189b4671a54d52ce4ec440151f0b3520217d3cffe48f9b22f58c20123e7","Crop_1002_Seed","2","2","root-symbol","1","0","-28,-11,902,1134","47","58","apps/web/public/assets/manor/v7-runtime/crops/1002/seed.png","758cbd5080e36f28b58db7346415f2cb0e6ae38804c328ffa9312e538672afb6","exported-root-symbol",
"farm","1002","sprout","ui/allcrops/Crop_1002_0.swf","04b1ac6d25580fec45e91cf803ff997b56ec35fd8aba0c04d20985471e9d8597","Crop_1002_0","3","3","root-symbol","1","0","1541,588,2403,965","44","19","apps/web/public/assets/manor/v7-runtime/crops/1002/sprout.png","ba4466865d2b45ddf61bc448394016c1ff006210d2e373e4ebe75b0ab62d8aca","exported-root-symbol",
"farm","1002","young","ui/allcrops/Crop_1002_1.swf","a341b62dd3f772bac16a42cb0d280620069a9c8873d91cb5b89946a1345f5148","Crop_1002_1","3","2","last-visible-child","1","0","-479,9,499,1023","49","51","apps/web/public/assets/manor/v7-runtime/crops/1002/young.png","f62dcc4959ab2fea5d99b91523e841843531d1fc3ed68b2f3403b975d00ed3c0","exported-root-symbol",
"farm","1002","growing","ui/allcrops/Crop_1002_2.swf","80802c569ff0ecb5d8b7497630f420000761238ede0b98d81c779c28d4c214b4","Crop_1002_2","3","3","root-symbol","1","0","1179,-499,2579,1033","70","77","apps/web/public/assets/manor/v7-runtime/crops/1002/growing.png","7a85b4f9da05242b8a85d7184fa90a2ea1e55bfd339541c50cd9f11025960f71","exported-root-symbol",
"farm","1002","mature","ui/allcrops/Crop_1002_3.swf","7a148e5fb9394a9ec0fab59498588fc8425138b821396bccb7e8880341b93591","Crop_1002_3","7","7","root-symbol","1","0","609,-1044,2776,1064","109","106","apps/web/public/assets/manor/v7-runtime/crops/1002/mature.png","b1e0f771a69118d4b6bdb86bdd9cf50a9904703d7ad60106ca5c803be35f599f","exported-root-symbol",
"farm","1002","withered","ui/allcrops/Crop_1002_4.swf","3f2eb051532a4ed940fd95354e249d63e5ac73a5a26f64ec6c7b81dc5ab4fd15","Crop_1002_6","3","3","root-symbol","1","0","819,-75,3355,1054","127","57","apps/web/public/assets/manor/v7-runtime/crops/1002/withered.png","ca0331d48a0320135250de0344da1fd74b4d615d05c2604c1a2a95f264f3d2ee","exported-root-symbol",
"farm","1003","seed","ui/allcrops/Crop_1003_Seed.swf","82529b47f2d162aa14684718082b21643f703908352261efad29ec1bed91ba1d","Crop_1003_Seed","4","4","root-symbol","1","0","-1,-11,1098,1077","55","55","apps/web/public/assets/manor/v7-runtime/crops/1003/seed.png","67db37af737e3b1171fb6971606148b106b06d06240cb3e5cee252ed754a88f6","exported-root-symbol",
"farm","1003","sprout","ui/allcrops/Crop_1003_0.swf","277184b7a7a93ed3b0e3e474e8e7a2c73630038b25ed4e5ad693d7796b81fb32","Crop_1003_0","3","3","root-symbol","1","0","1541,588,2403,965","44","19","apps/web/public/assets/manor/v7-runtime/crops/1003/sprout.png","ba4466865d2b45ddf61bc448394016c1ff006210d2e373e4ebe75b0ab62d8aca","exported-root-symbol",
"farm","1003","young","ui/allcrops/Crop_1003_1.swf","c2b3d297b032decec22c3e33d90c2c69aa357d17c87028e45ca9c39a8214dc8d","Crop_1003_1","8","8","root-symbol","12","0","1599,180,2391,1133","40","48","apps/web/public/assets/manor/v7-runtime/crops/1003/young.png","51b920b5e0801be5c48842dc96c4890bf29f1f3d6d1042f3f7788df22180171c","exported-root-symbol",
"farm","1003","growing","ui/allcrops/Crop_1003_2.swf","c3e061d1ca8593f5440ee91f0b47f165120be42dccbd33b90646699663e622a4","Crop_1003_2","6","6","root-symbol","11","0","1449,-527,2530,1134","55","84","apps/web/public/assets/manor/v7-runtime/crops/1003/growing.png","65dbb087bac12698f891e4c9e2461fe83025cf9020664354f9389a289be1f5d8","exported-root-symbol",
"farm","1003","mature","ui/allcrops/Crop_1003_3.swf","46346a22eb52dd68f0113bb74412ac26eea546ce6a32bdf6cb33025ebba99c62","Crop_1003_3","27","27","root-symbol","1","0","732,-1031,3050,1264","116","115","apps/web/public/assets/manor/v7-runtime/crops/1003/mature.png","e0cc3dc79d58257378b7df43753669318e842c38c5cd171845d87a216ada6df1","exported-root-symbol",
"farm","1003","withered","ui/allcrops/Crop_1003_4.swf","681953a0dbed72bce0f56113aa86def79d94d9bc2ad62c3ff1cfc6d2ac360f8c","Crop_1003_6","3","3","root-symbol","1","0","819,-75,3355,1054","127","57","apps/web/public/assets/manor/v7-runtime/crops/1003/withered.png","ca0331d48a0320135250de0344da1fd74b4d615d05c2604c1a2a95f264f3d2ee","exported-root-symbol",
"farm","1004","seed","ui/allcrops/Crop_1004_Seed.swf","3f8f5d8136415d75e9afcd86c1b45c7ed20a5c53824e38e86c7ad4e9f6a3a7b9","Crop_1004_Seed","3","3","root-symbol","1","0","-10,-3,1156,1165","59","59","apps/web/public/assets/manor/v7-runtime/crops/1004/seed.png","6df58f51a3b898ad7f189ce61a52f4bba89a1df87339d82567b4cfce84b178db","exported-root-symbol",
"farm","1004","sprout","ui/allcrops/Crop_1004_0.swf","ff9c8b0c044f6badfeb892033f1c7d65e52c5261d075d7b0e5fa8adf4270814f","Crop_1004_0","3","3","root-symbol","1","0","1541,588,2403,965","44","19","apps/web/public/assets/manor/v7-runtime/crops/1004/sprout.png","ba4466865d2b45ddf61bc448394016c1ff006210d2e373e4ebe75b0ab62d8aca","exported-root-symbol",
"farm","1004","young","ui/allcrops/Crop_1004_1.swf","d57ee13a25526ea19cff48a8cdb22d3282a61a701dd14c7b7cbd0329c0f7d1ea","Crop_1004_1","5","5","root-symbol","1","0","1440,236,2347,1066","46","42","apps/web/public/assets/manor/v7-runtime/crops/1004/young.png","f2201823735c4c9b2d29b5d2685d5e64ad0f21b6aa512e08af5919dda7dc84e3","exported-root-symbol",
"farm","1004","growing","ui/allcrops/Crop_1004_2.swf","a1797e7fba75d0bdfbeac9ffa671539a36fe1485d80a25a3a482cccd2c0cf63c","Crop_1004_2","5","5","root-symbol","1","0","1268,-246,2548,1187","64","72","apps/web/public/assets/manor/v7-runtime/crops/1004/growing.png","3f997f183a4dd068d58d7b63c73aa42b84d5c33f772075712dbce73016934c18","exported-root-symbol",
"farm","1004","mature","ui/allcrops/Crop_1004_3.swf","19c6d7f2ad3f9ea59cb21ac95baee42038672a1cacd1831d6f5878dad09ba8a1","Crop_1004_3","9","9","root-symbol","1","0","674,-1311,3454,1235","139","128","apps/web/public/assets/manor/v7-runtime/crops/1004/mature.png","dc50145ec8c05e6b95a5a2220e514ed04f63b0dbdbafcfc6eb0c3d563f7c845c","exported-root-symbol",
"farm","1004","withered","ui/allcrops/Crop_1004_4.swf","2dba3ac296d52d73119a828c8a15c8aa38204c361b4df80caa93a3de882adb54","Crop_1004_6","3","3","root-symbol","1","0","819,-75,3355,1054","127","57","apps/web/public/assets/manor/v7-runtime/crops/1004/withered.png","ca0331d48a0320135250de0344da1fd74b4d615d05c2604c1a2a95f264f3d2ee","exported-root-symbol",
"farm","1005","seed","ui/allcrops/Crop_1005_Seed.swf","c60447095ec2dfccaf78963ffc4b0359578ec006fd0df31dcc6570be7fe0f50e","Crop_1005_Seed","6","6","root-symbol","1","0","9,-20,1210,1181","61","61","apps/web/public/assets/manor/v7-runtime/crops/1005/seed.png","009a59a39dae005340bfdb3338907fc04ec2de6541d4d8291f1c876fd38795f7","exported-root-symbol",
"farm","1005","sprout","ui/allcrops/Crop_1005_0.swf","8f701aaeb36e17bcb23ad49b8bf21def0c7f1bd3e1e2a5bd34ba91de91f065e6","Crop_1005_0","3","3","root-symbol","1","0","1541,588,2403,965","44","19","apps/web/public/assets/manor/v7-runtime/crops/1005/sprout.png","ba4466865d2b45ddf61bc448394016c1ff006210d2e373e4ebe75b0ab62d8aca","exported-root-symbol",
"farm","1005","young","ui/allcrops/Crop_1005_1.swf","3bcecfa12d687c49a6d85e9714c2e9db6aa88bf865b355497fe79f8cc1273720","Crop_1005_1","7","7","root-symbol","1","0","1467,256,2503,1367","52","56","apps/web/public/assets/manor/v7-runtime/crops/1005/young.png","c277ee2fed98911a9ace9130a5e30b81a0e0fa2a3737cf199f2bfd6cae39b922","exported-root-symbol",
"farm","1005","growing","ui/allcrops/Crop_1005_2.swf","9c7c2c05bf9b612d461b09f978d85311f410928704de94038812001242e88d57","Crop_1005_2","16","16","root-symbol","1","0","1013,-1016,2972,1078","98","105","apps/web/public/assets/manor/v7-runtime/crops/1005/growing.png","05dc829d873a7a6e2c394b75d810f58124b32ab4a7db0f94d602db3c28c30615","exported-root-symbol",
"farm","1005","mature","ui/allcrops/Crop_1005_3.swf","3a0d9058f9a4539cc93d09a0c39c357d5d4f1529036c169576d16f90c91a2ede","Crop_1005_3","24","24","root-symbol","1","0","973,-1166,3185,1164","111","117","apps/web/public/assets/manor/v7-runtime/crops/1005/mature.png","a3209ccd7a53eb8d18c48c89ef8f131a672c48b279e12750e255f8f8b59ffdf8","exported-root-symbol",
"farm","1005","withered","ui/allcrops/Crop_1005_4.swf","5c8561aaafc0da4b75935341b0a6f892eab79f8821db8585d3edd5e7225a5b3a","Crop_1005_6","3","3","root-symbol","1","0","819,-75,3355,1054","127","57","apps/web/public/assets/manor/v7-runtime/crops/1005/withered.png","ca0331d48a0320135250de0344da1fd74b4d615d05c2604c1a2a95f264f3d2ee","exported-root-symbol",
"farm","1006","seed","ui/allcrops/Crop_1006_Seed.swf","82180b50b87b5f2137ae9169d3ffb69981fe595e8d7dad4d4bb7f912553f9da4","Crop_1006_Seed","4","4","root-symbol","1","0","-4,-20,1138,1020","58","52","apps/web/public/assets/manor/v7-runtime/crops/1006/seed.png","3800532a603a8a6dfff8476e1e32224b00948352565f2c61eca67ebadb8103b7","exported-root-symbol",
"farm","1006","sprout","ui/allcrops/Crop_1006_0.swf","0d7fc2f1d95c3444dceab0c0392f212f2fd3a75ff011817bf2f99cd13df66038","Crop_1006_0","3","3","root-symbol","1","0","1541,588,2403,965","44","19","apps/web/public/assets/manor/v7-runtime/crops/1006/sprout.png","ba4466865d2b45ddf61bc448394016c1ff006210d2e373e4ebe75b0ab62d8aca","exported-root-symbol",
"farm","1006","young","ui/allcrops/Crop_1006_1.swf","176e411720f390315f89f473488a6d508df08685ef58b304320b3ad9a4a4f842","Crop_1006_1","4","4","root-symbol","1","0","1639,299,2402,1129","39","42","apps/web/public/assets/manor/v7-runtime/crops/1006/young.png","20609da54d5fd1f7dc40ef5c533b814172cc3d5c12294db6f0207af37eb53e42","exported-root-symbol",
"farm","1006","growing","ui/allcrops/Crop_1006_2.swf","999dc0760a390dd46ee6c7449b8f3d9a982c308ea35752b53c59c963a45ae9fe","Crop_1006_2","5","5","root-symbol","1","0","1481,-170,2453,1089","49","63","apps/web/public/assets/manor/v7-runtime/crops/1006/growing.png","24bf18505437cd2d3067770d23bc629bcde021fc6ad3cf909864d47398a3cd3d","exported-root-symbol",
"farm","1006","mature","ui/allcrops/Crop_1006_3.swf","8b4937d2685104da7814ad21de5481787a5447c4fc576db809c64e4cdd5081ce","Crop_1006_3","10","10","root-symbol","1","0","1018,-1291,3238,1292","111","130","apps/web/public/assets/manor/v7-runtime/crops/1006/mature.png","43ae93b83a9ef868ad0b97e21700047508c5463275a55204be4b65d9c475d74b","exported-root-symbol",
"farm","1006","withered","ui/allcrops/Crop_1006_4.swf","feb70334a0de210d2170b8bc9322b111f617b5ac7df9556c6fde34460b0fbc16","Crop_1006_6","3","3","root-symbol","1","0","819,-75,3355,1054","127","57","apps/web/public/assets/manor/v7-runtime/crops/1006/withered.png","ca0331d48a0320135250de0344da1fd74b4d615d05c2604c1a2a95f264f3d2ee","exported-root-symbol",
"farm","1007","seed","ui/allcrops/Crop_1007_Seed.swf","efcb28f484fbcb5b9c948be75b4f141658877c5b26032a535126e6ca0e747760","Crop_1007_Seed","4","4","root-symbol","1","0","-20,-20,1160,1220","59","62","apps/web/public/assets/manor/v7-runtime/crops/1007/seed.png","54ecfae3f7d69f7f0ef55cccece8de089ac5e1f2e1473653e3203d870453273b","exported-root-symbol",
"farm","1007","sprout","ui/allcrops/Crop_1007_0.swf","4f35de65f6b5b0ec81dad171ed449c93bc8ef972904782ed617a61df01c5416d","Crop_1007_0","3","3","root-symbol","1","0","1541,588,2403,965","44","19","apps/web/public/assets/manor/v7-runtime/crops/1007/sprout.png","ba4466865d2b45ddf61bc448394016c1ff006210d2e373e4ebe75b0ab62d8aca","exported-root-symbol",
"farm","1007","young","ui/allcrops/Crop_1007_1.swf","823e8a7c4a7f761e3bc42a3c587e40fdde9453a3456704703437dd9f0ad30c9c","Crop_1007_1","5","5","root-symbol","1","0","1509,-48,2389,1007","44","53","apps/web/public/assets/manor/v7-runtime/crops/1007/young.png","ca6d9705a46e843406cc47406cb813462cdbca05e3156142ecbdfba035d014d4","exported-root-symbol",
"farm","1007","growing","ui/allcrops/Crop_1007_2.swf","a7428c6263a1c82744d7c32cacb6b62b70676cec72555b996ee5a7f769c4b9ea","Crop_1007_2","8","8","root-symbol","1","0","1272,-200,2495,1086","62","65","apps/web/public/assets/manor/v7-runtime/crops/1007/growing.png","818fe96eccd5aa6da6a985e7f1dad003ef81215db25fb0d15d565cf22449905a","exported-root-symbol",
"farm","1007","mature","ui/allcrops/Crop_1007_3.swf","39002043c3df375ccd00f5ef4eabfdca5057e0e126c80dabccb72026f2f2355a","Crop_1007_3","10","10","root-symbol","1","0","635,-1371,3413,1382","139","138","apps/web/public/assets/manor/v7-runtime/crops/1007/mature.png","108c45b15fded094f5255b9eee6212bab5af9b117d9e0509d66d66cd196f9060","exported-root-symbol",
"farm","1007","withered","ui/allcrops/Crop_1007_4.swf","6199865ae397c84d01a71764bdddcd12ab8f0e232a6133522cd158315df5eafa","Crop_1007_6","3","3","root-symbol","1","0","819,-75,3355,1054","127","57","apps/web/public/assets/manor/v7-runtime/crops/1007/withered.png","ca0331d48a0320135250de0344da1fd74b4d615d05c2604c1a2a95f264f3d2ee","exported-root-symbol",
"farm","1008","seed","ui/allcrops/Crop_1008_Seed.swf","4dd48f4af8106763b7ba17ecd01acea79f51fa0335fb124302b8663050575f7e","Crop_1008_Seed","2","2","root-symbol","1","0","-67,-37,903,1018","49","53","apps/web/public/assets/manor/v7-runtime/crops/1008/seed.png","efa9049548619a97c756f3621b7b841db8d57f5e5063eb57f2263ccdbff2aaa5","exported-root-symbol",
"farm","1008","sprout","ui/allcrops/Crop_1008_0.swf","16328ceee1233a4005efdf3d24409a889b069e5fb8a50bce1330d35e3ebfbc76","Crop_1008_0","3","3","root-symbol","1","0","1541,588,2403,965","44","19","apps/web/public/assets/manor/v7-runtime/crops/1008/sprout.png","ba4466865d2b45ddf61bc448394016c1ff006210d2e373e4ebe75b0ab62d8aca","exported-root-symbol",
"farm","1008","young","ui/allcrops/Crop_1008_1.swf","3475616c494947ab709ccd67fc7d1786fddc2168c1974c4fe0b959136ab19833","Crop_1008_1","4","4","root-symbol","1","0","1651,386,2299,1107","33","37","apps/web/public/assets/manor/v7-runtime/crops/1008/young.png","23f26bc1326d3c4eb739f8f755ec645799ec04cbb82a8a46bfa3e4fb4ab91435","exported-root-symbol",
"farm","1008","growing","ui/allcrops/Crop_1008_2.swf","cfa9b8a6930176c8f34a500de4173b0ea81d20761d3a5403e8043e8ab0508627","Crop_1008_2","3","3","root-symbol","1","0","1147,-790,2793,1240","83","102","apps/web/public/assets/manor/v7-runtime/crops/1008/growing.png","26069d51b6a26069a392fd2d2ec11a025e2908c7f0d2cb1bd17d45b88b6fe099","exported-root-symbol",
"farm","1008","mature","ui/allcrops/Crop_1008_3.swf","89279f9c1151075c57bd9a0a9cb0a6c932680349a3a48b11296291df77959d04","Crop_1008_3","10","10","root-symbol","1","0","665,-1335,3038,1356","119","135","apps/web/public/assets/manor/v7-runtime/crops/1008/mature.png","ff88aa29a199c1f2d17eeb7adf26696f664f0df45cc3c99b139244eb71006a97","exported-root-symbol",
"farm","1008","withered","ui/allcrops/Crop_1008_4.swf","0c54a7c75396bf272370d99bafb8031aa8e846abf733e92e0db3187be9bbd6f7","Crop_1008_6","3","3","root-symbol","1","0","819,-75,3355,1054","127","57","apps/web/public/assets/manor/v7-runtime/crops/1008/withered.png","ca0331d48a0320135250de0344da1fd74b4d615d05c2604c1a2a95f264f3d2ee","exported-root-symbol",
"farm","1009","seed","ui/allcrops/Crop_1009_Seed.swf","8282c9d2b1cf43aef040842d76b26ff52d48a57b7c3a6fe8447cb7c897fdca48","Crop_1009_Seed","2","2","root-symbol","1","0","4,-30,1095,920","55","48","apps/web/public/assets/manor/v7-runtime/crops/1009/seed.png","e88910283bda360629fc28b47862bb1ada5309da0cf5568ead1eb20a57b6e6d4","exported-root-symbol",
"farm","1009","sprout","ui/allcrops/Crop_1009_0.swf","f3347e35b829703f215474a434cf02af565803319cc9edceae7bdafc284fae05","Crop_1009_0","3","3","root-symbol","1","0","1541,588,2403,965","44","19","apps/web/public/assets/manor/v7-runtime/crops/1009/sprout.png","ba4466865d2b45ddf61bc448394016c1ff006210d2e373e4ebe75b0ab62d8aca","exported-root-symbol",
"farm","1009","young","ui/allcrops/Crop_1009_1.swf","41393a86dca52de88f1f5794f6789f946e913abc90e11f3641d4dad94cd2b574","Crop_1009_1","2","2","root-symbol","1","0","1271,58,2368,1038","55","49","apps/web/public/assets/manor/v7-runtime/crops/1009/young.png","651df24d6063c2dbb6affaf01eb630c2d5aa6de48d5cf81650042230b70cc593","exported-root-symbol",
"farm","1009","growing","ui/allcrops/Crop_1009_2.swf","3233041fb14f202d631aa0b06063e64fc658708bf526c6a8b842ce50dbbe7fa5","Crop_1009_2","2","2","root-symbol","1","0","1083,-539,2927,1113","93","83","apps/web/public/assets/manor/v7-runtime/crops/1009/growing.png","5077e3af59e33c5ce468ec20cc9e93d086922de210801c20a1ff74a4165b1dd2","exported-root-symbol",
"farm","1009","mature","ui/allcrops/Crop_1009_3.swf","1d42952b494e1f7f1f1061fc51c68808366849eb58b916e3d362a181e4a97803","Crop_1009_3","7","7","root-symbol","1","0","578,-949,3005,1139","122","105","apps/web/public/assets/manor/v7-runtime/crops/1009/mature.png","8b5359838a453d7c0f8b32f47ac76b3baacc6d5662438fee65f86d51afa40224","exported-root-symbol",
"farm","1009","withered","ui/allcrops/Crop_1009_4.swf","4cfcef1cbcb5000ca280ff8c643c008b809bbe95a95f3168ea028c9d52772375","Crop_1009_6","3","3","root-symbol","1","0","819,-75,3355,1054","127","57","apps/web/public/assets/manor/v7-runtime/crops/1009/withered.png","ca0331d48a0320135250de0344da1fd74b4d615d05c2604c1a2a95f264f3d2ee","exported-root-symbol",
"farm","1055","seed","ui/allcrops/Crop_1055_Seed.swf","f714c3b04fbe01bd17d93352e7ecfda55f2882908a8e14e7c8909addd2c7776a","Crop_1055_Seed","7","7","root-symbol","1","0","-58,-137,1149,1004","61","58","apps/web/public/assets/manor/v7-runtime/crops/1055/seed.png","7a3116e31b2bbfd9f2bfdaf4d507ea21c74caec44550ddf330304408da7b38ae","exported-root-symbol",
"farm","1055","sprout","ui/allcrops/Crop_1055_0.swf","ac18707cd604734ac853b88b2b2d4d8a5d0e9e79858e92dacdaa15b3921233ff","Crop_1055_0","3","3","root-symbol","1","0","1489,618,2351,995","44","19","apps/web/public/assets/manor/v7-runtime/crops/1055/sprout.png","772a244e72ef769d036acb6a8e25ea56ff247a01ec3276ccc4a2ee0765fed41f","exported-root-symbol",
"farm","1055","young","ui/allcrops/Crop_1055_1.swf","7e9fb9fe83e1c034f05e1fc4ab6e7e156440da3ffd80b1b3804557299a9df54f","Crop_1055_1","7","7","root-symbol","1","0","711,-408,2830,1275","106","85","apps/web/public/assets/manor/v7-runtime/crops/1055/young.png","451a3930b8f899d153507a97c7131499f7a1e3c0ec573809ae4283c2b6f8eb88","exported-root-symbol",
"farm","1055","growing","ui/allcrops/Crop_1055_2.swf","e5ec14cf435c0d07f9bd8c0205b49be61a096f67f659fb0cf273e530ab7e5b20","Crop_1055_2","14","14","root-symbol","1","0","820,-1398,2978,1415","108","141","apps/web/public/assets/manor/v7-runtime/crops/1055/growing.png","5b5aebccd74f0a7025107fc0837523631dba4e7a0eedf7a751a964b3fc1f71d9","exported-root-symbol",
"farm","1055","mature","ui/allcrops/Crop_1055_3.swf","79fd33ada9c61999b499571a70356e0df39e70c1b9c0fa902625268ebbe4959d","Crop_1055_3","20","20","root-symbol","1","0","789,-1496,3149,1360","118","143","apps/web/public/assets/manor/v7-runtime/crops/1055/mature.png","ac7bdedca7e2476e815e32d59bbbcbac38bc1b6518c94b967ce538cc5e676613","exported-root-symbol",
"farm","1055","withered","ui/allcrops/Crop_1055_4.swf","824773541bb9c6473ee067b279f9f24d1dbec21ea3555e1daa9e24b3f88db8aa","Crop_1055_6","3","3","root-symbol","1","0","773,-53,3309,1076","127","57","apps/web/public/assets/manor/v7-runtime/crops/1055/withered.png","ca0331d48a0320135250de0344da1fd74b4d615d05c2604c1a2a95f264f3d2ee","exported-root-symbol",
"pasture","1001","cub","mc/farm/aswf/a1001_0.swf","1995d1ff287dff4af22280efc9b85b067c8e06611d9d2ca4ec5d7fe321c0edab","Animal_1001_1","75","75","root-symbol","1","0","-412,-435,412,419","42","43","apps/web/public/assets/manor/v7-runtime/animals/1001/cub.png","ddd5c08b7830008a67d2eda21e35c508778c5436dc6efff022bf77b476f73ab5","exported-root-symbol",
"pasture","1001","growing","mc/farm/aswf/a1001_0.swf","1995d1ff287dff4af22280efc9b85b067c8e06611d9d2ca4ec5d7fe321c0edab","Animal_1001_2","41","41","root-symbol","1","0","-546,-630,445,469","50","55","apps/web/public/assets/manor/v7-runtime/animals/1001/growing.png","e9a4d87695111b561aff0a3ca58278e0835c88407300554cb4805e693c5d1faa","exported-root-symbol",
"pasture","1001","mature","mc/farm/aswf/a1001_1.swf","9646e1654ea4f55864dc91b2eb64d0e95275f9026c0c9aafd9663fd69eef1583","Animal_1001_3","97","97","root-symbol","1","0","-445,-1159,822,719","64","94","apps/web/public/assets/manor/v7-runtime/animals/1001/mature.png","8129e164359ffaea4e6bcdcf678adb200d5ec636fdbdd5fc406813e7580b6131","exported-root-symbol",
"pasture","1001","producing-a","mc/farm/aswf/a1001_1.swf","9646e1654ea4f55864dc91b2eb64d0e95275f9026c0c9aafd9663fd69eef1583","Animal_1001_4","77","77","root-symbol","1","0","-409,-555,428,572","42","57","apps/web/public/assets/manor/v7-runtime/animals/1001/producing-a.png","0ca4946085bcb942a612a4d95f8d51409fd08668f4e57e8a8d183421da159fda","exported-root-symbol",
"pasture","1001","producing-b","mc/farm/aswf/a1001_1.swf","9646e1654ea4f55864dc91b2eb64d0e95275f9026c0c9aafd9663fd69eef1583","Animal_1001_5","73","73","root-symbol","1","0","-509,-595,473,591","50","60","apps/web/public/assets/manor/v7-runtime/animals/1001/producing-b.png","1c8e232ce0b520bb607d6c7d7ef46e211edb73d03931d9b21f5f68722283ed4e","exported-root-symbol",
"pasture","1001","retired","mc/farm/aswf/a1001_1.swf","9646e1654ea4f55864dc91b2eb64d0e95275f9026c0c9aafd9663fd69eef1583","Animal_1001_6","69","69","root-symbol","1","0","-437,-576,437,595","44","59","apps/web/public/assets/manor/v7-runtime/animals/1001/retired.png","4105907f499f6d0e13fa397f1d6e2d69ad1fa5cdbe519848771975e881f640c1","exported-root-symbol",
"pasture","1002","growing","mc/farm/aswf/a1002_0.swf","ec021511c424404d1220621cf96899d47be005014bb3b5b6e0fbf41e2385fd63","Animal_1002_2","118","118","root-symbol","1","0","-377,-926,380,339","38","64","apps/web/public/assets/manor/v7-runtime/animals/1002/growing.png","9e49c3ca6edbd5c3dc8c8a03502bad4efd0746d101b556383c186a7b49ef859b","exported-root-symbol",
"pasture","1002","cub","mc/farm/aswf/a1002_0.swf","ec021511c424404d1220621cf96899d47be005014bb3b5b6e0fbf41e2385fd63","Animal_1002_1","83","83","root-symbol","1","0","-384,-620,388,303","39","47","apps/web/public/assets/manor/v7-runtime/animals/1002/cub.png","8b1ad3eec7d5086942167e56bf25ada6268fb96cd2939d5f41497abd3a0f75f9","exported-root-symbol",
"pasture","1002","producing-b","mc/farm/aswf/a1002_1.swf","6db656febc9747e124b49ff8f296b5ec356ec0295fa4e4dd1e133a334e1eda61","Animal_1002_5","163","163","root-symbol","1","0","-403,-1094,417,476","41","79","apps/web/public/assets/manor/v7-runtime/animals/1002/producing-b.png","face6b7c6a38c2b3363d171e33e185c72591f8b15796efacd0bb3940ac6dd0b3","exported-root-symbol",
"pasture","1002","mature","mc/farm/aswf/a1002_1.swf","6db656febc9747e124b49ff8f296b5ec356ec0295fa4e4dd1e133a334e1eda61","Animal_1002_3","158","158","root-symbol","1","0","-656,-1390,548,577","61","99","apps/web/public/assets/manor/v7-runtime/animals/1002/mature.png","7cf5cf97870e8bf439d239622097f9c69c0be2657504226a39ef1b2e903ec48c","exported-root-symbol",
"pasture","1002","producing-a","mc/farm/aswf/a1002_1.swf","6db656febc9747e124b49ff8f296b5ec356ec0295fa4e4dd1e133a334e1eda61","Animal_1002_4","93","93","root-symbol","1","0","-416,-814,426,656","43","74","apps/web/public/assets/manor/v7-runtime/animals/1002/producing-a.png","e1d28ffbd15f21b04a818a37ab717c1904563f2773d8d011ef5344ff03d77821","exported-root-symbol",
"pasture","1002","retired","mc/farm/aswf/a1002_1.swf","6db656febc9747e124b49ff8f296b5ec356ec0295fa4e4dd1e133a334e1eda61","Animal_1002_6","87","87","root-symbol","1","0","-404,-989,429,563","42","78","apps/web/public/assets/manor/v7-runtime/animals/1002/retired.png","94434398a942d88d5d9190b9ff6c232e6dd6b8e555605e3c17c2f4045160dee9","exported-root-symbol",
"pasture","1003","cub","mc/farm/aswf/a1003_0.swf","df592ec6030f23e0723bd705081e6c0340e65d4e8120b3217e92899bef53d543","Animal_1003_1","38","38","root-symbol","1","0","-273,-343,290,319","29","34","apps/web/public/assets/manor/v7-runtime/animals/1003/cub.png","8ae252717254d9cf841ad3d5e6b1462299d3d72fafc8db581babcb347559f6cd","exported-root-symbol",
"pasture","1003","growing","mc/farm/aswf/a1003_0.swf","df592ec6030f23e0723bd705081e6c0340e65d4e8120b3217e92899bef53d543","Animal_1003_2","21","21","root-symbol","1","0","-332,-405,343,408","34","41","apps/web/public/assets/manor/v7-runtime/animals/1003/growing.png","92f9d313834fd16470c541a371c605557618cdbd6d26a822462c3bbcf0c50653","exported-root-symbol",
"pasture","1003","mature","mc/farm/aswf/a1003_1.swf","16add006fcfa53a3bf84055e0b3303e45b8287d07e1c3c4b7dbbc1c35d2d6321","Animal_1003_3","88","88","root-symbol","1","0","-446,-1447,831,451","64","95","apps/web/public/assets/manor/v7-runtime/animals/1003/mature.png","29c49d84049cd78e594ee3cef27c05d53cbf522cf5deb8ba0f4f9e4f6056a3b5","exported-root-symbol",
"pasture","1003","producing-b","mc/farm/aswf/a1003_1.swf","16add006fcfa53a3bf84055e0b3303e45b8287d07e1c3c4b7dbbc1c35d2d6321","Animal_1003_5","55","55","root-symbol","1","0","-361,-811,357,484","36","65","apps/web/public/assets/manor/v7-runtime/animals/1003/producing-b.png","3d939326c0531b43f7a539b973448622294803ff0331dc387ee3129b276b8bb6","exported-root-symbol",
"pasture","1003","retired","mc/farm/aswf/a1003_1.swf","16add006fcfa53a3bf84055e0b3303e45b8287d07e1c3c4b7dbbc1c35d2d6321","Animal_1003_6","47","47","root-symbol","1","0","-363,-818,372,471","37","65","apps/web/public/assets/manor/v7-runtime/animals/1003/retired.png","1b33f0859d17d3336765b88ac2e7bf74c39259fa7933ff6042a13512e96cec77","exported-root-symbol",
"pasture","1003","producing-a","mc/farm/aswf/a1003_1.swf","16add006fcfa53a3bf84055e0b3303e45b8287d07e1c3c4b7dbbc1c35d2d6321","Animal_1003_4","18","18","root-symbol","1","0","-363,-829,350,408","36","62","apps/web/public/assets/manor/v7-runtime/animals/1003/producing-a.png","fdb1781b1d71b3ddbd5ca0df93913ce2d5238559415cf5815f4043580b5062a9","exported-root-symbol",
"pasture","1004","cub","mc/farm/aswf/a1004_0.swf","974cf71cce5e14b3812b59f56768c326b5390449eace97953fde65c728b993c2","Animal_1004_1","137","137","root-symbol","1","0","-457,-434,458,285","46","36","apps/web/public/assets/manor/v7-runtime/animals/1004/cub.png","fffbf3346bc2aac1714772a14a41d97df3ddd4361cb07c3595ed14a78690674b","exported-root-symbol",
"pasture","1004","growing","mc/farm/aswf/a1004_0.swf","974cf71cce5e14b3812b59f56768c326b5390449eace97953fde65c728b993c2","Animal_1004_2","70","70","root-symbol","1","0","-562,-517,578,286","57","41","apps/web/public/assets/manor/v7-runtime/animals/1004/growing.png","03710217e4c18d2c5d294541a0e2159e55ef948008a93f3287ab76a8450b6bd1","exported-root-symbol",
"pasture","1004","mature","mc/farm/aswf/a1004_1.swf","5db3e1814f9435e0db81de70437cb0b7647f317b6920f77785676ae22b8db397","Animal_1004_3","236","236","root-symbol","1","0","-987,-1872,728,413","86","115","apps/web/public/assets/manor/v7-runtime/animals/1004/mature.png","ee4128a719dbab767d9a3519f07359e3281cfcf359498b1c16ae0975907e9586","exported-root-symbol",
"pasture","1004","producing-b","mc/farm/aswf/a1004_1.swf","5db3e1814f9435e0db81de70437cb0b7647f317b6920f77785676ae22b8db397","Animal_1004_5","156","156","root-symbol","1","0","-664,-672,679,407","68","54","apps/web/public/assets/manor/v7-runtime/animals/1004/producing-b.png","c993f220f0198bfa232be4a9621b1e48f0cec9c9dc4038df7cffe7eb63b53e40","exported-root-symbol",
"pasture","1004","retired","mc/farm/aswf/a1004_1.swf","5db3e1814f9435e0db81de70437cb0b7647f317b6920f77785676ae22b8db397","Animal_1004_6","102","102","root-symbol","1","0","-664,-684,679,403","68","55","apps/web/public/assets/manor/v7-runtime/animals/1004/retired.png","d11aca8cfecfab559d2a2baa1f9fae1087ee99b45c0cb98f2c2cfa7ad5fdf405","exported-root-symbol",
"pasture","1004","producing-a","mc/farm/aswf/a1004_1.swf","5db3e1814f9435e0db81de70437cb0b7647f317b6920f77785676ae22b8db397","Animal_1004_4","33","33","root-symbol","1","0","-477,-695,510,304","50","50","apps/web/public/assets/manor/v7-runtime/animals/1004/producing-a.png","5eefbf95c129e1b5a2b881242ff6097f559109acac8dceb4a08a1fee07de9731","exported-root-symbol",
"pasture","1005","cub","mc/farm/aswf/a1005_0.swf","e394a6e52ab9a9b181acc7a7ad1eb993030b858f36e9d06106023a51ad4e8649","Animal_1005_1","71","71","root-symbol","1","0","-390,-438,367,400","38","42","apps/web/public/assets/manor/v7-runtime/animals/1005/cub.png","f4d2d201b3c55c44052afd53489f13d4c946591ed8a345f5f8e7a416ff02b770","exported-root-symbol",
"pasture","1005","growing","mc/farm/aswf/a1005_0.swf","e394a6e52ab9a9b181acc7a7ad1eb993030b858f36e9d06106023a51ad4e8649","Animal_1005_2","41","41","root-symbol","1","0","-817,-560,817,639","82","60","apps/web/public/assets/manor/v7-runtime/animals/1005/growing.png","f23322ed2bfd55258fffcd186ec84d0f1702d51d0c636ba20f88ce32e32b3353","exported-root-symbol",
"pasture","1005","mature","mc/farm/aswf/a1005_1.swf","0d92b2daca979f12b024521e4d19ee1d0f509147fe41f0b110e92914d2f53996","Animal_1005_3","124","124","root-symbol","1","0","-1811,-1535,1824,1044","182","129","apps/web/public/assets/manor/v7-runtime/animals/1005/mature.png","528ba333ed5f616e12cfe280896154a933a1ff6a4a9015cf025674c553cd043a","exported-root-symbol",
"pasture","1005","producing-b","mc/farm/aswf/a1005_1.swf","0d92b2daca979f12b024521e4d19ee1d0f509147fe41f0b110e92914d2f53996","Animal_1005_5","99","99","root-symbol","1","0","-1104,-673,1104,873","111","78","apps/web/public/assets/manor/v7-runtime/animals/1005/producing-b.png","be45bb594fd84a0e388a25f16a6586885619e2f073b770c1c405b87cf9a34a9a","exported-root-symbol",
"pasture","1005","retired","mc/farm/aswf/a1005_1.swf","0d92b2daca979f12b024521e4d19ee1d0f509147fe41f0b110e92914d2f53996","Animal_1005_6","69","69","root-symbol","1","0","-1881,-1158,1881,1099","189","113","apps/web/public/assets/manor/v7-runtime/animals/1005/retired.png","d405de6249e965f407f44ec5a3e9b3fafafad9b591e69bb8850f927b8cf79aef","exported-root-symbol",
"pasture","1005","producing-a","mc/farm/aswf/a1005_1.swf","0d92b2daca979f12b024521e4d19ee1d0f509147fe41f0b110e92914d2f53996","Animal_1005_4","25","25","root-symbol","1","0","-773,-1069,1577,418","118","75","apps/web/public/assets/manor/v7-runtime/animals/1005/producing-a.png","3af67dfc1b450c173051d7279ca7bb7405008df618b6f841842c2a6af03c09cd","exported-root-symbol",
"pasture","1006","cub","mc/farm/aswf/a1006_0.swf","b01b743c3d638290c0450753f56fe5785108bc8a4fff0820e1773a3326a0a4b1","Animal_1006_1","81","81","root-symbol","1","0","-372,-447,371,410","38","43","apps/web/public/assets/manor/v7-runtime/animals/1006/cub.png","7b3acb9831c1c746f956dde252acaa1b9975dd729915ec7d92ed3a134518b783","exported-root-symbol",
"pasture","1006","growing","mc/farm/aswf/a1006_0.swf","b01b743c3d638290c0450753f56fe5785108bc8a4fff0820e1773a3326a0a4b1","Animal_1006_2","43","43","root-symbol","1","0","-479,-575,483,544","49","56","apps/web/public/assets/manor/v7-runtime/animals/1006/growing.png","db2efd07c4a12263ce5145238270df2067af985697e64dd5a6137186fdd85360","exported-root-symbol",
"pasture","1006","mature","mc/farm/aswf/a1006_1.swf","145fd2ce57519bed4376c7a563918d0d38d457385591ef6337794c9c30ce61dd","Animal_1006_3","89","89","root-symbol","1","0","-567,-1505,1111,657","84","109","apps/web/public/assets/manor/v7-runtime/animals/1006/mature.png","f41017f1f53ad352fc710d31ba4febb8a18069e4b5c073fff59f43f7b89548ab","exported-root-symbol",
"pasture","1006","producing-b","mc/farm/aswf/a1006_1.swf","145fd2ce57519bed4376c7a563918d0d38d457385591ef6337794c9c30ce61dd","Animal_1006_5","62","62","root-symbol","1","0","-570,-690,578,657","58","68","apps/web/public/assets/manor/v7-runtime/animals/1006/producing-b.png","65812151010c9acd236b1b75f8b41ad961336791b4497171be93a4c34fe7c7da","exported-root-symbol",
"pasture","1006","retired","mc/farm/aswf/a1006_1.swf","145fd2ce57519bed4376c7a563918d0d38d457385591ef6337794c9c30ce61dd","Animal_1006_6","55","55","root-symbol","1","0","-570,-690,578,657","58","68","apps/web/public/assets/manor/v7-runtime/animals/1006/retired.png","5f5289ad5b1776e176a89548913c1f7177a8cf5474fc458a68982d8e51882ee6","exported-root-symbol",
"pasture","1006","producing-a","mc/farm/aswf/a1006_1.swf","145fd2ce57519bed4376c7a563918d0d38d457385591ef6337794c9c30ce61dd","Animal_1006_4","23","23","root-symbol","1","0","-562,-662,540,588","56","63","apps/web/public/assets/manor/v7-runtime/animals/1006/producing-a.png","31879a1df0c8acb486f1c31456c7b9b5804b9554e2434846f2b273cd9c17f5f5","exported-root-symbol",
"pasture","1007","growing","mc/farm/aswf/a1007_0.swf","72fb1c5ddc03be04abfad58f3acd05b0a29b7fef8fa25cbf7601df7b9ac87f00","Animal_1007_2","77","77","root-symbol","1","0","-658,-513,706,344","69","43","apps/web/public/assets/manor/v7-runtime/animals/1007/growing.png","ab16c595f0430f14fb4cfed5931ff5cb309e63340984ee38d4ecb89023bf71c1","exported-root-symbol",
"pasture","1007","cub","mc/farm/aswf/a1007_0.swf","72fb1c5ddc03be04abfad58f3acd05b0a29b7fef8fa25cbf7601df7b9ac87f00","Animal_1007_1","62","62","root-symbol","1","0","-580,-430,568,264","58","35","apps/web/public/assets/manor/v7-runtime/animals/1007/cub.png","d30f35b9c66775610749a85ab336f375bf00d8c0f1dbee25df17ca40e4cc0946","exported-root-symbol",
"pasture","1007","mature","mc/farm/aswf/a1007_1.swf","ae0595b05f71dc443421cef3be41016c960db50fda99ba55f85e15a523972cca","Animal_1007_3","96","96","root-symbol","1","0","-856,-1809,1021,402","94","111","apps/web/public/assets/manor/v7-runtime/animals/1007/mature.png","f14871cad581cf282730fc898df96c6a2b4a1ae8e34997849122fbd545cef2f2","exported-root-symbol",
"pasture","1007","producing-b","mc/farm/aswf/a1007_1.swf","ae0595b05f71dc443421cef3be41016c960db50fda99ba55f85e15a523972cca","Animal_1007_5","71","71","root-symbol","1","0","-810,-609,842,378","83","50","apps/web/public/assets/manor/v7-runtime/animals/1007/producing-b.png","7befa6a3f7e8ebed482c0058eff1de3d8f308fc073f1041264205500b20efb44","exported-root-symbol",
"pasture","1007","retired","mc/farm/aswf/a1007_1.swf","ae0595b05f71dc443421cef3be41016c960db50fda99ba55f85e15a523972cca","Animal_1007_6","67","67","root-symbol","1","0","-995,-707,987,422","100","57","apps/web/public/assets/manor/v7-runtime/animals/1007/retired.png","d6b9f669dc9427fef4745d34cbf378f6eced1f1773e233fc87f56a49f49f858e","exported-root-symbol",
"pasture","1007","producing-a","mc/farm/aswf/a1007_1.swf","ae0595b05f71dc443421cef3be41016c960db50fda99ba55f85e15a523972cca","Animal_1007_4","30","30","root-symbol","1","0","-748,-615,914,346","84","49","apps/web/public/assets/manor/v7-runtime/animals/1007/producing-a.png","dc5de454bcd1182273d8f1c3d6a14b14379c480011743089e1c50f128272904e","exported-root-symbol",
"pasture","1008","growing","mc/farm/aswf/a1008_0.swf","4b5b94cfba53329e253c0d8792eba18e016baa617cac0302451633da5bb01a5e","Animal_1008_2","174","174","root-symbol","1","0","-919,-838,820,524","87","69","apps/web/public/assets/manor/v7-runtime/animals/1008/growing.png","41650ef025a7c54238cd239452182e1d35706848401be74cdcb40c337375fa22","exported-root-symbol",
"pasture","1008","cub","mc/farm/aswf/a1008_0.swf","4b5b94cfba53329e253c0d8792eba18e016baa617cac0302451633da5bb01a5e","Animal_1008_1","105","105","root-symbol","1","0","-727,-752,720,448","73","60","apps/web/public/assets/manor/v7-runtime/animals/1008/cub.png","fdbccf34d7045d9c4ee6cf054f9fcf0b6cf90657637b1d4822be5ece14865f76","exported-root-symbol",
"pasture","1008","mature","mc/farm/aswf/a1008_1.swf","a372d2bf8c1a5524a27c302bb2cf635d3eabaaf9e300206b85caec7884c5bef6","Animal_1008_3","161","161","root-symbol","1","0","-1124,-1942,1742,722","144","134","apps/web/public/assets/manor/v7-runtime/animals/1008/mature.png","7397f041e9f827fc84d175729b0c05f9ae47c753fe455a70fd17a6f6bf7ab2d8","exported-root-symbol",
"pasture","1008","producing-b","mc/farm/aswf/a1008_1.swf","a372d2bf8c1a5524a27c302bb2cf635d3eabaaf9e300206b85caec7884c5bef6","Animal_1008_5","128","128","root-symbol","1","0","-991,-1055,1165,534","108","80","apps/web/public/assets/manor/v7-runtime/animals/1008/producing-b.png","d166249591b95198b785f86f0890bd369bec61bb776a51a1e4cc0a2951bd07cc","exported-root-symbol",
"pasture","1008","retired","mc/farm/aswf/a1008_1.swf","a372d2bf8c1a5524a27c302bb2cf635d3eabaaf9e300206b85caec7884c5bef6","Animal_1008_6","85","85","root-symbol","1","0","-1139,-1042,1113,625","113","84","apps/web/public/assets/manor/v7-runtime/animals/1008/retired.png","6159f92c4964893934114a96200d2ef52d74be5164b4045a6b07ad07f553503c","exported-root-symbol",
"pasture","1008","producing-a","mc/farm/aswf/a1008_1.swf","a372d2bf8c1a5524a27c302bb2cf635d3eabaaf9e300206b85caec7884c5bef6","Animal_1008_4","31","31","root-symbol","1","0","-979,-994,953,414","97","71","apps/web/public/assets/manor/v7-runtime/animals/1008/producing-a.png","3d0908ed31f9ef67d81131c7c3afea23059bf144bf0336b9a7a60ea78cae4e67","exported-root-symbol",
"pasture","1009","cub","mc/farm/aswf/a1009_0.swf","8c2d0b39cdc2aa5699fb0eac7187345019e9a255c291d930f94acbaa609c754a","Animal_1009_1","81","81","root-symbol","1","0","-498,-451,520,357","51","41","apps/web/public/assets/manor/v7-runtime/animals/1009/cub.png","917c1e7776a864bceed3ea61e333a1f1e0ce7ee572e9a809bc76dcb09d6b7aad","exported-root-symbol",
"pasture","1009","growing","mc/farm/aswf/a1009_0.swf","8c2d0b39cdc2aa5699fb0eac7187345019e9a255c291d930f94acbaa609c754a","Animal_1009_2","55","55","root-symbol","1","0","-741,-652,746,470","75","57","apps/web/public/assets/manor/v7-runtime/animals/1009/growing.png","5c7507894533d42646d5edaa2fbafccfd694e0bed4893ee643557c03db86de82","exported-root-symbol",
"pasture","1009","retired","mc/farm/aswf/a1009_1.swf","6396902f96be59e6c901d92318d28c0dba065f79b2c9f2e483c01475172680d3","Animal_1009_6","80","80","root-symbol","1","0","-814,-1349,808,347","82","85","apps/web/public/assets/manor/v7-runtime/animals/1009/retired.png","1d048ca17523e8f1a61c7b1871696d111d9bdb82803808446365a2f94dfaf481","exported-root-symbol",
"pasture","1009","producing-b","mc/farm/aswf/a1009_1.swf","6396902f96be59e6c901d92318d28c0dba065f79b2c9f2e483c01475172680d3","Animal_1009_5","71","71","root-symbol","1","0","-814,-1249,816,447","82","85","apps/web/public/assets/manor/v7-runtime/animals/1009/producing-b.png","7068135133e2089d70e11048cfe3d3bc409234091087e07d6dfc2f6d42c0a298","exported-root-symbol",
"pasture","1009","mature","mc/farm/aswf/a1009_1.swf","6396902f96be59e6c901d92318d28c0dba065f79b2c9f2e483c01475172680d3","Animal_1009_3","64","64","root-symbol","1","0","-814,-1843,1260,407","104","113","apps/web/public/assets/manor/v7-runtime/animals/1009/mature.png","b73e803b4cb6f2a82d998bd35607b701cc4205f89e7d1c6364a51547b6bec719","exported-root-symbol",
"pasture","1009","producing-a","mc/farm/aswf/a1009_1.swf","6396902f96be59e6c901d92318d28c0dba065f79b2c9f2e483c01475172680d3","Animal_1009_4","16","16","root-symbol","1","0","-625,-576,806,761","72","67","apps/web/public/assets/manor/v7-runtime/animals/1009/producing-a.png","e817ef0f668bdb77b5916c2332cfc00687eb1f6d163ec14dc83a7a640a9878c5","exported-root-symbol",
"pasture","1010","cub","mc/farm/aswf/a1010_0.swf","04bfdf68b6e27c5b61322863c7d453f7cf9c1fd7e3c6f53abce5c3c43de777e8","Animal_1010_1","70","70","root-symbol","1","0","-488,-453,565,460","53","46","apps/web/public/assets/manor/v7-runtime/animals/1010/cub.png","ab53b0e3af3940f0ac39903380ab59e785667c67bd2a1a2f9a82897c72062224","exported-root-symbol",
"pasture","1010","growing","mc/farm/aswf/a1010_0.swf","04bfdf68b6e27c5b61322863c7d453f7cf9c1fd7e3c6f53abce5c3c43de777e8","Animal_1010_2","66","66","root-symbol","1","0","-590,-559,652,550","63","56","apps/web/public/assets/manor/v7-runtime/animals/1010/growing.png","c70f5ad3f8e2e71b55d8335e5e4b90e273e2958a0c1c6da65aecb47c949799de","exported-root-symbol",
"pasture","1010","producing-b","mc/farm/aswf/a1010_1.swf","1baf10bd714532db0dee60c3d91efe6eaaf494638743057d95053d82110ff572","Animal_1010_5","152","152","root-symbol","1","0","-670,-692,785,556","73","63","apps/web/public/assets/manor/v7-runtime/animals/1010/producing-b.png","a04811b47418d35e03068f187e2b5d2281fc8f81672de8855eec6100f557c5d5","exported-root-symbol",
"pasture","1010","mature","mc/farm/aswf/a1010_1.swf","1baf10bd714532db0dee60c3d91efe6eaaf494638743057d95053d82110ff572","Animal_1010_3","142","142","root-symbol","1","0","-722,-1273,1136,644","93","96","apps/web/public/assets/manor/v7-runtime/animals/1010/mature.png","46468e295bf5f1acac44ef1634368cd29a2bf9772cc9c0407c48c94ec6ec09fb","exported-root-symbol",
"pasture","1010","retired","mc/farm/aswf/a1010_1.swf","1baf10bd714532db0dee60c3d91efe6eaaf494638743057d95053d82110ff572","Animal_1010_6","113","113","root-symbol","1","0","-688,-570,773,682","74","63","apps/web/public/assets/manor/v7-runtime/animals/1010/retired.png","47b560ddb231b47f4cb3312a7eaebe32f881bf5b1d35b6a5034010a2008dc00a","exported-root-symbol",
"pasture","1010","producing-a","mc/farm/aswf/a1010_1.swf","1baf10bd714532db0dee60c3d91efe6eaaf494638743057d95053d82110ff572","Animal_1010_4","33","33","root-symbol","1","0","-431,-540,513,440","48","49","apps/web/public/assets/manor/v7-runtime/animals/1010/producing-a.png","7381ae28ccb33d68b0494eccfb8c85f27fcf08a0dc3eb35834c47261a1fdf77f","exported-root-symbol",
"pasture","1011","growing","mc/farm/aswf/a1011_0.swf","60fdee0237a2ee3346a42be78a053e08542545a8d662d11b224fde60c593f7a7","Animal_1011_2","55","55","root-symbol","1","0","-470,-504,461,346","47","43","apps/web/public/assets/manor/v7-runtime/animals/1011/growing.png","5bf9147ef5446c5e17efea20f2688b39c107b174d52233ebf765251ac3e307b9","exported-root-symbol",
"pasture","1011","cub","mc/farm/aswf/a1011_0.swf","60fdee0237a2ee3346a42be78a053e08542545a8d662d11b224fde60c593f7a7","Animal_1011_1","47","47","root-symbol","1","0","-423,-427,423,344","43","39","apps/web/public/assets/manor/v7-runtime/animals/1011/cub.png","dcfc1cc4b81a2352cc7e46b82968fa8647a4dedd5095b7ff94073a359fbadd64","exported-root-symbol",
"pasture","1011","retired","mc/farm/aswf/a1011_1.swf","6c0d70bb2c9d157d290337ff54b3f38053a5831eea171e8d4fcc1000388fcf84","Animal_1011_6","102","102","root-symbol","1","0","-621,-832,618,386","62","61","apps/web/public/assets/manor/v7-runtime/animals/1011/retired.png","e3b4d1dbfc8c78cb4d587a6c9542fd766cc0801f890d3d6312004497fb8a9e0e","exported-root-symbol",
"pasture","1011","producing-b","mc/farm/aswf/a1011_1.swf","6c0d70bb2c9d157d290337ff54b3f38053a5831eea171e8d4fcc1000388fcf84","Animal_1011_5","90","90","root-symbol","1","0","-621,-848,618,391","62","62","apps/web/public/assets/manor/v7-runtime/animals/1011/producing-b.png","714ba68377c033491991837214fa53c8a021bfdd7c0155684bed255316505cce","exported-root-symbol",
"pasture","1011","producing-a","mc/farm/aswf/a1011_1.swf","6c0d70bb2c9d157d290337ff54b3f38053a5831eea171e8d4fcc1000388fcf84","Animal_1011_4","80","80","root-symbol","1","0","-618,-637,573,574","60","61","apps/web/public/assets/manor/v7-runtime/animals/1011/producing-a.png","73966a530030c8111b30cb07a4b0146ddd403c7fa810d54e99863514033b0253","exported-root-symbol",
"pasture","1011","mature","mc/farm/aswf/a1011_1.swf","6c0d70bb2c9d157d290337ff54b3f38053a5831eea171e8d4fcc1000388fcf84","Animal_1011_3","77","77","root-symbol","1","0","-624,-1842,871,408","75","113","apps/web/public/assets/manor/v7-runtime/animals/1011/mature.png","8ecf140f87647c74857f6fdcc945e6124912e9fd8f680b5391c93e087bb909d0","exported-root-symbol",
"pasture","1012","growing","mc/farm/aswf/a1012_0.swf","2fa2c86693e8c1e9fc9e24291395063359ca2a579815093f32fa29911736c760","Animal_1012_2","58","58","root-symbol","1","0","-394,-631,369,435","39","54","apps/web/public/assets/manor/v7-runtime/animals/1012/growing.png","5f8eed79021b527cc3e06208e926a0957f149a8ef182a7b398950a16b738b52e","exported-root-symbol",
"pasture","1012","cub","mc/farm/aswf/a1012_0.swf","2fa2c86693e8c1e9fc9e24291395063359ca2a579815093f32fa29911736c760","Animal_1012_1","14","14","root-symbol","1","0","-271,-366,259,377","27","38","apps/web/public/assets/manor/v7-runtime/animals/1012/cub.png","8b405506d19f1ff6775948e381d4dafe1c545f127b465903d6f9490281158651","exported-root-symbol",
"pasture","1012","retired","mc/farm/aswf/a1012_1.swf","8180009f5100ee44ff3fee2771c30c9c3de7a5bd8fbc2368c9ba0b002b89460e","Animal_1012_6","38","38","root-symbol","1","0","-381,-841,502,537","45","69","apps/web/public/assets/manor/v7-runtime/animals/1012/retired.png","94d3d4a359d81ca61020e802f4f86245190653908b8ec329431bef4e726bcaf1","exported-root-symbol",
"pasture","1012","mature","mc/farm/aswf/a1012_1.swf","8180009f5100ee44ff3fee2771c30c9c3de7a5bd8fbc2368c9ba0b002b89460e","Animal_1012_3","33","33","root-symbol","1","0","-587,-1496,920,574","76","104","apps/web/public/assets/manor/v7-runtime/animals/1012/mature.png","e47d20c1c92253f186e85f265d02b32f05041525ee390549fe8a0a4ff1c8e09c","exported-root-symbol",
"pasture","1012","producing-a","mc/farm/aswf/a1012_1.swf","8180009f5100ee44ff3fee2771c30c9c3de7a5bd8fbc2368c9ba0b002b89460e","Animal_1012_4","21","21","root-symbol","1","0","-427,-825,432,540","43","69","apps/web/public/assets/manor/v7-runtime/animals/1012/producing-a.png","d24f66f6c9f640f97b8d4e26d1858eb63a14ffe3e15844fd531d9826ff6007d3","exported-root-symbol",
"pasture","1012","producing-b","mc/farm/aswf/a1012_1.swf","8180009f5100ee44ff3fee2771c30c9c3de7a5bd8fbc2368c9ba0b002b89460e","Animal_1012_5","18","18","root-symbol","1","0","-453,-839,444,539","45","69","apps/web/public/assets/manor/v7-runtime/animals/1012/producing-b.png","b9f39d4948ec16c3995a74a7b977538ebd26685b8eb0e1290b60b13565b1fbdc","exported-root-symbol",
"pasture","1013","cub","mc/farm/aswf/a1013_0.swf","4c0c48534f28369c8f860f02b83eabb4d70996fc02840c114a7473677cebb830","Animal_1013_1","56","56","root-symbol","1","0","-353,-307,352,273","36","29","apps/web/public/assets/manor/v7-runtime/animals/1013/cub.png","69ee4fb6796665d29bb697a39f0b8c63838ad2df3fb80abed0d3e8d94e0b0c43","exported-root-symbol",
"pasture","1013","growing","mc/farm/aswf/a1013_0.swf","4c0c48534f28369c8f860f02b83eabb4d70996fc02840c114a7473677cebb830","Animal_1013_2","34","34","root-symbol","1","0","-620,-430,628,422","63","43","apps/web/public/assets/manor/v7-runtime/animals/1013/growing.png","97500b4852a83204d5588d85d81d7bb4dee0a8d0ddf0225f4da9e2542fc2e630","exported-root-symbol",
"pasture","1013","producing-a","mc/farm/aswf/a1013_1.swf","bccff762da6bb079af9e241038ca822e185b7a78bec259ebfa185d79bc6fa796","Animal_1013_4","72","72","root-symbol","1","0","-747,-676,679,365","72","53","apps/web/public/assets/manor/v7-runtime/animals/1013/producing-a.png","b626ac8ea66b522f284aaf4a460a2c90186adc7d27084fc500c0813a05277557","exported-root-symbol",
"pasture","1013","mature","mc/farm/aswf/a1013_1.swf","bccff762da6bb079af9e241038ca822e185b7a78bec259ebfa185d79bc6fa796","Animal_1013_3","70","70","root-symbol","1","0","-843,-1350,1151,729","100","104","apps/web/public/assets/manor/v7-runtime/animals/1013/mature.png","4c1a1080ebf8f7f4db84c0ae1894c31bba8a73f390550e7fef8238141735ec9d","exported-root-symbol",
"pasture","1013","producing-b","mc/farm/aswf/a1013_1.swf","bccff762da6bb079af9e241038ca822e185b7a78bec259ebfa185d79bc6fa796","Animal_1013_5","49","49","root-symbol","1","0","-844,-685,845,443","85","57","apps/web/public/assets/manor/v7-runtime/animals/1013/producing-b.png","789794fc02a143386e84373630036f9a32d45f910db46b2b206c09b8da37ae82","exported-root-symbol",
"pasture","1013","retired","mc/farm/aswf/a1013_1.swf","bccff762da6bb079af9e241038ca822e185b7a78bec259ebfa185d79bc6fa796","Animal_1013_6","37","37","root-symbol","1","0","-857,-724,836,415","85","57","apps/web/public/assets/manor/v7-runtime/animals/1013/retired.png","253a4f04f8c29e12cb1fc0056f72bcdc4c6d38a46a7fa784cff7cd769b5d1390","exported-root-symbol",
"pasture","1014","growing","mc/farm/aswf/a1014_0.swf","b79ecd7a237a2d3de99337c98e7f8f0faf833e606ac9dfff3e43bc59a94565ce","Animal_1014_2","91","91","root-symbol","1","0","-616,-655,616,517","62","59","apps/web/public/assets/manor/v7-runtime/animals/1014/growing.png","0b145aafa17a4adc018a0107da0ea78843241711f80758046179f050d1098dfb","exported-root-symbol",
"pasture","1014","cub","mc/farm/aswf/a1014_0.swf","b79ecd7a237a2d3de99337c98e7f8f0faf833e606ac9dfff3e43bc59a94565ce","Animal_1014_1","78","78","root-symbol","1","0","-466,-479,467,381","47","43","apps/web/public/assets/manor/v7-runtime/animals/1014/cub.png","9c8c3c945bb23f6664312d8794d3efc07919bae38257b6658b1ef3b9dc5b6b72","exported-root-symbol",
"pasture","1014","retired","mc/farm/aswf/a1014_1.swf","b822af407065906f7f4523969077cd86fc019656ba592b7633fd585982ae4d9a","Animal_1014_6","121","121","root-symbol","1","0","-852,-950,852,746","86","85","apps/web/public/assets/manor/v7-runtime/animals/1014/retired.png","231518e058c9655660c25deaa5f17b6d749b9222ddce056d639013248a52e2e7","exported-root-symbol",
"pasture","1014","producing-b","mc/farm/aswf/a1014_1.swf","b822af407065906f7f4523969077cd86fc019656ba592b7633fd585982ae4d9a","Animal_1014_5","111","111","root-symbol","1","0","-852,-950,852,746","86","85","apps/web/public/assets/manor/v7-runtime/animals/1014/producing-b.png","e778f822ca9617acec947376fb38984db5e3b3c232e98c1dd82044111cdef83c","exported-root-symbol",
"pasture","1014","mature","mc/farm/aswf/a1014_1.swf","b822af407065906f7f4523969077cd86fc019656ba592b7633fd585982ae4d9a","Animal_1014_3","107","107","root-symbol","1","0","-1001,-1615,1367,834","119","123","apps/web/public/assets/manor/v7-runtime/animals/1014/mature.png","772532a884685521cc3902171359b5f022f6e3db79afa0441fa8c76728a0b7c1","exported-root-symbol",
"pasture","1014","producing-a","mc/farm/aswf/a1014_1.swf","b822af407065906f7f4523969077cd86fc019656ba592b7633fd585982ae4d9a","Animal_1014_4","38","38","root-symbol","1","0","-731,-790,732,400","74","60","apps/web/public/assets/manor/v7-runtime/animals/1014/producing-a.png","dc5851271cfd2d1f8a604a305dbd5cb5ffd111b611e92a0f40b72781b1a159bb","exported-root-symbol",
"pasture","1015","cub","mc/farm/aswf/a1015_0.swf","24c5066e522c5d7783ac6d328555aa8d3efa1e6ab6467a17ff8441a51ceefad7","Animal_1015_1","32","32","root-symbol","1","0","-262,-366,319,395","30","39","apps/web/public/assets/manor/v7-runtime/animals/1015/cub.png","e5e0be0d4a791e999fd10ada2cbe17cfc340f37ed0f94b26624b8786abd94138","exported-root-symbol",
"pasture","1015","growing","mc/farm/aswf/a1015_0.swf","24c5066e522c5d7783ac6d328555aa8d3efa1e6ab6467a17ff8441a51ceefad7","Animal_1015_2","21","21","root-symbol","1","0","-480,-779,490,470","49","63","apps/web/public/assets/manor/v7-runtime/animals/1015/growing.png","b78e8afbc9f086812bad032883931c5db03d99b919405d1b98b5d1317d359180","exported-root-symbol",
"pasture","1015","retired","mc/farm/aswf/a1015_1.swf","2ee952a9c3f80cba5ec87ab1a44ee4a8bd39aeb6ef7b1196d75e5b895604415c","Animal_1015_6","80","80","root-symbol","1","0","-581,-1040,600,577","60","81","apps/web/public/assets/manor/v7-runtime/animals/1015/retired.png","0fcd4a051f8fa2456f7862a3dae6dfac4f8bcc1b758175b28b6b1bbe9c553ce5","exported-root-symbol",
"pasture","1015","mature","mc/farm/aswf/a1015_1.swf","2ee952a9c3f80cba5ec87ab1a44ee4a8bd39aeb6ef7b1196d75e5b895604415c","Animal_1015_3","66","66","root-symbol","1","0","-730,-1482,830,809","78","115","apps/web/public/assets/manor/v7-runtime/animals/1015/mature.png","099926e9400e60bcf93e9097f43219eb922d06623240af7fe210392ea0a39a69","exported-root-symbol",
"pasture","1015","producing-a","mc/farm/aswf/a1015_1.swf","2ee952a9c3f80cba5ec87ab1a44ee4a8bd39aeb6ef7b1196d75e5b895604415c","Animal_1015_4","41","41","root-symbol","1","0","-500,-1044,494,506","50","78","apps/web/public/assets/manor/v7-runtime/animals/1015/producing-a.png","8007513dc79031d5ca008ec218b18897ed16cdc4fce82783360863a9a1cc99e8","exported-root-symbol",
"pasture","1015","producing-b","mc/farm/aswf/a1015_1.swf","2ee952a9c3f80cba5ec87ab1a44ee4a8bd39aeb6ef7b1196d75e5b895604415c","Animal_1015_5","38","38","root-symbol","1","0","-543,-1069,610,548","58","81","apps/web/public/assets/manor/v7-runtime/animals/1015/producing-b.png","c764cbb53f1d2863c11419a8ce88b5e325a374643a4e1f2f88fda127f90532df","exported-root-symbol",
"pasture","1016","growing","mc/farm/aswf/a1016_0.swf","a5b15c34df9a7c90b5b224d6906a34ad97bca7ee4c325e2cfa4179bd64e5fe76","Animal_1016_2","63","63","root-symbol","1","0","-537,-672,537,397","54","54","apps/web/public/assets/manor/v7-runtime/animals/1016/growing.png","277fde3159fa427a250a3e10664d876fb273e4b4de60d5766f23e8de9abb0738","exported-root-symbol",
"pasture","1016","cub","mc/farm/aswf/a1016_0.swf","a5b15c34df9a7c90b5b224d6906a34ad97bca7ee4c325e2cfa4179bd64e5fe76","Animal_1016_1","49","49","root-symbol","1","0","-403,-421,403,378","41","40","apps/web/public/assets/manor/v7-runtime/animals/1016/cub.png","cfb556fd35c05df07b4c155b50a3fd0734934d16ba361d38e2a842781c2c8e96","exported-root-symbol",
"pasture","1016","retired","mc/farm/aswf/a1016_1.swf","19c99a1541d6c2887408128ec2b9345e531915f2ade52ae46594bf1d9e8e4c55","Animal_1016_6","75","75","root-symbol","1","0","-701,-911,702,487","71","70","apps/web/public/assets/manor/v7-runtime/animals/1016/retired.png","133ae36254abc5604ec881526ca66d7a79c4d8040a028422172843d04c984e23","exported-root-symbol",
"pasture","1016","producing-b","mc/farm/aswf/a1016_1.swf","19c99a1541d6c2887408128ec2b9345e531915f2ade52ae46594bf1d9e8e4c55","Animal_1016_5","67","67","root-symbol","1","0","-697,-891,698,507","70","70","apps/web/public/assets/manor/v7-runtime/animals/1016/producing-b.png","706448fa022f58d9a3f7ef3570820e8003541d2ed924d0440bd3d8caa5d6e5a7","exported-root-symbol",
"pasture","1016","mature","mc/farm/aswf/a1016_1.swf","19c99a1541d6c2887408128ec2b9345e531915f2ade52ae46594bf1d9e8e4c55","Animal_1016_3","63","63","root-symbol","1","0","-858,-1840,1056,506","96","118","apps/web/public/assets/manor/v7-runtime/animals/1016/mature.png","0f1c28d1857d21c908ec0368a1fd4771f75e6c3c2d139306451db0191da07e0e","exported-root-symbol",
"pasture","1016","producing-a","mc/farm/aswf/a1016_1.swf","19c99a1541d6c2887408128ec2b9345e531915f2ade52ae46594bf1d9e8e4c55","Animal_1016_4","13","13","root-symbol","1","0","-677,-838,533,560","61","70","apps/web/public/assets/manor/v7-runtime/animals/1016/producing-a.png","8570252a4bf6d3cbb30602a7bbadfbafe9505d6373684b38378accb2685d8cbe","exported-root-symbol",
"pasture","1017","cub","mc/farm/aswf/a1017_0.swf","c648fba54562b95bba512f117c527a97523d75ffdea95ac136b4fbe18197d431","Animal_1017_1","71","71","root-symbol","1","0","-477,-372,442,295","46","34","apps/web/public/assets/manor/v7-runtime/animals/1017/cub.png","b6762add19b57c0d5c7fb5c8d8ae7c7974f5cb5fa94495ab9ec658051a19be45","exported-root-symbol",
"pasture","1017","growing","mc/farm/aswf/a1017_0.swf","c648fba54562b95bba512f117c527a97523d75ffdea95ac136b4fbe18197d431","Animal_1017_2","42","42","root-symbol","1","0","-580,-437,580,347","58","40","apps/web/public/assets/manor/v7-runtime/animals/1017/growing.png","3161b6bce713b93b29dbd17be5794a840e273dae9ae8a72dbb8b1345a2d9b4b4","exported-root-symbol",
"pasture","1017","producing-b","mc/farm/aswf/a1017_1.swf","139bb97e4841c51159e0df835654380ea1b5c57c33410d4c46f64a8b06e9e358","Animal_1017_5","80","80","root-symbol","1","0","-708,-516,702,415","71","47","apps/web/public/assets/manor/v7-runtime/animals/1017/producing-b.png","bb4ff0912bd93e733a51d99a9d192adc57556f5075b83aa6aa4ab54e8db6ac8a","exported-root-symbol",
"pasture","1017","mature","mc/farm/aswf/a1017_1.swf","139bb97e4841c51159e0df835654380ea1b5c57c33410d4c46f64a8b06e9e358","Animal_1017_3","71","71","root-symbol","1","0","-741,-1740,1203,465","98","111","apps/web/public/assets/manor/v7-runtime/animals/1017/mature.png","4b6a3b1c9c41cd9bfb23205e08d9e3ee591bbda632a1e476be6f17b7a43b3707","exported-root-symbol",
"pasture","1017","retired","mc/farm/aswf/a1017_1.swf","139bb97e4841c51159e0df835654380ea1b5c57c33410d4c46f64a8b06e9e358","Animal_1017_6","45","45","root-symbol","1","0","-706,-513,710,418","71","47","apps/web/public/assets/manor/v7-runtime/animals/1017/retired.png","22b24c30f1c14e86d92244a387fe323c9a59b01d2e2096ba3d1bbef150d77596","exported-root-symbol",
"pasture","1017","producing-a","mc/farm/aswf/a1017_1.swf","139bb97e4841c51159e0df835654380ea1b5c57c33410d4c46f64a8b06e9e358","Animal_1017_4","10","10","root-symbol","1","0","-688,-500,733,337","72","42","apps/web/public/assets/manor/v7-runtime/animals/1017/producing-a.png","7b3bbaa7ed7fce6b349f80495821d46669499b4c6f2de05c9ec815ec0168b4db","exported-root-symbol",
"pasture","1018","growing","mc/farm/aswf/a1018_0.swf","52fe90f01b11b57000b62063e90621ed7aa8e2741cebb7323eebee1ee6fcb93a","Animal_1018_2","52","52","root-symbol","1","0","-603,-473,603,485","61","48","apps/web/public/assets/manor/v7-runtime/animals/1018/growing.png","645f2dd8cc7e39e1971bb46378d61c5433015bc791674d4590bd354add53268b","exported-root-symbol",
"pasture","1018","cub","mc/farm/aswf/a1018_0.swf","52fe90f01b11b57000b62063e90621ed7aa8e2741cebb7323eebee1ee6fcb93a","Animal_1018_1","31","31","root-symbol","1","0","-334,-300,335,291","34","30","apps/web/public/assets/manor/v7-runtime/animals/1018/cub.png","40cdde4e2b80a67dd7e0111825e6a103229d853f2d6c6fa10a6f1f1832d7b75f","exported-root-symbol",
"pasture","1018","retired","mc/farm/aswf/a1018_1.swf","c9940bc3a2f9856c04d20e03d2c6d55f32f160412fe897c3576408f7f18d40de","Animal_1018_6","66","66","root-symbol","1","0","-739,-580,740,593","74","59","apps/web/public/assets/manor/v7-runtime/animals/1018/retired.png","d4f2a49b48ea0b78393c3307d19010eb29140c46ce253549d0d70896b873c9a2","exported-root-symbol",
"pasture","1018","producing-b","mc/farm/aswf/a1018_1.swf","c9940bc3a2f9856c04d20e03d2c6d55f32f160412fe897c3576408f7f18d40de","Animal_1018_5","60","60","root-symbol","1","0","-739,-580,740,593","74","59","apps/web/public/assets/manor/v7-runtime/animals/1018/producing-b.png","c3dcad0e9a11dd3dbe92c94ade712ae5c00c0d575301b16d3682b1d59efd0bcf","exported-root-symbol",
"pasture","1018","producing-a","mc/farm/aswf/a1018_1.swf","c9940bc3a2f9856c04d20e03d2c6d55f32f160412fe897c3576408f7f18d40de","Animal_1018_4","53","53","root-symbol","1","0","-726,-579,726,576","73","58","apps/web/public/assets/manor/v7-runtime/animals/1018/producing-a.png","68a26d3467f69703c41bef6eff1f91225bc86b5d7de35646c11144d98919dd9d","exported-root-symbol",
"pasture","1018","mature","mc/farm/aswf/a1018_1.swf","c9940bc3a2f9856c04d20e03d2c6d55f32f160412fe897c3576408f7f18d40de","Animal_1018_3","50","50","root-symbol","1","0","-739,-1267,740,764","74","102","apps/web/public/assets/manor/v7-runtime/animals/1018/mature.png","8aac18952bf98aff5e791e3c51d3210fb55aed16355d7da6a54e6527be7d234d","exported-root-symbol",
"pasture","1019","cub","mc/farm/aswf/a1019_0.swf","b5c47d18cf70309f66717e80daf3c8cbcffffbe8886c37392f94177a53220354","Animal_1019_1","69","69","root-symbol","1","0","-600,-310,631,471","62","40","apps/web/public/assets/manor/v7-runtime/animals/1019/cub.png","fb965e3ec6fc0e94f26b474c5e6126d7a9b2403269b4680b748e6dd1cde7ab51","exported-root-symbol",
"pasture","1019","growing","mc/farm/aswf/a1019_0.swf","b5c47d18cf70309f66717e80daf3c8cbcffffbe8886c37392f94177a53220354","Animal_1019_2","64","64","root-symbol","1","0","-820,-489,813,588","82","54","apps/web/public/assets/manor/v7-runtime/animals/1019/growing.png","db3d1d45bd65b5519f590b031b74a72e7c3a229d9994fee5c2d3f2699ae2a9f7","exported-root-symbol",
"pasture","1019","mature","mc/farm/aswf/a1019_1.swf","933c1f4b7a4158aeb5c25db2709673be850412f1259d1a58f96f40c18d10d1d7","Animal_1019_3","107","107","root-symbol","1","0","-1078,-1346,1093,857","109","111","apps/web/public/assets/manor/v7-runtime/animals/1019/mature.png","f8e71f0422454c61e0b31acdcc8b02b114ca64a13d869794b04def06bc715e4a","exported-root-symbol",
"pasture","1019","producing-a","mc/farm/aswf/a1019_1.swf","933c1f4b7a4158aeb5c25db2709673be850412f1259d1a58f96f40c18d10d1d7","Animal_1019_4","81","81","root-symbol","1","0","-911,-620,1034,807","98","72","apps/web/public/assets/manor/v7-runtime/animals/1019/producing-a.png","4abd34bdec5075bfce79c34aa5703998bc3ca2e7e865341b4f64978de0b6f806","exported-root-symbol",
"pasture","1019","retired","mc/farm/aswf/a1019_1.swf","933c1f4b7a4158aeb5c25db2709673be850412f1259d1a58f96f40c18d10d1d7","Animal_1019_6","75","75","root-symbol","1","0","-1100,-610,1073,964","109","79","apps/web/public/assets/manor/v7-runtime/animals/1019/retired.png","bec1733f17e8a305210b00928d735f2297550df52bbe14673f7722ca15a9bb00","exported-root-symbol",
"pasture","1019","producing-b","mc/farm/aswf/a1019_1.swf","933c1f4b7a4158aeb5c25db2709673be850412f1259d1a58f96f40c18d10d1d7","Animal_1019_5","61","61","root-symbol","1","0","-1093,-572,1106,943","110","76","apps/web/public/assets/manor/v7-runtime/animals/1019/producing-b.png","9dcaab3fb45afd73e3916cddf67c7c666edef04997313bb350df443f59bd3e34","exported-root-symbol",
"pasture","1020","growing","mc/farm/aswf/a1020_0.swf","a06164d54f5efc2982c4078d1b2252789292f260370ca4338a4d6dbd09d2fe93","Animal_1020_2","29","29","root-symbol","1","0","-602,-653,621,462","62","56","apps/web/public/assets/manor/v7-runtime/animals/1020/growing.png","531bd253629fe34d1462db37c7f20a76c4d5d4b4b8387518d8eb1abaf9322cb1","exported-root-symbol",
"pasture","1020","cub","mc/farm/aswf/a1020_0.swf","a06164d54f5efc2982c4078d1b2252789292f260370ca4338a4d6dbd09d2fe93","Animal_1020_1","25","25","root-symbol","1","0","-466,-467,467,409","47","44","apps/web/public/assets/manor/v7-runtime/animals/1020/cub.png","a0d9b2174632c9ed8f39c0d19058c0ea42d56682324a5ecbfd9f27f62cc07294","exported-root-symbol",
"pasture","1020","retired","mc/farm/aswf/a1020_1.swf","4447dc134f6749fdebe9c2e2fd7139f839cff6bc8712435f927a9bc957de6fe4","Animal_1020_6","47","47","root-symbol","1","0","-819,-958,820,461","82","71","apps/web/public/assets/manor/v7-runtime/animals/1020/retired.png","4035b4cce96553f2dda64aa5b02b5a41e98eb948147707fd735ddc04a16fec7d","exported-root-symbol",
"pasture","1020","producing-b","mc/farm/aswf/a1020_1.swf","4447dc134f6749fdebe9c2e2fd7139f839cff6bc8712435f927a9bc957de6fe4","Animal_1020_5","41","41","root-symbol","1","0","-778,-918,790,501","79","71","apps/web/public/assets/manor/v7-runtime/animals/1020/producing-b.png","ef57f603f3618fe012f8adc01cd56ce61db09e60ee7da9dd13f3fa1417e9461c","exported-root-symbol",
"pasture","1020","mature","mc/farm/aswf/a1020_1.swf","4447dc134f6749fdebe9c2e2fd7139f839cff6bc8712435f927a9bc957de6fe4","Animal_1020_3","37","37","root-symbol","1","0","-778,-2206,790,519","79","137","apps/web/public/assets/manor/v7-runtime/animals/1020/mature.png","5671eb421a4bb01a61018cacdf89231f2cebca98d8d4edefb8a514553e055708","exported-root-symbol",
"pasture","1020","producing-a","mc/farm/aswf/a1020_1.swf","4447dc134f6749fdebe9c2e2fd7139f839cff6bc8712435f927a9bc957de6fe4","Animal_1020_4","15","15","root-symbol","1","0","-747,-637,790,542","77","59","apps/web/public/assets/manor/v7-runtime/animals/1020/producing-a.png","64474ac441da42db214d763efcd2d463cff01e670225216183fa7bcc93080bef","exported-root-symbol",
"pasture","1021","growing","mc/farm/aswf/a1021_0.swf","2039a3ac1a3bbacea5c9c9eefec8af176205880316c37b37aa754d24582355b3","Animal_1021_2","34","34","root-symbol","1","0","-603,-816,604,460","61","64","apps/web/public/assets/manor/v7-runtime/animals/1021/growing.png","712e6eb4935c5823401de2dba249347e0f0f859d32fcb6b5642a28b12163eaa8","exported-root-symbol",
"pasture","1021","cub","mc/farm/aswf/a1021_0.swf","2039a3ac1a3bbacea5c9c9eefec8af176205880316c37b37aa754d24582355b3","Animal_1021_1","29","29","root-symbol","1","0","-487,-529,488,500","49","52","apps/web/public/assets/manor/v7-runtime/animals/1021/cub.png","c39037a549312d13536e26c6513aae224ec07fd12de4141bd732d3595f4c0fba","exported-root-symbol",
"pasture","1021","retired","mc/farm/aswf/a1021_1.swf","5bc5de3482fdbdea8f4f2f33150d22057135030e3fc98e4fd96786ba9d1aabdf","Animal_1021_6","50","50","root-symbol","1","0","-749,-1096,750,489","75","80","apps/web/public/assets/manor/v7-runtime/animals/1021/retired.png","8a4459e185cc1f4a10406ea9caa4a193a9ecfbde2e9cadd29eaf8e9d63d362b0","exported-root-symbol",
"pasture","1021","producing-b","mc/farm/aswf/a1021_1.swf","5bc5de3482fdbdea8f4f2f33150d22057135030e3fc98e4fd96786ba9d1aabdf","Animal_1021_5","44","44","root-symbol","1","0","-749,-1136,750,449","75","80","apps/web/public/assets/manor/v7-runtime/animals/1021/producing-b.png","871e27ea157133cf54903a9d30f1b2fd2b438360e7551cf1d33717943420ddd0","exported-root-symbol",
"pasture","1021","mature","mc/farm/aswf/a1021_1.swf","5bc5de3482fdbdea8f4f2f33150d22057135030e3fc98e4fd96786ba9d1aabdf","Animal_1021_3","40","40","root-symbol","1","0","-749,-2252,750,535","75","140","apps/web/public/assets/manor/v7-runtime/animals/1021/mature.png","2f969f6b9cabc0ee6055a386a589cdb0f391b90281045c4d42876e756162fc9f","exported-root-symbol",
"pasture","1021","producing-a","mc/farm/aswf/a1021_1.swf","5bc5de3482fdbdea8f4f2f33150d22057135030e3fc98e4fd96786ba9d1aabdf","Animal_1021_4","14","14","root-symbol","1","0","-665,-767,656,504","67","64","apps/web/public/assets/manor/v7-runtime/animals/1021/producing-a.png","64d8d26e6dc34e9198d96e88cd898dd120524c9faebdedb9c46a9fd233ecee51","exported-root-symbol",
"pasture","1022","growing","mc/farm/aswf/a1022_0.swf","c60f0ecdababab2a1caf524b806e97f3f45d5abab6d245cbb2d13fb568a8eb6b","Animal_1022_2","34","34","root-symbol","1","0","-605,-770,606,468","61","62","apps/web/public/assets/manor/v7-runtime/animals/1022/growing.png","adcd89c8643e97d1c1aa379c05bc7d4d63dc66a5b7f82563cb624f931ef186c8","exported-root-symbol",
"pasture","1022","cub","mc/farm/aswf/a1022_0.swf","c60f0ecdababab2a1caf524b806e97f3f45d5abab6d245cbb2d13fb568a8eb6b","Animal_1022_1","20","20","root-symbol","1","0","-273,-394,273,357","28","38","apps/web/public/assets/manor/v7-runtime/animals/1022/cub.png","b603aa8e30d4838216e8766a30d4cdf74f7f0f21111c28c71cbb8b3f6b8c11d1","exported-root-symbol",
"pasture","1022","retired","mc/farm/aswf/a1022_1.swf","9c3655951956247747598f02677aa9b2451f36a1f15e98be298b21302763da4c","Animal_1022_6","56","56","root-symbol","1","0","-752,-1071,752,552","76","82","apps/web/public/assets/manor/v7-runtime/animals/1022/retired.png","1c071723f6dbd715571b77837c0350fe3ebf8c4c8b0cf63d6738d3e769ffeb67","exported-root-symbol",
"pasture","1022","producing-b","mc/farm/aswf/a1022_1.swf","9c3655951956247747598f02677aa9b2451f36a1f15e98be298b21302763da4c","Animal_1022_5","48","48","root-symbol","1","0","-752,-990,752,586","76","79","apps/web/public/assets/manor/v7-runtime/animals/1022/producing-b.png","932ad59029c0d474921c396bdec19a73b4075c4378ab77ec1a99d700c0fd22ac","exported-root-symbol",
"pasture","1022","mature","mc/farm/aswf/a1022_1.swf","9c3655951956247747598f02677aa9b2451f36a1f15e98be298b21302763da4c","Animal_1022_3","44","44","root-symbol","1","0","-752,-2030,1005,497","88","127","apps/web/public/assets/manor/v7-runtime/animals/1022/mature.png","bbfca83cc22109cad7042e6cd37f0217fe88c55e59517dddb2f8e11c0d41ccde","exported-root-symbol",
"pasture","1022","producing-a","mc/farm/aswf/a1022_1.swf","9c3655951956247747598f02677aa9b2451f36a1f15e98be298b21302763da4c","Animal_1022_4","17","17","root-symbol","1","0","-525,-873,668,703","60","79","apps/web/public/assets/manor/v7-runtime/animals/1022/producing-a.png","bb42509de3302116e067a18e0c7c25de2b0d532dd59cdee87c8cbbfc2cd84b98","exported-root-symbol",
"pasture","1023","growing","mc/farm/aswf/a1023_0.swf","82f30a51e354c03d349e97e8fa03b7d467e43c92dc63cad85f85f5560bb61040","Animal_1023_2","94","94","root-symbol","1","0","-500,-1144,611,309","56","73","apps/web/public/assets/manor/v7-runtime/animals/1023/growing.png","d4648bd8c8dad93b61bd9ec0291f028bbf48cdb64e87040e8ea2512120afd77b","exported-root-symbol",
"pasture","1023","cub","mc/farm/aswf/a1023_0.swf","82f30a51e354c03d349e97e8fa03b7d467e43c92dc63cad85f85f5560bb61040","Animal_1023_1","40","40","root-symbol","1","0","-333,-680,403,196","37","44","apps/web/public/assets/manor/v7-runtime/animals/1023/cub.png","90d28c8542623e3578be4c1870ade6c697ed2b079c528576f6f8b305ac7efd95","exported-root-symbol",
"pasture","1023","retired","mc/farm/aswf/a1023_1.swf","44bff7dcaba2c7d5d9602f6f6f42e50546014f075ee7e08cfe9a85df31245508","Animal_1023_6","84","84","root-symbol","1","0","-646,-1593,737,406","70","100","apps/web/public/assets/manor/v7-runtime/animals/1023/retired.png","5dbee2ab38c7535a3d402bddac6fc1f23b46c2a308982512872e8575b8904ca1","exported-root-symbol",
"pasture","1023","producing-b","mc/farm/aswf/a1023_1.swf","44bff7dcaba2c7d5d9602f6f6f42e50546014f075ee7e08cfe9a85df31245508","Animal_1023_5","78","78","root-symbol","1","0","-653,-1613,718,365","69","99","apps/web/public/assets/manor/v7-runtime/animals/1023/producing-b.png","a391122fff0bd732034a1a46f27aaa1782a03899abe36cf887b1c95ff07c5b08","exported-root-symbol",
"pasture","1023","producing-a","mc/farm/aswf/a1023_1.swf","44bff7dcaba2c7d5d9602f6f6f42e50546014f075ee7e08cfe9a85df31245508","Animal_1023_4","74","74","root-symbol","1","0","-601,-958,581,903","60","94","apps/web/public/assets/manor/v7-runtime/animals/1023/producing-a.png","4ced7f7793407affae0fa43c263c1290f1742b7ec0fbc72d9111597003bb74d0","exported-root-symbol",
"pasture","1023","mature","mc/farm/aswf/a1023_1.swf","44bff7dcaba2c7d5d9602f6f6f42e50546014f075ee7e08cfe9a85df31245508","Animal_1023_3","72","72","root-symbol","1","0","-539,-2253,1120,411","83","134","apps/web/public/assets/manor/v7-runtime/animals/1023/mature.png","6d3eecd7d94522fd104d6e634086edae7a5389817e5fad4770392ee313a4083e","exported-root-symbol",
"pasture","1024","growing","mc/farm/aswf/a1024_0.swf","9023bc668d67208a8d5a5a08b9cb529a4d4e80df5fb95e2e85aab89cbd19c8f3","Animal_1024_2","24","24","root-symbol","1","0","-632,-1456,632,492","64","98","apps/web/public/assets/manor/v7-runtime/animals/1024/growing.png","4bdf5ca20001236e71db7e898597a33f189ed15db6941d8dfa3de7728452708a","exported-root-symbol",
"pasture","1024","cub","mc/farm/aswf/a1024_0.swf","9023bc668d67208a8d5a5a08b9cb529a4d4e80df5fb95e2e85aab89cbd19c8f3","Animal_1024_1","18","18","root-symbol","1","0","-510,-1026,510,453","51","74","apps/web/public/assets/manor/v7-runtime/animals/1024/cub.png","98e4fb7ddaea4c72444ec13a5e73cb16d5b55ac36f3219c2eb33a1deaf964edb","exported-root-symbol",
"pasture","1024","retired","mc/farm/aswf/a1024_1.swf","cd1273c9d78d183f3e4884f3db659acd0768468b394c5c992396c39e881fc739","Animal_1024_6","39","39","root-symbol","1","0","-785,-1780,785,635","79","121","apps/web/public/assets/manor/v7-runtime/animals/1024/retired.png","84f9294b9ace3e495a5401ad516197279c5acf0b7dbdfda85959838a5c646ff3","exported-root-symbol",
"pasture","1024","producing-b","mc/farm/aswf/a1024_1.swf","cd1273c9d78d183f3e4884f3db659acd0768468b394c5c992396c39e881fc739","Animal_1024_5","32","32","root-symbol","1","0","-785,-1781,785,634","79","121","apps/web/public/assets/manor/v7-runtime/animals/1024/producing-b.png","3b93e29aadd20139a65fb89b6500153209fefd3f38e200a7dfad5de47ed9be6d","exported-root-symbol",
"pasture","1024","mature","mc/farm/aswf/a1024_1.swf","cd1273c9d78d183f3e4884f3db659acd0768468b394c5c992396c39e881fc739","Animal_1024_3","28","28","root-symbol","1","0","-780,-2703,843,967","82","184","apps/web/public/assets/manor/v7-runtime/animals/1024/mature.png","e33311e83c376a425490697d3db74f041553d28ec035c2a8e8371b2e247f5ae2","exported-root-symbol",
"pasture","1024","producing-a","mc/farm/aswf/a1024_1.swf","cd1273c9d78d183f3e4884f3db659acd0768468b394c5c992396c39e881fc739","Animal_1024_4","14","14","root-symbol","1","0","-777,-1546,738,706","76","113","apps/web/public/assets/manor/v7-runtime/animals/1024/producing-a.png","fc521622f9e174800df22911b6ea47c300c74e99e6f267248515e06b80bf9cfd","exported-root-symbol",
"pasture","1026","growing","mc/farm/aswf/a1026_0.swf","bbf1817923321e2ce911688fe38ad1198e8d5d82590f87dde8228bae22c9a6f4","Animal_1026_2","73","73","root-symbol","1","0","-611,-630,612,240","62","44","apps/web/public/assets/manor/v7-runtime/animals/1026/growing.png","137866840dcad0e16c3efcba49d4c36d21f2c0546616cd2b78f85a4a87f270f1","exported-root-symbol",
"pasture","1026","cub","mc/farm/aswf/a1026_0.swf","bbf1817923321e2ce911688fe38ad1198e8d5d82590f87dde8228bae22c9a6f4","Animal_1026_1","69","69","root-symbol","1","0","-447,-429,447,210","45","32","apps/web/public/assets/manor/v7-runtime/animals/1026/cub.png","fc6bac9155504ab4429f8386a4ac57ad9457f0778e5ad5045b131f0a41e28207","exported-root-symbol",
"pasture","1026","retired","mc/farm/aswf/a1026_1.swf","5112aa4c584c666a84e169f0a4b84a90fba39c1dfa3cdf5e121d0386a9d59b51","Animal_1026_6","99","99","root-symbol","1","0","-677,-670,678,254","68","47","apps/web/public/assets/manor/v7-runtime/animals/1026/retired.png","216e46f767866d79b1d8312ecc6f621f9ada9e36126c26ea4dc35a193ce8f956","exported-root-symbol",
"pasture","1026","producing-b","mc/farm/aswf/a1026_1.swf","5112aa4c584c666a84e169f0a4b84a90fba39c1dfa3cdf5e121d0386a9d59b51","Animal_1026_5","93","93","root-symbol","1","0","-677,-688,678,254","68","48","apps/web/public/assets/manor/v7-runtime/animals/1026/producing-b.png","193b61ad3e8c889ffeabf21782b7a865a762cbf5e95b1dc83ad80e1e6a12d415","exported-root-symbol",
"pasture","1026","mature","mc/farm/aswf/a1026_1.swf","5112aa4c584c666a84e169f0a4b84a90fba39c1dfa3cdf5e121d0386a9d59b51","Animal_1026_3","89","89","root-symbol","1","0","-607,-1903,1237,444","93","118","apps/web/public/assets/manor/v7-runtime/animals/1026/mature.png","631467e02d4ef020fe70b980b81a88741bcb0dddb88d227a21247afc49f433f4","exported-root-symbol",
"pasture","1026","producing-a","mc/farm/aswf/a1026_1.swf","5112aa4c584c666a84e169f0a4b84a90fba39c1dfa3cdf5e121d0386a9d59b51","Animal_1026_4","29","29","root-symbol","1","0","-617,-489,658,412","64","46","apps/web/public/assets/manor/v7-runtime/animals/1026/producing-a.png","bdd6e177777f957ce99544f4f20db4e61879e5fe26431aef79ec0db0b6e18a38","exported-root-symbol",
"pasture","1027","growing","mc/farm/aswf/a1027_0.swf","a1f9618dda8de690f465a4549658b5e08cadae267b060c540718a83c4ff72f57","Animal_1027_2","71","71","root-symbol","1","0","-693,-475,693,420","70","45","apps/web/public/assets/manor/v7-runtime/animals/1027/growing.png","22d663f09563e0f7d38bf8a33f0185cf041aa7b95b792a51d974a643c1193d43","exported-root-symbol",
"pasture","1027","cub","mc/farm/aswf/a1027_0.swf","a1f9618dda8de690f465a4549658b5e08cadae267b060c540718a83c4ff72f57","Animal_1027_1","67","67","root-symbol","1","0","-558,-384,558,341","56","37","apps/web/public/assets/manor/v7-runtime/animals/1027/cub.png","4c0f6ab56b7ffb5a36c0d06c0fcc38670ad775582adbb40ce29a17ac665a1c7e","exported-root-symbol",
"pasture","1027","retired","mc/farm/aswf/a1027_1.swf","6ccba20a1e1dd6c2eeffe8e61b0d44c7ac00d753a2fe7172c28d12975d1a6e18","Animal_1027_6","97","97","root-symbol","1","0","-970,-663,970,519","97","60","apps/web/public/assets/manor/v7-runtime/animals/1027/retired.png","6344ea40af4bc7d53b9732716baae576a946a7763a5b27e20272352589a4d0b3","exported-root-symbol",
"pasture","1027","producing-b","mc/farm/aswf/a1027_1.swf","6ccba20a1e1dd6c2eeffe8e61b0d44c7ac00d753a2fe7172c28d12975d1a6e18","Animal_1027_5","91","91","root-symbol","1","0","-970,-663,970,519","97","60","apps/web/public/assets/manor/v7-runtime/animals/1027/producing-b.png","542a56fbdcf8a1f76552390c8b145b9090df743863f4a453e60a435a8ec0e0ae","exported-root-symbol",
"pasture","1027","mature","mc/farm/aswf/a1027_1.swf","6ccba20a1e1dd6c2eeffe8e61b0d44c7ac00d753a2fe7172c28d12975d1a6e18","Animal_1027_3","87","87","root-symbol","1","0","-890,-1717,1050,916","97","132","apps/web/public/assets/manor/v7-runtime/animals/1027/mature.png","c16e23dc2210f9923420872d3e5c02f97c41e850172fe29273210e50542af3ec","exported-root-symbol",
"pasture","1027","producing-a","mc/farm/aswf/a1027_1.swf","6ccba20a1e1dd6c2eeffe8e61b0d44c7ac00d753a2fe7172c28d12975d1a6e18","Animal_1027_4","32","32","root-symbol","1","0","-837,-659,925,507","89","59","apps/web/public/assets/manor/v7-runtime/animals/1027/producing-a.png","5f6d7e8a8abff9ca435733e3b2d1634f1bd29f025c28ccc24f037120bf1cf99e","exported-root-symbol",
"pasture","1030","growing","mc/farm/aswf/a1030_0.swf","472ad9d840e2e00db95c44777b02a877c38f9184cb8d651d748dffeb7bb65702","Animal_1030_2","49","49","root-symbol","1","0","-957,-1977,988,360","98","117","apps/web/public/assets/manor/v7-runtime/animals/1030/growing.png","ff84f1c54071a2cc1e6f690fa3a7481f270dcfb6827ebbe810ed36be9fc23322","exported-root-symbol",
"pasture","1030","cub","mc/farm/aswf/a1030_0.swf","472ad9d840e2e00db95c44777b02a877c38f9184cb8d651d748dffeb7bb65702","Animal_1030_1","41","41","root-symbol","1","0","-776,-1517,807,306","80","92","apps/web/public/assets/manor/v7-runtime/animals/1030/cub.png","50cbaefd94f6bd80db44d6a138760c6b1dc47829b1141af2dcf48ce05d64d73c","exported-root-symbol",
"pasture","1030","retired","mc/farm/aswf/a1030_1.swf","ca4616038c6d7e443ba427fed57a72a28d1267258b18c5b9a6a20a899651f645","Animal_1030_6","64","64","root-symbol","1","0","-1258,-2496,1285,460","128","148","apps/web/public/assets/manor/v7-runtime/animals/1030/retired.png","2920a8a73179dbf787f2c1dce201276c1f3f5baaef1009ed6ce9a7a32343737a","exported-root-symbol",
"pasture","1030","producing-b","mc/farm/aswf/a1030_1.swf","ca4616038c6d7e443ba427fed57a72a28d1267258b18c5b9a6a20a899651f645","Animal_1030_5","59","59","root-symbol","1","0","-1191,-2520,1353,456","128","149","apps/web/public/assets/manor/v7-runtime/animals/1030/producing-b.png","4fdb0500db94b00efe72ae5a5efb69f4c288b65a974c8d19ed5f2c5e35473bd9","exported-root-symbol",
"pasture","1030","producing-a","mc/farm/aswf/a1030_1.swf","ca4616038c6d7e443ba427fed57a72a28d1267258b18c5b9a6a20a899651f645","Animal_1030_4","55","55","root-symbol","1","0","-1158,-1264,1165,1171","117","122","apps/web/public/assets/manor/v7-runtime/animals/1030/producing-a.png","846b8585e0107c533584fbba56a14b47aa0b87406bf292d61d1ce755cb7b8229","exported-root-symbol",
"pasture","1030","mature","mc/farm/aswf/a1030_1.swf","ca4616038c6d7e443ba427fed57a72a28d1267258b18c5b9a6a20a899651f645","Animal_1030_3","53","53","root-symbol","1","0","-1362,-2517,1284,1638","133","208","apps/web/public/assets/manor/v7-runtime/animals/1030/mature.png","26e938032eef0a67b01b17bae53cd3798b279577019c34128d25b4eb6be4e9fd","exported-root-symbol",
"pasture","1031","growing","mc/farm/aswf/a1031_0.swf","84b7c891074f8a5619bc33cfa4412b2c56baaa2c63ccc15b70deafa7105aebc5","Animal_1031_2","37","37","root-symbol","1","0","-511,-771,511,179","52","48","apps/web/public/assets/manor/v7-runtime/animals/1031/growing.png","1ecf4fbe46fe4beeb2aa006513b492c97af823cb68b444c76069037574602b58","exported-root-symbol",
"pasture","1031","cub","mc/farm/aswf/a1031_0.swf","84b7c891074f8a5619bc33cfa4412b2c56baaa2c63ccc15b70deafa7105aebc5","Animal_1031_1","36","36","root-symbol","1","0","-377,-605,396,184","39","40","apps/web/public/assets/manor/v7-runtime/animals/1031/cub.png","2d5cd599528b4f0189499d608aeac74918bd8cb7f3eab981f6f5328eb0eba736","exported-root-symbol",
"pasture","1031","retired","mc/farm/aswf/a1031_1.swf","acf383d7d4fbe46f2d702c0b56ea225a840e91babd871b4b4fd8129bbaf7f27f","Animal_1031_6","63","63","root-symbol","1","0","-746,-1019,740,338","75","68","apps/web/public/assets/manor/v7-runtime/animals/1031/retired.png","096a85532f01532cbbf1e79d74ae2a32efb1783de4230c84bf752534dbaa50f3","exported-root-symbol",
"pasture","1031","producing-b","mc/farm/aswf/a1031_1.swf","acf383d7d4fbe46f2d702c0b56ea225a840e91babd871b4b4fd8129bbaf7f27f","Animal_1031_5","58","58","root-symbol","1","0","-746,-1004,740,353","75","68","apps/web/public/assets/manor/v7-runtime/animals/1031/producing-b.png","44c2630513030d8a4f8cd16943da23bbf965bf64044f48167a7f0d1517a37f66","exported-root-symbol",
"pasture","1031","producing-a","mc/farm/aswf/a1031_1.swf","acf383d7d4fbe46f2d702c0b56ea225a840e91babd871b4b4fd8129bbaf7f27f","Animal_1031_4","54","54","root-symbol","1","0","-746,-660,671,538","71","60","apps/web/public/assets/manor/v7-runtime/animals/1031/producing-a.png","a1ba766f1fa41d231a5561b47e71c1d5ee4ba6313587dbbe0e11edc5fabf7daf","exported-root-symbol",
"pasture","1031","mature","mc/farm/aswf/a1031_1.swf","acf383d7d4fbe46f2d702c0b56ea225a840e91babd871b4b4fd8129bbaf7f27f","Animal_1031_3","52","52","root-symbol","1","0","-790,-2612,1219,306","101","146","apps/web/public/assets/manor/v7-runtime/animals/1031/mature.png","cc315ce5ea01358bfe80e62e25f1350089261e6746a7bb09d5748057fd24960f","exported-root-symbol",
"pasture","1032","growing","mc/farm/aswf/a1032_0.swf","ade7838dfc069eee3a6f8b332a7e4046fc830fe75048d2f1cbbbdb5e264e45be","Animal_1032_2","38","38","root-symbol","1","0","-381,-614,381,224","39","42","apps/web/public/assets/manor/v7-runtime/animals/1032/growing.png","41327ef28cd8269dcfe58c3a7f22423e41dc8c20f27e08b7a9e65b2bb5855253","exported-root-symbol",
"pasture","1032","cub","mc/farm/aswf/a1032_0.swf","ade7838dfc069eee3a6f8b332a7e4046fc830fe75048d2f1cbbbdb5e264e45be","Animal_1032_1","30","30","root-symbol","1","0","-268,-496,348,184","31","34","apps/web/public/assets/manor/v7-runtime/animals/1032/cub.png","8c005b85c7dbd61fc30b54ca558eb4184d9afaa32561358acbefd2f0fdff53c3","exported-root-symbol",
"pasture","1032","retired","mc/farm/aswf/a1032_1.swf","deebce039dd8abf57e96abc783683557f5108951a4a0507892cfa295ef8f18bc","Animal_1032_6","54","54","root-symbol","1","0","-501,-811,501,294","51","56","apps/web/public/assets/manor/v7-runtime/animals/1032/retired.png","d8043a83d55fbc3fe0c60fabb6d99c8354bf412e76660e1456ca62c43aab7fb9","exported-root-symbol",
"pasture","1032","producing-b","mc/farm/aswf/a1032_1.swf","deebce039dd8abf57e96abc783683557f5108951a4a0507892cfa295ef8f18bc","Animal_1032_5","48","48","root-symbol","1","0","-501,-811,501,294","51","56","apps/web/public/assets/manor/v7-runtime/animals/1032/producing-b.png","c8784355b9fd285fa50867fff850cfa77c0a5293fefbe02f48582eb23ea57e7b","exported-root-symbol",
"pasture","1032","producing-a","mc/farm/aswf/a1032_1.swf","deebce039dd8abf57e96abc783683557f5108951a4a0507892cfa295ef8f18bc","Animal_1032_4","44","44","root-symbol","1","0","-500,-771,500,297","50","54","apps/web/public/assets/manor/v7-runtime/animals/1032/producing-a.png","3d55905db6a48150476fff495e405e2d51eff845fc511adb17c3a0c3f53a327d","exported-root-symbol",
"pasture","1032","mature","mc/farm/aswf/a1032_1.swf","deebce039dd8abf57e96abc783683557f5108951a4a0507892cfa295ef8f18bc","Animal_1032_3","42","42","root-symbol","1","0","-501,-1774,1067,294","79","104","apps/web/public/assets/manor/v7-runtime/animals/1032/mature.png","3eca4c7a7fd9dc2e9831420f42e81b24935f4c5e3939e230ae1551d9e19ef282","exported-root-symbol",
"pasture","1033","growing","mc/farm/aswf/a1033_0.swf","c2e5f7f98634e9a65d7294e25bef7d9af7f48c6438b72415045ff5f741ffa8a9","Animal_1033_2","31","31","root-symbol","1","0","-403,-605,403,268","41","44","apps/web/public/assets/manor/v7-runtime/animals/1033/growing.png","177bccadfd550779147d65018fe5a9d1b002b60e9ad78767f80b7981eed00ec6","exported-root-symbol",
"pasture","1033","cub","mc/farm/aswf/a1033_0.swf","c2e5f7f98634e9a65d7294e25bef7d9af7f48c6438b72415045ff5f741ffa8a9","Animal_1033_1","26","26","root-symbol","1","0","-327,-488,327,220","33","36","apps/web/public/assets/manor/v7-runtime/animals/1033/cub.png","bb4a4c92152fea2f2143455c0d0c2e87ae24c21681be52fc052b98e1ceebbd00","exported-root-symbol",
"pasture","1033","mature","mc/farm/aswf/a1033_1.swf","5b37ffd7bd46f6199fcf86038a7ab35b67f916a20384995c0db4dfa0c379b7d5","Animal_1033_3","47","47","root-symbol","1","0","-533,-1775,1065,352","80","107","apps/web/public/assets/manor/v7-runtime/animals/1033/mature.png","d1d2bc8c8ec406ef2545a95da3fb3f6733ae642462b175f0716d0fdc852a04ed","exported-root-symbol",
"pasture","1033","retired","mc/farm/aswf/a1033_1.swf","5b37ffd7bd46f6199fcf86038a7ab35b67f916a20384995c0db4dfa0c379b7d5","Animal_1033_6","34","34","root-symbol","1","0","-533,-819,533,352","54","59","apps/web/public/assets/manor/v7-runtime/animals/1033/retired.png","0bc2c983cbbeb41c0375e1950840c5372d99a61576bffe6e104060de6d1269f9","exported-root-symbol",
"pasture","1033","producing-b","mc/farm/aswf/a1033_1.swf","5b37ffd7bd46f6199fcf86038a7ab35b67f916a20384995c0db4dfa0c379b7d5","Animal_1033_5","28","28","root-symbol","1","0","-533,-799,533,352","54","58","apps/web/public/assets/manor/v7-runtime/animals/1033/producing-b.png","538ef83d05a67f9a94df1cb7e0f238bd1cd29b98090f4326dc32780093d34e81","exported-root-symbol",
"pasture","1033","producing-a","mc/farm/aswf/a1033_1.swf","5b37ffd7bd46f6199fcf86038a7ab35b67f916a20384995c0db4dfa0c379b7d5","Animal_1033_4","15","15","root-symbol","1","0","-532,-801,530,349","54","58","apps/web/public/assets/manor/v7-runtime/animals/1033/producing-a.png","a5cc2abc5ac766a9a5bbf4bbcdc9b9f01c95028f99eeabd8760efa4a06fd984e","exported-root-symbol",
"pasture","1034","growing","mc/farm/aswf/a1034_0.swf","4a7ea59408d5278fdd2d9cd09997d7d19839e608bfc1ad5d907129db05a844d9","Animal_1034_2","58","58","root-symbol","1","0","-645,-646,685,429","67","54","apps/web/public/assets/manor/v7-runtime/animals/1034/growing.png","a37287bd1e0b895c91f1ed2c78bb4a20c52c715c92fdc1401208645c4069d2f5","exported-root-symbol",
"pasture","1034","cub","mc/farm/aswf/a1034_0.swf","4a7ea59408d5278fdd2d9cd09997d7d19839e608bfc1ad5d907129db05a844d9","Animal_1034_1","30","30","root-symbol","1","0","-381,-425,420,361","41","40","apps/web/public/assets/manor/v7-runtime/animals/1034/cub.png","c1bd91b0c7ca2c572e8a73e3f13b0774d6952546cefa01bb6cd6d748c7c1118f","exported-root-symbol",
"pasture","1034","retired","mc/farm/aswf/a1034_1.swf","94501db8f2dbc325da22cbfc1a68b6516f10a2e50e7535dd891909eb535ed78f","Animal_1034_6","59","59","root-symbol","1","0","-929,-1037,967,408","95","73","apps/web/public/assets/manor/v7-runtime/animals/1034/retired.png","81a225f71588b849f49cdb92ada202e8d3b54a73597d7311fc0284c3630d4629","exported-root-symbol",
"pasture","1034","producing-b","mc/farm/aswf/a1034_1.swf","94501db8f2dbc325da22cbfc1a68b6516f10a2e50e7535dd891909eb535ed78f","Animal_1034_5","52","52","root-symbol","1","0","-929,-997,990,419","96","71","apps/web/public/assets/manor/v7-runtime/animals/1034/producing-b.png","73fb26a8e3105eb4ff59abd9991f952b943785696af5a09eeda53bfd5304967a","exported-root-symbol",
"pasture","1034","mature","mc/farm/aswf/a1034_1.swf","94501db8f2dbc325da22cbfc1a68b6516f10a2e50e7535dd891909eb535ed78f","Animal_1034_3","48","48","root-symbol","1","0","-940,-2058,1760,376","135","122","apps/web/public/assets/manor/v7-runtime/animals/1034/mature.png","4160970c719bd713c81a25f3fb375f591fd02e8c854652063eef8a6c2892cdad","exported-root-symbol",
"pasture","1034","producing-a","mc/farm/aswf/a1034_1.swf","94501db8f2dbc325da22cbfc1a68b6516f10a2e50e7535dd891909eb535ed78f","Animal_1034_4","15","15","root-symbol","1","0","-530,-910,959,508","75","71","apps/web/public/assets/manor/v7-runtime/animals/1034/producing-a.png","99f662abb6ff89350f74221d4c7af660df673990be54dcf59ca9099ba1572e8f","exported-root-symbol",
"pasture","1035","growing","mc/farm/aswf/a1035_0.swf","d24db44f1fbf50f75cfb7b7057c3775298c4373971941999a1a997830fbac0f1","Animal_1035_2","63","63","root-symbol","1","0","-688,-630,691,458","69","55","apps/web/public/assets/manor/v7-runtime/animals/1035/growing.png","68e4c8bf71a28097b2189d9a0971bf72f51156e0e455a57c2f20ee980df814cb","exported-root-symbol",
"pasture","1035","cub","mc/farm/aswf/a1035_0.swf","d24db44f1fbf50f75cfb7b7057c3775298c4373971941999a1a997830fbac0f1","Animal_1035_1","59","59","root-symbol","1","0","-473,-441,487,314","48","38","apps/web/public/assets/manor/v7-runtime/animals/1035/cub.png","e662cdd0a9e9615c9749f5f39b07c694a529d55ac0c102ca8edd55ade26b915b","exported-root-symbol",
"pasture","1035","mature","mc/farm/aswf/a1035_1.swf","e495cc0169017c96a3b9b35fe5934ba5c10f9d40ce5511de3e408f464a327671","Animal_1035_3","77","77","root-symbol","1","0","-980,-1261,1135,650","106","96","apps/web/public/assets/manor/v7-runtime/animals/1035/mature.png","bf3aca17b6c64a646a726aa5ebdb26a4b1d898c5dacd46bc9acb1ff520e9d293","exported-root-symbol",
"pasture","1035","producing-b","mc/farm/aswf/a1035_1.swf","e495cc0169017c96a3b9b35fe5934ba5c10f9d40ce5511de3e408f464a327671","Animal_1035_5","68","68","root-symbol","1","0","-955,-891,973,623","97","76","apps/web/public/assets/manor/v7-runtime/animals/1035/producing-b.png","01493c679abcd399757c51bbeaf583f7dcaf1c9699227b01e5f3667d42142e77","exported-root-symbol",
"pasture","1035","retired","mc/farm/aswf/a1035_1.swf","e495cc0169017c96a3b9b35fe5934ba5c10f9d40ce5511de3e408f464a327671","Animal_1035_6","64","64","root-symbol","1","0","-1044,-911,957,628","101","77","apps/web/public/assets/manor/v7-runtime/animals/1035/retired.png","fc4739a170d4e5915087fe49ca308b4fadd2417841396c98e7e6b99cd4ef2c66","exported-root-symbol",
"pasture","1035","producing-a","mc/farm/aswf/a1035_1.swf","e495cc0169017c96a3b9b35fe5934ba5c10f9d40ce5511de3e408f464a327671","Animal_1035_4","33","33","root-symbol","1","0","-970,-748,946,747","96","75","apps/web/public/assets/manor/v7-runtime/animals/1035/producing-a.png","f248b7444ea646bb338ecebfd28fee9b275377cda80264c20e47dc02ad2d3a26","exported-root-symbol",
"pasture","1036","cub","mc/farm/aswf/a1036_0.swf","54f68927b158ec3b858b508f5ea8dbf97d714bdb0b7a4cacad03ab90fb6ecb29","Animal_1036_1","82","82","root-symbol","1","0","-867,-718,694,246","79","49","apps/web/public/assets/manor/v7-runtime/animals/1036/cub.png","652f4f6def4323535394f38466aa9aba1e4198a09d9fce2ba028ce80f1f3c3f9","exported-root-symbol",
"pasture","1036","growing","mc/farm/aswf/a1036_0.swf","54f68927b158ec3b858b508f5ea8dbf97d714bdb0b7a4cacad03ab90fb6ecb29","Animal_1036_2","78","78","root-symbol","1","0","-1133,-928,935,298","104","62","apps/web/public/assets/manor/v7-runtime/animals/1036/growing.png","ff260c0ad730c8ad49f165fb075d81e80d50dfed9f1852ce727c55461ab9f22b","exported-root-symbol",
"pasture","1036","mature","mc/farm/aswf/a1036_1.swf","ab6223aa05f6c31e590fbeafda1390ed014814f2c717b8166c5dca453b63b7ac","Animal_1036_3","111","111","root-symbol","1","0","-1435,-2895,1097,400","127","165","apps/web/public/assets/manor/v7-runtime/animals/1036/mature.png","a5af7358d9ff6bfe9e5979be520df9cf4f6700fd96c44616bb47663eda8b4433","exported-root-symbol",
"pasture","1036","producing-a","mc/farm/aswf/a1036_1.swf","ab6223aa05f6c31e590fbeafda1390ed014814f2c717b8166c5dca453b63b7ac","Animal_1036_4","91","91","root-symbol","1","0","-1213,-1102,804,379","101","75","apps/web/public/assets/manor/v7-runtime/animals/1036/producing-a.png","f5d0071cba3e436367eff061e5309d2e491d69e6e48e2ab6e737172dadb4ca93","exported-root-symbol",
"pasture","1036","producing-b","mc/farm/aswf/a1036_1.swf","ab6223aa05f6c31e590fbeafda1390ed014814f2c717b8166c5dca453b63b7ac","Animal_1036_5","81","81","root-symbol","1","0","-1405,-1225,1127,354","127","79","apps/web/public/assets/manor/v7-runtime/animals/1036/producing-b.png","d2d47764cf9f65683710d0f196c1888797e4c817a964954e0831f63772594bca","exported-root-symbol",
"pasture","1036","retired","mc/farm/aswf/a1036_1.swf","ab6223aa05f6c31e590fbeafda1390ed014814f2c717b8166c5dca453b63b7ac","Animal_1036_6","77","77","root-symbol","1","0","-1392,-1205,1140,374","127","79","apps/web/public/assets/manor/v7-runtime/animals/1036/retired.png","7e7312806489d34f8839fef250de88eed2608d052c52aa157cc6e872c15c34ac","exported-root-symbol",
"pasture","1038","cub","mc/farm/aswf/a1038_0.swf","fe67f49bbd4c265fd2df4e62f86f6e4a773a6266a82efda389732bb168fa8804","Animal_1038_1","44","44","root-symbol","1","0","-1035,-1436,1016,261","103","85","apps/web/public/assets/manor/v7-runtime/animals/1038/cub.png","fc343dc58c54c34079be715011e9f0ece7ef4601434593d4c580a372256f574c","exported-root-symbol",
"pasture","1038","growing","mc/farm/aswf/a1038_0.swf","fe67f49bbd4c265fd2df4e62f86f6e4a773a6266a82efda389732bb168fa8804","Animal_1038_2","38","38","root-symbol","1","0","-1253,-1851,1333,411","130","114","apps/web/public/assets/manor/v7-runtime/animals/1038/growing.png","2a8375e5300396b6a62403dc79ede2af03d027dc25984d136790a783531c696b","exported-root-symbol",
"pasture","1038","mature","mc/farm/aswf/a1038_1.swf","d4044682e5ad77fa5cc5c5cf77c20d82657d5b676d811e03cf04010302ce4860","Animal_1038_3","63","63","root-symbol","1","0","-1685,-2521,2039,2322","187","243","apps/web/public/assets/manor/v7-runtime/animals/1038/mature.png","39cc88c17824265d985b065eca18496d99be233f054380c9847547d149da9611","exported-root-symbol",
"pasture","1038","producing-a","mc/farm/aswf/a1038_1.swf","d4044682e5ad77fa5cc5c5cf77c20d82657d5b676d811e03cf04010302ce4860","Animal_1038_4","50","50","root-symbol","1","0","-1246,-1351,1345,1104","130","123","apps/web/public/assets/manor/v7-runtime/animals/1038/producing-a.png","7edf25d218b64687f1e3fdcdf6d56ffa0a72e8ce6cb40067aad1782d93c8d912","exported-root-symbol",
"pasture","1038","producing-b","mc/farm/aswf/a1038_1.swf","d4044682e5ad77fa5cc5c5cf77c20d82657d5b676d811e03cf04010302ce4860","Animal_1038_5","43","43","root-symbol","1","0","-1765,-2481,1745,444","176","147","apps/web/public/assets/manor/v7-runtime/animals/1038/producing-b.png","9202d1e4cadba7e3db72498a336aa3f2b90384fa9b5a9e2f419460bfae4453c9","exported-root-symbol",
"pasture","1038","retired","mc/farm/aswf/a1038_1.swf","d4044682e5ad77fa5cc5c5cf77c20d82657d5b676d811e03cf04010302ce4860","Animal_1038_6","39","39","root-symbol","1","0","-1705,-2461,1745,364","173","142","apps/web/public/assets/manor/v7-runtime/animals/1038/retired.png","8c3a72a0bf610384fc91961184ae217d30652f66f3048af9b01002ed0ab52868","exported-root-symbol",
"pasture","1039","growing","mc/farm/aswf/a1039_0.swf","a27d5f31a79428c6400490994e086d36d326f8af5ff93620a22de88481b6e92a","Animal_1039_2","42","42","root-symbol","1","0","-604,-816,604,307","61","57","apps/web/public/assets/manor/v7-runtime/animals/1039/growing.png","3fbc68fe76193187024f05ae4af4dee3ff08c1879060d8dcbe81a18b8dbb1004","exported-root-symbol",
"pasture","1039","cub","mc/farm/aswf/a1039_0.swf","a27d5f31a79428c6400490994e086d36d326f8af5ff93620a22de88481b6e92a","Animal_1039_1","38","38","root-symbol","1","0","-427,-568,427,205","43","39","apps/web/public/assets/manor/v7-runtime/animals/1039/cub.png","1398254ab7da2edbfe18b56f527d89a7fd9a013f0d26d303491c8b55adcf55b1","exported-root-symbol",
"pasture","1039","retired","mc/farm/aswf/a1039_1.swf","4d891c37161a1fed29b08185dc81254847120b3292caa56d01582d4cc6d40d69","Animal_1039_6","60","60","root-symbol","1","0","-821,-1029,823,424","83","73","apps/web/public/assets/manor/v7-runtime/animals/1039/retired.png","2e7772fd8a558366e79f2a470be9a40f675bc652718b2b6e2351d4d00b042f4e","exported-root-symbol",
"pasture","1039","producing-b","mc/farm/aswf/a1039_1.swf","4d891c37161a1fed29b08185dc81254847120b3292caa56d01582d4cc6d40d69","Animal_1039_5","54","54","root-symbol","1","0","-821,-1029,823,424","83","73","apps/web/public/assets/manor/v7-runtime/animals/1039/producing-b.png","d33f11d9e7a9650da5ac8940fbeedfce512cddff4d980a2aa76c7f0e5aff9de8","exported-root-symbol",
"pasture","1039","producing-a","mc/farm/aswf/a1039_1.swf","4d891c37161a1fed29b08185dc81254847120b3292caa56d01582d4cc6d40d69","Animal_1039_4","50","50","root-symbol","1","0","-632,-611,609,491","63","56","apps/web/public/assets/manor/v7-runtime/animals/1039/producing-a.png","cc5a6a2ed389e7ee3f36d21bf29df682a7443c3d005cab2f4607ba9b9c0c3573","exported-root-symbol",
"pasture","1039","mature","mc/farm/aswf/a1039_1.swf","4d891c37161a1fed29b08185dc81254847120b3292caa56d01582d4cc6d40d69","Animal_1039_3","48","48","root-symbol","1","0","-823,-2111,962,424","90","127","apps/web/public/assets/manor/v7-runtime/animals/1039/mature.png","959fa52f7c97a7848914cdabf6786605f9fa032f37a8a7e2d2bbf15455667466","exported-root-symbol",
"pasture","1040","growing","mc/farm/aswf/a1040_0.swf","a5de48f6ffb6c7a725835f6f0c0558675f8db3053baf01bda03b8e928a069214","Animal_1040_2","84","84","root-symbol","1","0","-436,-819,477,307","46","57","apps/web/public/assets/manor/v7-runtime/animals/1040/growing.png","9e23087a8c803dcdb7121de43b65a2ceac9cd5c5268c47be84224830312fe6e7","exported-root-symbol",
"pasture","1040","cub","mc/farm/aswf/a1040_0.swf","a5de48f6ffb6c7a725835f6f0c0558675f8db3053baf01bda03b8e928a069214","Animal_1040_1","33","33","root-symbol","1","0","-339,-434,370,346","36","39","apps/web/public/assets/manor/v7-runtime/animals/1040/cub.png","13ccef3d179952d65f5a88a17ec7eba4ec625938db33113a11f0dcc27af873e4","exported-root-symbol",
"pasture","1040","retired","mc/farm/aswf/a1040_1.swf","7b16b6607baad002ce5b2d6e0db23795272242d7c00f395bc009ce5db18cb240","Animal_1040_6","74","74","root-symbol","1","0","-522,-940,583,320","56","63","apps/web/public/assets/manor/v7-runtime/animals/1040/retired.png","79e894c3797cfbecfdcf0ac25fc26e681b9b65dd5541a80acc4015e41ae886f0","exported-root-symbol",
"pasture","1040","producing-a","mc/farm/aswf/a1040_1.swf","7b16b6607baad002ce5b2d6e0db23795272242d7c00f395bc009ce5db18cb240","Animal_1040_4","69","69","root-symbol","1","0","-427,-935,513,225","47","58","apps/web/public/assets/manor/v7-runtime/animals/1040/producing-a.png","d542b772eedc0debfb355298cc23f51327340d85b70857630d824b2d6ac3a983","exported-root-symbol",
"pasture","1040","producing-b","mc/farm/aswf/a1040_1.swf","7b16b6607baad002ce5b2d6e0db23795272242d7c00f395bc009ce5db18cb240","Animal_1040_5","67","67","root-symbol","1","0","-527,-996,578,264","56","63","apps/web/public/assets/manor/v7-runtime/animals/1040/producing-b.png","385474ba55de7a58e8528db27ac9fd110e517ddeaf54b341beeaaf0c92bcd6cf","exported-root-symbol",
"pasture","1040","mature","mc/farm/aswf/a1040_1.swf","7b16b6607baad002ce5b2d6e0db23795272242d7c00f395bc009ce5db18cb240","Animal_1040_3","63","63","root-symbol","1","0","-532,-2373,1172,332","86","136","apps/web/public/assets/manor/v7-runtime/animals/1040/mature.png","b20a221dc75300a43fac5b919a9bd9c933920ca2415ac41f0c6b6b26fc9ac5a2","exported-root-symbol",
"pasture","1041","growing","mc/farm/aswf/a1041_0.swf","966b46638d7eccf77d7f5f1d3b1275df9bd1ab257e138431c8a3455c88573540","Animal_1041_2","39","39","root-symbol","1","0","-333,-703,394,290","37","50","apps/web/public/assets/manor/v7-runtime/animals/1041/growing.png","9f35e42c19d54cd96fa9e2d635f57bbd091100eb55cd6c4a880ef77416936298","exported-root-symbol",
"pasture","1041","cub","mc/farm/aswf/a1041_0.swf","966b46638d7eccf77d7f5f1d3b1275df9bd1ab257e138431c8a3455c88573540","Animal_1041_1","17","17","root-symbol","1","0","-262,-356,263,331","27","35","apps/web/public/assets/manor/v7-runtime/animals/1041/cub.png","477d634f0000daffb68d23fc0f1d35de9a47692df7143b02f321cd994cca212d","exported-root-symbol",
"pasture","1041","retired","mc/farm/aswf/a1041_1.swf","ef2465218bb55c5707262c8a103483b9428e8939b513d272119aea4afb0a6523","Animal_1041_6","42","42","root-symbol","1","0","-482,-967,492,455","49","72","apps/web/public/assets/manor/v7-runtime/animals/1041/retired.png","7916bb6689527bbe20c575da5ba8b282f5269f080317957a32b41e08f760605d","exported-root-symbol",
"pasture","1041","producing-b","mc/farm/aswf/a1041_1.swf","ef2465218bb55c5707262c8a103483b9428e8939b513d272119aea4afb0a6523","Animal_1041_5","37","37","root-symbol","1","0","-482,-997,492,370","49","69","apps/web/public/assets/manor/v7-runtime/animals/1041/producing-b.png","df03eccd1c7b506a39378c96ebb70441f5b705966d7196c57ca2aad113e14f60","exported-root-symbol",
"pasture","1041","producing-a","mc/farm/aswf/a1041_1.swf","ef2465218bb55c5707262c8a103483b9428e8939b513d272119aea4afb0a6523","Animal_1041_4","34","34","root-symbol","1","0","-414,-900,475,406","45","66","apps/web/public/assets/manor/v7-runtime/animals/1041/producing-a.png","5a4c745c0b41b042136e300e1cb3513bdee1cc2c897edd79346e6e61ad50bc40","exported-root-symbol",
"pasture","1041","mature","mc/farm/aswf/a1041_1.swf","ef2465218bb55c5707262c8a103483b9428e8939b513d272119aea4afb0a6523","Animal_1041_3","32","32","root-symbol","1","0","-658,-1854,990,453","83","116","apps/web/public/assets/manor/v7-runtime/animals/1041/mature.png","f8cb896a82989583c30160811c3391f27c631ef52fc7281781c035a3b17510f7","exported-root-symbol",
"pasture","1042","growing","mc/farm/aswf/a1042_0.swf","0aefde2a15c735fbc319a84efbb3a1ff85195c5dfd6b12e29fc1e3dda23c8c1d","Animal_1042_2","42","42","root-symbol","1","0","-1219,-2084,1217,518","122","131","apps/web/public/assets/manor/v7-runtime/animals/1042/growing.png","6a7f07e2551ba881db4af6fd42f98e91c1fbf58e3753afb2f93e5f64847b1854","exported-root-symbol",
"pasture","1042","cub","mc/farm/aswf/a1042_0.swf","0aefde2a15c735fbc319a84efbb3a1ff85195c5dfd6b12e29fc1e3dda23c8c1d","Animal_1042_1","37","37","root-symbol","1","0","-811,-1601,811,345","82","98","apps/web/public/assets/manor/v7-runtime/animals/1042/cub.png","cf8ec0350f9de3797d8bfbd607ea78a7c28900c0078346dbf0e6fb49ba26990e","exported-root-symbol",
"pasture","1042","retired","mc/farm/aswf/a1042_1.swf","7dd82ed3106cf566abe186cbce6cd02137a7a02e3a84ae0639616b850e115315","Animal_1042_6","63","63","root-symbol","1","0","-1401,-2451,1401,659","141","156","apps/web/public/assets/manor/v7-runtime/animals/1042/retired.png","2563f5ab1e4826e903b1a01abcfb29848ee3f7f1182951ce8c6c2f060c69ede7","exported-root-symbol",
"pasture","1042","producing-b","mc/farm/aswf/a1042_1.swf","7dd82ed3106cf566abe186cbce6cd02137a7a02e3a84ae0639616b850e115315","Animal_1042_5","58","58","root-symbol","1","0","-1401,-2451,1401,659","141","156","apps/web/public/assets/manor/v7-runtime/animals/1042/producing-b.png","414a6e8f52fd62960f0c40f6459a79d98cc815a04cac44660a13aac68b0022f9","exported-root-symbol",
"pasture","1042","producing-a","mc/farm/aswf/a1042_1.swf","7dd82ed3106cf566abe186cbce6cd02137a7a02e3a84ae0639616b850e115315","Animal_1042_4","54","54","root-symbol","1","0","-942,-2338,1023,540","99","144","apps/web/public/assets/manor/v7-runtime/animals/1042/producing-a.png","6443c873e3044ef6698732707eb3bd4361b81eae3336595b1ae94c97e216da2b","exported-root-symbol",
"pasture","1042","mature","mc/farm/aswf/a1042_1.swf","7dd82ed3106cf566abe186cbce6cd02137a7a02e3a84ae0639616b850e115315","Animal_1042_3","52","52","root-symbol","1","0","-1401,-2492,1401,1637","141","207","apps/web/public/assets/manor/v7-runtime/animals/1042/mature.png","15df341fe65f695d6f79ccd07b1e17917fcec443cb676ea15cb8a8dd94d49dfb","exported-root-symbol",
"pasture","1046","growing","mc/farm/aswf/a1046_0.swf","72c90a217de2a72556df6ffb4db68cf1df062a7564495e5b3d0069a1358afaa4","Animal_1046_2","58","58","root-symbol","1","0","-560,-730,601,292","59","52","apps/web/public/assets/manor/v7-runtime/animals/1046/growing.png","6063783f429bfd348da270b10e8615be9714d4781b041428d8fc20d229e5cb16","exported-root-symbol",
"pasture","1046","cub","mc/farm/aswf/a1046_0.swf","72c90a217de2a72556df6ffb4db68cf1df062a7564495e5b3d0069a1358afaa4","Animal_1046_1","43","43","root-symbol","1","0","-351,-543,380,162","37","36","apps/web/public/assets/manor/v7-runtime/animals/1046/cub.png","4c7a325d2952fcec0031473b96c2f5d1546504859d257361e511b04adfe64dd1","exported-root-symbol",
"pasture","1046","retired","mc/farm/aswf/a1046_1.swf","6b3725ac610bc204382cbbd5ccea469e2b92e6005dfc5027ded2e08f5c05b050","Animal_1046_6","83","83","root-symbol","1","0","-2437,-1311,2433,1291","244","131","apps/web/public/assets/manor/v7-runtime/animals/1046/retired.png","078d0feb5443c8108ed7bfc5b9ba27ac98ffd5467e0c523c5e6d4bbc2e9901ca","exported-root-symbol",
"pasture","1046","producing-b","mc/farm/aswf/a1046_1.swf","6b3725ac610bc204382cbbd5ccea469e2b92e6005dfc5027ded2e08f5c05b050","Animal_1046_5","77","77","root-symbol","1","0","-2427,-1336,2463,1286","245","132","apps/web/public/assets/manor/v7-runtime/animals/1046/producing-b.png","4b2b9607211c8302412f9d0c9f62589b92285b9ad31d5b5bf389400c298be251","exported-root-symbol",
"pasture","1046","mature","mc/farm/aswf/a1046_1.swf","6b3725ac610bc204382cbbd5ccea469e2b92e6005dfc5027ded2e08f5c05b050","Animal_1046_3","73","73","root-symbol","1","0","-2427,-2028,2433,1256","243","165","apps/web/public/assets/manor/v7-runtime/animals/1046/mature.png","a947b33b57067c2f9113158fc545a8df486a6ea8b94f0467d6da10245b88afac","exported-root-symbol",
"pasture","1046","producing-a","mc/farm/aswf/a1046_1.swf","6b3725ac610bc204382cbbd5ccea469e2b92e6005dfc5027ded2e08f5c05b050","Animal_1046_4","36","36","root-symbol","1","0","-535,-1336,2435,353","149","85","apps/web/public/assets/manor/v7-runtime/animals/1046/producing-a.png","b974b81f8df2e9541ff5a7eac7f33b781c60f4834c50749139a26624b0f356e2","exported-root-symbol",
"pasture","1047","growing","mc/farm/aswf/a1047_0.swf","603eae082d7d697b5a30e6622e2773aa9801493e41c443ad6daec55d1890b221","Animal_1047_2","54","54","root-symbol","1","0","-321,-500,334,317","33","41","apps/web/public/assets/manor/v7-runtime/animals/1047/growing.png","21ae2459bded67628c09ab6960c84abafd0037c62b55a356f4e9e0c4046cb77f","exported-root-symbol",
"pasture","1047","cub","mc/farm/aswf/a1047_0.swf","603eae082d7d697b5a30e6622e2773aa9801493e41c443ad6daec55d1890b221","Animal_1047_1","35","35","root-symbol","1","0","-211,-308,211,278","22","30","apps/web/public/assets/manor/v7-runtime/animals/1047/cub.png","ad6697d8e3cc6bd142e7a4970682ae91da8f5e337a953ca237a95b7c03159811","exported-root-symbol",
"pasture","1047","producing-a","mc/farm/aswf/a1047_1.swf","4a30285d6979446e9f75fa74a6a72fc8b29c729f59c32ffe93dc6a7cc31b2d25","Animal_1047_4","119","119","root-symbol","1","0","-435,-862,569,286","51","58","apps/web/public/assets/manor/v7-runtime/animals/1047/producing-a.png","5788eb0793401ce2aacc6b8d7771f9688669cc4693f4a55d45b8c11082183d07","exported-root-symbol",
"pasture","1047","retired","mc/farm/aswf/a1047_1.swf","4a30285d6979446e9f75fa74a6a72fc8b29c729f59c32ffe93dc6a7cc31b2d25","Animal_1047_6","117","117","root-symbol","1","0","-610,-989,610,415","61","71","apps/web/public/assets/manor/v7-runtime/animals/1047/retired.png","518e56cae609b22a02e9414d2ca8c254c3c38320922047c93c7902a2aad772cb","exported-root-symbol",
"pasture","1047","mature","mc/farm/aswf/a1047_1.swf","4a30285d6979446e9f75fa74a6a72fc8b29c729f59c32ffe93dc6a7cc31b2d25","Animal_1047_3","82","82","root-symbol","1","0","-587,-1684,1026,409","81","105","apps/web/public/assets/manor/v7-runtime/animals/1047/mature.png","e252a8873677b672959bdc69020dd56efbda369210bcc232b24f7a2e2cd662df","exported-root-symbol",
"pasture","1047","producing-b","mc/farm/aswf/a1047_1.swf","4a30285d6979446e9f75fa74a6a72fc8b29c729f59c32ffe93dc6a7cc31b2d25","Animal_1047_5","51","51","root-symbol","1","0","-550,-949,562,455","56","71","apps/web/public/assets/manor/v7-runtime/animals/1047/producing-b.png","4af2abe88edbfe0b6b654e69770f78bfd5bfeb191d0dea496aa9c0b590245987","exported-root-symbol",
"pasture","1048","cub","mc/farm/aswf/a1048_0.swf","455696cd11fcf7b17c534b380c3d3f255217a6ee2fec52343d04b8306a04a93c","Animal_1048_1","76","76","root-symbol","1","0","-392,-341,398,286","40","32","apps/web/public/assets/manor/v7-runtime/animals/1048/cub.png","9ce6db3554d3b6c8be536092d0d3821d030b0d8e324bb9c0ac4e34e72c3d76bb","exported-root-symbol",
"pasture","1048","growing","mc/farm/aswf/a1048_0.swf","455696cd11fcf7b17c534b380c3d3f255217a6ee2fec52343d04b8306a04a93c","Animal_1048_2","53","53","root-symbol","1","0","-585,-510,585,409","59","46","apps/web/public/assets/manor/v7-runtime/animals/1048/growing.png","06fa1acbec177a9e82fc07bbfbceb0703878062c9a66e5640841dd181b12f172","exported-root-symbol",
"pasture","1048","mature","mc/farm/aswf/a1048_1.swf","75502755cc274ec7b7ee14125a2ae3fe643e81e2b17c375f3df808deff3b2357","Animal_1048_3","173","173","root-symbol","1","0","-768,-1582,752,242","76","92","apps/web/public/assets/manor/v7-runtime/animals/1048/mature.png","3ad8ad11cd9595b20c278874204e550769f3cf25c8045121a2007e236777720d","exported-root-symbol",
"pasture","1048","producing-b","mc/farm/aswf/a1048_1.swf","75502755cc274ec7b7ee14125a2ae3fe643e81e2b17c375f3df808deff3b2357","Animal_1048_5","122","122","root-symbol","1","0","-749,-705,749,570","75","64","apps/web/public/assets/manor/v7-runtime/animals/1048/producing-b.png","442ec1c174e6d1d6a940d52827b8cbba9595fd3e49fae16d22213676ea667b91","exported-root-symbol",
"pasture","1048","producing-a","mc/farm/aswf/a1048_1.swf","75502755cc274ec7b7ee14125a2ae3fe643e81e2b17c375f3df808deff3b2357","Animal_1048_4","81","81","root-symbol","1","0","-754,-582,755,487","76","54","apps/web/public/assets/manor/v7-runtime/animals/1048/producing-a.png","c8b8f52ecc4f362199904231b6e32c3e8088f0ea0166b6607993e089af876944","exported-root-symbol",
"pasture","1048","retired","mc/farm/aswf/a1048_1.swf","75502755cc274ec7b7ee14125a2ae3fe643e81e2b17c375f3df808deff3b2357","Animal_1048_6","76","76","root-symbol","1","0","-756,-590,756,562","76","58","apps/web/public/assets/manor/v7-runtime/animals/1048/retired.png","6b3e84e6556dfd8ee6c7c1c7f581537f1b77ac3073f73fd9e0a5ae7bb9fb3313","exported-root-symbol",
"pasture","1049","growing","mc/farm/aswf/a1049_0.swf","c83e27b5d8baaf571bc984ef4382f3a87a2396b202b33454449a7b44865bb7c8","Animal_1049_2","70","70","root-symbol","1","0","-1039,-2193,1039,487","104","134","apps/web/public/assets/manor/v7-runtime/animals/1049/growing.png","7690c2495c21546340018a9b4c0cbc8f028358b3ee707475c4aa62b8bf03dbfb","exported-root-symbol",
"pasture","1049","cub","mc/farm/aswf/a1049_0.swf","c83e27b5d8baaf571bc984ef4382f3a87a2396b202b33454449a7b44865bb7c8","Animal_1049_1","69","69","root-symbol","1","0","-834,-1778,862,399","85","109","apps/web/public/assets/manor/v7-runtime/animals/1049/cub.png","fd741957ed2fb6422118ecb008afe3bce5e8b7f99737e27760a402d051f3fed9","exported-root-symbol",
"pasture","1049","producing-a","mc/farm/aswf/a1049_1.swf","405690d27215044af5e870cb74d2ad39cfb7b69e51955bab4702d562ef1cee42","Animal_1049_4","99","99","root-symbol","1","0","-1317,-2894,1299,555","131","173","apps/web/public/assets/manor/v7-runtime/animals/1049/producing-a.png","a011c16b3aee7dd4a55253b19b8f8cbce500d7e9edad514b736888967439cec7","exported-root-symbol",
"pasture","1049","retired","mc/farm/aswf/a1049_1.swf","405690d27215044af5e870cb74d2ad39cfb7b69e51955bab4702d562ef1cee42","Animal_1049_6","96","96","root-symbol","1","0","-1554,-2993,1630,643","160","182","apps/web/public/assets/manor/v7-runtime/animals/1049/retired.png","387aea6f3ad6c5b5d155f4484f2639b4c1543adef6c71dd003a6bc79bdb39f47","exported-root-symbol",
"pasture","1049","producing-b","mc/farm/aswf/a1049_1.swf","405690d27215044af5e870cb74d2ad39cfb7b69e51955bab4702d562ef1cee42","Animal_1049_5","91","91","root-symbol","1","0","-1632,-2963,1594,618","162","180","apps/web/public/assets/manor/v7-runtime/animals/1049/producing-b.png","d7f33464e4af376427ddbe17c2f7fe844ef4f66a2ae0476baef4d3841e079395","exported-root-symbol",
"pasture","1049","mature","mc/farm/aswf/a1049_1.swf","405690d27215044af5e870cb74d2ad39cfb7b69e51955bab4702d562ef1cee42","Animal_1049_3","87","87","root-symbol","1","0","-1613,-3615,1575,581","160","210","apps/web/public/assets/manor/v7-runtime/animals/1049/mature.png","df1677efc377d82a30341ef2020a943189096f020d9abc5791263d9447660705","exported-root-symbol",
"pasture","1050","growing","mc/farm/aswf/a1050_0.swf","bb9c4ebe1bce26669d5a95dc2efdd394c8a298153fcd0b4f691a15dd72d1fc6c","Animal_1050_2","37","37","root-symbol","1","0","-388,-569,387,163","39","37","apps/web/public/assets/manor/v7-runtime/animals/1050/growing.png","695ddd4a10f61e8537d76653586e9e6a6d7675f861ae108ef1a1b3d66a2fc1b7","exported-root-symbol",
"pasture","1050","cub","mc/farm/aswf/a1050_0.swf","bb9c4ebe1bce26669d5a95dc2efdd394c8a298153fcd0b4f691a15dd72d1fc6c","Animal_1050_1","36","36","root-symbol","1","0","-326,-467,332,138","33","31","apps/web/public/assets/manor/v7-runtime/animals/1050/cub.png","32962c198aaac88647d6cd33809ac63d958552d1b2d4cf19a12bced59a7cb19d","exported-root-symbol",
"pasture","1050","producing-a","mc/farm/aswf/a1050_1.swf","709099db6f4023021078f1c29ebf3692e13270d64274ca0e1f5aa30e8e47c059","Animal_1050_4","85","85","root-symbol","1","0","-517,-667,643,248","58","46","apps/web/public/assets/manor/v7-runtime/animals/1050/producing-a.png","bcee146c8801c7a29439c3cf2032601c78ae944facae6742422e2ab28dac9914","exported-root-symbol",
"pasture","1050","retired","mc/farm/aswf/a1050_1.swf","709099db6f4023021078f1c29ebf3692e13270d64274ca0e1f5aa30e8e47c059","Animal_1050_6","82","82","root-symbol","1","0","-1007,-1237,1007,260","101","75","apps/web/public/assets/manor/v7-runtime/animals/1050/retired.png","8436121edbd20ab1aebf30ad8845e69a5e257845654a6a5f62861930d78462ed","exported-root-symbol",
"pasture","1050","producing-b","mc/farm/aswf/a1050_1.swf","709099db6f4023021078f1c29ebf3692e13270d64274ca0e1f5aa30e8e47c059","Animal_1050_5","77","77","root-symbol","1","0","-1007,-1244,1007,256","101","75","apps/web/public/assets/manor/v7-runtime/animals/1050/producing-b.png","a8fd351d896e53d1448f72bb42a867df694f44ae057c8e5c618b37695a68b411","exported-root-symbol",
"pasture","1050","mature","mc/farm/aswf/a1050_1.swf","709099db6f4023021078f1c29ebf3692e13270d64274ca0e1f5aa30e8e47c059","Animal_1050_3","73","73","root-symbol","1","0","-1015,-2654,1031,261","103","146","apps/web/public/assets/manor/v7-runtime/animals/1050/mature.png","7a48e216377c9cba059ebacdbf0e36ec59eb42ce2089a37815d105c2eb3fd349","exported-root-symbol",
"pasture","1051","growing","mc/farm/aswf/a1051_0.swf","c1fae96080d6aaafabdbfd721b3e2ee5c422a11626ccb0ffd97abbbee0dad0c0","Animal_1051_2","139","139","root-symbol","1","0","-747,-1158,751,218","75","69","apps/web/public/assets/manor/v7-runtime/animals/1051/growing.png","44b7e2802051b83704a12311ff4643d8739f651c612629421afb88cd42642835","exported-root-symbol",
"pasture","1051","cub","mc/farm/aswf/a1051_0.swf","c1fae96080d6aaafabdbfd721b3e2ee5c422a11626ccb0ffd97abbbee0dad0c0","Animal_1051_1","93","93","root-symbol","1","0","-617,-937,611,187","62","57","apps/web/public/assets/manor/v7-runtime/animals/1051/cub.png","bc1cf5f9bd0edd7262d2cdb17deecf2e075476ef91b319e63520a6edab25c349","exported-root-symbol",
"pasture","1051","producing-a","mc/farm/aswf/a1051_1.swf","e01d412d1964a3fb5ae0e08d3f60b57f0b669c0e46a748bec57e20c0113daba8","Animal_1051_4","158","158","root-symbol","1","0","-757,-1279,592,240","68","76","apps/web/public/assets/manor/v7-runtime/animals/1051/producing-a.png","84cd6199e479d266d07d676f705b525240c7f6093ece239865dc53a3fc990834","exported-root-symbol",
"pasture","1051","retired","mc/farm/aswf/a1051_1.swf","e01d412d1964a3fb5ae0e08d3f60b57f0b669c0e46a748bec57e20c0113daba8","Animal_1051_6","155","155","root-symbol","1","0","-782,-1300,780,253","79","78","apps/web/public/assets/manor/v7-runtime/animals/1051/retired.png","10238e02b6ddee7960014b80a7a0f93d457e60d813fb0759de691710054e9363","exported-root-symbol",
"pasture","1051","mature","mc/farm/aswf/a1051_1.swf","e01d412d1964a3fb5ae0e08d3f60b57f0b669c0e46a748bec57e20c0113daba8","Animal_1051_3","150","150","root-symbol","1","0","-811,-2696,1217,240","102","147","apps/web/public/assets/manor/v7-runtime/animals/1051/mature.png","e0409f5044aacd85fccdd303c1c8454537d1869a5209af42e16a4890bac46bfb","exported-root-symbol",
"pasture","1051","producing-b","mc/farm/aswf/a1051_1.swf","e01d412d1964a3fb5ae0e08d3f60b57f0b669c0e46a748bec57e20c0113daba8","Animal_1051_5","94","94","root-symbol","1","0","-827,-1306,828,238","83","78","apps/web/public/assets/manor/v7-runtime/animals/1051/producing-b.png","04b3ee92e19a8cefe177038b0833c77e68fb11e1134918243baceae52dcd8b69","exported-root-symbol",
"pasture","1052","growing","mc/farm/aswf/a1052_0.swf","2120e9d9ef4c47448e40a4fd7c8754d9ecaf7286502cde0a483962027dbb0580","Animal_1052_2","45","45","root-symbol","1","0","-1057,-746,973,426","102","59","apps/web/public/assets/manor/v7-runtime/animals/1052/growing.png","958e6f4d4cfb4e1fe82791a7d50357959b45e426275e0a92deb25447a866e0aa","exported-root-symbol",
"pasture","1052","cub","mc/farm/aswf/a1052_0.swf","2120e9d9ef4c47448e40a4fd7c8754d9ecaf7286502cde0a483962027dbb0580","Animal_1052_1","44","44","root-symbol","1","0","-820,-576,774,333","80","46","apps/web/public/assets/manor/v7-runtime/animals/1052/cub.png","adc2d60fdd230be48383eaae72b6cdcdafbba5157f1e3bd14ed3b9a64a3d6a15","exported-root-symbol",
"pasture","1052","producing-a","mc/farm/aswf/a1052_1.swf","149c50708170593cbfd104584bcd9f1a6f925927244c0e65708e304ba5b2237c","Animal_1052_4","72","72","root-symbol","1","0","-938,-1088,1915,438","143","77","apps/web/public/assets/manor/v7-runtime/animals/1052/producing-a.png","296ca69c0d2f31ecebf8c6a013e2decd22379ff8055981837f03d001c6335525","exported-root-symbol",
"pasture","1052","retired","mc/farm/aswf/a1052_1.swf","149c50708170593cbfd104584bcd9f1a6f925927244c0e65708e304ba5b2237c","Animal_1052_6","70","70","root-symbol","1","0","-2027,-1137,2019,781","203","96","apps/web/public/assets/manor/v7-runtime/animals/1052/retired.png","8c85d4f21d2ac0e8371f5afbb4d5e051f4b114e26a56618bd635d0a553e4f735","exported-root-symbol",
"pasture","1052","producing-b","mc/farm/aswf/a1052_1.swf","149c50708170593cbfd104584bcd9f1a6f925927244c0e65708e304ba5b2237c","Animal_1052_5","64","64","root-symbol","1","0","-2032,-1130,2009,786","203","96","apps/web/public/assets/manor/v7-runtime/animals/1052/producing-b.png","a9bbb2bf14d73a09496e24fa89b5d46ff527b92f7533f41654c96be63ba18a26","exported-root-symbol",
"pasture","1052","mature","mc/farm/aswf/a1052_1.swf","149c50708170593cbfd104584bcd9f1a6f925927244c0e65708e304ba5b2237c","Animal_1052_3","60","60","root-symbol","1","0","-2034,-2722,1990,781","202","176","apps/web/public/assets/manor/v7-runtime/animals/1052/mature.png","cec4dc97eb6e11660167a12a32050c2d474128f31453873f55fad5f3da7667c9","exported-root-symbol",
"pasture","1053","cub","mc/farm/aswf/a1053_0.swf","fb5195870ff3ccff9d9b84b177f68ae76828af67cbcac690a4c76f1523decddd","Animal_1053_1","36","36","root-symbol","1","0","-935,-1556,935,507","94","104","apps/web/public/assets/manor/v7-runtime/animals/1053/cub.png","e950b553ef211f5e9ef9f6923b07c3e88a85045d1c3e3da414bca56956099e92","exported-root-symbol",
"pasture","1053","growing","mc/farm/aswf/a1053_0.swf","fb5195870ff3ccff9d9b84b177f68ae76828af67cbcac690a4c76f1523decddd","Animal_1053_2","31","31","root-symbol","1","0","-1140,-1886,1140,672","114","128","apps/web/public/assets/manor/v7-runtime/animals/1053/growing.png","f3ad4648efc6ed2135d4ad49b5df981c6c56dc6a4cab6bb922cfa8e5bdb48e52","exported-root-symbol",
"pasture","1053","mature","mc/farm/aswf/a1053_1.swf","b6d77ddaa5d2a572febef4e9e7614c368fc9f28597c5e6c6688949f9a14b1dec","Animal_1053_3","59","59","root-symbol","1","0","-1596,-2472,1596,1637","160","206","apps/web/public/assets/manor/v7-runtime/animals/1053/mature.png","16c806d826882be5e7331341f916a5df781a66f204ae8ca376c968d3ce365a27","exported-root-symbol",
"pasture","1053","producing-a","mc/farm/aswf/a1053_1.swf","b6d77ddaa5d2a572febef4e9e7614c368fc9f28597c5e6c6688949f9a14b1dec","Animal_1053_4","44","44","root-symbol","1","0","-1224,-2332,1344,783","129","156","apps/web/public/assets/manor/v7-runtime/animals/1053/producing-a.png","d320f494a7fb6aabf446cad07d410895c0c56bfdaad13c18dee13a03983b9ee2","exported-root-symbol",
"pasture","1053","producing-b","mc/farm/aswf/a1053_1.swf","b6d77ddaa5d2a572febef4e9e7614c368fc9f28597c5e6c6688949f9a14b1dec","Animal_1053_5","38","38","root-symbol","1","0","-1596,-2332,1596,829","160","159","apps/web/public/assets/manor/v7-runtime/animals/1053/producing-b.png","a444ced8c0a3f0ec468c69fde53fd17a48e181ae4cf93dc3f66b2a559a44a78f","exported-root-symbol",
"pasture","1053","retired","mc/farm/aswf/a1053_1.swf","b6d77ddaa5d2a572febef4e9e7614c368fc9f28597c5e6c6688949f9a14b1dec","Animal_1053_6","32","32","root-symbol","1","0","-1596,-2381,1596,803","160","160","apps/web/public/assets/manor/v7-runtime/animals/1053/retired.png","2e185110206fee687f53915f16f56f439a0263560f86da438daad665d1df464d","exported-root-symbol",
"pasture","1054","growing","mc/farm/aswf/a1054_0.swf","b39098de4467c0c1ba68808a6fc3860155613abdf2609bf7bca278f36b538b49","Animal_1054_2","31","31","root-symbol","1","0","-500,-545,502,286","51","42","apps/web/public/assets/manor/v7-runtime/animals/1054/growing.png","15412f3e057cd428d091441640a5d15b55d47502e0f6c67b8660e8a9c5f2fd41","exported-root-symbol",
"pasture","1054","cub","mc/farm/aswf/a1054_0.swf","b39098de4467c0c1ba68808a6fc3860155613abdf2609bf7bca278f36b538b49","Animal_1054_1","25","25","root-symbol","1","0","-455,-457,455,260","46","36","apps/web/public/assets/manor/v7-runtime/animals/1054/cub.png","b469852f27855451d0ed230fd5544a38b7718850f4b0520b3bf724a2e14e40ac","exported-root-symbol",
"pasture","1054","producing-a","mc/farm/aswf/a1054_1.swf","89d57ffd8dd8f140f11b2bf525f566f85ee3b0e80cb76253dd72b70d691f4db4","Animal_1054_4","87","87","root-symbol","1","0","-763,-901,1244,346","101","63","apps/web/public/assets/manor/v7-runtime/animals/1054/producing-a.png","50ee385946e0b4aad5d7323127ac897398af271a11c99d15e2fcdd008c6cab8c","exported-root-symbol",
"pasture","1054","producing-b","mc/farm/aswf/a1054_1.swf","89d57ffd8dd8f140f11b2bf525f566f85ee3b0e80cb76253dd72b70d691f4db4","Animal_1054_5","85","85","root-symbol","1","0","-1411,-1513,1456,375","144","95","apps/web/public/assets/manor/v7-runtime/animals/1054/producing-b.png","d30e91ed7a0204d059fe2ffa70ba371f6e78284cb3dd5b23b60fe3d0990b160f","exported-root-symbol",
"pasture","1054","retired","mc/farm/aswf/a1054_1.swf","89d57ffd8dd8f140f11b2bf525f566f85ee3b0e80cb76253dd72b70d691f4db4","Animal_1054_6","83","83","root-symbol","1","0","-1417,-1512,1463,378","144","95","apps/web/public/assets/manor/v7-runtime/animals/1054/retired.png","1f5ecdd246232c6afefd6983846eb2df8e2067714d4db04a755b1099249788ef","exported-root-symbol",
"pasture","1054","mature","mc/farm/aswf/a1054_1.swf","89d57ffd8dd8f140f11b2bf525f566f85ee3b0e80cb76253dd72b70d691f4db4","Animal_1054_3","77","77","root-symbol","1","0","-1431,-2556,1428,361","143","146","apps/web/public/assets/manor/v7-runtime/animals/1054/mature.png","07f8937a70f0addd20510b0f04a1c70444c14db8c7c234afb886fc2b9f3614c4","exported-root-symbol",
"pasture","1057","growing","mc/farm/aswf/a1057_0.swf","da3b90bfc61f8f6704fdfe4123bc9fb0cef89de2add7faf64cd819c96936b774","Animal_1057_2","81","81","root-symbol","1","0","-566,-1011,658,278","62","65","apps/web/public/assets/manor/v7-runtime/animals/1057/growing.png","ba50ea603d05f19da1186cbc16f726b5992da3193c95486c3b8244a46b127dd1","exported-root-symbol",
"pasture","1057","cub","mc/farm/aswf/a1057_0.swf","da3b90bfc61f8f6704fdfe4123bc9fb0cef89de2add7faf64cd819c96936b774","Animal_1057_1","35","35","root-symbol","1","0","-328,-551,334,187","34","37","apps/web/public/assets/manor/v7-runtime/animals/1057/cub.png","6b58048ff89f43e672b027e5d843ae745b633bc13ddabb227bcf2b9df07f3361","exported-root-symbol",
"pasture","1057","retired","mc/farm/aswf/a1057_1.swf","36efe3b4b4d7be0bc86566db214e437bb8b35ad61f6ab369f25dcd6cd84c45a7","Animal_1057_6","81","81","root-symbol","1","0","-1118,-1780,1116,367","112","108","apps/web/public/assets/manor/v7-runtime/animals/1057/retired.png","cc0b4f4d226ba0b92c5c482e57f0484756871f899b97538f912f5031031bad81","exported-root-symbol",
"pasture","1057","producing-a","mc/farm/aswf/a1057_1.swf","36efe3b4b4d7be0bc86566db214e437bb8b35ad61f6ab369f25dcd6cd84c45a7","Animal_1057_4","75","75","root-symbol","1","0","-643,-1835,1094,298","87","107","apps/web/public/assets/manor/v7-runtime/animals/1057/producing-a.png","2ea734d77bfe629bc0c5717158dee2674cb4c8a2c52af2c4f10260c7151d8b4f","exported-root-symbol",
"pasture","1057","mature","mc/farm/aswf/a1057_1.swf","36efe3b4b4d7be0bc86566db214e437bb8b35ad61f6ab369f25dcd6cd84c45a7","Animal_1057_3","72","72","root-symbol","1","0","-1118,-2846,1280,380","120","162","apps/web/public/assets/manor/v7-runtime/animals/1057/mature.png","db261775dc785897fc32262e60a624b201704bb1887518cafcb933c0912d53fd","exported-root-symbol",
"pasture","1057","producing-b","mc/farm/aswf/a1057_1.swf","36efe3b4b4d7be0bc86566db214e437bb8b35ad61f6ab369f25dcd6cd84c45a7","Animal_1057_5","53","53","root-symbol","1","0","-1113,-1763,1108,382","112","108","apps/web/public/assets/manor/v7-runtime/animals/1057/producing-b.png","2530e16be5b45168f7d312baa1f68b9cdb423c54275e29dd8b81aafacc15ee69","exported-root-symbol",
"pasture","1058","cub","mc/farm/aswf/a1058_0.swf","ba11bbb36e60c3dc914faa184f4dbd83ed5bf396298033d2dba48960ec80880d","Animal_1058_1","45","45","root-symbol","1","0","-327,-370,325,145","33","26","apps/web/public/assets/manor/v7-runtime/animals/1058/cub.png","1c224f80bd466d95bad1e11137763c5123b77961538daebb5fbcf3d4a0730b9b","exported-root-symbol",
"pasture","1058","growing","mc/farm/aswf/a1058_0.swf","ba11bbb36e60c3dc914faa184f4dbd83ed5bf396298033d2dba48960ec80880d","Animal_1058_2","41","41","root-symbol","1","0","-484,-957,484,382","49","67","apps/web/public/assets/manor/v7-runtime/animals/1058/growing.png","7ced79a2c43c52423cd5ce852867f58f1a79713052060db4d3c3e3e240b4e9bd","exported-root-symbol",
"pasture","1058","mature","mc/farm/aswf/a1058_1.swf","3469215c268d3dcfa1397bd0fab8636170517483b0716702a295e8687b1880b7","Animal_1058_3","64","64","root-symbol","1","0","-596,-2942,1344,382","97","167","apps/web/public/assets/manor/v7-runtime/animals/1058/mature.png","61dd9877db097f2bf85c65e6f013bd645faa8236b5a95f9067229da934278c52","exported-root-symbol",
"pasture","1058","producing-b","mc/farm/aswf/a1058_1.swf","3469215c268d3dcfa1397bd0fab8636170517483b0716702a295e8687b1880b7","Animal_1058_5","50","50","root-symbol","1","0","-596,-1155,596,382","60","77","apps/web/public/assets/manor/v7-runtime/animals/1058/producing-b.png","533cc6e38b08c7607bb72924f7564ff114794f7194780fb1d5f7aa895513be8f","exported-root-symbol",
"pasture","1058","retired","mc/farm/aswf/a1058_1.swf","3469215c268d3dcfa1397bd0fab8636170517483b0716702a295e8687b1880b7","Animal_1058_6","46","46","root-symbol","1","0","-596,-1155,596,382","60","77","apps/web/public/assets/manor/v7-runtime/animals/1058/retired.png","58d65444e3c4b8c0eaddf55129a96ffa5e4b85680b435c835d8f045d8f61bfbc","exported-root-symbol",
"pasture","1058","producing-a","mc/farm/aswf/a1058_1.swf","3469215c268d3dcfa1397bd0fab8636170517483b0716702a295e8687b1880b7","Animal_1058_4","20","20","root-symbol","1","0","-596,-1032,485,382","55","71","apps/web/public/assets/manor/v7-runtime/animals/1058/producing-a.png","c23f382dd64fd3fce1e34f4506b6c1798387d3beead5dc03836ab471a7d7d4f8","exported-root-symbol",
"pasture","1059","cub","mc/farm/aswf/a1059_0.swf","77528a6d67a2b86e08fde21fb1ed990743b72df3fd38f8ac0eaa21773e019e00","Animal_1059_1","24","24","root-symbol","1","0","-656,-417,645,406","66","42","apps/web/public/assets/manor/v7-runtime/animals/1059/cub.png","2f57e9e63783f1a7d108ab57c6c93e0d5ff074f1565c7848b55aa8d078331e49","exported-root-symbol",
"pasture","1059","growing","mc/farm/aswf/a1059_0.swf","77528a6d67a2b86e08fde21fb1ed990743b72df3fd38f8ac0eaa21773e019e00","Animal_1059_2","20","20","root-symbol","1","0","-910,-564,910,544","91","56","apps/web/public/assets/manor/v7-runtime/animals/1059/growing.png","4c0cb9e1e7303ba4e192912d7f65479073ad367d23e34a802c354091755b0459","exported-root-symbol",
"pasture","1059","mature","mc/farm/aswf/a1059_1.swf","70515ee97d8571b6f7ac79eb31ef81f67cdc4fa40d7b550cf94acd6a6ff6da50","Animal_1059_3","49","49","root-symbol","1","0","-1154,-2819,1666,730","141","178","apps/web/public/assets/manor/v7-runtime/animals/1059/mature.png","b4ce7fcfb9e9808b3cb9da26a06c66c7010d03876e469a360cfc4b78472abc78","exported-root-symbol",
"pasture","1059","producing-a","mc/farm/aswf/a1059_1.swf","70515ee97d8571b6f7ac79eb31ef81f67cdc4fa40d7b550cf94acd6a6ff6da50","Animal_1059_4","32","32","root-symbol","1","0","-1133,-662,1054,679","110","68","apps/web/public/assets/manor/v7-runtime/animals/1059/producing-a.png","43c1adf380c34eb44bb4e6e07d621585600595d799d2196c25abadd3671ca787","exported-root-symbol",
"pasture","1059","producing-b","mc/farm/aswf/a1059_1.swf","70515ee97d8571b6f7ac79eb31ef81f67cdc4fa40d7b550cf94acd6a6ff6da50","Animal_1059_5","26","26","root-symbol","1","0","-1134,-715,1134,679","114","70","apps/web/public/assets/manor/v7-runtime/animals/1059/producing-b.png","8a9766700def3d487206ca3bd0939bdabc9e2d0a00e27e279afc052f8bbc3e1d","exported-root-symbol",
"pasture","1059","retired","mc/farm/aswf/a1059_1.swf","70515ee97d8571b6f7ac79eb31ef81f67cdc4fa40d7b550cf94acd6a6ff6da50","Animal_1059_6","21","21","root-symbol","1","0","-1134,-715,1134,679","114","70","apps/web/public/assets/manor/v7-runtime/animals/1059/retired.png","c4fbeac0c2f919f3d9a1b4255682f201ee2384b8131728ba508563dd7af26b06","exported-root-symbol",
"pasture","1060","cub","mc/farm/aswf/a1060_0.swf","6ce974087e9b4815395dc6b1b792eb3bd94af5d8ebc09cec763f0766d4d19a54","Animal_1060_1","20","20","root-symbol","1","0","-304,-812,302,134","31","48","apps/web/public/assets/manor/v7-runtime/animals/1060/cub.png","7244579e98cbc32d41cc5c1dfb5dfde862a2849494b3fc15eb4a6ccd12b9a18d","exported-root-symbol",
"pasture","1060","growing","mc/farm/aswf/a1060_0.swf","6ce974087e9b4815395dc6b1b792eb3bd94af5d8ebc09cec763f0766d4d19a54","Animal_1060_2","16","16","root-symbol","1","0","-441,-1231,440,196","45","72","apps/web/public/assets/manor/v7-runtime/animals/1060/growing.png","3d284a6f3d6079fec66e09bf99dd7110e0ac09d7a329ba8a2426c6901486197b","exported-root-symbol",
"pasture","1060","mature","mc/farm/aswf/a1060_1.swf","55452d8f9c2d59489f0a4ea1c3d865b06eefbb709974bedc54877122fa100cea","Animal_1060_3","45","45","root-symbol","1","0","-545,-2714,1913,227","123","148","apps/web/public/assets/manor/v7-runtime/animals/1060/mature.png","eaf04bbc0d90f2486a7d6b3f0bdc1fcf0f7bde7493777507aa93c70a9033a107","exported-root-symbol",
"pasture","1060","producing-a","mc/farm/aswf/a1060_1.swf","55452d8f9c2d59489f0a4ea1c3d865b06eefbb709974bedc54877122fa100cea","Animal_1060_4","27","27","root-symbol","1","0","-512,-1613,487,227","50","92","apps/web/public/assets/manor/v7-runtime/animals/1060/producing-a.png","49bb91d9cf506453a151f232f97515af91d1cc62263297475518d252db0b1c8b","exported-root-symbol",
"pasture","1060","producing-b","mc/farm/aswf/a1060_1.swf","55452d8f9c2d59489f0a4ea1c3d865b06eefbb709974bedc54877122fa100cea","Animal_1060_5","21","21","root-symbol","1","0","-545,-1725,545,227","55","98","apps/web/public/assets/manor/v7-runtime/animals/1060/producing-b.png","a3021d6ed1b5fbaef2b20541618797ec6a167dbc0d6120a14b13b3d357729938","exported-root-symbol",
"pasture","1060","retired","mc/farm/aswf/a1060_1.swf","55452d8f9c2d59489f0a4ea1c3d865b06eefbb709974bedc54877122fa100cea","Animal_1060_6","17","17","root-symbol","1","0","-545,-1725,545,227","55","98","apps/web/public/assets/manor/v7-runtime/animals/1060/retired.png","94af156cec5855c5be154df1d8d8da3685d85b4a9c959394d3b263799ceac4de","exported-root-symbol",
"pasture","1062","cub","mc/farm/aswf/a1062_0.swf","70bfbf2dd83f4adfa14b1161e6f2d2a657947cca431c5a3db2babb7f88f6645e","Animal_1062_1","33","33","root-symbol","1","0","-491,-789,490,246","50","52","apps/web/public/assets/manor/v7-runtime/animals/1062/cub.png","3795c0120795568856d224c41dc152fa9e19d15b8821bda01686ec3f1d67ad0a","exported-root-symbol",
"pasture","1062","growing","mc/farm/aswf/a1062_0.swf","70bfbf2dd83f4adfa14b1161e6f2d2a657947cca431c5a3db2babb7f88f6645e","Animal_1062_2","24","24","root-symbol","1","0","-735,-1370,735,343","74","86","apps/web/public/assets/manor/v7-runtime/animals/1062/growing.png","68782d8f1fb24522f9dcbb1d3b64f6738ea95f4d04d9435ae0edab126b188847","exported-root-symbol",
"pasture","1062","mature","mc/farm/aswf/a1062_1.swf","98a390b211fa1f7535dfe31ccc7173334b6791ea5400a260c10f3f793eef4cfd","Animal_1062_3","48","48","root-symbol","1","0","-862,-3058,1694,401","128","173","apps/web/public/assets/manor/v7-runtime/animals/1062/mature.png","85c57f96e42c7030e331f4a2ea1f1281c3b2e675e3e032270509d1cf87c96c24","exported-root-symbol",
"pasture","1062","producing-a","mc/farm/aswf/a1062_1.swf","98a390b211fa1f7535dfe31ccc7173334b6791ea5400a260c10f3f793eef4cfd","Animal_1062_4","34","34","root-symbol","1","0","-680,-1607,859,394","77","101","apps/web/public/assets/manor/v7-runtime/animals/1062/producing-a.png","c30c0ab06ab6ef371f40de4976ab1ee0fa9a6087b3862a7ccde04fd5818fef85","exported-root-symbol",
"pasture","1062","producing-b","mc/farm/aswf/a1062_1.swf","98a390b211fa1f7535dfe31ccc7173334b6791ea5400a260c10f3f793eef4cfd","Animal_1062_5","28","28","root-symbol","1","0","-862,-1607,861,401","87","101","apps/web/public/assets/manor/v7-runtime/animals/1062/producing-b.png","784cbef5b0c4c6c312461a1dfb6f23eaf9c0dfa5bf9e94efc2eb4f4fbb16fb7e","exported-root-symbol",
"pasture","1062","retired","mc/farm/aswf/a1062_1.swf","98a390b211fa1f7535dfe31ccc7173334b6791ea5400a260c10f3f793eef4cfd","Animal_1062_6","24","24","root-symbol","1","0","-862,-1607,863,401","87","101","apps/web/public/assets/manor/v7-runtime/animals/1062/retired.png","f837125162d643828d4e6216a1868134702dff47fda3feebcfb11e5fa3500425","exported-root-symbol",
"pasture","1063","cub","mc/farm/aswf/a1063_0.swf","3d4ef600901c7b2ffc1a770b29a6882ad8db615247fdb5504031d19f38437152","Animal_1063_1","49","49","root-symbol","1","0","-358,-433,358,217","36","33","apps/web/public/assets/manor/v7-runtime/animals/1063/cub.png","7545a8e8c929deab7bcdff2c6862386e1782db99504dd1b23cae49fa6941ab55","exported-root-symbol",
"pasture","1063","growing","mc/farm/aswf/a1063_0.swf","3d4ef600901c7b2ffc1a770b29a6882ad8db615247fdb5504031d19f38437152","Animal_1063_2","34","34","root-symbol","1","0","-482,-1114,481,269","49","70","apps/web/public/assets/manor/v7-runtime/animals/1063/growing.png","2ed1b144c72bc2618d6234cd1d8bcc4515c6298e8d1e05c4712d137979fe6b5f","exported-root-symbol",
"pasture","1063","mature","mc/farm/aswf/a1063_1.swf","42948cd041b4d2485ed2d1fff2864a4c3299a55a214270a5f81d2bd601d63961","Animal_1063_3","76","76","root-symbol","1","0","-860,-1795,1214,1313","104","156","apps/web/public/assets/manor/v7-runtime/animals/1063/mature.png","74253cf84aa57f0c5570e3e0718e690da9c54adb2009791ccd09183197fedc02","exported-root-symbol",
"pasture","1063","producing-a","mc/farm/aswf/a1063_1.swf","42948cd041b4d2485ed2d1fff2864a4c3299a55a214270a5f81d2bd601d63961","Animal_1063_4","57","57","root-symbol","1","0","-595,-1398,828,331","72","87","apps/web/public/assets/manor/v7-runtime/animals/1063/producing-a.png","e93e2adba7cfe732fb84ac9b57f2667ab45b4254e18696070de98691a2139ef1","exported-root-symbol",
"pasture","1063","producing-b","mc/farm/aswf/a1063_1.swf","42948cd041b4d2485ed2d1fff2864a4c3299a55a214270a5f81d2bd601d63961","Animal_1063_5","51","51","root-symbol","1","0","-860,-1421,860,331","86","88","apps/web/public/assets/manor/v7-runtime/animals/1063/producing-b.png","84c0db42a78e415d7e1a0567736f1347c80ed5f682f41e037201ae3940b9282d","exported-root-symbol",
"pasture","1063","retired","mc/farm/aswf/a1063_1.swf","42948cd041b4d2485ed2d1fff2864a4c3299a55a214270a5f81d2bd601d63961","Animal_1063_6","41","41","root-symbol","1","0","-860,-1421,860,331","86","88","apps/web/public/assets/manor/v7-runtime/animals/1063/retired.png","a996dce4ade8e2a98541ba68aa2dad4c28bbf1c0beadfdcf8182ab12f8f0ecfd","exported-root-symbol",
"pasture","1065","cub","mc/farm/aswf/a1065_0.swf","cbef1bb9b613ddc1d7a39cfd7075effbcbf7cc97134862a6d07c3f82525f18ab","Animal_1065_1","31","31","root-symbol","1","0","-276,-407,276,125","28","27","apps/web/public/assets/manor/v7-runtime/animals/1065/cub.png","3e597645598892f98943db7ca24b9b6be4151003e1549fee298d3663818db70d","exported-root-symbol",
"pasture","1065","growing","mc/farm/aswf/a1065_0.swf","cbef1bb9b613ddc1d7a39cfd7075effbcbf7cc97134862a6d07c3f82525f18ab","Animal_1065_2","27","27","root-symbol","1","0","-808,-1151,808,170","81","67","apps/web/public/assets/manor/v7-runtime/animals/1065/growing.png","ccca5e4523f4b481a4ecbcbb9274540b392f22bb988f83c7879afc1f801abfff","exported-root-symbol",
"pasture","1065","mature","mc/farm/aswf/a1065_1.swf","3884bf7987de7ebbc8ae9d3103a328cb244c8b1dad39f39031ae3df6dee15b97","Animal_1065_3","49","49","root-symbol","1","0","-1187,-3662,1823,234","151","195","apps/web/public/assets/manor/v7-runtime/animals/1065/mature.png","0f6d77959f10ad745e57cb150521b9201f8933a04a4057e7509a3caf5630164c","exported-root-symbol",
"pasture","1065","producing-a","mc/farm/aswf/a1065_1.swf","3884bf7987de7ebbc8ae9d3103a328cb244c8b1dad39f39031ae3df6dee15b97","Animal_1065_4","35","35","root-symbol","1","0","-515,-1697,886,234","71","97","apps/web/public/assets/manor/v7-runtime/animals/1065/producing-a.png","6e06f2a76aca13af9bfb6118bd17bfb7f5e2089d183c2b0b465658a3e6288927","exported-root-symbol",
"pasture","1065","producing-b","mc/farm/aswf/a1065_1.swf","3884bf7987de7ebbc8ae9d3103a328cb244c8b1dad39f39031ae3df6dee15b97","Animal_1065_5","32","32","root-symbol","1","0","-1187,-1697,1187,234","119","97","apps/web/public/assets/manor/v7-runtime/animals/1065/producing-b.png","797a79f8b702f933464e4efa47ba2f8fbdf7574ddd5e6331abeb5cb432a068d7","exported-root-symbol",
"pasture","1065","retired","mc/farm/aswf/a1065_1.swf","3884bf7987de7ebbc8ae9d3103a328cb244c8b1dad39f39031ae3df6dee15b97","Animal_1065_6","28","28","root-symbol","1","0","-1187,-1697,1187,234","119","97","apps/web/public/assets/manor/v7-runtime/animals/1065/retired.png","a959e60ab532d4e59c6fe6a067d2b966368ab29b3683ebb4bda423aa3b104ab5","exported-root-symbol",
"pasture","1066","growing","mc/farm/aswf/a1066_0.swf","5a6c07add2459d3078231ee536703e84b487b22d3d7ca6008c5e1f1662cdc712","Animal_1066_2","44","44","root-symbol","1","0","-599,-1064,581,197","59","64","apps/web/public/assets/manor/v7-runtime/animals/1066/growing.png","1da5cf680e1f246c4eec0948e8ef21f083358ecb4619724e2270b85cbd2174f1","exported-root-symbol",
"pasture","1066","cub","mc/farm/aswf/a1066_0.swf","5a6c07add2459d3078231ee536703e84b487b22d3d7ca6008c5e1f1662cdc712","Animal_1066_1","19","19","root-symbol","1","0","-342,-521,342,178","35","35","apps/web/public/assets/manor/v7-runtime/animals/1066/cub.png","b11f780efacbece67f21e3d33adde879d590012bfa45a8f139ce71a3891b4f61","exported-root-symbol",
"pasture","1066","retired","mc/farm/aswf/a1066_1.swf","31b4bae3ac13608114c50e2b620faf20994e4a59ecc34d6bc61b8d0436ed5e3e","Animal_1066_6","76","76","root-symbol","1","0","-957,-1579,957,256","96","92","apps/web/public/assets/manor/v7-runtime/animals/1066/retired.png","b05699b135c1a2c0e4478216606aa2cf12632e709154b51b79434c63ca33e3da","exported-root-symbol",
"pasture","1066","producing-b","mc/farm/aswf/a1066_1.swf","31b4bae3ac13608114c50e2b620faf20994e4a59ecc34d6bc61b8d0436ed5e3e","Animal_1066_5","69","69","root-symbol","1","0","-957,-1579,957,256","96","92","apps/web/public/assets/manor/v7-runtime/animals/1066/producing-b.png","9a20f167cc4a4e87846b7022ea3f791868bc75ae44b4bd0c471263fab71fa4f0","exported-root-symbol",
"pasture","1066","producing-a","mc/farm/aswf/a1066_1.swf","31b4bae3ac13608114c50e2b620faf20994e4a59ecc34d6bc61b8d0436ed5e3e","Animal_1066_4","64","64","root-symbol","1","0","-886,-1579,957,255","93","92","apps/web/public/assets/manor/v7-runtime/animals/1066/producing-a.png","18b29d9a9ac80ec9cb2815a0c8911cf0fd42ff1bbebfb6d6575fe7284c347b93","exported-root-symbol",
"pasture","1066","mature","mc/farm/aswf/a1066_1.swf","31b4bae3ac13608114c50e2b620faf20994e4a59ecc34d6bc61b8d0436ed5e3e","Animal_1066_3","62","62","root-symbol","1","0","-1177,-2942,1342,717","126","183","apps/web/public/assets/manor/v7-runtime/animals/1066/mature.png","318cd348bb7ec444022d227e6bcad8e75f10be56028c7f17eea5185bcc3e9b51","exported-root-symbol",
"pasture","1067","cub","mc/farm/aswf/a1067_0.swf","a075a0d8ef9be17d0fac67dc58bbb7837e53f6b31fe52b7d4d451bf8efc60398","Animal_1067_1","30","30","root-symbol","1","0","-303,-901,303,138","31","52","apps/web/public/assets/manor/v7-runtime/animals/1067/cub.png","aa6bf7363f06e52f20327ad20cda0132d0ed4d2c5a1323322dc0462f21737546","exported-root-symbol",
"pasture","1067","growing","mc/farm/aswf/a1067_0.swf","a075a0d8ef9be17d0fac67dc58bbb7837e53f6b31fe52b7d4d451bf8efc60398","Animal_1067_2","19","19","root-symbol","1","0","-415,-1209,415,211","42","71","apps/web/public/assets/manor/v7-runtime/animals/1067/growing.png","ff51c5dc5faf77e414124c277fa18fb37078cfe7bfe72d58ce7a27968009a2fc","exported-root-symbol",
"pasture","1067","mature","mc/farm/aswf/a1067_1.swf","a1341de287a1c9c1caa4644b69e650fc577cfabf3147d6681413ceb836980087","Animal_1067_3","65","65","root-symbol","1","0","-872,-3397,1634,437","126","192","apps/web/public/assets/manor/v7-runtime/animals/1067/mature.png","07ce272f4fcfa61febe050c5780d95f17aeb6a8de59b3d09963fb6ed1cefb6db","exported-root-symbol",
"pasture","1067","producing-a","mc/farm/aswf/a1067_1.swf","a1341de287a1c9c1caa4644b69e650fc577cfabf3147d6681413ceb836980087","Animal_1067_4","51","51","root-symbol","1","0","-872,-1417,826,434","85","93","apps/web/public/assets/manor/v7-runtime/animals/1067/producing-a.png","592fc80a74068a2a4977e26763c9753751f97cdd8b83acb432583418a6691529","exported-root-symbol",
"pasture","1067","producing-b","mc/farm/aswf/a1067_1.swf","a1341de287a1c9c1caa4644b69e650fc577cfabf3147d6681413ceb836980087","Animal_1067_5","48","48","root-symbol","1","0","-872,-1417,872,437","88","93","apps/web/public/assets/manor/v7-runtime/animals/1067/producing-b.png","a7b54abd863c2dc4bbb345be82588fd90337ed0c6605e32de30b06d544cc25c1","exported-root-symbol",
"pasture","1067","retired","mc/farm/aswf/a1067_1.swf","a1341de287a1c9c1caa4644b69e650fc577cfabf3147d6681413ceb836980087","Animal_1067_6","44","44","root-symbol","1","0","-872,-1417,872,437","88","93","apps/web/public/assets/manor/v7-runtime/animals/1067/retired.png","6bb606a4058dc032dc9573d4e419e7ad3071351c3f89b236919a6bc8cb254b5e","exported-root-symbol",
"pasture","1068","cub","mc/farm/aswf/a1068_0.swf","9e4dd8c3c2d6a76470859e27027a12b8e72a1208bb277bbe3e5b5cfc67631da0","Animal_1068_1","40","40","root-symbol","1","0","-311,-395,311,198","32","30","apps/web/public/assets/manor/v7-runtime/animals/1068/cub.png","5ce21e037f8bf207b42e2a8e6ec566a80bbfbb450dc409924c6b55301274ebde","exported-root-symbol",
"pasture","1068","growing","mc/farm/aswf/a1068_0.swf","9e4dd8c3c2d6a76470859e27027a12b8e72a1208bb277bbe3e5b5cfc67631da0","Animal_1068_2","26","26","root-symbol","1","0","-527,-925,529,275","53","60","apps/web/public/assets/manor/v7-runtime/animals/1068/growing.png","4d83c779c51313fa444b9550f97df3a125e29c8a286987b91e4b1ca08f2ade2d","exported-root-symbol",
"pasture","1068","mature","mc/farm/aswf/a1068_1.swf","4326e2b960589892ba0b3740eae123d1ddb72f009f27420e93158a13b27931d9","Animal_1068_3","65","65","root-symbol","1","0","-951,-3329,1524,274","124","181","apps/web/public/assets/manor/v7-runtime/animals/1068/mature.png","e1ab7a8ea8b6008dc17e8ea83533cc6006cde6fdf22b269e65696d972bbacdae","exported-root-symbol",
"pasture","1068","producing-a","mc/farm/aswf/a1068_1.swf","4326e2b960589892ba0b3740eae123d1ddb72f009f27420e93158a13b27931d9","Animal_1068_4","51","51","root-symbol","1","0","-861,-1327,887,274","88","81","apps/web/public/assets/manor/v7-runtime/animals/1068/producing-a.png","023cd3a3c5bf9f013e5c280f6fc951b5fdfc528fbc6660e79600b28b9a606cc0","exported-root-symbol",
"pasture","1068","producing-b","mc/farm/aswf/a1068_1.swf","4326e2b960589892ba0b3740eae123d1ddb72f009f27420e93158a13b27931d9","Animal_1068_5","45","45","root-symbol","1","0","-951,-1327,951,275","96","81","apps/web/public/assets/manor/v7-runtime/animals/1068/producing-b.png","34c0c29c7408d9dcf0013a97cc667911b88b77a55dfa79f1cf57c79e3f3e0330","exported-root-symbol",
"pasture","1068","retired","mc/farm/aswf/a1068_1.swf","4326e2b960589892ba0b3740eae123d1ddb72f009f27420e93158a13b27931d9","Animal_1068_6","41","41","root-symbol","1","0","-951,-1327,951,275","96","81","apps/web/public/assets/manor/v7-runtime/animals/1068/retired.png","6bc3e4ed18fe6147f4f82d6d32f4c0b9f693ff52aee84ea2ce80eb6dc2e5851b","exported-root-symbol",
"pasture","1069","cub","mc/farm/aswf/a1069_0.swf","88823df9f96a9e40a272d8898ba72d769ab7a075fc41c7389f49ecbd31a74e42","Animal_1069_1","28","28","root-symbol","1","0","-273,-610,273,176","28","40","apps/web/public/assets/manor/v7-runtime/animals/1069/cub.png","26bce72382bb166a2f914e25a609c6a947fcd62ea481af11c300c0998f39f142","exported-root-symbol",
"pasture","1069","growing","mc/farm/aswf/a1069_0.swf","88823df9f96a9e40a272d8898ba72d769ab7a075fc41c7389f49ecbd31a74e42","Animal_1069_2","22","22","root-symbol","1","0","-432,-1003,432,264","44","64","apps/web/public/assets/manor/v7-runtime/animals/1069/growing.png","8f8679673757bc683419e355494d64291d14d695ce8d4f6afccfe5fa4ce7d510","exported-root-symbol",
"pasture","1069","mature","mc/farm/aswf/a1069_1.swf","5ec4fd33a19f13a58ce870f9ae8505c2b58311cb5aa59d4558b1155281c1d08f","Animal_1069_3","69","69","root-symbol","1","0","-1586,-3451,1586,725","159","209","apps/web/public/assets/manor/v7-runtime/animals/1069/mature.png","abf224c539b4bed1f88f6872330e826a27a8548332e48a54e623c497eb5be9c7","exported-root-symbol",
"pasture","1069","producing-a","mc/farm/aswf/a1069_1.swf","5ec4fd33a19f13a58ce870f9ae8505c2b58311cb5aa59d4558b1155281c1d08f","Animal_1069_4","54","54","root-symbol","1","0","-906,-1545,1347,416","113","99","apps/web/public/assets/manor/v7-runtime/animals/1069/producing-a.png","52fc11a63be17b6047ec6f791f3c36ca1c71c01f8b3c0289afd859b6f244c71b","exported-root-symbol",
"pasture","1069","producing-b","mc/farm/aswf/a1069_1.swf","5ec4fd33a19f13a58ce870f9ae8505c2b58311cb5aa59d4558b1155281c1d08f","Animal_1069_5","48","48","root-symbol","1","0","-1586,-1660,1586,725","159","120","apps/web/public/assets/manor/v7-runtime/animals/1069/producing-b.png","3101bc64e32d187bf3e1f4e8c46ca5505ea266a9932b0140411a3647aba05604","exported-root-symbol",
"pasture","1069","retired","mc/farm/aswf/a1069_1.swf","5ec4fd33a19f13a58ce870f9ae8505c2b58311cb5aa59d4558b1155281c1d08f","Animal_1069_6","44","44","root-symbol","1","0","-1586,-1660,1586,725","159","120","apps/web/public/assets/manor/v7-runtime/animals/1069/retired.png","6499ca30c9805104702b5700dfcaa37d4271992536624f66443755690ab6d9b4","exported-root-symbol",
"pasture","1070","growing","mc/farm/aswf/a1070_0.swf","ebfc1a31bbc61fd871426ef90d4d5318b5c6bfc5c58b2fc8e6b0d28f98af69c0","Animal_1070_2","29","29","root-symbol","1","0","-525,-1062,529,269","53","67","apps/web/public/assets/manor/v7-runtime/animals/1070/growing.png","b7e41befea210e2f6406f8e93afc7f0606181db102c5460e0b14238907626703","exported-root-symbol",
"pasture","1070","cub","mc/farm/aswf/a1070_0.swf","ebfc1a31bbc61fd871426ef90d4d5318b5c6bfc5c58b2fc8e6b0d28f98af69c0","Animal_1070_1","14","14","root-symbol","1","0","-248,-377,248,151","25","27","apps/web/public/assets/manor/v7-runtime/animals/1070/cub.png","19662c45e3acea5ca2504619bc20a9fa94b99ecb6f89013de3f75da0e20921d8","exported-root-symbol",
"pasture","1070","retired","mc/farm/aswf/a1070_1.swf","972cf6df29202f8da6f64706954f1eca2e9ccc30370071cc9cc5b940e2a6eb82","Animal_1070_6","54","54","root-symbol","1","0","-986,-1720,986,399","99","106","apps/web/public/assets/manor/v7-runtime/animals/1070/retired.png","07757640645c5d329a428c8d43417d92c1b8a132fc375042d5a3b178af9c36de","exported-root-symbol",
"pasture","1070","producing-b","mc/farm/aswf/a1070_1.swf","972cf6df29202f8da6f64706954f1eca2e9ccc30370071cc9cc5b940e2a6eb82","Animal_1070_5","46","46","root-symbol","1","0","-985,-1720,986,399","99","106","apps/web/public/assets/manor/v7-runtime/animals/1070/producing-b.png","edd434c08d192628ea472516d0ea0f2f8916128512caa9873bf420ff5ac9f90d","exported-root-symbol",
"pasture","1070","producing-a","mc/farm/aswf/a1070_1.swf","972cf6df29202f8da6f64706954f1eca2e9ccc30370071cc9cc5b940e2a6eb82","Animal_1070_4","40","40","root-symbol","1","0","-637,-1720,986,382","82","106","apps/web/public/assets/manor/v7-runtime/animals/1070/producing-a.png","4377c05157173398bb486b2b3d3fc8715124f5a9f14e456c033fab813fd63bfb","exported-root-symbol",
"pasture","1070","mature","mc/farm/aswf/a1070_1.swf","972cf6df29202f8da6f64706954f1eca2e9ccc30370071cc9cc5b940e2a6eb82","Animal_1070_3","38","38","root-symbol","1","0","-1076,-2943,1343,1171","121","206","apps/web/public/assets/manor/v7-runtime/animals/1070/mature.png","e21c74b71592db5931c78b772636697c4498cc50ddd37ff4b3cee25619c920e2","exported-root-symbol",
"pasture","1071","growing","mc/farm/aswf/a1071_0.swf","db5e41cce3c488b2e629b9202d4a9e9c6d87ed7d486019f88b77169f9f20a578","Animal_1071_2","44","44","root-symbol","1","0","-718,-924,803,241","77","59","apps/web/public/assets/manor/v7-runtime/animals/1071/growing.png","e6d02f200f764e1b87108f92b938e3b3967cdee0eb5a20910302b5e495b1257a","exported-root-symbol",
"pasture","1071","cub","mc/farm/aswf/a1071_0.swf","db5e41cce3c488b2e629b9202d4a9e9c6d87ed7d486019f88b77169f9f20a578","Animal_1071_1","32","32","root-symbol","1","0","-321,-627,353,181","34","41","apps/web/public/assets/manor/v7-runtime/animals/1071/cub.png","e5b1b420e0a3fdf7d4cbebc0210b50824e6cb22d09b2fa54f6e687f0ce178f11","exported-root-symbol",
"pasture","1071","producing-b","mc/farm/aswf/a1071_1.swf","f85676bc34ffcc44a0f207aca2b27945a7d074d31e7fd360b04c8366097eb974","Animal_1071_5","102","102","root-symbol","1","0","-1407,-2135,1532,346","147","125","apps/web/public/assets/manor/v7-runtime/animals/1071/producing-b.png","cea888bc513983a9e4567f099dc6befc3d0ef79df6b16e6c2a28e005f8564f9a","exported-root-symbol",
"pasture","1071","producing-a","mc/farm/aswf/a1071_1.swf","f85676bc34ffcc44a0f207aca2b27945a7d074d31e7fd360b04c8366097eb974","Animal_1071_4","100","100","root-symbol","1","0","-1106,-1500,1347,365","123","94","apps/web/public/assets/manor/v7-runtime/animals/1071/producing-a.png","558747d6c16660a4bb052b6123ca8d2d5be2b29f454bfb020748446fdeb721bd","exported-root-symbol",
"pasture","1071","mature","mc/farm/aswf/a1071_1.swf","f85676bc34ffcc44a0f207aca2b27945a7d074d31e7fd360b04c8366097eb974","Animal_1071_3","97","97","root-symbol","1","0","-1456,-2402,1524,406","149","141","apps/web/public/assets/manor/v7-runtime/animals/1071/mature.png","c890bd9baf58b9eb8251c47971783a21ca5bc82b718a6088a3baeb73403fb03c","exported-root-symbol",
"pasture","1071","retired","mc/farm/aswf/a1071_1.swf","f85676bc34ffcc44a0f207aca2b27945a7d074d31e7fd360b04c8366097eb974","Animal_1071_6","77","77","root-symbol","1","0","-1420,-2174,1504,320","147","125","apps/web/public/assets/manor/v7-runtime/animals/1071/retired.png","d77b3a4121523a6092172e952ff09a1f1087d88bc2ff0d76fcd403af80308500","exported-root-symbol",
"pasture","1072","cub","mc/farm/aswf/a1072_0.swf","22205fff78a69277343bddd6b22ddc00ab45337ea3744ce5281c6430c990422c","Animal_1072_1","45","45","root-symbol","1","0","-388,-651,388,188","39","42","apps/web/public/assets/manor/v7-runtime/animals/1072/cub.png","0d39643562065279ef15fd836d4864996cbeecc3d1a10a4f39bd2f9ad3507b2c","exported-root-symbol",
"pasture","1072","growing","mc/farm/aswf/a1072_0.swf","22205fff78a69277343bddd6b22ddc00ab45337ea3744ce5281c6430c990422c","Animal_1072_2","28","28","root-symbol","1","0","-514,-1199,518,154","52","68","apps/web/public/assets/manor/v7-runtime/animals/1072/growing.png","c9043d1a6910099de7a9de235f229d847a4adff1c8a4429d47547e34cda371e8","exported-root-symbol",
"pasture","1072","mature","mc/farm/aswf/a1072_1.swf","1f1aca0b696cb0b514899680d3519e532b5141558cc80e124cd870d389371bf0","Animal_1072_3","65","65","root-symbol","1","0","-671,-3009,1534,186","111","160","apps/web/public/assets/manor/v7-runtime/animals/1072/mature.png","7243b73c2989f2cac9508b707fea45b335d2a9256b610056593cb3b8cd6e0743","exported-root-symbol",
"pasture","1072","producing-a","mc/farm/aswf/a1072_1.swf","1f1aca0b696cb0b514899680d3519e532b5141558cc80e124cd870d389371bf0","Animal_1072_4","45","45","root-symbol","1","0","-504,-2023,671,183","59","111","apps/web/public/assets/manor/v7-runtime/animals/1072/producing-a.png","24134fbb6929a965c663d37d760962bec56464dbb111c310ff01c7a246aca66c","exported-root-symbol",
"pasture","1072","producing-b","mc/farm/aswf/a1072_1.swf","1f1aca0b696cb0b514899680d3519e532b5141558cc80e124cd870d389371bf0","Animal_1072_5","41","41","root-symbol","1","0","-668,-2023,671,183","67","111","apps/web/public/assets/manor/v7-runtime/animals/1072/producing-b.png","78de717d68f538d18e9df1ca2098a439c4f73959469ce247486fa4c2ec8d06a7","exported-root-symbol",
"pasture","1072","retired","mc/farm/aswf/a1072_1.swf","1f1aca0b696cb0b514899680d3519e532b5141558cc80e124cd870d389371bf0","Animal_1072_6","35","35","root-symbol","1","0","-667,-1889,671,185","67","104","apps/web/public/assets/manor/v7-runtime/animals/1072/retired.png","32f9a0a5ecfd61412d14d8f1234824f863474bf87a23c419b79c92921baf649a","exported-root-symbol",
"pasture","1073","cub","mc/farm/aswf/a1073_0.swf","ccc596a025249665092826fbe2392697bd9053f20ae09d5d5b81366d8cd79287","Animal_1073_1","26","26","root-symbol","1","0","-430,-524,432,224","44","38","apps/web/public/assets/manor/v7-runtime/animals/1073/cub.png","b5faee6921a0022af99d7f198f5767e93962f2f6192081f5fd0e66c8548e07ac","exported-root-symbol",
"pasture","1073","growing","mc/farm/aswf/a1073_0.swf","ccc596a025249665092826fbe2392697bd9053f20ae09d5d5b81366d8cd79287","Animal_1073_2","22","22","root-symbol","1","0","-778,-724,778,334","78","53","apps/web/public/assets/manor/v7-runtime/animals/1073/growing.png","a8b5c17bf95a3c0c8893807cf114ae5df43183629183d43caf266a3e888aef38","exported-root-symbol",
"pasture","1073","mature","mc/farm/aswf/a1073_1.swf","20a7b0033d491afb1c3541a63f5ed66e89a368e389631a83b171267cf9c9a153","Animal_1073_3","43","43","root-symbol","1","0","-1030,-2538,1380,439","121","149","apps/web/public/assets/manor/v7-runtime/animals/1073/mature.png","3ba4924429ef3aa9080809d9447885c072d8e436bcf4b03cd6685dc25bb6f472","exported-root-symbol",
"pasture","1073","producing-b","mc/farm/aswf/a1073_1.swf","20a7b0033d491afb1c3541a63f5ed66e89a368e389631a83b171267cf9c9a153","Animal_1073_5","30","30","root-symbol","1","0","-1030,-957,1030,439","103","70","apps/web/public/assets/manor/v7-runtime/animals/1073/producing-b.png","39079e12bc4837cefcf4492b127b0976e5d3fd3b30f687a493e0d3a42cc952cf","exported-root-symbol",
"pasture","1073","retired","mc/farm/aswf/a1073_1.swf","20a7b0033d491afb1c3541a63f5ed66e89a368e389631a83b171267cf9c9a153","Animal_1073_6","26","26","root-symbol","1","0","-1030,-957,1030,439","103","70","apps/web/public/assets/manor/v7-runtime/animals/1073/retired.png","74e0d2d6321979156ab5e1bccd2e8e51181ce578955d23017d6075b0cf0764f3","exported-root-symbol",
"pasture","1073","producing-a","mc/farm/aswf/a1073_1.swf","20a7b0033d491afb1c3541a63f5ed66e89a368e389631a83b171267cf9c9a153","Animal_1073_4","15","15","root-symbol","1","0","-800,-704,970,438","89","58","apps/web/public/assets/manor/v7-runtime/animals/1073/producing-a.png","ac3c9fcf33b10706d3c56357850104971c60318b01b915a9576bac4e3944998f","exported-root-symbol",
"pasture","1074","growing","mc/farm/aswf/a1074_0.swf","0585eea86df394fb8e9c395ed2773569b8ccbbeb8634de646892f0304bcdfca8","Animal_1074_2","41","41","root-symbol","1","0","-746,-942,724,187","74","57","apps/web/public/assets/manor/v7-runtime/animals/1074/growing.png","4685f2962f3782dd1543d33eeefd9ab394e10303fc9e6ec470158a4fd1af6255","exported-root-symbol",
"pasture","1074","cub","mc/farm/aswf/a1074_0.swf","0585eea86df394fb8e9c395ed2773569b8ccbbeb8634de646892f0304bcdfca8","Animal_1074_1","12","12","root-symbol","1","0","-298,-597,298,185","30","40","apps/web/public/assets/manor/v7-runtime/animals/1074/cub.png","71ccae8aad064a1ddc91dcf516525daa46f78186c65a01b6ae70ca0c72d6fbfd","exported-root-symbol",
"pasture","1074","retired","mc/farm/aswf/a1074_1.swf","f25bb0e66ac9d359ea7f2dffcce25bcea5917678ee9a1b72bb205ff8d68122ab","Animal_1074_6","63","63","root-symbol","1","0","-1074,-1407,1032,264","106","84","apps/web/public/assets/manor/v7-runtime/animals/1074/retired.png","a8eca10d145caccebdc794656487465f02c39cbfcdb1a25a90867e0c7d2cd032","exported-root-symbol",
"pasture","1074","producing-b","mc/farm/aswf/a1074_1.swf","f25bb0e66ac9d359ea7f2dffcce25bcea5917678ee9a1b72bb205ff8d68122ab","Animal_1074_5","57","57","root-symbol","1","0","-1074,-1407,1032,264","106","84","apps/web/public/assets/manor/v7-runtime/animals/1074/producing-b.png","f9480174e31457c4020ff4edf6bb23eca4b6a7314c5d1196070007e0eec1c443","exported-root-symbol",
"pasture","1074","producing-a","mc/farm/aswf/a1074_1.swf","f25bb0e66ac9d359ea7f2dffcce25bcea5917678ee9a1b72bb205ff8d68122ab","Animal_1074_4","53","53","root-symbol","1","0","-1075,-1407,955,264","102","84","apps/web/public/assets/manor/v7-runtime/animals/1074/producing-a.png","a55d138b14e792020d28c81589c4bb0b8cb681d6ec55e891464f552cf4ed8c95","exported-root-symbol",
"pasture","1074","mature","mc/farm/aswf/a1074_1.swf","f25bb0e66ac9d359ea7f2dffcce25bcea5917678ee9a1b72bb205ff8d68122ab","Animal_1074_3","51","51","root-symbol","1","0","-1268,-2942,1343,601","131","178","apps/web/public/assets/manor/v7-runtime/animals/1074/mature.png","0e286d2ea568bdacaddd9c0fcaa9196a6e4bc6a0383b6e140abc9e5d4b133e4e","exported-root-symbol",
"pasture","1075","cub","mc/farm/aswf/a1075_0.swf","c33e594513558e47692d0f505fb3b14e8c8ab4ce8695ca4696582f74e11e4263","Animal_1075_1","37","37","root-symbol","1","0","-383,-620,383,155","39","39","apps/web/public/assets/manor/v7-runtime/animals/1075/cub.png","2f67c3a9552600739a48b95a3f5d7f2fea81db3278d384c13113ac14bfc81e30","exported-root-symbol",
"pasture","1075","growing","mc/farm/aswf/a1075_0.swf","c33e594513558e47692d0f505fb3b14e8c8ab4ce8695ca4696582f74e11e4263","Animal_1075_2","32","32","root-symbol","1","0","-646,-1053,648,250","65","66","apps/web/public/assets/manor/v7-runtime/animals/1075/growing.png","45c119927676a290f7232e631397b9ae62a06ed1db31a59caead8f2a09349907","exported-root-symbol",
"pasture","1075","retired","mc/farm/aswf/a1075_1.swf","5d9ed6bdca50032e71f719c471177744cc33ff183ee01e229e75a2d4a469712c","Animal_1075_6","55","55","root-symbol","1","0","-913,-1495,913,348","92","93","apps/web/public/assets/manor/v7-runtime/animals/1075/retired.png","555511f42582dc366102ea9323ef8a50a3a18a7d62a97e43d361104e8866ff0c","exported-root-symbol",
"pasture","1075","producing-b","mc/farm/aswf/a1075_1.swf","5d9ed6bdca50032e71f719c471177744cc33ff183ee01e229e75a2d4a469712c","Animal_1075_5","50","50","root-symbol","1","0","-911,-1494,911,350","92","93","apps/web/public/assets/manor/v7-runtime/animals/1075/producing-b.png","2600c50a2ce2d5c200ff24e50e23cafe09d59da2fbafac9f95fe7ae2d09cfa2f","exported-root-symbol",
"pasture","1075","producing-a","mc/farm/aswf/a1075_1.swf","5d9ed6bdca50032e71f719c471177744cc33ff183ee01e229e75a2d4a469712c","Animal_1075_4","46","46","root-symbol","1","0","-907,-1392,967,349","94","88","apps/web/public/assets/manor/v7-runtime/animals/1075/producing-a.png","f672b46b6e5e1a1aa32dd5d3a57503646a5c7f3bc16fef83af5c1b9f03293746","exported-root-symbol",
"pasture","1075","mature","mc/farm/aswf/a1075_1.swf","5d9ed6bdca50032e71f719c471177744cc33ff183ee01e229e75a2d4a469712c","Animal_1075_3","44","44","root-symbol","1","0","-967,-3216,1449,349","121","179","apps/web/public/assets/manor/v7-runtime/animals/1075/mature.png","8a3a96a096e1df6471d4c9eb4bb2e9d685dbba5365f1d134876908fbe077b09b","exported-root-symbol",
"pasture","1076","cub","mc/farm/aswf/a1076_0.swf","ba7d7759a5ee3d2ed2236b99d4e165ae7f168d46ba4eaa303c6cb5efcc8c37f2","Animal_1076_1","24","24","root-symbol","1","0","-403,-503,297,174","35","34","apps/web/public/assets/manor/v7-runtime/animals/1076/cub.png","9669ee5648ab6cad1d4f7e35e8d65ce4395b8e886317a17c72aa2328fe11c943","exported-root-symbol",
"pasture","1076","growing","mc/farm/aswf/a1076_0.swf","ba7d7759a5ee3d2ed2236b99d4e165ae7f168d46ba4eaa303c6cb5efcc8c37f2","Animal_1076_2","20","20","root-symbol","1","0","-428,-806,428,180","43","50","apps/web/public/assets/manor/v7-runtime/animals/1076/growing.png","b480ad41bba8a6777dd656e953204f644daf80e0a9bcbd936b43d9a38d0be5d5","exported-root-symbol",
"pasture","1076","mature","mc/farm/aswf/a1076_1.swf","1a404f16e56013dafb07b04f5cd65e617fff325f73ed7101b26cad4acbaced75","Animal_1076_3","45","45","root-symbol","1","0","-1050,-2942,1343,610","120","178","apps/web/public/assets/manor/v7-runtime/animals/1076/mature.png","3728fa571e2962abf72307f2e4c7110fe15ce84e8aec4595f31515066c89b2e6","exported-root-symbol",
"pasture","1076","producing-a","mc/farm/aswf/a1076_1.swf","1a404f16e56013dafb07b04f5cd65e617fff325f73ed7101b26cad4acbaced75","Animal_1076_4","30","30","root-symbol","1","0","-667,-1270,747,230","71","75","apps/web/public/assets/manor/v7-runtime/animals/1076/producing-a.png","bb94a9af8c5a42ea23c671c7ab5524172879305727f4a942b7e99282ac0988a1","exported-root-symbol",
"pasture","1076","producing-b","mc/farm/aswf/a1076_1.swf","1a404f16e56013dafb07b04f5cd65e617fff325f73ed7101b26cad4acbaced75","Animal_1076_5","27","27","root-symbol","1","0","-559,-1270,559,233","56","76","apps/web/public/assets/manor/v7-runtime/animals/1076/producing-b.png","1f2535d5cf000830320a8a2e1b58f7869acbce188dacae6486245edc54fa3f38","exported-root-symbol",
"pasture","1076","retired","mc/farm/aswf/a1076_1.swf","1a404f16e56013dafb07b04f5cd65e617fff325f73ed7101b26cad4acbaced75","Animal_1076_6","23","23","root-symbol","1","0","-559,-1270,559,233","56","76","apps/web/public/assets/manor/v7-runtime/animals/1076/retired.png","24d16fff24be33cbcdf7220f8befbc5f17691cebe582f5d2cf79fa966c1ad6cc","exported-root-symbol",
"pasture","1077","growing","mc/farm/aswf/a1077_0.swf","4cf396c77c4eb0e6c56a6a6551da9508049523729885b4c339981651bd454ec0","Animal_1077_2","56","56","root-symbol","1","0","-541,-1024,523,219","54","63","apps/web/public/assets/manor/v7-runtime/animals/1077/growing.png","02fcfe2436feffc5b0e95509ddb9817a871524228c4af19d01ec7342d041c24f","exported-root-symbol",
"pasture","1077","cub","mc/farm/aswf/a1077_0.swf","4cf396c77c4eb0e6c56a6a6551da9508049523729885b4c339981651bd454ec0","Animal_1077_1","55","55","root-symbol","1","0","-450,-808,408,206","43","51","apps/web/public/assets/manor/v7-runtime/animals/1077/cub.png","f3948af565f6c74d0de6b9f4e7cddeb21fc0dfa3483de410c262b63928f10a51","exported-root-symbol",
"pasture","1077","retired","mc/farm/aswf/a1077_1.swf","983e16028fcec4c256d04b52dd3eb4388794cec83ee65b80dbc95d986f2f38f8","Animal_1077_6","76","76","root-symbol","1","0","-659,-1435,684,316","68","88","apps/web/public/assets/manor/v7-runtime/animals/1077/retired.png","a0e72d3ab390901000f748169fd5f344a9e523e00eaca81cca07455bd657a792","exported-root-symbol",
"pasture","1077","producing-b","mc/farm/aswf/a1077_1.swf","983e16028fcec4c256d04b52dd3eb4388794cec83ee65b80dbc95d986f2f38f8","Animal_1077_5","70","70","root-symbol","1","0","-659,-1435,684,321","68","88","apps/web/public/assets/manor/v7-runtime/animals/1077/producing-b.png","ddd9fb99cbaa525cab2643afc13081c88c3a88e5cdaa626e9139fdcff898634d","exported-root-symbol",
"pasture","1077","mature","mc/farm/aswf/a1077_1.swf","983e16028fcec4c256d04b52dd3eb4388794cec83ee65b80dbc95d986f2f38f8","Animal_1077_3","66","66","root-symbol","1","0","-660,-2365,808,318","74","135","apps/web/public/assets/manor/v7-runtime/animals/1077/mature.png","a94fb3e5fcf2764cebd8f17c3883d032e62b14ee4cb2e1359871968f1b5e6425","exported-root-symbol",
"pasture","1077","producing-a","mc/farm/aswf/a1077_1.swf","983e16028fcec4c256d04b52dd3eb4388794cec83ee65b80dbc95d986f2f38f8","Animal_1077_4","38","38","root-symbol","1","0","-644,-1267,680,315","67","80","apps/web/public/assets/manor/v7-runtime/animals/1077/producing-a.png","6ae751b32a44f24da96978200db2b3e2ee1d74c6419d67a14b1cdda402a285d5","exported-root-symbol",
"pasture","1080","growing","mc/farm/aswf/a1080_0.swf","c7de8afc123bbd8e2c686d99453aca34b293015165187e3bb7bf2512944bff59","Animal_1080_2","55","55","root-symbol","1","0","-495,-839,496,249","50","55","apps/web/public/assets/manor/v7-runtime/animals/1080/growing.png","125fbe42480a449718f717438202ef6f11e344d7e32764e8b55e7254c1af18ab","exported-root-symbol",
"pasture","1080","cub","mc/farm/aswf/a1080_0.swf","c7de8afc123bbd8e2c686d99453aca34b293015165187e3bb7bf2512944bff59","Animal_1080_1","51","51","root-symbol","1","0","-373,-607,371,191","38","40","apps/web/public/assets/manor/v7-runtime/animals/1080/cub.png","ab6ebdb000e7cac03d571678a6d902469c4acf782435ad0a4188efbd7787cced","exported-root-symbol",
"pasture","1080","retired","mc/farm/aswf/a1080_1.swf","37f425e84d5999548b82fe5ec905bd9ccb1547d666f508738981a987f79bf5c0","Animal_1080_6","68","68","root-symbol","1","0","-668,-985,669,345","67","67","apps/web/public/assets/manor/v7-runtime/animals/1080/retired.png","a84418dcb052598cbc1716da7a5d59937c3c9ba2783ba12619062eca5f8ae0b7","exported-root-symbol",
"pasture","1080","producing-b","mc/farm/aswf/a1080_1.swf","37f425e84d5999548b82fe5ec905bd9ccb1547d666f508738981a987f79bf5c0","Animal_1080_5","63","63","root-symbol","1","0","-651,-688,652,611","66","65","apps/web/public/assets/manor/v7-runtime/animals/1080/producing-b.png","843c8b019afb53a2fbed56e9d41f29696369f17a9cfbf60e967cb52041fc96eb","exported-root-symbol",
"pasture","1080","producing-a","mc/farm/aswf/a1080_1.swf","37f425e84d5999548b82fe5ec905bd9ccb1547d666f508738981a987f79bf5c0","Animal_1080_4","61","61","root-symbol","1","0","-626,-826,608,354","62","59","apps/web/public/assets/manor/v7-runtime/animals/1080/producing-a.png","84bb928048a52370eccd19dab5dd4b64d115daff75731283733f31996cd0034c","exported-root-symbol",
"pasture","1080","mature","mc/farm/aswf/a1080_1.swf","37f425e84d5999548b82fe5ec905bd9ccb1547d666f508738981a987f79bf5c0","Animal_1080_3","59","59","root-symbol","1","0","-666,-2515,1144,374","91","145","apps/web/public/assets/manor/v7-runtime/animals/1080/mature.png","9e6aac640971afd0fe086bec704bfc853b5fde845c18ebce9d8f2ef399b94ea0","exported-root-symbol",
"pasture","1083","cub","mc/farm/aswf/a1083_0.swf","aef98ca4c3bf799d206a06cda221b50103664360b727b14a6fd877bd0feaed6e","Animal_1083_1","80","80","root-symbol","1","0","-428,-617,433,268","44","45","apps/web/public/assets/manor/v7-runtime/animals/1083/cub.png","ce04233ee6b4743014c26fe4207fdbe674016577ee71281a9c7f81c167bba680","exported-root-symbol",
"pasture","1083","growing","mc/farm/aswf/a1083_0.swf","aef98ca4c3bf799d206a06cda221b50103664360b727b14a6fd877bd0feaed6e","Animal_1083_2","73","73","root-symbol","1","0","-760,-941,785,433","78","69","apps/web/public/assets/manor/v7-runtime/animals/1083/growing.png","e62532f69ccbefa4bb6efedc18bdd63fa3a57d1913e77c733f7acad9b0ba7419","exported-root-symbol",
"pasture","1083","mature","mc/farm/aswf/a1083_1.swf","1d3b6a3c038906a34b64039fd102b16451356fd3b9c96ef4443e73885a86f9e5","Animal_1083_3","103","103","root-symbol","1","0","-860,-2984,1475,490","117","174","apps/web/public/assets/manor/v7-runtime/animals/1083/mature.png","d74b5c8b8a0f84e9b04d965fff572602288c02852f168225f264655d367cbc28","exported-root-symbol",
"pasture","1083","producing-a","mc/farm/aswf/a1083_1.swf","1d3b6a3c038906a34b64039fd102b16451356fd3b9c96ef4443e73885a86f9e5","Animal_1083_4","82","82","root-symbol","1","0","-613,-1088,889,404","76","75","apps/web/public/assets/manor/v7-runtime/animals/1083/producing-a.png","0c6f30b41af2fd2a51522e4872852daa11399574b7c783dcdd7f66c0f8f6c153","exported-root-symbol",
"pasture","1083","producing-b","mc/farm/aswf/a1083_1.swf","1d3b6a3c038906a34b64039fd102b16451356fd3b9c96ef4443e73885a86f9e5","Animal_1083_5","79","79","root-symbol","1","0","-860,-1088,888,490","88","79","apps/web/public/assets/manor/v7-runtime/animals/1083/producing-b.png","67d323f9268546c2e27eb612c34bc06c18c25c209673ab63c710ec1d67f69c66","exported-root-symbol",
"pasture","1083","retired","mc/farm/aswf/a1083_1.swf","1d3b6a3c038906a34b64039fd102b16451356fd3b9c96ef4443e73885a86f9e5","Animal_1083_6","75","75","root-symbol","1","0","-860,-1088,888,490","88","79","apps/web/public/assets/manor/v7-runtime/animals/1083/retired.png","88f413d7249ffd08c558eec59828cccb108f20ee69c5a8c04c4e99a27049a63d","exported-root-symbol",
"pasture","1084","cub","mc/farm/aswf/a1084_0.swf","49e9dd14dc053d9cc283849acd2ddf1dc1005859fce1986bcf5f109ec9f20806","Animal_1084_1","40","40","root-symbol","1","0","-294,-676,294,123","30","40","apps/web/public/assets/manor/v7-runtime/animals/1084/cub.png","bffe455ba936029dd0774533b2137434849e4a0619223558cb8d64883a13ca19","exported-root-symbol",
"pasture","1084","growing","mc/farm/aswf/a1084_0.swf","49e9dd14dc053d9cc283849acd2ddf1dc1005859fce1986bcf5f109ec9f20806","Animal_1084_2","32","32","root-symbol","1","0","-705,-1407,638,172","68","79","apps/web/public/assets/manor/v7-runtime/animals/1084/growing.png","85f79b5776e0315c3c0e77b85a1c7795c98c8bfbd5181c0492ccef54933ddb46","exported-root-symbol",
"pasture","1084","mature","mc/farm/aswf/a1084_1.swf","773e64b942be2341ed127629d94a3265cfed94ee17c643f74b76ea97686d0d3e","Animal_1084_3","50","50","root-symbol","1","0","-997,-3807,1693,237","135","203","apps/web/public/assets/manor/v7-runtime/animals/1084/mature.png","9f0a2e02cef7d2368a7b5e65f3913371cec0795afa19e7bb6959aef1d410bd5a","exported-root-symbol",
"pasture","1084","producing-a","mc/farm/aswf/a1084_1.swf","773e64b942be2341ed127629d94a3265cfed94ee17c643f74b76ea97686d0d3e","Animal_1084_4","37","37","root-symbol","1","0","-997,-2000,933,237","97","112","apps/web/public/assets/manor/v7-runtime/animals/1084/producing-a.png","6acec135d90250bc2dba5e16e0a32c0f9ea21b99a25c9074b52ba13abf808670","exported-root-symbol",
"pasture","1084","producing-b","mc/farm/aswf/a1084_1.swf","773e64b942be2341ed127629d94a3265cfed94ee17c643f74b76ea97686d0d3e","Animal_1084_5","33","33","root-symbol","1","0","-997,-2000,967,237","99","112","apps/web/public/assets/manor/v7-runtime/animals/1084/producing-b.png","c456b5b6f0681bfba48c31ab71d32c657db54c3044fc8a71bf6f019aef54b72e","exported-root-symbol",
"pasture","1084","retired","mc/farm/aswf/a1084_1.swf","773e64b942be2341ed127629d94a3265cfed94ee17c643f74b76ea97686d0d3e","Animal_1084_6","29","29","root-symbol","1","0","-997,-2000,967,237","99","112","apps/web/public/assets/manor/v7-runtime/animals/1084/retired.png","5cca06756a4d3cf4c1107bbae12f7b738f4647d46e8cf25738ad138d7bc53555","exported-root-symbol",
"pasture","1087","cub","mc/farm/aswf/a1087_0.swf","bfd6d7a1c63002e2bd443cfb1fd51e5c06e77871b4c88640d26be6d26c3fd2a2","Animal_1087_1","54","54","root-symbol","1","0","-335,-539,331,144","34","35","apps/web/public/assets/manor/v7-runtime/animals/1087/cub.png","a193ca96b7104d7f2f01a04c5efca2a60a1218c2ddf917a52bcc8ed699bb9e7f","exported-root-symbol",
"pasture","1087","growing","mc/farm/aswf/a1087_0.swf","bfd6d7a1c63002e2bd443cfb1fd51e5c06e77871b4c88640d26be6d26c3fd2a2","Animal_1087_2","31","31","root-symbol","1","0","-515,-975,508,245","52","61","apps/web/public/assets/manor/v7-runtime/animals/1087/growing.png","3d0921396052b7d36888bc41a0c55c045175bea0054e798633725e2703a3672b","exported-root-symbol",
"pasture","1087","mature","mc/farm/aswf/a1087_1.swf","11570e10fda2f3b2ba8fb664731add9926141d7762687ce042c5db9b4e338494","Animal_1087_3","57","57","root-symbol","1","0","-781,-2925,1399,367","109","165","apps/web/public/assets/manor/v7-runtime/animals/1087/mature.png","64c8fdb41a0661ebcae2c47d10908122ec8e0b8834e5889ff7a0cc0dba3e8500","exported-root-symbol",
"pasture","1087","producing-a","mc/farm/aswf/a1087_1.swf","11570e10fda2f3b2ba8fb664731add9926141d7762687ce042c5db9b4e338494","Animal_1087_4","42","42","root-symbol","1","0","-782,-1365,697,354","74","86","apps/web/public/assets/manor/v7-runtime/animals/1087/producing-a.png","471369ca71230865ac75f4e85a7932dc5c814e5f00a59045774cb199ce096b9c","exported-root-symbol",
"pasture","1087","producing-b","mc/farm/aswf/a1087_1.swf","11570e10fda2f3b2ba8fb664731add9926141d7762687ce042c5db9b4e338494","Animal_1087_5","36","36","root-symbol","1","0","-782,-1489,773,367","78","93","apps/web/public/assets/manor/v7-runtime/animals/1087/producing-b.png","38269f9870ca768079fec3b2a5759ec82c528d126d90f7f38dbb31a366a97e38","exported-root-symbol",
"pasture","1087","retired","mc/farm/aswf/a1087_1.swf","11570e10fda2f3b2ba8fb664731add9926141d7762687ce042c5db9b4e338494","Animal_1087_6","32","32","root-symbol","1","0","-782,-1491,773,367","78","93","apps/web/public/assets/manor/v7-runtime/animals/1087/retired.png","f57fdd01224e8cdf441ba574b8ab50f83f2c62addb6260a29c35746a9414e085","exported-root-symbol",
"pasture","1088","cub","mc/farm/aswf/a1088_0.swf","4fe2b5c6770ddc07bab35ffebd729da6fb8486dc78e1e75d026bf921e776b225","Animal_1088_1","71","71","root-symbol","1","0","-487,-817,487,129","49","48","apps/web/public/assets/manor/v7-runtime/animals/1088/cub.png","8ae99c233c9bf2f21f8dd5003dffd1f0596d8e24ef34b7629f3a88a4400943a4","exported-root-symbol",
"pasture","1088","growing","mc/farm/aswf/a1088_0.swf","4fe2b5c6770ddc07bab35ffebd729da6fb8486dc78e1e75d026bf921e776b225","Animal_1088_2","43","43","root-symbol","1","0","-983,-1178,983,190","99","69","apps/web/public/assets/manor/v7-runtime/animals/1088/growing.png","54d293fbb0a5c89fec2fbbab4ef322dcaa5a863de31f5c5ce09e3205bdc05108","exported-root-symbol",
"pasture","1088","mature","mc/farm/aswf/a1088_1.swf","e0faf317c082a7d69ff7b20e3f5461aaee6c6ffd577119f1ab2e81041cb4d058","Animal_1088_3","75","75","root-symbol","1","0","-1489,-1551,1487,1139","149","135","apps/web/public/assets/manor/v7-runtime/animals/1088/mature.png","0730e05d76f11596c2adb23c596058b0daefea34a377af00770e4153be4f3f9c","exported-root-symbol",
"pasture","1088","producing-a","mc/farm/aswf/a1088_1.swf","e0faf317c082a7d69ff7b20e3f5461aaee6c6ffd577119f1ab2e81041cb4d058","Animal_1088_4","62","62","root-symbol","1","0","-674,-1082,1158,261","92","68","apps/web/public/assets/manor/v7-runtime/animals/1088/producing-a.png","d446e2fb4a8e45300372b5219372e303d8afbf02cb8e170d3fc9bfafb540483f","exported-root-symbol",
"pasture","1088","producing-b","mc/farm/aswf/a1088_1.swf","e0faf317c082a7d69ff7b20e3f5461aaee6c6ffd577119f1ab2e81041cb4d058","Animal_1088_5","55","55","root-symbol","1","0","-1276,-1551,1276,262","128","91","apps/web/public/assets/manor/v7-runtime/animals/1088/producing-b.png","d6f3a58e894ddfc1ca8057b9fe468a84466a4781bdf8d26ae723e28a77ee079b","exported-root-symbol",
"pasture","1088","retired","mc/farm/aswf/a1088_1.swf","e0faf317c082a7d69ff7b20e3f5461aaee6c6ffd577119f1ab2e81041cb4d058","Animal_1088_6","45","45","root-symbol","1","0","-1276,-1551,1276,262","128","91","apps/web/public/assets/manor/v7-runtime/animals/1088/retired.png","cefb9f22052e04452dd82b3eab1ab171542d35d55b7807023a5b9ebf2ad960af","exported-root-symbol",
"pasture","1089","cub","mc/farm/aswf/a1089_0.swf","85a81bd816aa57a180325fb2a7c1668b2cff7c5f265a4364cd63d11e3cc956dc","Animal_1089_1","60","60","root-symbol","1","0","-352,-510,352,152","36","34","apps/web/public/assets/manor/v7-runtime/animals/1089/cub.png","697771a3b587e036e9dc9cac431eaec0b0f9688aa30a2ccf5eaf62f5f8cb6d9c","exported-root-symbol",
"pasture","1089","growing","mc/farm/aswf/a1089_0.swf","85a81bd816aa57a180325fb2a7c1668b2cff7c5f265a4364cd63d11e3cc956dc","Animal_1089_2","34","34","root-symbol","1","0","-615,-842,616,259","62","56","apps/web/public/assets/manor/v7-runtime/animals/1089/growing.png","cfd256ec8df9f39fb82d752bbda7969df46aadf8b7aebe3117ce5ea77fef8a09","exported-root-symbol",
"pasture","1089","retired","mc/farm/aswf/a1089_1.swf","fbeac812c72bda73f5048bf942c3d630c5066fc92041775afde55f91e4dfa31c","Animal_1089_6","58","58","root-symbol","1","0","-1092,-1258,1092,337","110","80","apps/web/public/assets/manor/v7-runtime/animals/1089/retired.png","f0b68fe0d269f8134ed96d6345a83b90d39cf443612942e2856050b3d0292352","exported-root-symbol",
"pasture","1089","producing-b","mc/farm/aswf/a1089_1.swf","fbeac812c72bda73f5048bf942c3d630c5066fc92041775afde55f91e4dfa31c","Animal_1089_5","52","52","root-symbol","1","0","-1092,-1258,1092,337","110","80","apps/web/public/assets/manor/v7-runtime/animals/1089/producing-b.png","f219a70af6e531ac880b634aa600865c93deb864dce5023971ac2406444cbccf","exported-root-symbol",
"pasture","1089","producing-a","mc/farm/aswf/a1089_1.swf","fbeac812c72bda73f5048bf942c3d630c5066fc92041775afde55f91e4dfa31c","Animal_1089_4","48","48","root-symbol","1","0","-779,-1227,1092,337","94","79","apps/web/public/assets/manor/v7-runtime/animals/1089/producing-a.png","f1cd93d86b3e724b89c05d0426da118fa67612c83ce41718cb4e89b3ebfe53e1","exported-root-symbol",
"pasture","1089","mature","mc/farm/aswf/a1089_1.swf","fbeac812c72bda73f5048bf942c3d630c5066fc92041775afde55f91e4dfa31c","Animal_1089_3","46","46","root-symbol","1","0","-1090,-2664,1392,337","125","151","apps/web/public/assets/manor/v7-runtime/animals/1089/mature.png","2ff8098cb3f1469c2ad2310d71d91ccfe58af56435ec3e0de491b32311115ce7","exported-root-symbol",
"pasture","1091","growing","mc/farm/aswf/a1091_0.swf","e341ac3c08937086499969eb4de0c6780125f9b45417a4f842c6af8ecea91f93","Animal_1091_2","88","88","root-symbol","1","0","-656,-676,640,204","65","44","apps/web/public/assets/manor/v7-runtime/animals/1091/growing.png","c506705f91a5c3928b23be81a5c9651f8fe0b8c5b067c49764086dab17d8cbc4","exported-root-symbol",
"pasture","1091","cub","mc/farm/aswf/a1091_0.swf","e341ac3c08937086499969eb4de0c6780125f9b45417a4f842c6af8ecea91f93","Animal_1091_1","50","50","root-symbol","1","0","-422,-421,439,181","44","31","apps/web/public/assets/manor/v7-runtime/animals/1091/cub.png","39cfa2aa1d9745090e1d362f7a6af9bd4fc07df150418dd6077f79b1f8d95a88","exported-root-symbol",
"pasture","1091","retired","mc/farm/aswf/a1091_1.swf","f515cd1093166498a8bf4941a8a7ff20ed94e50e470096dfa3b8363f833bef51","Animal_1091_6","127","127","root-symbol","1","0","-1152,-1852,1177,296","117","108","apps/web/public/assets/manor/v7-runtime/animals/1091/retired.png","2d2c1dcc8e78c608fe37d665e9ad21076aa27ea7604db40f7f519f72f24fdfe1","exported-root-symbol",
"pasture","1091","producing-b","mc/farm/aswf/a1091_1.swf","f515cd1093166498a8bf4941a8a7ff20ed94e50e470096dfa3b8363f833bef51","Animal_1091_5","122","122","root-symbol","1","0","-1175,-1850,1164,287","117","107","apps/web/public/assets/manor/v7-runtime/animals/1091/producing-b.png","9975bee40c9625b2db1112ce79dd3bff3e4b01b4b68b4488c82227cade8022ed","exported-root-symbol",
"pasture","1091","producing-a","mc/farm/aswf/a1091_1.swf","f515cd1093166498a8bf4941a8a7ff20ed94e50e470096dfa3b8363f833bef51","Animal_1091_4","118","118","root-symbol","1","0","-1066,-1056,813,390","94","73","apps/web/public/assets/manor/v7-runtime/animals/1091/producing-a.png","f7f170dcbca12066bc621a57d9fe7ab82075a660e68f2444d95bad65d29034ab","exported-root-symbol",
"pasture","1091","mature","mc/farm/aswf/a1091_1.swf","f515cd1093166498a8bf4941a8a7ff20ed94e50e470096dfa3b8363f833bef51","Animal_1091_3","116","116","root-symbol","1","0","-1134,-2594,1208,404","118","150","apps/web/public/assets/manor/v7-runtime/animals/1091/mature.png","aaac8d56e9924b6db8e27df900f3a415e963b2a5493cab47e2a7309672bb0b76","exported-root-symbol",
"pasture","1497","growing","mc/farm/aswf/a1497_0.swf","7c25b6bd532ca095fe491ce16e61b62c414ef490dfbe50b361101ca221a003bf","Animal_1497_2","41","41","root-symbol","1","0","-975,-748,975,778","98","77","apps/web/public/assets/manor/v7-runtime/animals/1497/growing.png","2c1e993753f8cf4edeb2c98afcc72d283ba081efc34972f493de2101383239bc","exported-root-symbol",
"pasture","1497","cub","mc/farm/aswf/a1497_0.swf","7c25b6bd532ca095fe491ce16e61b62c414ef490dfbe50b361101ca221a003bf","Animal_1497_1","37","37","root-symbol","1","0","-721,-530,721,579","73","56","apps/web/public/assets/manor/v7-runtime/animals/1497/cub.png","58a8eeb96a949a7621bf54439d43faf69cdfc72939668f0f9888377a27a46ea7","exported-root-symbol",
"pasture","1497","retired","mc/farm/aswf/a1497_1.swf","f8b79861deacf7089a49d92c8cf3da814bb5b395f5145a28e2b2f3ef690acfb1","Animal_1497_6","51","51","root-symbol","1","0","-926,-897,924,902","93","90","apps/web/public/assets/manor/v7-runtime/animals/1497/retired.png","c3e4c1cfc45e67a9fb11a2d2d278fd89389219a1353266305c08ca5241c0b6f8","exported-root-symbol",
"pasture","1497","producing-b","mc/farm/aswf/a1497_1.swf","f8b79861deacf7089a49d92c8cf3da814bb5b395f5145a28e2b2f3ef690acfb1","Animal_1497_5","46","46","root-symbol","1","0","-1213,-919,1213,902","122","92","apps/web/public/assets/manor/v7-runtime/animals/1497/producing-b.png","f1b7ec64441351115edd54eb6bbfcc4b00ce0465958abce6baf5fc7c21506c3e","exported-root-symbol",
"pasture","1497","producing-a","mc/farm/aswf/a1497_1.swf","f8b79861deacf7089a49d92c8cf3da814bb5b395f5145a28e2b2f3ef690acfb1","Animal_1497_4","42","42","root-symbol","1","0","-1216,-1066,630,728","93","90","apps/web/public/assets/manor/v7-runtime/animals/1497/producing-a.png","0d95bb8a0b74d43e1e920901b15b2b0af84615e1bfbcadaff70608048719a188","exported-root-symbol",
"pasture","1497","mature","mc/farm/aswf/a1497_1.swf","f8b79861deacf7089a49d92c8cf3da814bb5b395f5145a28e2b2f3ef690acfb1","Animal_1497_3","40","40","root-symbol","1","0","-1238,-1015,1238,2248","124","164","apps/web/public/assets/manor/v7-runtime/animals/1497/mature.png","1e89b61b9b558f724bac28084fe22d510e81852ec5b74b221ec1c28070c6c266","exported-root-symbol",
"pasture","1498","growing","mc/farm/aswf/a1498_0.swf","aac4a29c9a730c9365d5dab800fb22810f57c21b2fe49fa71d3b529cca4e0538","Animal_1498_2","80","80","root-symbol","1","0","-903,-919,887,431","90","68","apps/web/public/assets/manor/v7-runtime/animals/1498/growing.png","6bb8aa83d1f29097530e39082cf8104eded7db7a8f482db74b0ad8f8e5f4a403","exported-root-symbol",
"pasture","1498","cub","mc/farm/aswf/a1498_0.swf","aac4a29c9a730c9365d5dab800fb22810f57c21b2fe49fa71d3b529cca4e0538","Animal_1498_1","54","54","root-symbol","1","0","-612,-499,612,319","62","41","apps/web/public/assets/manor/v7-runtime/animals/1498/cub.png","d6985112ab4a2097146f12e81735c3bf4b4d332d69b2317b7e0da13eb67c0e1f","exported-root-symbol",
"pasture","1498","retired","mc/farm/aswf/a1498_1.swf","aaaaf5b9e7cb601e20ce65f178c4a093812ca441c1a060e10a65755a9e14f64b","Animal_1498_6","79","79","root-symbol","1","0","-990,-982,1173,651","109","82","apps/web/public/assets/manor/v7-runtime/animals/1498/retired.png","487307204412b0c0453c3186c59b7cb2e94ec5195457395019870b94ee22ea81","exported-root-symbol",
"pasture","1498","producing-b","mc/farm/aswf/a1498_1.swf","aaaaf5b9e7cb601e20ce65f178c4a093812ca441c1a060e10a65755a9e14f64b","Animal_1498_5","74","74","root-symbol","1","0","-990,-965,990,512","99","74","apps/web/public/assets/manor/v7-runtime/animals/1498/producing-b.png","0fa66974ac96e00b2f307483d34db4c00f88fea5fe610a8cc212e6dd077489ed","exported-root-symbol",
"pasture","1498","producing-a","mc/farm/aswf/a1498_1.swf","aaaaf5b9e7cb601e20ce65f178c4a093812ca441c1a060e10a65755a9e14f64b","Animal_1498_4","70","70","root-symbol","1","0","-860,-617,1004,434","94","53","apps/web/public/assets/manor/v7-runtime/animals/1498/producing-a.png","4c71af7a7667ed95d108312a7430df3630cdbf300e790bfdc94345b5c79ac7b6","exported-root-symbol",
"pasture","1498","mature","mc/farm/aswf/a1498_1.swf","aaaaf5b9e7cb601e20ce65f178c4a093812ca441c1a060e10a65755a9e14f64b","Animal_1498_3","66","66","root-symbol","1","0","-1238,-1055,1238,1949","124","151","apps/web/public/assets/manor/v7-runtime/animals/1498/mature.png","3ef0f2e1b247a43039ce45ea475cb3292f008407b9a5e36706e4191aad1d1b3f","exported-root-symbol",
"pasture","1499","growing","mc/farm/aswf/a1499_0.swf","d71b3d8b5cb125a90aba646aa244dac4def76c0380f0ba95b4e674517770843f","Animal_1499_2","67","67","root-symbol","1","0","-1488,-773,1917,1198","171","99","apps/web/public/assets/manor/v7-runtime/animals/1499/growing.png","4e05d2eae4e8e286c64679b2739f6c3b6cffbdba1bbf06bad83b8a2fec69533f","exported-root-symbol",
"pasture","1499","cub","mc/farm/aswf/a1499_0.swf","d71b3d8b5cb125a90aba646aa244dac4def76c0380f0ba95b4e674517770843f","Animal_1499_1","36","36","root-symbol","1","0","-882,-736,813,562","85","65","apps/web/public/assets/manor/v7-runtime/animals/1499/cub.png","d60592ed8c500e895b3708cbdaaf2ed58817a4c45e03701d8dd3e3a39b1965e9","exported-root-symbol",
"pasture","1499","producing-a","mc/farm/aswf/a1499_1.swf","ac276d433ba0c096cfd14846f284e82754ee80684cf0d14d1bd441663a897926","Animal_1499_4","68","68","root-symbol","1","0","-678,-730,1683,727","119","73","apps/web/public/assets/manor/v7-runtime/animals/1499/producing-a.png","5d7d75d5909ada25af000cb558780e3d0bebbe54feaf0413d3b2e826f5fa27c8","exported-root-symbol",
"pasture","1499","retired","mc/farm/aswf/a1499_1.swf","ac276d433ba0c096cfd14846f284e82754ee80684cf0d14d1bd441663a897926","Animal_1499_6","67","67","root-symbol","1","0","-2398,-1127,2494,1715","245","143","apps/web/public/assets/manor/v7-runtime/animals/1499/retired.png","d3b48343c1a58080cc42a9b9f9cadb2c094ac2419ac5335b2a30cab864335b27","exported-root-symbol",
"pasture","1499","producing-b","mc/farm/aswf/a1499_1.swf","ac276d433ba0c096cfd14846f284e82754ee80684cf0d14d1bd441663a897926","Animal_1499_5","59","59","root-symbol","1","0","-1910,-738,1930,1473","192","111","apps/web/public/assets/manor/v7-runtime/animals/1499/producing-b.png","7033edf78d70a291ebf8766385e0f7b33cc6e1bab7edfe7cbe2755ba579c71dc","exported-root-symbol",
"pasture","1499","mature","mc/farm/aswf/a1499_1.swf","ac276d433ba0c096cfd14846f284e82754ee80684cf0d14d1bd441663a897926","Animal_1499_3","52","52","root-symbol","1","0","-2397,-1474,2476,1716","244","160","apps/web/public/assets/manor/v7-runtime/animals/1499/mature.png","5bd30f901cbf45a71b01d64bb10a23016156be2d03adb99c2f070b6ee1fd10f9","exported-root-symbol",
"pasture","1501","growing","mc/farm/aswf/a1501_0.swf","643af452bb1751ab00cc22afbda64401879f3fcec09b9f569f18a3ec18f82c14","Animal_1501_2","210","210","root-symbol","1","0","-824,-1138,956,571","89","86","apps/web/public/assets/manor/v7-runtime/animals/1501/growing.png","c0e7c9139000452788a154adcdadadc91302ee68fdb794816f0382133bf40c9f","exported-root-symbol",
"pasture","1501","cub","mc/farm/aswf/a1501_0.swf","643af452bb1751ab00cc22afbda64401879f3fcec09b9f569f18a3ec18f82c14","Animal_1501_1","109","109","root-symbol","1","0","-796,-999,816,611","81","81","apps/web/public/assets/manor/v7-runtime/animals/1501/cub.png","f99f3dcea0f96789f4aa6db9ef6dfd956210bba98bcc4964f930f9e186623ebc","exported-root-symbol",
"pasture","1501","mature","mc/farm/aswf/a1501_1.swf","f62090c933074fa5e4bdb1769b7bf60ff899eb913b238cfa08660fd6882c0e34","Animal_1501_3","195","195","root-symbol","1","0","-959,-1260,1047,501","101","89","apps/web/public/assets/manor/v7-runtime/animals/1501/mature.png","78ed461648bb8ed708d64e49ece7e4d12b015f98a4ebadbbeb420fd1226e4e67","exported-root-symbol",
"pasture","1501","producing-a","mc/farm/aswf/a1501_1.swf","f62090c933074fa5e4bdb1769b7bf60ff899eb913b238cfa08660fd6882c0e34","Animal_1501_4","164","164","root-symbol","1","0","-832,-870,976,501","91","69","apps/web/public/assets/manor/v7-runtime/animals/1501/producing-a.png","02c897fcf455785ee333e290cda28df4c827040e8e3f3f67c85e51a1497bcdc4","exported-root-symbol",
"pasture","1501","producing-b","mc/farm/aswf/a1501_1.swf","f62090c933074fa5e4bdb1769b7bf60ff899eb913b238cfa08660fd6882c0e34","Animal_1501_5","156","156","root-symbol","1","0","-1007,-1269,1029,540","102","91","apps/web/public/assets/manor/v7-runtime/animals/1501/producing-b.png","55b27dd87cf6fb0d9b81b6777c2ef7f42838c64e4ddea6efd2ab6e6f4fb271f8","exported-root-symbol",
"pasture","1501","retired","mc/farm/aswf/a1501_1.swf","f62090c933074fa5e4bdb1769b7bf60ff899eb913b238cfa08660fd6882c0e34","Animal_1501_6","131","131","root-symbol","1","0","-909,-1326,931,476","92","91","apps/web/public/assets/manor/v7-runtime/animals/1501/retired.png","500faefacc6cf8d3b656d5fcc40e84785179813228cc0ca03d9a8628aa48b716","exported-root-symbol",
"pasture","1502","cub","mc/farm/aswf/a1502_0.swf","63b4bdfe48f3bedd64d119aa1997c996a06c910e36b3906f2937d94c7bed483e","Animal_1502_1","148","148","root-symbol","1","0","-988,-1096,883,358","94","73","apps/web/public/assets/manor/v7-runtime/animals/1502/cub.png","84baa82442c81a2fd041fcc21a8816aa1a2c2c92539d197a2038e27fbff22d72","exported-root-symbol",
"pasture","1502","growing","mc/farm/aswf/a1502_0.swf","63b4bdfe48f3bedd64d119aa1997c996a06c910e36b3906f2937d94c7bed483e","Animal_1502_2","93","93","root-symbol","1","0","-1121,-1479,1100,323","112","91","apps/web/public/assets/manor/v7-runtime/animals/1502/growing.png","25ab3faf96caa1cd8b79d768118459db24de8f46b61c730cf0fb03ce6358373b","exported-root-symbol",
"pasture","1502","mature","mc/farm/aswf/a1502_1.swf","fd6d0b83836a7726cf745f5277a5f7ff33370031da3b7190838451f80b597c24","Animal_1502_3","265","265","root-symbol","1","0","-1469,-2804,1465,520","147","167","apps/web/public/assets/manor/v7-runtime/animals/1502/mature.png","e82942ef217cff6bc8e61314cd762f376e2fea94aeb7bcf6a57440034efc4adb","exported-root-symbol",
"pasture","1502","producing-a","mc/farm/aswf/a1502_1.swf","fd6d0b83836a7726cf745f5277a5f7ff33370031da3b7190838451f80b597c24","Animal_1502_4","181","181","root-symbol","1","0","-1224,-1621,1215,365","122","100","apps/web/public/assets/manor/v7-runtime/animals/1502/producing-a.png","3f38ba8adf2b735382c16724c4aa54570d92093651b9db11f512f4b8785c3c9c","exported-root-symbol",
"pasture","1502","producing-b","mc/farm/aswf/a1502_1.swf","fd6d0b83836a7726cf745f5277a5f7ff33370031da3b7190838451f80b597c24","Animal_1502_5","172","172","root-symbol","1","0","-1438,-1915,1425,411","144","117","apps/web/public/assets/manor/v7-runtime/animals/1502/producing-b.png","4bfc2f72236e508ce0d425d64d17a9e960c58a907c4d79e8dfd81ced13055f2e","exported-root-symbol",
"pasture","1502","retired","mc/farm/aswf/a1502_1.swf","fd6d0b83836a7726cf745f5277a5f7ff33370031da3b7190838451f80b597c24","Animal_1502_6","118","118","root-symbol","1","0","-1442,-1875,1418,360","143","112","apps/web/public/assets/manor/v7-runtime/animals/1502/retired.png","6ef751d93ea72dedcf6aefd2b1b9671aa061bc8e4f8af856b81eec5d63af8c2e","exported-root-symbol",
"pasture","1503","cub","mc/farm/aswf/a1503_0.swf","0d5b259e748c5770395719cba041c6ac88d38f0db24c85654d45a2bee4c8f881","Animal_1503_1","93","93","root-symbol","1","0","-457,-574,580,405","52","49","apps/web/public/assets/manor/v7-runtime/animals/1503/cub.png","3f0589f6ccc27893b38a7b3b24d73682de1f5e19233b4801f8e161ef07fa52da","exported-root-symbol",
"pasture","1503","growing","mc/farm/aswf/a1503_0.swf","0d5b259e748c5770395719cba041c6ac88d38f0db24c85654d45a2bee4c8f881","Animal_1503_2","58","58","root-symbol","1","0","-478,-775,670,471","58","63","apps/web/public/assets/manor/v7-runtime/animals/1503/growing.png","d406f02a723b2ce95bb7adc1b451f883b29c34124fa9bc237b5edc4c7cc599cb","exported-root-symbol",
"pasture","1503","producing-b","mc/farm/aswf/a1503_1.swf","1c32207a2dcc9d88b65af864e7a4d850068d36d44ab3ce1bec6cd8f56a89730e","Animal_1503_5","124","124","root-symbol","1","0","-656,-939,764,540","71","74","apps/web/public/assets/manor/v7-runtime/animals/1503/producing-b.png","46830066484c8dbee17d12d88991bd6947bb5174eb5de3d7440cd6c0066c781b","exported-root-symbol",
"pasture","1503","retired","mc/farm/aswf/a1503_1.swf","1c32207a2dcc9d88b65af864e7a4d850068d36d44ab3ce1bec6cd8f56a89730e","Animal_1503_6","101","101","root-symbol","1","0","-659,-948,753,508","71","73","apps/web/public/assets/manor/v7-runtime/animals/1503/retired.png","54210c6933380c5e987cad3a8f930750a661a2b7eec4dd544e36e97983ea8803","exported-root-symbol",
"pasture","1503","mature","mc/farm/aswf/a1503_1.swf","1c32207a2dcc9d88b65af864e7a4d850068d36d44ab3ce1bec6cd8f56a89730e","Animal_1503_3","80","80","root-symbol","1","0","-674,-1798,952,508","82","116","apps/web/public/assets/manor/v7-runtime/animals/1503/mature.png","55185e46df1ec9ffcb67428ec8856abe41357064dbbaf855a1da7084f4bb804b","exported-root-symbol",
"pasture","1503","producing-a","mc/farm/aswf/a1503_1.swf","1c32207a2dcc9d88b65af864e7a4d850068d36d44ab3ce1bec6cd8f56a89730e","Animal_1503_4","22","22","root-symbol","1","0","-405,-937,721,476","57","71","apps/web/public/assets/manor/v7-runtime/animals/1503/producing-a.png","bf1794787df688c647e9583421284a26e70446d5d0a1f6116e50628b90df3ac1","exported-root-symbol",
"pasture","1504","cub","mc/farm/aswf/a1504_0.swf","a709e001b6666f824f23e5b7576509f7d956115f71347ad31facc22375119523","Animal_1504_1","116","116","root-symbol","1","0","-402,-817,481,426","45","63","apps/web/public/assets/manor/v7-runtime/animals/1504/cub.png","cc412d93fbcd47c2dfb3baa461046fed10f000745af8f0f4dc3cdcb09b49c479","exported-root-symbol",
"pasture","1504","growing","mc/farm/aswf/a1504_0.swf","a709e001b6666f824f23e5b7576509f7d956115f71347ad31facc22375119523","Animal_1504_2","69","69","root-symbol","1","0","-431,-959,466,485","45","73","apps/web/public/assets/manor/v7-runtime/animals/1504/growing.png","cb12684c2311d7f7306ed5c3a5573841b80bec25dfef4343167fcb64b4317490","exported-root-symbol",
"pasture","1504","producing-b","mc/farm/aswf/a1504_1.swf","a71f9e19649d0ef0b9904466409703fa2d14a3eac750e337a2f00d84892800a8","Animal_1504_5","177","177","root-symbol","1","0","-625,-1556,691,436","66","100","apps/web/public/assets/manor/v7-runtime/animals/1504/producing-b.png","882fa5076c74ced925c98411b116da72c7dc2d7edb4d798b79c0cd53490fdbde","exported-root-symbol",
"pasture","1504","retired","mc/farm/aswf/a1504_1.swf","a71f9e19649d0ef0b9904466409703fa2d14a3eac750e337a2f00d84892800a8","Animal_1504_6","170","170","root-symbol","1","0","-665,-1503,727,580","70","105","apps/web/public/assets/manor/v7-runtime/animals/1504/retired.png","69e7657d5588c83c92bd28592d51b8374ed380c7a1b4aad6367980707e3ece48","exported-root-symbol",
"pasture","1504","mature","mc/farm/aswf/a1504_1.swf","a71f9e19649d0ef0b9904466409703fa2d14a3eac750e337a2f00d84892800a8","Animal_1504_3","127","127","root-symbol","1","0","-852,-2394,1345,598","110","150","apps/web/public/assets/manor/v7-runtime/animals/1504/mature.png","65f5f96178eec93bce3ba2e95afea59b87118ff9ea158f3cd5464f14a4fdd792","exported-root-symbol",
"pasture","1504","producing-a","mc/farm/aswf/a1504_1.swf","a71f9e19649d0ef0b9904466409703fa2d14a3eac750e337a2f00d84892800a8","Animal_1504_4","48","48","root-symbol","1","0","-797,-1719,739,531","77","113","apps/web/public/assets/manor/v7-runtime/animals/1504/producing-a.png","7183f00ea855f72f0c37349eef800bc53cd4d29cce7a2fa977c7eefd42e83e05","exported-root-symbol",
"pasture","1505","growing","mc/farm/aswf/a1505_0.swf","51b8718774b016e24d10c2be3025325c5c619b9ea1794e52f0f2f188f34fc768","Animal_1505_2","134","134","root-symbol","1","0","-517,-1189,517,358","52","78","apps/web/public/assets/manor/v7-runtime/animals/1505/growing.png","c2f1ecd55a1f2153de01bf2451a40606aa362b9adcc9ede8c56479e16cae7522","exported-root-symbol",
"pasture","1505","cub","mc/farm/aswf/a1505_0.swf","51b8718774b016e24d10c2be3025325c5c619b9ea1794e52f0f2f188f34fc768","Animal_1505_1","66","66","root-symbol","1","0","-446,-1005,416,288","44","65","apps/web/public/assets/manor/v7-runtime/animals/1505/cub.png","5f84c1ed1e7937731c3388f2a1a8a2715cd59759ed3fd1e88da3877db1084351","exported-root-symbol",
"pasture","1505","retired","mc/farm/aswf/a1505_1.swf","9ab0c2c88a3db7ea334e2cff4bd15ae9a949032d60904def43e5c57fba6b24d6","Animal_1505_6","143","143","root-symbol","1","0","-747,-1670,784,413","77","105","apps/web/public/assets/manor/v7-runtime/animals/1505/retired.png","229cd2bfce029db3738d67050feadc0280979ce45fb770dbf8b333a5f0676a04","exported-root-symbol",
"pasture","1505","mature","mc/farm/aswf/a1505_1.swf","9ab0c2c88a3db7ea334e2cff4bd15ae9a949032d60904def43e5c57fba6b24d6","Animal_1505_3","121","121","root-symbol","1","0","-819,-2289,1087,515","96","141","apps/web/public/assets/manor/v7-runtime/animals/1505/mature.png","dff085343147c40c20e83be993bfc1ccf72b65ec91bd2438a0a5709eb28781e2","exported-root-symbol",
"pasture","1505","producing-a","mc/farm/aswf/a1505_1.swf","9ab0c2c88a3db7ea334e2cff4bd15ae9a949032d60904def43e5c57fba6b24d6","Animal_1505_4","77","77","root-symbol","1","0","-815,-1582,649,376","74","98","apps/web/public/assets/manor/v7-runtime/animals/1505/producing-a.png","01d7875c0b78c6c88a468c85abfccd9222198bffa0e1db942b6aac73e4ffbded","exported-root-symbol",
"pasture","1505","producing-b","mc/farm/aswf/a1505_1.swf","9ab0c2c88a3db7ea334e2cff4bd15ae9a949032d60904def43e5c57fba6b24d6","Animal_1505_5","68","68","root-symbol","1","0","-668,-1495,670,381","67","94","apps/web/public/assets/manor/v7-runtime/animals/1505/producing-b.png","99b41b1ea2f298cfd81a9f86bb959a00f4f13c6438c703cde75e1195cf9c0207","exported-root-symbol",
"pasture","1507","growing","mc/farm/aswf/a1507_0.swf","eca8f1096fa66da2f00375bee718f3f4ff24855c10a3b3ca6c9b09dc82f7b6f2","Animal_1507_2","137","137","root-symbol","1","0","-589,-1372,569,353","58","87","apps/web/public/assets/manor/v7-runtime/animals/1507/growing.png","01a6aab56c9dfecaf923e181f17ca93d10edb0f5359c9dae5ec02a3a63f39033","exported-root-symbol",
"pasture","1507","cub","mc/farm/aswf/a1507_0.swf","eca8f1096fa66da2f00375bee718f3f4ff24855c10a3b3ca6c9b09dc82f7b6f2","Animal_1507_1","79","79","root-symbol","1","0","-410,-1002,400,274","41","64","apps/web/public/assets/manor/v7-runtime/animals/1507/cub.png","2e7b89653374837637da02dea9bdd9fb52fdcb4815c2d809b0c45ab0754e195e","exported-root-symbol",
"pasture","1507","producing-a","mc/farm/aswf/a1507_1.swf","d50ed0c614dc5ee70601f0b65d128ff55838602687ee688d90e578f873e698ce","Animal_1507_4","109","109","root-symbol","1","0","-618,-1094,627,264","63","68","apps/web/public/assets/manor/v7-runtime/animals/1507/producing-a.png","2352e9772e451e8ef652d4fa472b19402a15492364feae5441b7fa8e1a87ce86","exported-root-symbol",
"pasture","1507","retired","mc/farm/aswf/a1507_1.swf","d50ed0c614dc5ee70601f0b65d128ff55838602687ee688d90e578f873e698ce","Animal_1507_6","107","107","root-symbol","1","0","-718,-1836,717,448","72","115","apps/web/public/assets/manor/v7-runtime/animals/1507/retired.png","cf618a5d15d57d011df947b091d498a76c3a93a7eb7509e53ee464003b1e0fd6","exported-root-symbol",
"pasture","1507","mature","mc/farm/aswf/a1507_1.swf","d50ed0c614dc5ee70601f0b65d128ff55838602687ee688d90e578f873e698ce","Animal_1507_3","102","102","root-symbol","1","0","-706,-2041,1060,567","89","131","apps/web/public/assets/manor/v7-runtime/animals/1507/mature.png","d63dfa933a32f36b8849f56517e4a96a1e8aa189e7c2301c45ec472ef60f413a","exported-root-symbol",
"pasture","1507","producing-b","mc/farm/aswf/a1507_1.swf","d50ed0c614dc5ee70601f0b65d128ff55838602687ee688d90e578f873e698ce","Animal_1507_5","72","72","root-symbol","1","0","-668,-1826,668,458","67","115","apps/web/public/assets/manor/v7-runtime/animals/1507/producing-b.png","1d347fe87cf3090ebc6ac9ad9e2106c4848eba4c7d59c0ee2378828c3a349fb5","exported-root-symbol",
"pasture","1508","cub","mc/farm/aswf/a1508_0.swf","52b22e2aed46b84dfffce64e7fb527a65aac41a2aa1a6e3d1373e150ade9ea0f","Animal_1508_1","56","56","root-symbol","1","0","-384,-871,398,401","40","64","apps/web/public/assets/manor/v7-runtime/animals/1508/cub.png","2c84bc52ad389c181d9c704b99f7354b1f5d521ba367ba2b122863bbf36c5505","exported-root-symbol",
"pasture","1508","growing","mc/farm/aswf/a1508_0.swf","52b22e2aed46b84dfffce64e7fb527a65aac41a2aa1a6e3d1373e150ade9ea0f","Animal_1508_2","45","45","root-symbol","1","0","-506,-1192,478,449","50","83","apps/web/public/assets/manor/v7-runtime/animals/1508/growing.png","3016ea02418de5f38e943ef411029f7c9f03e576c22dd249ca33e9f8f9664cb8","exported-root-symbol",
"pasture","1508","producing-b","mc/farm/aswf/a1508_1.swf","5c890e8dd67aafe0cc3c647f7ca27e43cf0baa13073c7cd3387e29622b272f5f","Animal_1508_5","126","126","root-symbol","1","0","-824,-1981,765,624","80","131","apps/web/public/assets/manor/v7-runtime/animals/1508/producing-b.png","d84b79e356d24e5a09b7c272a2d67996b6d9c500787a2c62bf593e911e5751c9","exported-root-symbol",
"pasture","1508","mature","mc/farm/aswf/a1508_1.swf","5c890e8dd67aafe0cc3c647f7ca27e43cf0baa13073c7cd3387e29622b272f5f","Animal_1508_3","112","112","root-symbol","1","0","-879,-2017,737,606","81","132","apps/web/public/assets/manor/v7-runtime/animals/1508/mature.png","6a55f2cc078f42ebcdf3bd5e0e16b7839161deab4139b49adb6b96864950a765","exported-root-symbol",
"pasture","1508","retired","mc/farm/aswf/a1508_1.swf","5c890e8dd67aafe0cc3c647f7ca27e43cf0baa13073c7cd3387e29622b272f5f","Animal_1508_6","86","86","root-symbol","1","0","-777,-1991,754,573","77","129","apps/web/public/assets/manor/v7-runtime/animals/1508/retired.png","05e6ad97f654d84c8fb09cbf1c0776e0b3aa0bb9a305f73352d70b2f338325b6","exported-root-symbol",
"pasture","1508","producing-a","mc/farm/aswf/a1508_1.swf","5c890e8dd67aafe0cc3c647f7ca27e43cf0baa13073c7cd3387e29622b272f5f","Animal_1508_4","31","31","root-symbol","1","0","-751,-1929,648,628","70","128","apps/web/public/assets/manor/v7-runtime/animals/1508/producing-a.png","b5512ac1292c8bb73fe1e844770730134d1a305c5c6d4c39d1378397dddf161e","exported-root-symbol",
"pasture","1509","cub","mc/farm/aswf/a1509_0.swf","42b3a952cd7b55720e1d80840df033803b34dad6763a0bfadf64d3eb13b85918","Animal_1509_1","116","116","root-symbol","1","0","-600,-580,658,375","63","48","apps/web/public/assets/manor/v7-runtime/animals/1509/cub.png","5f7cb2089cedb6e55a0b0371d2deb87c763c88b97d3c9edf0a1470df2a9af640","exported-root-symbol",
"pasture","1509","growing","mc/farm/aswf/a1509_0.swf","42b3a952cd7b55720e1d80840df033803b34dad6763a0bfadf64d3eb13b85918","Animal_1509_2","89","89","root-symbol","1","0","-959,-835,927,488","95","67","apps/web/public/assets/manor/v7-runtime/animals/1509/growing.png","359637a7b34b343162258d84f88a31cfdefa96dce7f6db618b9f917c1e2f80d7","exported-root-symbol",
"pasture","1509","mature","mc/farm/aswf/a1509_1.swf","c78c78e2442dfb1246e199f87bb94d7b1270055b25b2b631d3ff963b3ac70584","Animal_1509_3","121","121","root-symbol","1","0","-1290,-1667,1448,573","137","112","apps/web/public/assets/manor/v7-runtime/animals/1509/mature.png","2e6737311a4f0a0fc93d9b94508c56ac658fd50b290367aa7804e3e64fc8e519","exported-root-symbol",
"pasture","1509","producing-a","mc/farm/aswf/a1509_1.swf","c78c78e2442dfb1246e199f87bb94d7b1270055b25b2b631d3ff963b3ac70584","Animal_1509_4","98","98","root-symbol","1","0","-785,-1201,1218,461","101","84","apps/web/public/assets/manor/v7-runtime/animals/1509/producing-a.png","5abc4547a144433b009351bdcb1eaa7a0bdc1f315b189afc27f1591c5007b826","exported-root-symbol",
"pasture","1509","producing-b","mc/farm/aswf/a1509_1.swf","c78c78e2442dfb1246e199f87bb94d7b1270055b25b2b631d3ff963b3ac70584","Animal_1509_5","94","94","root-symbol","1","0","-1244,-1320,1328,472","129","90","apps/web/public/assets/manor/v7-runtime/animals/1509/producing-b.png","83f825cd671d06d3800054db266b45c16ef1a9b4bb94de75df411107276a93ed","exported-root-symbol",
"pasture","1509","retired","mc/farm/aswf/a1509_1.swf","c78c78e2442dfb1246e199f87bb94d7b1270055b25b2b631d3ff963b3ac70584","Animal_1509_6","89","89","root-symbol","1","0","-1250,-1352,1368,432","131","90","apps/web/public/assets/manor/v7-runtime/animals/1509/retired.png","ee573afca1c157db8976943fc36c5cf5a4485206a8cc07e901d0d67dff921627","exported-root-symbol",
"pasture","1510","growing","mc/farm/aswf/a1510_0.swf","4d375cb9b9ce1347812f8ce3bc0cf21b2452c1fd5322dd80e5de8073c36f290a","Animal_1510_2","165","165","root-symbol","1","0","-860,-2021,759,546","81","129","apps/web/public/assets/manor/v7-runtime/animals/1510/growing.png","9231239445d5ea9de4c5e8c8c493146461f2192c0877ceb63fde1e75b2f7fc69","exported-root-symbol",
"pasture","1510","cub","mc/farm/aswf/a1510_0.swf","4d375cb9b9ce1347812f8ce3bc0cf21b2452c1fd5322dd80e5de8073c36f290a","Animal_1510_1","94","94","root-symbol","1","0","-612,-1098,666,552","64","83","apps/web/public/assets/manor/v7-runtime/animals/1510/cub.png","152bd1b60efe9aa120a2ae5648323cb0c4859eaece6a1d6a76f2d8fdf66dc8a5","exported-root-symbol",
"pasture","1510","producing-a","mc/farm/aswf/a1510_1.swf","defdef9fff3ae63b3458e5ca0ba28d3fa8467c4ab663312c84d58bf9edb56eda","Animal_1510_4","130","130","root-symbol","1","0","-965,-2312,1041,691","101","151","apps/web/public/assets/manor/v7-runtime/animals/1510/producing-a.png","c9d65d9959de92c035709f6aebbdd56376e96719941fe4f34b01035c5c6fc26f","exported-root-symbol",
"pasture","1510","retired","mc/farm/aswf/a1510_1.swf","defdef9fff3ae63b3458e5ca0ba28d3fa8467c4ab663312c84d58bf9edb56eda","Animal_1510_6","128","128","root-symbol","1","0","-984,-2353,991,653","99","151","apps/web/public/assets/manor/v7-runtime/animals/1510/retired.png","d963e875c09de6bd414482573e5e9e666368d45b3e1d36b0416fece35afdd56c","exported-root-symbol",
"pasture","1510","mature","mc/farm/aswf/a1510_1.swf","defdef9fff3ae63b3458e5ca0ba28d3fa8467c4ab663312c84d58bf9edb56eda","Animal_1510_3","120","120","root-symbol","1","0","-933,-2913,1086,702","101","181","apps/web/public/assets/manor/v7-runtime/animals/1510/mature.png","274dbacae0ef1c10dcd8461860ca237db12d4187a42b81165bfc40941dfcfb66","exported-root-symbol",
"pasture","1510","producing-b","mc/farm/aswf/a1510_1.swf","defdef9fff3ae63b3458e5ca0ba28d3fa8467c4ab663312c84d58bf9edb56eda","Animal_1510_5","97","97","root-symbol","1","0","-966,-2530,1023,650","100","159","apps/web/public/assets/manor/v7-runtime/animals/1510/producing-b.png","4d21f87d91efad70abddbba3c8f10dec59167a24f92169cd15f188570d10222a","exported-root-symbol",
"pasture","1511","cub","mc/farm/aswf/a1511_0.swf","00d06722ad6daa9b6cf65cfbaf30a8941117497e9e45be44ecd983630bed2064","Animal_1511_1","147","147","root-symbol","1","0","-325,-754,355,490","34","63","apps/web/public/assets/manor/v7-runtime/animals/1511/cub.png","fca68284767d17a6027613b14083799536efccb48a70ab51e0fa87b5943ee35b","exported-root-symbol",
"pasture","1511","growing","mc/farm/aswf/a1511_0.swf","00d06722ad6daa9b6cf65cfbaf30a8941117497e9e45be44ecd983630bed2064","Animal_1511_2","104","104","root-symbol","1","0","-402,-1287,392,582","40","94","apps/web/public/assets/manor/v7-runtime/animals/1511/growing.png","c1d2ca8ca1e672b1087f0ca1075615d4d8331b349df371ea2ab026a3943dc505","exported-root-symbol",
"pasture","1511","producing-b","mc/farm/aswf/a1511_1.swf","5106e0dc3796c17fd6a4affbf578ace8a3d6b3f0d7391509bd4c613e1d95aede","Animal_1511_5","166","166","root-symbol","1","0","-758,-1891,845,808","81","135","apps/web/public/assets/manor/v7-runtime/animals/1511/producing-b.png","66722b61e2bf04544a4bf529272c6e051dff586c6030463a8c2acbf639095ade","exported-root-symbol",
"pasture","1511","mature","mc/farm/aswf/a1511_1.swf","5106e0dc3796c17fd6a4affbf578ace8a3d6b3f0d7391509bd4c613e1d95aede","Animal_1511_3","142","142","root-symbol","1","0","-802,-1919,812,777","81","135","apps/web/public/assets/manor/v7-runtime/animals/1511/mature.png","15f244ae0b0e5fd5d4af49d4eef83a7272f3027b3f7bd5b9f94ea54a449a0093","exported-root-symbol",
"pasture","1511","retired","mc/farm/aswf/a1511_1.swf","5106e0dc3796c17fd6a4affbf578ace8a3d6b3f0d7391509bd4c613e1d95aede","Animal_1511_6","93","93","root-symbol","1","0","-798,-1988,754,702","78","135","apps/web/public/assets/manor/v7-runtime/animals/1511/retired.png","b355d2c567e5e55137b547023827dfa8d2eea8578a483ccfa5bde0eab9594461","exported-root-symbol",
"pasture","1511","producing-a","mc/farm/aswf/a1511_1.swf","5106e0dc3796c17fd6a4affbf578ace8a3d6b3f0d7391509bd4c613e1d95aede","Animal_1511_4","24","24","root-symbol","1","0","-584,-1700,512,836","55","127","apps/web/public/assets/manor/v7-runtime/animals/1511/producing-a.png","15c926c70a3220507cd15e00777d447fd38897d674dd2df0abe5388b65ee95cb","exported-root-symbol",
"pasture","1512","cub","mc/farm/aswf/a1512_0.swf","05599223343f0c5992dd45d5d083fed07c2647c686c10bf57ea7f7fb31da0aa9","Animal_1512_1","114","114","root-symbol","1","0","-561,-936,539,320","55","63","apps/web/public/assets/manor/v7-runtime/animals/1512/cub.png","8bae9a04417cf6384b8571ca5501b04128f1b320e2a8565e0ff20a7d5eeaecd4","exported-root-symbol",
"pasture","1512","growing","mc/farm/aswf/a1512_0.swf","05599223343f0c5992dd45d5d083fed07c2647c686c10bf57ea7f7fb31da0aa9","Animal_1512_2","97","97","root-symbol","1","0","-803,-1375,806,434","81","91","apps/web/public/assets/manor/v7-runtime/animals/1512/growing.png","7b4405503ae04b8141f17ee7f81d5b00a177597d23d46fcb730b6257b94f15c3","exported-root-symbol",
"pasture","1512","producing-a","mc/farm/aswf/a1512_1.swf","6b218ff12e0654d019eac668d88893bf23e2643b5aa476f0c409e05477cdbb4a","Animal_1512_4","142","142","root-symbol","1","0","-934,-1842,1029,452","99","115","apps/web/public/assets/manor/v7-runtime/animals/1512/producing-a.png","8c265a9aa6e0358f66f00026fdba77aabb2876346165849fe59506858543d460","exported-root-symbol",
"pasture","1512","producing-b","mc/farm/aswf/a1512_1.swf","6b218ff12e0654d019eac668d88893bf23e2643b5aa476f0c409e05477cdbb4a","Animal_1512_5","141","141","root-symbol","1","0","-995,-1844,1065,478","103","117","apps/web/public/assets/manor/v7-runtime/animals/1512/producing-b.png","7411ec82351f2625bfcf1c2147c7224761274fbbeed5247bf60ba8d2c3cf4ee6","exported-root-symbol",
"pasture","1512","retired","mc/farm/aswf/a1512_1.swf","6b218ff12e0654d019eac668d88893bf23e2643b5aa476f0c409e05477cdbb4a","Animal_1512_6","124","124","root-symbol","1","0","-975,-1879,1054,457","102","117","apps/web/public/assets/manor/v7-runtime/animals/1512/retired.png","4d08cd3e5108406fe9ad42d9b45afa7631eed2167f30454324c62eff848fb81f","exported-root-symbol",
"pasture","1512","mature","mc/farm/aswf/a1512_1.swf","6b218ff12e0654d019eac668d88893bf23e2643b5aa476f0c409e05477cdbb4a","Animal_1512_3","102","102","root-symbol","1","0","-979,-1877,1061,1538","102","171","apps/web/public/assets/manor/v7-runtime/animals/1512/mature.png","8bd41f431f1fdf7d4f143337cde421b6e0be94ac3cfb3b2990a1bb4484aa79bf","exported-root-symbol",
"pasture","1513","cub","mc/farm/aswf/a1513_0.swf","c97633fb3ae723dc01110796f224975917d56c3c3e15283716b38a3a5fa623fe","Animal_1513_1","39","39","root-symbol","1","0","-453,-983,454,387","46","69","apps/web/public/assets/manor/v7-runtime/animals/1513/cub.png","45dbd7aa3683d364a24ed65cd5c10fb6e30d1dc7e330e9e02b800c2304d95fea","exported-root-symbol",
"pasture","1513","growing","mc/farm/aswf/a1513_0.swf","c97633fb3ae723dc01110796f224975917d56c3c3e15283716b38a3a5fa623fe","Animal_1513_2","26","26","root-symbol","1","0","-563,-1201,564,516","57","86","apps/web/public/assets/manor/v7-runtime/animals/1513/growing.png","d20aa9736a55a118b69c09bc8e7c1b3f5a4bb60f64f8cb7bedd1b08ffa8cd0f1","exported-root-symbol",
"pasture","1513","producing-a","mc/farm/aswf/a1513_1.swf","73c00f9601119768318a4be9aaa7ed5656d6020aa91c31ec7b00b479e79d4f74","Animal_1513_4","57","57","root-symbol","1","0","-728,-1114,715,1013","73","107","apps/web/public/assets/manor/v7-runtime/animals/1513/producing-a.png","e79dcccab0599eea6c3662dad168d3b476ea2425569905516b309ca8c1393e4e","exported-root-symbol",
"pasture","1513","mature","mc/farm/aswf/a1513_1.swf","73c00f9601119768318a4be9aaa7ed5656d6020aa91c31ec7b00b479e79d4f74","Animal_1513_3","55","55","root-symbol","1","0","-806,-2825,1099,849","96","184","apps/web/public/assets/manor/v7-runtime/animals/1513/mature.png","b740a2c3e19f78e70bc0ca51e2296c71e41faa073bbfff305de50e36b7a137df","exported-root-symbol",
"pasture","1513","producing-b","mc/farm/aswf/a1513_1.swf","73c00f9601119768318a4be9aaa7ed5656d6020aa91c31ec7b00b479e79d4f74","Animal_1513_5","32","32","root-symbol","1","0","-764,-1701,764,638","77","117","apps/web/public/assets/manor/v7-runtime/animals/1513/producing-b.png","995fab9001383b1c0ebee1c5f51bf1904a4cf2b6f4af5d25ea88d3ad97c18a96","exported-root-symbol",
"pasture","1513","retired","mc/farm/aswf/a1513_1.swf","73c00f9601119768318a4be9aaa7ed5656d6020aa91c31ec7b00b479e79d4f74","Animal_1513_6","28","28","root-symbol","1","0","-764,-1761,764,578","77","117","apps/web/public/assets/manor/v7-runtime/animals/1513/retired.png","ca3e40194335bb776ebb22b7822a02817abc3d6528ca9e539407df129b1df3f7","exported-root-symbol",
"pasture","1514","growing","mc/farm/aswf/a1514_0.swf","f0adc2d24ea1ad53e3eb1336c43435a64a4c2640a27e89484093311630a141a1","Animal_1514_2","43","43","root-symbol","1","0","-867,-739,882,738","88","74","apps/web/public/assets/manor/v7-runtime/animals/1514/growing.png","4a54ae21d1b8cf8edb545bb431e4ccad649908780ad38e35c87b37c8f3ee9592","exported-root-symbol",
"pasture","1514","cub","mc/farm/aswf/a1514_0.swf","f0adc2d24ea1ad53e3eb1336c43435a64a4c2640a27e89484093311630a141a1","Animal_1514_1","34","34","root-symbol","1","0","-947,-644,753,626","85","64","apps/web/public/assets/manor/v7-runtime/animals/1514/cub.png","39d868288c9ea0f7587393dd6423acd01147c6b38a6b629fdfe748f5b44fa75f","exported-root-symbol",
"pasture","1514","retired","mc/farm/aswf/a1514_1.swf","155a3a419d512f3dcf9097955aa23e13dc0e9de3dc8d44d44a35871f9f03d178","Animal_1514_6","67","67","root-symbol","1","0","-1408,-1527,1186,531","130","103","apps/web/public/assets/manor/v7-runtime/animals/1514/retired.png","9deddbad38f9f38c39911d2173411446b8695f9ebc5d07056fa5a209d0413599","exported-root-symbol",
"pasture","1514","producing-b","mc/farm/aswf/a1514_1.swf","155a3a419d512f3dcf9097955aa23e13dc0e9de3dc8d44d44a35871f9f03d178","Animal_1514_5","57","57","root-symbol","1","0","-1348,-1587,1349,471","135","103","apps/web/public/assets/manor/v7-runtime/animals/1514/producing-b.png","0afbb4dd37cb65f54801635ffc1272014f58df14c9f85d42950083de71cee047","exported-root-symbol",
"pasture","1514","producing-a","mc/farm/aswf/a1514_1.swf","155a3a419d512f3dcf9097955aa23e13dc0e9de3dc8d44d44a35871f9f03d178","Animal_1514_4","52","52","root-symbol","1","0","-1313,-1226,841,571","108","90","apps/web/public/assets/manor/v7-runtime/animals/1514/producing-a.png","d47f1f2969be370ef3dbda73da3170897e805e3ea58c2621164a416e56f5c6af","exported-root-symbol",
"pasture","1514","mature","mc/farm/aswf/a1514_1.swf","155a3a419d512f3dcf9097955aa23e13dc0e9de3dc8d44d44a35871f9f03d178","Animal_1514_3","49","49","root-symbol","1","0","-1267,-3028,1514,732","140","188","apps/web/public/assets/manor/v7-runtime/animals/1514/mature.png","da4edb91827299317157e40aa0528630b91f97540a6bd835541bf4c07bdae81d","exported-root-symbol",
"pasture","1515","growing","mc/farm/aswf/a1515_0.swf","4b2bceb0586317586049c625fafe3edfb15e293127d79439a54f3bf84745bd46","Animal_1515_2","23","23","root-symbol","1","0","-512,-952,514,366","52","66","apps/web/public/assets/manor/v7-runtime/animals/1515/growing.png","17d136e042fdf2313d6e7450dad546c23a384ef94739137e9f3a140dbf940a21","exported-root-symbol",
"pasture","1515","cub","mc/farm/aswf/a1515_0.swf","4b2bceb0586317586049c625fafe3edfb15e293127d79439a54f3bf84745bd46","Animal_1515_1","19","19","root-symbol","1","0","-375,-646,397,320","39","49","apps/web/public/assets/manor/v7-runtime/animals/1515/cub.png","6974a6c51b064a89cc20cec8515903ef2ff523f7b73ed74d0d22d0a7131c5e89","exported-root-symbol",
"pasture","1515","retired","mc/farm/aswf/a1515_1.swf","1656ea841d0d3a33e52d8fb0dfc62a5dc6378d8c7f293888e6726c3e924e2fd5","Animal_1515_6","45","45","root-symbol","1","0","-637,-1232,643,414","64","83","apps/web/public/assets/manor/v7-runtime/animals/1515/retired.png","6c049e7e18e14066d919582678cbc38e911744d77c224d19c3c7b8e014bf9308","exported-root-symbol",
"pasture","1515","producing-b","mc/farm/aswf/a1515_1.swf","1656ea841d0d3a33e52d8fb0dfc62a5dc6378d8c7f293888e6726c3e924e2fd5","Animal_1515_5","37","37","root-symbol","1","0","-638,-1240,643,414","65","83","apps/web/public/assets/manor/v7-runtime/animals/1515/producing-b.png","6c7266db09d1d06357be07ad7a897447a873c702ec24ed6f2a3dba1f3446c56b","exported-root-symbol",
"pasture","1515","mature","mc/farm/aswf/a1515_1.swf","1656ea841d0d3a33e52d8fb0dfc62a5dc6378d8c7f293888e6726c3e924e2fd5","Animal_1515_3","32","32","root-symbol","1","0","-763,-2640,732,334","75","149","apps/web/public/assets/manor/v7-runtime/animals/1515/mature.png","a381a8c2372b23bf98864a4e53a93f5115edfeee857f43df2876bbe4ad1780fc","exported-root-symbol",
"pasture","1515","producing-a","mc/farm/aswf/a1515_1.swf","1656ea841d0d3a33e52d8fb0dfc62a5dc6378d8c7f293888e6726c3e924e2fd5","Animal_1515_4","14","14","root-symbol","1","0","-489,-1117,567,344","53","74","apps/web/public/assets/manor/v7-runtime/animals/1515/producing-a.png","03f56b7373ef4f6d6a76e90b9beddcf5c496f0a0e8445af8943535bf6b0bb3b7","exported-root-symbol",
"pasture","1516","cub","mc/farm/aswf/a1516_0.swf","7bfdff35489172436746250686bad9114929f4d1d1378b95427618fdaa8cd27d","Animal_1516_1","52","52","root-symbol","1","0","-657,-778,658,429","66","61","apps/web/public/assets/manor/v7-runtime/animals/1516/cub.png","ff33364ff4bc71407a547bd10a30c316f1f5f5255982c7fc6f797bdaa6ce3c84","exported-root-symbol",
"pasture","1516","growing","mc/farm/aswf/a1516_0.swf","7bfdff35489172436746250686bad9114929f4d1d1378b95427618fdaa8cd27d","Animal_1516_2","42","42","root-symbol","1","0","-985,-1102,983,467","99","79","apps/web/public/assets/manor/v7-runtime/animals/1516/growing.png","513f582d66fb8dd377f85595015b43eca6cdda2a363a10a6164c29960fcce13b","exported-root-symbol",
"pasture","1516","retired","mc/farm/aswf/a1516_1.swf","649f2f8d6a0c435032c9dfc96fb85b7d45200a856ea1d85e2ee8410c4d6ac541","Animal_1516_6","78","78","root-symbol","1","0","-1160,-1403,1161,486","117","95","apps/web/public/assets/manor/v7-runtime/animals/1516/retired.png","01ed8b30b1acad695c0e835f0a62a8e41cd199e303f5eac0631ae32b445c4da9","exported-root-symbol",
"pasture","1516","producing-b","mc/farm/aswf/a1516_1.swf","649f2f8d6a0c435032c9dfc96fb85b7d45200a856ea1d85e2ee8410c4d6ac541","Animal_1516_5","72","72","root-symbol","1","0","-1160,-1344,1161,545","117","95","apps/web/public/assets/manor/v7-runtime/animals/1516/producing-b.png","de6b2b0c801ac2f781db8d9f69ca551abd3e08b411b717205d572f6abf0cdd46","exported-root-symbol",
"pasture","1516","producing-a","mc/farm/aswf/a1516_1.swf","649f2f8d6a0c435032c9dfc96fb85b7d45200a856ea1d85e2ee8410c4d6ac541","Animal_1516_4","65","65","root-symbol","1","0","-1148,-919,1044,740","110","83","apps/web/public/assets/manor/v7-runtime/animals/1516/producing-a.png","1e515e893f6681ca7e7d1eddff04b20dce0c4581e8712bc9da3232454663a394","exported-root-symbol",
"pasture","1516","mature","mc/farm/aswf/a1516_1.swf","649f2f8d6a0c435032c9dfc96fb85b7d45200a856ea1d85e2ee8410c4d6ac541","Animal_1516_3","63","63","root-symbol","1","0","-1160,-2715,1161,507","117","162","apps/web/public/assets/manor/v7-runtime/animals/1516/mature.png","12d0e93f8dd24aebaa43f1e75be12d5a88ccf61f9abfd4af48b37471f5bd715a","exported-root-symbol",
"pasture","1517","cub","mc/farm/aswf/a1517_0.swf","0c5eff75bd095a8a46639a5500ea944966fa64cf1c96a7debdb288f3ace47b0f","Animal_1517_1","46","46","root-symbol","1","0","-488,-1122,431,431","46","78","apps/web/public/assets/manor/v7-runtime/animals/1517/cub.png","3a638fcb188e8fd2fa788ac44990f7ede51f266b80eabd3b7d450166e85e6d1c","exported-root-symbol",
"pasture","1517","growing","mc/farm/aswf/a1517_0.swf","0c5eff75bd095a8a46639a5500ea944966fa64cf1c96a7debdb288f3ace47b0f","Animal_1517_2","41","41","root-symbol","1","0","-675,-1548,617,613","65","109","apps/web/public/assets/manor/v7-runtime/animals/1517/growing.png","35a004ed23b0e5fd98257dbc8568175227236d547e83a90364f18245545abd68","exported-root-symbol",
"pasture","1517","producing-a","mc/farm/aswf/a1517_1.swf","2e3e3dc2a070a5bde6359c4f9ce8ebdd370b334cf11f45efe94563447f6fbc70","Animal_1517_4","74","74","root-symbol","1","0","-654,-2045,440,706","55","138","apps/web/public/assets/manor/v7-runtime/animals/1517/producing-a.png","f6e2f18e5d325cae4e0aba543be1082f6892be8ebe7d978d932c556ceb2dce25","exported-root-symbol",
"pasture","1517","mature","mc/farm/aswf/a1517_1.swf","2e3e3dc2a070a5bde6359c4f9ce8ebdd370b334cf11f45efe94563447f6fbc70","Animal_1517_3","72","72","root-symbol","1","0","-712,-2950,788,885","75","192","apps/web/public/assets/manor/v7-runtime/animals/1517/mature.png","a137f0abc53f54bf26fad00e755c68e91bf5ef61707f012fce8d141686ca35cb","exported-root-symbol",
"pasture","1517","producing-b","mc/farm/aswf/a1517_1.swf","2e3e3dc2a070a5bde6359c4f9ce8ebdd370b334cf11f45efe94563447f6fbc70","Animal_1517_5","51","51","root-symbol","1","0","-770,-2037,740,793","76","142","apps/web/public/assets/manor/v7-runtime/animals/1517/producing-b.png","f0cec2fb959f00fc3e0a3b0b02c414e461a70c25047eb19f62d7f924d7029866","exported-root-symbol",
"pasture","1517","retired","mc/farm/aswf/a1517_1.swf","2e3e3dc2a070a5bde6359c4f9ce8ebdd370b334cf11f45efe94563447f6fbc70","Animal_1517_6","47","47","root-symbol","1","0","-731,-2031,753,773","75","141","apps/web/public/assets/manor/v7-runtime/animals/1517/retired.png","4e11132aa3eb00cb78af1573971c66b0899a5d16097b95b158d4e804e093c641","exported-root-symbol",
"pasture","1518","growing","mc/farm/aswf/a1518_0.swf","c0f9d8610a976eff570d2af526515d0da5b9018a14ac4cd5e3905bedb40380e6","Animal_1518_2","47","47","root-symbol","1","0","-864,-1059,865,559","87","81","apps/web/public/assets/manor/v7-runtime/animals/1518/growing.png","4cd9a16e21a6e0d8b36cffa6949f5a9ff77a4b5115f07eba961276b88c75f802","exported-root-symbol",
"pasture","1518","cub","mc/farm/aswf/a1518_0.swf","c0f9d8610a976eff570d2af526515d0da5b9018a14ac4cd5e3905bedb40380e6","Animal_1518_1","43","43","root-symbol","1","0","-738,-803,739,520","74","67","apps/web/public/assets/manor/v7-runtime/animals/1518/cub.png","546c7bf2e15e826754fa69c5d2f6a8cccb319cb7f9cf7f3e9c8eff4825481977","exported-root-symbol",
"pasture","1518","retired","mc/farm/aswf/a1518_1.swf","011566f500e185a97e2d55c17948c5e04d66366b9b4adfab770b262f853af41c","Animal_1518_6","74","74","root-symbol","1","0","-1395,-1779,1375,635","139","121","apps/web/public/assets/manor/v7-runtime/animals/1518/retired.png","71970959935df6f373652f3d701db7adb7dc996e1a3ea65b2d868ada45c58ae0","exported-root-symbol",
"pasture","1518","producing-b","mc/farm/aswf/a1518_1.swf","011566f500e185a97e2d55c17948c5e04d66366b9b4adfab770b262f853af41c","Animal_1518_5","68","68","root-symbol","1","0","-1395,-1659,1375,755","139","121","apps/web/public/assets/manor/v7-runtime/animals/1518/producing-b.png","d434cae9c57fa52543d786194ec3b3a52d83127ce0a25ef62f6ad4a51cec4aec","exported-root-symbol",
"pasture","1518","mature","mc/farm/aswf/a1518_1.swf","011566f500e185a97e2d55c17948c5e04d66366b9b4adfab770b262f853af41c","Animal_1518_3","61","61","root-symbol","1","0","-1395,-3098,1375,755","139","193","apps/web/public/assets/manor/v7-runtime/animals/1518/mature.png","b955d0a1a90617155bc9e78f09a473e50d6ac6fdde93cf1cc645c294ef6fa95b","exported-root-symbol",
"pasture","1518","producing-a","mc/farm/aswf/a1518_1.swf","011566f500e185a97e2d55c17948c5e04d66366b9b4adfab770b262f853af41c","Animal_1518_4","28","28","root-symbol","1","0","-1346,-1022,1149,722","125","88","apps/web/public/assets/manor/v7-runtime/animals/1518/producing-a.png","0dad7fd9fadedb27115343a8b7e43bc5603beb5f1e7e9a6dd01afa0b6fc8cbbe","exported-root-symbol",
"pasture","1519","growing","mc/farm/aswf/a1519_0.swf","cef3346843bde231773dbcf226f86bd953ba555bc9c549b6e1b6e74888166387","Animal_1519_2","32","32","root-symbol","1","0","-647,-1222,541,507","60","87","apps/web/public/assets/manor/v7-runtime/animals/1519/growing.png","c7651435c742e4d3452c2d36683c3cb088fea68d7541a06934a663c0b38dde59","exported-root-symbol",
"pasture","1519","cub","mc/farm/aswf/a1519_0.swf","cef3346843bde231773dbcf226f86bd953ba555bc9c549b6e1b6e74888166387","Animal_1519_1","28","28","root-symbol","1","0","-459,-875,401,420","43","65","apps/web/public/assets/manor/v7-runtime/animals/1519/cub.png","93a93ddaa2825db82defc1d3b9676a90e6710d35d18d26b434b8d646bb8f19d9","exported-root-symbol",
"pasture","1519","retired","mc/farm/aswf/a1519_1.swf","046fe7abf59db66cad20c5d671ee4a2239afb481b1048f1a144ed7a1e424e3bb","Animal_1519_6","50","50","root-symbol","1","0","-714,-1630,685,575","70","111","apps/web/public/assets/manor/v7-runtime/animals/1519/retired.png","c329fe10bac5e4f36ddec78b92ea19ec2e4183ca6327b1e607ac71b6370d53aa","exported-root-symbol",
"pasture","1519","producing-b","mc/farm/aswf/a1519_1.swf","046fe7abf59db66cad20c5d671ee4a2239afb481b1048f1a144ed7a1e424e3bb","Animal_1519_5","45","45","root-symbol","1","0","-734,-1610,665,595","70","111","apps/web/public/assets/manor/v7-runtime/animals/1519/producing-b.png","8ee75ea15b96d4f0169d7611802d1296b71d21ef678016c3705dd19e8d76a93b","exported-root-symbol",
"pasture","1519","mature","mc/farm/aswf/a1519_1.swf","046fe7abf59db66cad20c5d671ee4a2239afb481b1048f1a144ed7a1e424e3bb","Animal_1519_3","41","41","root-symbol","1","0","-793,-2381,786,535","79","146","apps/web/public/assets/manor/v7-runtime/animals/1519/mature.png","8a583456bef846800bb54e513757824bf42a4bf55006b25a18c638a1135db21b","exported-root-symbol",
"pasture","1519","producing-a","mc/farm/aswf/a1519_1.swf","046fe7abf59db66cad20c5d671ee4a2239afb481b1048f1a144ed7a1e424e3bb","Animal_1519_4","18","18","root-symbol","1","0","-694,-1018,686,922","69","97","apps/web/public/assets/manor/v7-runtime/animals/1519/producing-a.png","052999ea040d907d4aec17719ac402c43ba14462cd5a8da00a875079e0004dd3","exported-root-symbol",
"pasture","1520","cub","mc/farm/aswf/a1520_0.swf","947509d2e4fc7bfeb8553e5802a01dff2d3cda8ce21d9b0defafbeb7854f0ae9","Animal_1520_1","110","110","root-symbol","1","0","-913,-1326,755,452","84","89","apps/web/public/assets/manor/v7-runtime/animals/1520/cub.png","7c182588c808bfe561496f52e0049bb56a00a82aef7b8c7eb9fe1770772d8af7","exported-root-symbol",
"pasture","1520","growing","mc/farm/aswf/a1520_0.swf","947509d2e4fc7bfeb8553e5802a01dff2d3cda8ce21d9b0defafbeb7854f0ae9","Animal_1520_2","80","80","root-symbol","1","0","-1090,-1728,1089,723","109","123","apps/web/public/assets/manor/v7-runtime/animals/1520/growing.png","362a60fe5b0ea9f5a3584a6abcdc0be9a335a541eceae4772f994176bec72497","exported-root-symbol",
"pasture","1520","producing-a","mc/farm/aswf/a1520_1.swf","99f7293b7ad3712433432d55e8b7d6bc02e206ef4d57ff4bb16e2da2a8242f6a","Animal_1520_4","110","110","root-symbol","1","0","-1205,-1175,966,979","109","108","apps/web/public/assets/manor/v7-runtime/animals/1520/producing-a.png","a51b0cab272f8b50b5f5d426581fb59f1b0089b5d421b960cfd032b67c3911e4","exported-root-symbol",
"pasture","1520","retired","mc/farm/aswf/a1520_1.swf","99f7293b7ad3712433432d55e8b7d6bc02e206ef4d57ff4bb16e2da2a8242f6a","Animal_1520_6","108","108","root-symbol","1","0","-1205,-2071,1203,648","121","136","apps/web/public/assets/manor/v7-runtime/animals/1520/retired.png","1085497339aafbdcfb1ad2f083a7d705f8368335d3750d20240919abc8c5764f","exported-root-symbol",
"pasture","1520","producing-b","mc/farm/aswf/a1520_1.swf","99f7293b7ad3712433432d55e8b7d6bc02e206ef4d57ff4bb16e2da2a8242f6a","Animal_1520_5","103","103","root-symbol","1","0","-1205,-2091,1203,628","121","136","apps/web/public/assets/manor/v7-runtime/animals/1520/producing-b.png","2fed47fe9c4ddd68b8f2d5e63720e873c41f4950cf8c3a5329c6df9037815c2a","exported-root-symbol",
"pasture","1520","mature","mc/farm/aswf/a1520_1.swf","99f7293b7ad3712433432d55e8b7d6bc02e206ef4d57ff4bb16e2da2a8242f6a","Animal_1520_3","96","96","root-symbol","1","0","-1353,-2670,1344,760","135","172","apps/web/public/assets/manor/v7-runtime/animals/1520/mature.png","b33f8c390563faae91a73f45ec6ccd98ab760749c1ec8e3aa9d9c7dfe6df84ac","exported-root-symbol",
"pasture","1521","growing","mc/farm/aswf/a1521_0.swf","da233da894d3b4a01f6f18c2e54d5f381d5cff7f335f881c4ee28652645e9888","Animal_1521_2","73","73","root-symbol","1","0","-822,-1365,823,536","83","96","apps/web/public/assets/manor/v7-runtime/animals/1521/growing.png","9dbc929dd5cf689ac9dbeba589b0d2e708a9b4d76985e823ad5d706a8604fe04","exported-root-symbol",
"pasture","1521","cub","mc/farm/aswf/a1521_0.swf","da233da894d3b4a01f6f18c2e54d5f381d5cff7f335f881c4ee28652645e9888","Animal_1521_1","51","51","root-symbol","1","0","-625,-935,626,381","63","66","apps/web/public/assets/manor/v7-runtime/animals/1521/cub.png","b81208322bbb88ae5279444407a684301d20dfe2eecba165cbc416ce374c7fa0","exported-root-symbol",
"pasture","1521","producing-a","mc/farm/aswf/a1521_1.swf","76f5c0540176a4ee2f6ba9ba3c360494a83b0cd75408c4e8d73c9367cfc1ee72","Animal_1521_4","85","85","root-symbol","1","0","-1016,-1569,921,632","97","111","apps/web/public/assets/manor/v7-runtime/animals/1521/producing-a.png","8e1ef8fb2e171d071b1784313c834b16e7ec130714a888b628ace998fef5143b","exported-root-symbol",
"pasture","1521","retired","mc/farm/aswf/a1521_1.swf","76f5c0540176a4ee2f6ba9ba3c360494a83b0cd75408c4e8d73c9367cfc1ee72","Animal_1521_6","83","83","root-symbol","1","0","-1000,-1749,1001,568","101","116","apps/web/public/assets/manor/v7-runtime/animals/1521/retired.png","d7233d6e0dff0ad916ce33b82649d9ca0bb4d10190646b00c805eca29297979a","exported-root-symbol",
"pasture","1521","producing-b","mc/farm/aswf/a1521_1.swf","76f5c0540176a4ee2f6ba9ba3c360494a83b0cd75408c4e8d73c9367cfc1ee72","Animal_1521_5","78","78","root-symbol","1","0","-1040,-1629,961,687","101","116","apps/web/public/assets/manor/v7-runtime/animals/1521/producing-b.png","a32e70d07f93b333f1565a86df681822a479af686b01d23e6072a1d047521839","exported-root-symbol",
"pasture","1521","mature","mc/farm/aswf/a1521_1.swf","76f5c0540176a4ee2f6ba9ba3c360494a83b0cd75408c4e8d73c9367cfc1ee72","Animal_1521_3","71","71","root-symbol","1","0","-1042,-2853,1102,595","108","173","apps/web/public/assets/manor/v7-runtime/animals/1521/mature.png","9698a5eb0bb2657c8882392096f5b3afc052a27642b9de307e24fb972646f4fa","exported-root-symbol",
"pasture","1522","cub","mc/farm/aswf/a1522_0.swf","6aab7282ad17e2be8ed57c0202eebc7def299cb61749f2e4beb78fa08343e406","Animal_1522_1","53","53","root-symbol","1","0","-776,-1397,776,368","78","89","apps/web/public/assets/manor/v7-runtime/animals/1522/cub.png","1599b581d52efe987ea3969b3a0db1a23915c31fc9a64471a588731b073a8bf7","exported-root-symbol",
"pasture","1522","growing","mc/farm/aswf/a1522_0.swf","6aab7282ad17e2be8ed57c0202eebc7def299cb61749f2e4beb78fa08343e406","Animal_1522_2","28","28","root-symbol","1","0","-907,-1593,907,448","91","103","apps/web/public/assets/manor/v7-runtime/animals/1522/growing.png","110c419f5a7f8ba4f7e604400820852432ee9480e692ae8e6b1b9d0973ded7bc","exported-root-symbol",
"pasture","1522","mature","mc/farm/aswf/a1522_1.swf","31b638b1a806fdd9188447d55f5a706ec9b456e06af0ed2b245b277b173ff114","Animal_1522_3","68","68","root-symbol","1","0","-1223,-1935,1217,1804","122","187","apps/web/public/assets/manor/v7-runtime/animals/1522/mature.png","e1adc98f818999bacbceba2df89497d14e45bdb3610c5215c0ec42698508492f","exported-root-symbol",
"pasture","1522","producing-a","mc/farm/aswf/a1522_1.swf","31b638b1a806fdd9188447d55f5a706ec9b456e06af0ed2b245b277b173ff114","Animal_1522_4","53","53","root-symbol","1","0","-1075,-1645,896,566","99","111","apps/web/public/assets/manor/v7-runtime/animals/1522/producing-a.png","2a9ae42a7ad47e1f18d8c5c939276ae9a7bf794899d56332e8ed1c58e5e15673","exported-root-symbol",
"pasture","1522","producing-b","mc/farm/aswf/a1522_1.swf","31b638b1a806fdd9188447d55f5a706ec9b456e06af0ed2b245b277b173ff114","Animal_1522_5","49","49","root-symbol","1","0","-1075,-1935,1075,606","108","128","apps/web/public/assets/manor/v7-runtime/animals/1522/producing-b.png","f7cbc08bc693c1f74ff49aaf32238da2bca8b9c4aa096cea9f6a9c81ef517f4a","exported-root-symbol",
"pasture","1522","retired","mc/farm/aswf/a1522_1.swf","31b638b1a806fdd9188447d55f5a706ec9b456e06af0ed2b245b277b173ff114","Animal_1522_6","45","45","root-symbol","1","0","-1075,-1935,1075,606","108","128","apps/web/public/assets/manor/v7-runtime/animals/1522/retired.png","87e7fe44516fb133d3ed45286e665c4d6729bfbb0c83959da8b1e8ff8fdac687","exported-root-symbol",
"pasture","1523","growing","mc/farm/aswf/a1523_0.swf","18190c73f938a659c4cf0c04730dfef173a17d6e3979bda3596f6888acab3fd2","Animal_1523_2","32","32","root-symbol","1","0","-560,-1027,560,479","56","76","apps/web/public/assets/manor/v7-runtime/animals/1523/growing.png","4472b0caf5a77e931607b9c2a1f6e2854634acd220d5348e10ba30a409e205f1","exported-root-symbol",
"pasture","1523","cub","mc/farm/aswf/a1523_0.swf","18190c73f938a659c4cf0c04730dfef173a17d6e3979bda3596f6888acab3fd2","Animal_1523_1","28","28","root-symbol","1","0","-424,-729,424,451","43","59","apps/web/public/assets/manor/v7-runtime/animals/1523/cub.png","7b53618e24ec57199d103f07289119ace89f3672f4b84032854562dd7b8bdc05","exported-root-symbol",
"pasture","1523","retired","mc/farm/aswf/a1523_1.swf","87390bf1161f90e7ceaaf00f2a963cca15028e5a093911537d7ca4f0763dd216","Animal_1523_6","49","49","root-symbol","1","0","-626,-1232,627,510","63","88","apps/web/public/assets/manor/v7-runtime/animals/1523/retired.png","f19e3d5bd431c02cebf054380cb93d1e82e3e65ad0122de75bbba307f8fa628a","exported-root-symbol",
"pasture","1523","producing-b","mc/farm/aswf/a1523_1.swf","87390bf1161f90e7ceaaf00f2a963cca15028e5a093911537d7ca4f0763dd216","Animal_1523_5","45","45","root-symbol","1","0","-626,-1172,627,570","63","88","apps/web/public/assets/manor/v7-runtime/animals/1523/producing-b.png","b19228f685dc509ac766d1dd6b0c43fee56a9f3d4f82ff3890f50de947417ae2","exported-root-symbol",
"pasture","1523","mature","mc/farm/aswf/a1523_1.swf","87390bf1161f90e7ceaaf00f2a963cca15028e5a093911537d7ca4f0763dd216","Animal_1523_3","41","7","last-visible-child","1","0","-269,-606,319,647","30","63","apps/web/public/assets/manor/v7-runtime/animals/1523/mature.png","b5371f03666ecad614d56247dcd71200c23b3eec552697be68c52f4587afa085","exported-root-symbol",
"pasture","1523","producing-a","mc/farm/aswf/a1523_1.swf","87390bf1161f90e7ceaaf00f2a963cca15028e5a093911537d7ca4f0763dd216","Animal_1523_4","20","18","last-visible-child","1","0","-270,-271,270,271","27","28","apps/web/public/assets/manor/v7-runtime/animals/1523/producing-a.png","4a37ef7a243d3684e141a2c4f15c848616f26b67915531cd5ee0f6fd09e1cc38","exported-root-symbol",
"pasture","1524","cub","mc/farm/aswf/a1524_0.swf","42aa2a5f0064512adb63bd34d00823c79347654adb88d30dca2f938e3766edf1","Animal_1524_1","81","81","root-symbol","1","0","-539,-449,539,343","54","40","apps/web/public/assets/manor/v7-runtime/animals/1524/cub.png","9d30faa4e0c7532fec62e6ae55de0f8857f6570351b0fe6a0fdc7c023abf9b6f","exported-root-symbol",
"pasture","1524","growing","mc/farm/aswf/a1524_0.swf","42aa2a5f0064512adb63bd34d00823c79347654adb88d30dca2f938e3766edf1","Animal_1524_2","51","51","root-symbol","1","0","-941,-729,941,611","95","67","apps/web/public/assets/manor/v7-runtime/animals/1524/growing.png","f9ec9ceef41e1e4fc12b20f19a4454d7894470d31689b833a53d81d81f2a9c6a","exported-root-symbol",
"pasture","1524","retired","mc/farm/aswf/a1524_1.swf","55df247e14b99ed67d4156928e086aeb6c6c5c1cce669f89b13ec5a709eb1649","Animal_1524_6","81","81","root-symbol","1","0","-1171,-918,1171,771","118","85","apps/web/public/assets/manor/v7-runtime/animals/1524/retired.png","8b4f65b973412ac3a59dc5974b1d76c424f60f83e379659b53769b4040db05e2","exported-root-symbol",
"pasture","1524","producing-b","mc/farm/aswf/a1524_1.swf","55df247e14b99ed67d4156928e086aeb6c6c5c1cce669f89b13ec5a709eb1649","Animal_1524_5","75","75","root-symbol","1","0","-1171,-906,1171,758","118","84","apps/web/public/assets/manor/v7-runtime/animals/1524/producing-b.png","b5483d9209439949a647685634999b02eb5d244dce52563d57bd4919765715f6","exported-root-symbol",
"pasture","1524","producing-a","mc/farm/aswf/a1524_1.swf","55df247e14b99ed67d4156928e086aeb6c6c5c1cce669f89b13ec5a709eb1649","Animal_1524_4","71","71","root-symbol","1","0","-1067,-716,1148,698","111","71","apps/web/public/assets/manor/v7-runtime/animals/1524/producing-a.png","c1018ad8ae8dcc193b9c728a0f4491db78dfa553fc4732b70198080a8246fc7c","exported-root-symbol",
"pasture","1524","mature","mc/farm/aswf/a1524_1.swf","55df247e14b99ed67d4156928e086aeb6c6c5c1cce669f89b13ec5a709eb1649","Animal_1524_3","69","69","root-symbol","1","0","-1170,-1735,1170,1259","117","150","apps/web/public/assets/manor/v7-runtime/animals/1524/mature.png","27fbcc43673e3b834f91f816d95f16c1e9500ac11cd49e31b9a1a8af5b8289d0","exported-root-symbol",
"pasture","1525","cub","mc/farm/aswf/a1525_0.swf","e8cee40fce2a70775745445512aa9619a11d0858a52e2448007ee7f06aa4c91e","Animal_1525_1","62","62","root-symbol","1","0","-810,-1167,838,486","83","83","apps/web/public/assets/manor/v7-runtime/animals/1525/cub.png","5cea3e96d453c1732f4e730ea945f83b5a79819276518924a0ca56b15d673430","exported-root-symbol",
"pasture","1525","growing","mc/farm/aswf/a1525_0.swf","e8cee40fce2a70775745445512aa9619a11d0858a52e2448007ee7f06aa4c91e","Animal_1525_2","53","53","root-symbol","1","0","-1015,-1581,1015,475","102","103","apps/web/public/assets/manor/v7-runtime/animals/1525/growing.png","1844a158c8f8e024e891e010717cca6e6eaf5561a3d65fbe4f99c64066b0c0ce","exported-root-symbol",
"pasture","1525","mature","mc/farm/aswf/a1525_1.swf","d30ae1cd6bd1d73ebd29afa0d588eee131c3bc21f5acc19e364d9d89c638b7c7","Animal_1525_3","77","77","root-symbol","1","0","-1411,-3888,1411,641","142","227","apps/web/public/assets/manor/v7-runtime/animals/1525/mature.png","cdb52b65b1438145b4a0205f21cf1a0e90a1b894ba63a9b4953fa3895f711dcc","exported-root-symbol",
"pasture","1525","producing-a","mc/farm/aswf/a1525_1.swf","d30ae1cd6bd1d73ebd29afa0d588eee131c3bc21f5acc19e364d9d89c638b7c7","Animal_1525_4","63","63","root-symbol","1","0","-1328,-1259,1291,1207","131","124","apps/web/public/assets/manor/v7-runtime/animals/1525/producing-a.png","c6cf2db9d73f790f878909a2225134fd0713dc9e627c20acb1eaf788aabb79af","exported-root-symbol",
"pasture","1525","producing-b","mc/farm/aswf/a1525_1.swf","d30ae1cd6bd1d73ebd29afa0d588eee131c3bc21f5acc19e364d9d89c638b7c7","Animal_1525_5","60","60","root-symbol","1","0","-1411,-2027,1411,702","142","137","apps/web/public/assets/manor/v7-runtime/animals/1525/producing-b.png","9f22b910b880098a6ba8851a6f5004e4c37bb716374bc3ffa637f7d85ebb495b","exported-root-symbol",
"pasture","1525","retired","mc/farm/aswf/a1525_1.swf","d30ae1cd6bd1d73ebd29afa0d588eee131c3bc21f5acc19e364d9d89c638b7c7","Animal_1525_6","56","56","root-symbol","1","0","-1400,-1988,1550,841","148","142","apps/web/public/assets/manor/v7-runtime/animals/1525/retired.png","5e01a5ea7d018199d9c003b4fdf975e52a30f32301c4eb0a2176b725d1fb03c8","exported-root-symbol",
"pasture","1526","growing","mc/farm/aswf/a1526_0.swf","4d347b44a448274b842021293af4bbbc5f8c128c1668bdf06563cf57caf27757","Animal_1526_2","34","34","root-symbol","1","0","-773,-893,773,533","78","72","apps/web/public/assets/manor/v7-runtime/animals/1526/growing.png","35a5d439558d6e7a6dfc4c38766aa41a146a8013764e96ad882b3ffa152ff006","exported-root-symbol",
"pasture","1526","cub","mc/farm/aswf/a1526_0.swf","4d347b44a448274b842021293af4bbbc5f8c128c1668bdf06563cf57caf27757","Animal_1526_1","28","28","root-symbol","1","0","-609,-665,610,439","61","56","apps/web/public/assets/manor/v7-runtime/animals/1526/cub.png","a9864e8cc0383c74f8c460826bb1c2e4210e6c1deed3ada616732424fe2f7e3b","exported-root-symbol",
"pasture","1526","retired","mc/farm/aswf/a1526_1.swf","d4428272a2c2581df41a5a2f4f2a4ca3d21a52cd44fc3a356caef9c728f31a0c","Animal_1526_6","56","56","root-symbol","1","0","-950,-1069,911,805","94","94","apps/web/public/assets/manor/v7-runtime/animals/1526/retired.png","ce47af1bff668426fcac35136340fccb300c0e61cfd45196d1700c471cf74ea5","exported-root-symbol",
"pasture","1526","producing-b","mc/farm/aswf/a1526_1.swf","d4428272a2c2581df41a5a2f4f2a4ca3d21a52cd44fc3a356caef9c728f31a0c","Animal_1526_5","50","50","root-symbol","1","0","-930,-1169,931,709","94","94","apps/web/public/assets/manor/v7-runtime/animals/1526/producing-b.png","4a9c5dbd7849a231cb50098228cd29f7a615815b64bab0a041bdf7d0171f8cd8","exported-root-symbol",
"pasture","1526","mature","mc/farm/aswf/a1526_1.swf","d4428272a2c2581df41a5a2f4f2a4ca3d21a52cd44fc3a356caef9c728f31a0c","Animal_1526_3","46","46","root-symbol","1","0","-930,-2611,1072,526","101","157","apps/web/public/assets/manor/v7-runtime/animals/1526/mature.png","4374b0f8e73f66bc0f3d5120727154411aff3f85057680a8490948740dc05f6b","exported-root-symbol",
"pasture","1526","producing-a","mc/farm/aswf/a1526_1.swf","d4428272a2c2581df41a5a2f4f2a4ca3d21a52cd44fc3a356caef9c728f31a0c","Animal_1526_4","21","21","root-symbol","1","0","-875,-813,872,713","88","77","apps/web/public/assets/manor/v7-runtime/animals/1526/producing-a.png","63401e096c6189204ac1ed57084926141b759abb6bc0277d2c28dfc149a28c21","exported-root-symbol",
"pasture","1527","growing","mc/farm/aswf/a1527_0.swf","de1a0fcc40d44f3c16253ef360f209cbf1bbc8fb8ad3c2c0ef7f821ed6eab9fc","Animal_1527_2","37","37","root-symbol","1","0","-784,-1682,784,630","79","116","apps/web/public/assets/manor/v7-runtime/animals/1527/growing.png","e97e64234acfa06b841355c6dc4928c421851714ca060aba8af37e1a319288c9","exported-root-symbol",
"pasture","1527","cub","mc/farm/aswf/a1527_0.swf","de1a0fcc40d44f3c16253ef360f209cbf1bbc8fb8ad3c2c0ef7f821ed6eab9fc","Animal_1527_1","33","33","root-symbol","1","0","-583,-1150,583,564","59","86","apps/web/public/assets/manor/v7-runtime/animals/1527/cub.png","ce3523ef6845c711163b48274264c3c14dd4ddca924d1638d536cfbf7da84cae","exported-root-symbol",
"pasture","1527","retired","mc/farm/aswf/a1527_1.swf","ba6eb560c92af4518e1cb5731986cb49c4680ecbc82b2cd8474f79e8277fc6ff","Animal_1527_6","57","57","root-symbol","1","0","-1024,-2293,1024,735","103","152","apps/web/public/assets/manor/v7-runtime/animals/1527/retired.png","fbfd9656f384da8e2624ae7498507061b59ec202dd583b6c19ad164a80b5336c","exported-root-symbol",
"pasture","1527","producing-b","mc/farm/aswf/a1527_1.swf","ba6eb560c92af4518e1cb5731986cb49c4680ecbc82b2cd8474f79e8277fc6ff","Animal_1527_5","53","53","root-symbol","1","0","-1024,-2254,1024,774","103","152","apps/web/public/assets/manor/v7-runtime/animals/1527/producing-b.png","553e9e2f5b72f1303a9f211913fc317e86bd7ef2b9176255021b25fa90c082f0","exported-root-symbol",
"pasture","1527","mature","mc/farm/aswf/a1527_1.swf","ba6eb560c92af4518e1cb5731986cb49c4680ecbc82b2cd8474f79e8277fc6ff","Animal_1527_3","49","49","root-symbol","1","0","-924,-2473,1124,1233","103","186","apps/web/public/assets/manor/v7-runtime/animals/1527/mature.png","e8f833eeeb391ba51aca1650f0e47cf7d6611d4ad32797dc8e54debbb7c94674","exported-root-symbol",
"pasture","1527","producing-a","mc/farm/aswf/a1527_1.swf","ba6eb560c92af4518e1cb5731986cb49c4680ecbc82b2cd8474f79e8277fc6ff","Animal_1527_4","26","26","root-symbol","1","0","-839,-1710,995,911","92","132","apps/web/public/assets/manor/v7-runtime/animals/1527/producing-a.png","6e1d27c80812e90ab471edf5ad8ed76dd78c109860253b02beceb4a9bfd2c12a","exported-root-symbol",
"pasture","1528","growing","mc/farm/aswf/a1528_0.swf","979e1d4074c587ea36182f16993a77ca6e54d6f02e005bdfe6e59b4b002d0e96","Animal_1528_2","69","69","root-symbol","1","0","-405,-365,411,374","41","37","apps/web/public/assets/manor/v7-runtime/animals/1528/growing.png","13623b9390ef85ada9dcd4a41b25d42b37a2bd49d5aa93adcfe66d62b2d0ce34","exported-root-symbol",
"pasture","1528","cub","mc/farm/aswf/a1528_0.swf","979e1d4074c587ea36182f16993a77ca6e54d6f02e005bdfe6e59b4b002d0e96","Animal_1528_1","48","48","root-symbol","1","0","-347,-277,347,284","35","29","apps/web/public/assets/manor/v7-runtime/animals/1528/cub.png","d683caae034c95fed9e2e9522ed18547193bbae9bf58f49f871fd57be7d7721f","exported-root-symbol",
"pasture","1528","retired","mc/farm/aswf/a1528_1.swf","685764f9c14b64fcdabf1f9515afa4981bc73909b38a48d8dd5255bcdedc6a21","Animal_1528_6","87","87","root-symbol","1","0","-563,-680,563,324","57","51","apps/web/public/assets/manor/v7-runtime/animals/1528/retired.png","48dc53d15eb4d02476768424ca3ea63593b3e05a43fa01db26639bcfc187c5f3","exported-root-symbol",
"pasture","1528","producing-b","mc/farm/aswf/a1528_1.swf","685764f9c14b64fcdabf1f9515afa4981bc73909b38a48d8dd5255bcdedc6a21","Animal_1528_5","81","81","root-symbol","1","0","-563,-539,563,468","57","51","apps/web/public/assets/manor/v7-runtime/animals/1528/producing-b.png","4fa6748016fda354fe1422aaae6757d1fadef770d59fe3cb20e33cbd01b83670","exported-root-symbol",
"pasture","1528","producing-a","mc/farm/aswf/a1528_1.swf","685764f9c14b64fcdabf1f9515afa4981bc73909b38a48d8dd5255bcdedc6a21","Animal_1528_4","77","77","root-symbol","1","0","-522,-517,482,418","51","47","apps/web/public/assets/manor/v7-runtime/animals/1528/producing-a.png","bf0a665cc1471729cada7bad15fb98031c77237b1502c45ab0de12c25e208220","exported-root-symbol",
"pasture","1528","mature","mc/farm/aswf/a1528_1.swf","685764f9c14b64fcdabf1f9515afa4981bc73909b38a48d8dd5255bcdedc6a21","Animal_1528_3","75","75","root-symbol","1","0","-563,-1334,1002,820","79","108","apps/web/public/assets/manor/v7-runtime/animals/1528/mature.png","15d414d127fd9b05e3b5a882aeb0a7401bc72213e868c22e99a3c4dd9808620c","exported-root-symbol",
"pasture","1529","growing","mc/farm/aswf/a1529_0.swf","dce5b4667637a8e824f06aaff3031354882e1dd6ab0647ef0808e3a752279b51","Animal_1529_2","48","48","root-symbol","1","0","-266,-652,266,160","27","41","apps/web/public/assets/manor/v7-runtime/animals/1529/growing.png","86818bab7351e2c102175f8a4d430bb396979a92901cc9c3708dbd5ab64df8c4","exported-root-symbol",
"pasture","1529","cub","mc/farm/aswf/a1529_0.swf","dce5b4667637a8e824f06aaff3031354882e1dd6ab0647ef0808e3a752279b51","Animal_1529_1","14","14","root-symbol","1","0","-253,-368,328,120","30","25","apps/web/public/assets/manor/v7-runtime/animals/1529/cub.png","975bbbb17e9c735f3d10abccc4a03707e374d98dd7174a4822c5e32cc4ce5fff","exported-root-symbol",
"pasture","1529","producing-a","mc/farm/aswf/a1529_1.swf","5630b6e14d8c6b16b3688930754c8da2500d2c10be5ac4d5d8363ea3df51032d","Animal_1529_4","74","74","root-symbol","1","0","-400,-881,561,336","49","61","apps/web/public/assets/manor/v7-runtime/animals/1529/producing-a.png","f6fc24bf1ea625c0eedc07614c277a66963b562874aa35813271b4762edf3d80","exported-root-symbol",
"pasture","1529","retired","mc/farm/aswf/a1529_1.swf","5630b6e14d8c6b16b3688930754c8da2500d2c10be5ac4d5d8363ea3df51032d","Animal_1529_6","71","71","root-symbol","1","0","-541,-1015,541,260","55","64","apps/web/public/assets/manor/v7-runtime/animals/1529/retired.png","417698dab5e361a5ce83b4bfee785d8cda52e07f78105af79d542a564c613293","exported-root-symbol",
"pasture","1529","producing-b","mc/farm/aswf/a1529_1.swf","5630b6e14d8c6b16b3688930754c8da2500d2c10be5ac4d5d8363ea3df51032d","Animal_1529_5","63","63","root-symbol","1","0","-484,-853,483,412","49","64","apps/web/public/assets/manor/v7-runtime/animals/1529/producing-b.png","0561e7653f30f27f95206866c235b4dc385be80eaba73984ecdb39ea596d3a75","exported-root-symbol",
"pasture","1529","mature","mc/farm/aswf/a1529_1.swf","5630b6e14d8c6b16b3688930754c8da2500d2c10be5ac4d5d8363ea3df51032d","Animal_1529_3","56","56","root-symbol","1","0","-674,-1807,709,220","70","102","apps/web/public/assets/manor/v7-runtime/animals/1529/mature.png","f7e8e114246aeff4eaacf5123a8037774a1c1dfdcdcb201a2e5d7b9624ce8147","exported-root-symbol",
"pasture","1530","cub","mc/farm/aswf/a1530_0.swf","bc4211052b8d91e2b4a2cef0206a52d3acbe19a2735fdce50d52ae853f740983","Animal_1530_1","56","56","root-symbol","1","0","-762,-1111,677,325","72","72","apps/web/public/assets/manor/v7-runtime/animals/1530/cub.png","39e7889e4212930a0e1b6df020d936cf7b66d5c700f3599b2b4c1ca8f09ad240","exported-root-symbol",
"pasture","1530","growing","mc/farm/aswf/a1530_0.swf","bc4211052b8d91e2b4a2cef0206a52d3acbe19a2735fdce50d52ae853f740983","Animal_1530_2","42","42","root-symbol","1","0","-829,-1326,869,397","85","87","apps/web/public/assets/manor/v7-runtime/animals/1530/growing.png","1c4c46890b3819f50c36614516d87e4bf2be92eb0953c6a102b2230b8b6eaf20","exported-root-symbol",
"pasture","1530","producing-b","mc/farm/aswf/a1530_1.swf","3fc979cbf1798794656bc43d8f91bab7301af448cef0fa793b57a19bd7c85654","Animal_1530_5","68","68","root-symbol","1","0","-1030,-1576,1031,498","104","104","apps/web/public/assets/manor/v7-runtime/animals/1530/producing-b.png","9510570f1e24edd0ceeecd53eaeb4ab3c35d1c3b4cc203ea6e1ca4a55a9f5558","exported-root-symbol",
"pasture","1530","retired","mc/farm/aswf/a1530_1.swf","3fc979cbf1798794656bc43d8f91bab7301af448cef0fa793b57a19bd7c85654","Animal_1530_6","64","64","root-symbol","1","0","-1030,-1676,1031,457","104","107","apps/web/public/assets/manor/v7-runtime/animals/1530/retired.png","5bcacea7981ccd84b4e77e49e8dc04b7f973caf9316052896f08263a20823a64","exported-root-symbol",
"pasture","1530","producing-a","mc/farm/aswf/a1530_1.swf","3fc979cbf1798794656bc43d8f91bab7301af448cef0fa793b57a19bd7c85654","Animal_1530_4","56","56","root-symbol","1","0","-1007,-955,963,858","99","91","apps/web/public/assets/manor/v7-runtime/animals/1530/producing-a.png","7d65767489b2adc1060120750b1b991dec9cca604fe4710a68eae93752b29dcc","exported-root-symbol",
"pasture","1530","mature","mc/farm/aswf/a1530_1.swf","3fc979cbf1798794656bc43d8f91bab7301af448cef0fa793b57a19bd7c85654","Animal_1530_3","54","54","root-symbol","1","0","-1031,-2668,1031,544","104","161","apps/web/public/assets/manor/v7-runtime/animals/1530/mature.png","da5ea1884e6e705ad471b13da868a487e02a4cf13305ddc88e60f3e70e0a38bf","exported-root-symbol",
"pasture","1531","growing","mc/farm/aswf/a1531_0.swf","0ddb4cc33a8f64f3dbc877afcc901eb89cffb58ad7481fbd931940c83668eb5d","Animal_1531_2","50","50","root-symbol","1","0","-831,-1883,812,449","83","117","apps/web/public/assets/manor/v7-runtime/animals/1531/growing.png","d7de65ab3365336015f18f775456b40770ad4e541ed87ce5f53bf8a750d9cf5b","exported-root-symbol",
"pasture","1531","cub","mc/farm/aswf/a1531_0.swf","0ddb4cc33a8f64f3dbc877afcc901eb89cffb58ad7481fbd931940c83668eb5d","Animal_1531_1","38","38","root-symbol","1","0","-618,-1377,618,388","62","89","apps/web/public/assets/manor/v7-runtime/animals/1531/cub.png","f3a47cd49f5ec0255435e4619580946ebfc6b9e8abd497e6d37b351ce980b496","exported-root-symbol",
"pasture","1531","producing-b","mc/farm/aswf/a1531_1.swf","8efed19f348f52556ab6232a3398de987bcb7e8684aa9dea7f63419cac946bcd","Animal_1531_5","67","67","root-symbol","1","0","-1009,-2388,993,563","101","148","apps/web/public/assets/manor/v7-runtime/animals/1531/producing-b.png","5511fee3efeb99a09a3d1f9dea4db6c296d161b71a2d00bfdfc0d9bf26413fbd","exported-root-symbol",
"pasture","1531","producing-a","mc/farm/aswf/a1531_1.swf","8efed19f348f52556ab6232a3398de987bcb7e8684aa9dea7f63419cac946bcd","Animal_1531_4","61","61","root-symbol","1","0","-999,-1387,920,1233","96","131","apps/web/public/assets/manor/v7-runtime/animals/1531/producing-a.png","6bcaccd745911700313316a5d6cb2f576d3684451b0d27298dbcec7e4fa367fc","exported-root-symbol",
"pasture","1531","mature","mc/farm/aswf/a1531_1.swf","8efed19f348f52556ab6232a3398de987bcb7e8684aa9dea7f63419cac946bcd","Animal_1531_3","59","59","root-symbol","1","0","-1009,-2388,1003,1402","101","190","apps/web/public/assets/manor/v7-runtime/animals/1531/mature.png","f83a4040dddc6fbed552dedfb837f75c1e1c03ea9c73c54bde35d465bcfcfdfc","exported-root-symbol",
"pasture","1531","retired","mc/farm/aswf/a1531_1.swf","8efed19f348f52556ab6232a3398de987bcb7e8684aa9dea7f63419cac946bcd","Animal_1531_6","44","44","root-symbol","1","0","-1009,-2448,993,463","101","146","apps/web/public/assets/manor/v7-runtime/animals/1531/retired.png","54b1260594225b63142fa404d1c73502194264728bfedec79211cf843db0dc84","exported-root-symbol",
"pasture","1533","growing","mc/farm/aswf/a1533_0.swf","6fedefcbee8aa2d2f36562b8bcbad880b927ee5ec92068d9475fcd578b489c94","Animal_1533_2","58","58","root-symbol","1","0","-689,-1398,676,471","69","94","apps/web/public/assets/manor/v7-runtime/animals/1533/growing.png","bf6882f918e82f380cdf0ccede959490b9d48699983953c965fe9ee72119e441","exported-root-symbol",
"pasture","1533","cub","mc/farm/aswf/a1533_0.swf","6fedefcbee8aa2d2f36562b8bcbad880b927ee5ec92068d9475fcd578b489c94","Animal_1533_1","57","57","root-symbol","1","0","-617,-1254,617,346","62","80","apps/web/public/assets/manor/v7-runtime/animals/1533/cub.png","16b459a54893fef021938c08c13f70e3b6a16e00543a535bbbab191bd4faa290","exported-root-symbol",
"pasture","1533","retired","mc/farm/aswf/a1533_1.swf","eafef4b45795da9826b7ea7e2751818bc012ca7a2a500cf0cc9989a6b5128138","Animal_1533_6","87","87","root-symbol","1","0","-925,-1952,876,399","91","118","apps/web/public/assets/manor/v7-runtime/animals/1533/retired.png","7ee6185929042177fcb3e60caef3a43c48ab70671d679efb9ec4d11e16cb6e05","exported-root-symbol",
"pasture","1533","producing-b","mc/farm/aswf/a1533_1.swf","eafef4b45795da9826b7ea7e2751818bc012ca7a2a500cf0cc9989a6b5128138","Animal_1533_5","82","82","root-symbol","1","0","-875,-1906,876,505","88","121","apps/web/public/assets/manor/v7-runtime/animals/1533/producing-b.png","0a58781f0efd7d69ed7b2cf760efd095d2f1663c4425bb5e3b3402093d21a072","exported-root-symbol",
"pasture","1533","producing-a","mc/farm/aswf/a1533_1.swf","eafef4b45795da9826b7ea7e2751818bc012ca7a2a500cf0cc9989a6b5128138","Animal_1533_4","78","78","root-symbol","1","0","-975,-1277,705,986","84","114","apps/web/public/assets/manor/v7-runtime/animals/1533/producing-a.png","2b22c9a4e82823441ccecc0a3d3dd5779e83fa2bdba8b19eb78912829a396a17","exported-root-symbol",
"pasture","1533","mature","mc/farm/aswf/a1533_1.swf","eafef4b45795da9826b7ea7e2751818bc012ca7a2a500cf0cc9989a6b5128138","Animal_1533_3","77","77","root-symbol","1","0","-977,-2704,1031,564","101","164","apps/web/public/assets/manor/v7-runtime/animals/1533/mature.png","7e89e7449c9fb81ac3f8720332f695653418266a7dbdce06c38b0b03edf0cd92","exported-root-symbol",
"pasture","1534","cub","mc/farm/aswf/a1534_0.swf","077824508128449a59e1e3db371c9a78fdb9abb44bb8ea1a9d8e6f6ea682f4b2","Animal_1534_1","74","74","root-symbol","1","0","-562,-731,569,398","57","57","apps/web/public/assets/manor/v7-runtime/animals/1534/cub.png","99650b58689ca6437283f670796cde61498d52a0deb31a3d6387d41f22c22d95","exported-root-symbol",
"pasture","1534","growing","mc/farm/aswf/a1534_0.swf","077824508128449a59e1e3db371c9a78fdb9abb44bb8ea1a9d8e6f6ea682f4b2","Animal_1534_2","54","54","root-symbol","1","0","-765,-1114,778,647","78","89","apps/web/public/assets/manor/v7-runtime/animals/1534/growing.png","29686e3aef4bda26385d010f239c15b4f43c4afa9d2f4e825dfe6551ba5b1d2d","exported-root-symbol",
"pasture","1534","retired","mc/farm/aswf/a1534_1.swf","14c746b88bb73d56f7f2424b0eacfd8c970f7c853f5cbf2a1fc907e62c77cdb4","Animal_1534_6","89","89","root-symbol","1","0","-943,-1557,998,876","98","122","apps/web/public/assets/manor/v7-runtime/animals/1534/retired.png","f940459713704bf70ed426d790da1df17c4b215e73c04cc579711ce1e275148b","exported-root-symbol",
"pasture","1534","producing-b","mc/farm/aswf/a1534_1.swf","14c746b88bb73d56f7f2424b0eacfd8c970f7c853f5cbf2a1fc907e62c77cdb4","Animal_1534_5","81","81","root-symbol","1","0","-922,-1490,1037,936","98","122","apps/web/public/assets/manor/v7-runtime/animals/1534/producing-b.png","f58fc1e8d46d6b610e2eabc22ad5abc02c55198d921fe4b2a9274db957ae01cf","exported-root-symbol",
"pasture","1534","producing-a","mc/farm/aswf/a1534_1.swf","14c746b88bb73d56f7f2424b0eacfd8c970f7c853f5cbf2a1fc907e62c77cdb4","Animal_1534_4","76","76","root-symbol","1","0","-874,-1329,1010,676","95","101","apps/web/public/assets/manor/v7-runtime/animals/1534/producing-a.png","9e784629d42283df08289c74bffc9559942d6b1f26a4de67ad6304c740364325","exported-root-symbol",
"pasture","1534","mature","mc/farm/aswf/a1534_1.swf","14c746b88bb73d56f7f2424b0eacfd8c970f7c853f5cbf2a1fc907e62c77cdb4","Animal_1534_3","75","75","root-symbol","1","0","-975,-2413,2341,772","166","160","apps/web/public/assets/manor/v7-runtime/animals/1534/mature.png","2d7d668e13bef747b5876fce2a99a609e9bebd6c4c1be2d28f18dd3acaabd9a6","exported-root-symbol",
"pasture","1538","growing","mc/farm/aswf/a1538_0.swf","f039a5ddd6b0a1c7fa059a31b10f995a7b68d282731beed43b9b5f80b75898b8","Animal_1538_2","64","64","root-symbol","1","0","-868,-1396,788,378","83","89","apps/web/public/assets/manor/v7-runtime/animals/1538/growing.png","a039f65ac9db95b4360cff1f4d0505e7aa6fdd96327f0a59c069d7276f2fc2bf","exported-root-symbol",
"pasture","1538","cub","mc/farm/aswf/a1538_0.swf","f039a5ddd6b0a1c7fa059a31b10f995a7b68d282731beed43b9b5f80b75898b8","Animal_1538_1","58","58","root-symbol","1","0","-683,-1140,724,317","71","73","apps/web/public/assets/manor/v7-runtime/animals/1538/cub.png","1f3bf3c9765d2e671e50bae3c3d970a276c524b574732979c708b527d08c14cb","exported-root-symbol",
"pasture","1538","producing-a","mc/farm/aswf/a1538_1.swf","09905a66599dd619400c21a857fb7d31b108511c7e30b874fb8c862efe1c776e","Animal_1538_4","95","95","root-symbol","1","0","-1024,-1157,920,990","98","108","apps/web/public/assets/manor/v7-runtime/animals/1538/producing-a.png","4da30b7c870e5e387b589dcb3ec54295c46c33c276a1c8d9731eacf39e6990e1","exported-root-symbol",
"pasture","1538","retired","mc/farm/aswf/a1538_1.swf","09905a66599dd619400c21a857fb7d31b108511c7e30b874fb8c862efe1c776e","Animal_1538_6","93","93","root-symbol","1","0","-1088,-1877,1008,407","105","115","apps/web/public/assets/manor/v7-runtime/animals/1538/retired.png","d1826368248a41f4d8f62477c4bfd751c090600f9c77cf2c6df4f2d556a178c6","exported-root-symbol",
"pasture","1538","producing-b","mc/farm/aswf/a1538_1.swf","09905a66599dd619400c21a857fb7d31b108511c7e30b874fb8c862efe1c776e","Animal_1538_5","88","88","root-symbol","1","0","-1068,-1835,1028,545","105","119","apps/web/public/assets/manor/v7-runtime/animals/1538/producing-b.png","ca7f500c736165d033e0c8459dfb95e75821024af1857c7065fe0f89791464d8","exported-root-symbol",
"pasture","1538","mature","mc/farm/aswf/a1538_1.swf","09905a66599dd619400c21a857fb7d31b108511c7e30b874fb8c862efe1c776e","Animal_1538_3","84","84","root-symbol","1","0","-1221,-2745,983,416","111","159","apps/web/public/assets/manor/v7-runtime/animals/1538/mature.png","2cd9cb55f8333a7dc7b6f75d0c3e52fe36bb65417873d55b799f20bf46a95aec","exported-root-symbol",
"pasture","1539","growing","mc/farm/aswf/a1539_0.swf","c5c048c9dbacdeb851c589994bb79ff48f1989493c3303ef0a8bab9bd57ad132","Animal_1539_2","73","73","root-symbol","1","0","-1193,-1426,1157,517","118","98","apps/web/public/assets/manor/v7-runtime/animals/1539/growing.png","f05ec85bbee594b1a1dc1fef6f988a6313ac6abd8c3fd81a459e45a6815bf4cc","exported-root-symbol",
"pasture","1539","cub","mc/farm/aswf/a1539_0.swf","c5c048c9dbacdeb851c589994bb79ff48f1989493c3303ef0a8bab9bd57ad132","Animal_1539_1","62","62","root-symbol","1","0","-834,-1171,991,452","92","82","apps/web/public/assets/manor/v7-runtime/animals/1539/cub.png","c9d7b07cd0acae6cf2cb73d0e9cd7f8fad99e93c3eeb37a0c59a8bcab782cacc","exported-root-symbol",
"pasture","1539","retired","mc/farm/aswf/a1539_1.swf","d2addca84d2384232a2d8bbeb7fa588e85b7371d65c4866b9e8dddcc623e4a0f","Animal_1539_6","103","103","root-symbol","1","0","-1749,-1930,1487,500","162","122","apps/web/public/assets/manor/v7-runtime/animals/1539/retired.png","52a8798f4022c29e52a13f815dcf398a05556bc1fc6fb814550eab72bca38341","exported-root-symbol",
"pasture","1539","producing-b","mc/farm/aswf/a1539_1.swf","d2addca84d2384232a2d8bbeb7fa588e85b7371d65c4866b9e8dddcc623e4a0f","Animal_1539_5","89","89","root-symbol","1","0","-1569,-1726,1646,678","161","121","apps/web/public/assets/manor/v7-runtime/animals/1539/producing-b.png","c937cfe8d9437b9b4d0e5c0d73044ef3a3fc47cd46c369ea0ab12ba222128a3a","exported-root-symbol",
"pasture","1539","producing-a","mc/farm/aswf/a1539_1.swf","d2addca84d2384232a2d8bbeb7fa588e85b7371d65c4866b9e8dddcc623e4a0f","Animal_1539_4","82","82","root-symbol","1","0","-1278,-1443,1310,798","130","113","apps/web/public/assets/manor/v7-runtime/animals/1539/producing-a.png","2ee387dcdca52935fc35521b81f6d965ea76f57420f3fe99f229667b1cfa3c5a","exported-root-symbol",
"pasture","1539","mature","mc/farm/aswf/a1539_1.swf","d2addca84d2384232a2d8bbeb7fa588e85b7371d65c4866b9e8dddcc623e4a0f","Animal_1539_3","80","80","root-symbol","1","0","-1766,-2504,1357,744","157","163","apps/web/public/assets/manor/v7-runtime/animals/1539/mature.png","741fe2b9a3e96215d91f86097d803539cf54fb38c2ace4dcd4b9725f6f867599","exported-root-symbol",
"pasture","1540","growing","mc/farm/aswf/a1540_0.swf","dabdb5e1c7f947ce497b17c97955c0a974e1512a8343222f46a8124c16b74b82","Animal_1540_2","34","34","root-symbol","1","0","-531,-841,528,232","53","54","apps/web/public/assets/manor/v7-runtime/animals/1540/growing.png","17692811fd90dc151b1acf81e04c8f5409f2104b748840fd218642b8c359febe","exported-root-symbol",
"pasture","1540","cub","mc/farm/aswf/a1540_0.swf","dabdb5e1c7f947ce497b17c97955c0a974e1512a8343222f46a8124c16b74b82","Animal_1540_1","29","29","root-symbol","1","0","-408,-637,397,172","41","41","apps/web/public/assets/manor/v7-runtime/animals/1540/cub.png","7b947339fc7cba0c484250779fc5c48fc37b26dc7d2d248a66100cc90d893831","exported-root-symbol",
"pasture","1540","producing-a","mc/farm/aswf/a1540_1.swf","4c55869681c8aa70cfdef44ceededd90079cc13cf33cbda70144ab311a5788f3","Animal_1540_4","47","47","root-symbol","1","0","-640,-780,483,328","57","56","apps/web/public/assets/manor/v7-runtime/animals/1540/producing-a.png","258db23d24bcff35e91ceea46e6d8bef52cc740d014bbabfe1eae25139da5873","exported-root-symbol",
"pasture","1540","retired","mc/farm/aswf/a1540_1.swf","4c55869681c8aa70cfdef44ceededd90079cc13cf33cbda70144ab311a5788f3","Animal_1540_6","46","46","root-symbol","1","0","-643,-1027,642,290","65","66","apps/web/public/assets/manor/v7-runtime/animals/1540/retired.png","1d79cc044e33aeca20fc6cec3f15d8ddea0c77b1a99055adeaf75408ef720374","exported-root-symbol",
"pasture","1540","producing-b","mc/farm/aswf/a1540_1.swf","4c55869681c8aa70cfdef44ceededd90079cc13cf33cbda70144ab311a5788f3","Animal_1540_5","41","41","root-symbol","1","0","-647,-1027,642,290","65","66","apps/web/public/assets/manor/v7-runtime/animals/1540/producing-b.png","dd6dae5f710cf0112e08a5ab286a5055ba924db91979bb437596a674605a3813","exported-root-symbol",
"pasture","1540","mature","mc/farm/aswf/a1540_1.swf","4c55869681c8aa70cfdef44ceededd90079cc13cf33cbda70144ab311a5788f3","Animal_1540_3","35","35","root-symbol","1","0","-674,-1978,821,290","75","114","apps/web/public/assets/manor/v7-runtime/animals/1540/mature.png","6666030c82c12e223801e2ae82ec188b0e57a13c381de86021ef448ecfc33111","exported-root-symbol",
"pasture","1542","cub","mc/farm/aswf/a1542_0.swf","3c8736bcdbfed40ff4315cb4d20b1521999df486b456fd35c2ebc66c77d1229c","Animal_1542_1","77","77","root-symbol","1","0","-544,-1066,561,367","56","72","apps/web/public/assets/manor/v7-runtime/animals/1542/cub.png","fb691a2a48278f5339e6a27d481b6a25c589c4a439d740a663e7b576610c735f","exported-root-symbol",
"pasture","1542","growing","mc/farm/aswf/a1542_0.swf","3c8736bcdbfed40ff4315cb4d20b1521999df486b456fd35c2ebc66c77d1229c","Animal_1542_2","60","60","root-symbol","1","0","-716,-1354,743,527","73","95","apps/web/public/assets/manor/v7-runtime/animals/1542/growing.png","5395ccdf33ba5475a1bf22fd0dd397a8dfb0e3e4607b941aaf34727b1412afc1","exported-root-symbol",
"pasture","1542","mature","mc/farm/aswf/a1542_1.swf","f9caf7752f4b73251183272b255c30571409bea4aad2b848c8d2e20f111f05d1","Animal_1542_3","77","77","root-symbol","1","0","-929,-1818,1140,789","104","131","apps/web/public/assets/manor/v7-runtime/animals/1542/mature.png","7d9ea5c4394ce2a109bc605f06ff409daa8081a22abd8890b83892394febe867","exported-root-symbol",
"pasture","1542","retired","mc/farm/aswf/a1542_1.swf","f9caf7752f4b73251183272b255c30571409bea4aad2b848c8d2e20f111f05d1","Animal_1542_6","65","65","root-symbol","1","0","-856,-1922,930,548","90","124","apps/web/public/assets/manor/v7-runtime/animals/1542/retired.png","4a7a20a9d8afc62d0587edf678e029ce5d45140a254a671ef768b9c3bfb0ac20","exported-root-symbol",
"pasture","1542","producing-b","mc/farm/aswf/a1542_1.swf","f9caf7752f4b73251183272b255c30571409bea4aad2b848c8d2e20f111f05d1","Animal_1542_5","59","59","root-symbol","1","0","-851,-1803,918,642","89","123","apps/web/public/assets/manor/v7-runtime/animals/1542/producing-b.png","00ec55c3d6f8e3cb359984d8d2a12152a1c39db90cdb21b8e971a79a742c1fcf","exported-root-symbol",
"pasture","1542","producing-a","mc/farm/aswf/a1542_1.swf","f9caf7752f4b73251183272b255c30571409bea4aad2b848c8d2e20f111f05d1","Animal_1542_4","26","26","root-symbol","1","0","-825,-1708,830,579","83","115","apps/web/public/assets/manor/v7-runtime/animals/1542/producing-a.png","499a6310d782f116ec4941857ad5fc78ae5eb5f1bb4bddcbc7b363acde7a9dcd","exported-root-symbol",
"pasture","1545","cub","mc/farm/aswf/a1545_0.swf","a69149d1c7691349b67728cf75ab7386c7e01c47bc09a5b81329eca5ece0086a","Animal_1545_1","47","47","root-symbol","1","0","-657,-956,657,382","66","67","apps/web/public/assets/manor/v7-runtime/animals/1545/cub.png","e47823498f833775ecf5cb08e2680aeda4a1baa0732a33e740f145c10c05d47c","exported-root-symbol",
"pasture","1545","growing","mc/farm/aswf/a1545_0.swf","a69149d1c7691349b67728cf75ab7386c7e01c47bc09a5b81329eca5ece0086a","Animal_1545_2","40","40","root-symbol","1","0","-1047,-1598,1047,604","105","111","apps/web/public/assets/manor/v7-runtime/animals/1545/growing.png","26f1f2b8eb70ae3036a003c3794ceef01c5c7df747b859cdf1d207960acf2cfd","exported-root-symbol",
"pasture","1545","mature","mc/farm/aswf/a1545_1.swf","4da3151d7b2eb5daedef2365706d379dfff8cce6dc69e18cd2377426bd532827","Animal_1545_3","63","63","root-symbol","1","0","-1359,-1930,1229,1637","130","179","apps/web/public/assets/manor/v7-runtime/animals/1545/mature.png","1d8fdeeda14f61464e4d3d5ba2b0c22f3a6310bc9b50dc424fd405b6324ee2f9","exported-root-symbol",
"pasture","1545","producing-a","mc/farm/aswf/a1545_1.swf","4da3151d7b2eb5daedef2365706d379dfff8cce6dc69e18cd2377426bd532827","Animal_1545_4","49","49","root-symbol","1","0","-988,-1370,898,1016","95","120","apps/web/public/assets/manor/v7-runtime/animals/1545/producing-a.png","2b323a79e9228fe5fd0ee4aaf32fab710e16ead2da0c1873e67cd0b3eb4dc157","exported-root-symbol",
"pasture","1545","producing-b","mc/farm/aswf/a1545_1.swf","4da3151d7b2eb5daedef2365706d379dfff8cce6dc69e18cd2377426bd532827","Animal_1545_5","43","43","root-symbol","1","0","-1228,-1930,1228,706","123","132","apps/web/public/assets/manor/v7-runtime/animals/1545/producing-b.png","78076d118d4d49835512a6b8581a4b5552cd393fac2384383e9e7e9d72cd8257","exported-root-symbol",
"pasture","1545","retired","mc/farm/aswf/a1545_1.swf","4da3151d7b2eb5daedef2365706d379dfff8cce6dc69e18cd2377426bd532827","Animal_1545_6","39","39","root-symbol","1","0","-1229,-1930,1229,706","123","132","apps/web/public/assets/manor/v7-runtime/animals/1545/retired.png","363589b7bb6e2ef38adfc02b3d8178dac5e026cdb60236cfa549bce9ff1dedc2","exported-root-symbol",
"pasture","1547","cub","mc/farm/aswf/a1547_0.swf","4af0c4c610a1f2545d871c0dc70475174d498b12b5a778de9cbb8b6b222f0542","Animal_1547_1","37","37","root-symbol","1","0","-736,-1418,736,410","74","92","apps/web/public/assets/manor/v7-runtime/animals/1547/cub.png","b6c08998a19303e625573285e6efda3d365bcef99c55a5b7097545bf46606d29","exported-root-symbol",
"pasture","1547","growing","mc/farm/aswf/a1547_0.swf","4af0c4c610a1f2545d871c0dc70475174d498b12b5a778de9cbb8b6b222f0542","Animal_1547_2","25","25","root-symbol","1","0","-939,-1789,939,465","94","113","apps/web/public/assets/manor/v7-runtime/animals/1547/growing.png","497bbde16569b07c92c3ce1b4921400af7f4241470c917dc6bedcc282527b278","exported-root-symbol",
"pasture","1547","retired","mc/farm/aswf/a1547_1.swf","271c7194cd2674fa8d5fd43598544d31e29959d9d15a64937191cdb129e4a460","Animal_1547_6","53","53","root-symbol","1","0","-1131,-2159,1131,621","114","139","apps/web/public/assets/manor/v7-runtime/animals/1547/retired.png","d45b6877e6f28f4bf0e32ea53db96a7f0eb80a8b664f3e4446bd8744342429aa","exported-root-symbol",
"pasture","1547","producing-b","mc/farm/aswf/a1547_1.swf","271c7194cd2674fa8d5fd43598544d31e29959d9d15a64937191cdb129e4a460","Animal_1547_5","48","48","root-symbol","1","0","-1131,-2159,1131,621","114","139","apps/web/public/assets/manor/v7-runtime/animals/1547/producing-b.png","7d08e7553d84d230c139e876cbe68dbca9b3d844bce32c22325422d80dbaefab","exported-root-symbol",
"pasture","1547","producing-a","mc/farm/aswf/a1547_1.swf","271c7194cd2674fa8d5fd43598544d31e29959d9d15a64937191cdb129e4a460","Animal_1547_4","44","44","root-symbol","1","0","-1020,-1863,941,621","99","125","apps/web/public/assets/manor/v7-runtime/animals/1547/producing-a.png","6395b93ff7cba99a7fb012ba74bd49fcaf67186f3d285c7ff95c8300a46b18ca","exported-root-symbol",
"pasture","1547","mature","mc/farm/aswf/a1547_1.swf","271c7194cd2674fa8d5fd43598544d31e29959d9d15a64937191cdb129e4a460","Animal_1547_3","42","42","root-symbol","1","0","-1359,-2159,1131,1638","125","190","apps/web/public/assets/manor/v7-runtime/animals/1547/mature.png","53c5dec4e895761757c072469fb18516eec08454711e4a1abe98a021b579766a","exported-root-symbol",
"pasture","1548","growing","mc/farm/aswf/a1548_0.swf","f0dbf6a3d7f6202ac441a81b565ea35827c0de3ace762dc8cd6bd49ad5caa558","Animal_1548_2","74","74","root-symbol","1","0","-1111,-1448,1125,277","112","87","apps/web/public/assets/manor/v7-runtime/animals/1548/growing.png","d2f9df7b3748f270aa82aed2b705d38690a8faee95f019146f9e4b0d62fe6b69","exported-root-symbol",
"pasture","1548","cub","mc/farm/aswf/a1548_0.swf","f0dbf6a3d7f6202ac441a81b565ea35827c0de3ace762dc8cd6bd49ad5caa558","Animal_1548_1","70","70","root-symbol","1","0","-951,-1175,931,244","95","71","apps/web/public/assets/manor/v7-runtime/animals/1548/cub.png","5da2cec32ada6a0d4b249455b38f4d4915df20d2393496ba657e83a3b2c34d73","exported-root-symbol",
"pasture","1548","retired","mc/farm/aswf/a1548_1.swf","ba07f8fe2695d68383288f59fcc9b480dbbfc3b7c4f2e2581d5223964cf62de0","Animal_1548_6","136","136","root-symbol","1","0","-2291,-2492,2280,326","229","141","apps/web/public/assets/manor/v7-runtime/animals/1548/retired.png","1e64fb886fe2a406a3ae103385222a25761722050f34c858669cc25d9a5ee80f","exported-root-symbol",
"pasture","1548","producing-b","mc/farm/aswf/a1548_1.swf","ba07f8fe2695d68383288f59fcc9b480dbbfc3b7c4f2e2581d5223964cf62de0","Animal_1548_5","130","130","root-symbol","1","0","-2261,-2531,2248,287","226","141","apps/web/public/assets/manor/v7-runtime/animals/1548/producing-b.png","0abdfd32bb91b252c560e204a41d27a27487b0489b03120ebd357d857c772b60","exported-root-symbol",
"pasture","1548","producing-a","mc/farm/aswf/a1548_1.swf","ba07f8fe2695d68383288f59fcc9b480dbbfc3b7c4f2e2581d5223964cf62de0","Animal_1548_4","126","126","root-symbol","1","0","-755,-2475,1160,330","96","141","apps/web/public/assets/manor/v7-runtime/animals/1548/producing-a.png","0e359b538387e31cc1c06a6d58d3ba6fea0660d3450624074cc59927014389ef","exported-root-symbol",
"pasture","1548","mature","mc/farm/aswf/a1548_1.swf","ba07f8fe2695d68383288f59fcc9b480dbbfc3b7c4f2e2581d5223964cf62de0","Animal_1548_3","124","124","root-symbol","1","0","-2237,-2842,2247,307","225","158","apps/web/public/assets/manor/v7-runtime/animals/1548/mature.png","12cb7b79be611ab9f0a7634f307897770e9b67e73480fa774f30c35551782a28","exported-root-symbol",
"pasture","1549","growing","mc/farm/aswf/a1549_0.swf","2a6532e694161bdace1e0dff85e6ae9c8650c5e02be486924fc086aa9271ce5e","Animal_1549_2","72","72","root-symbol","1","0","-1155,-1781,1135,490","115","114","apps/web/public/assets/manor/v7-runtime/animals/1549/growing.png","46bfb3aac1fddcefc347bd8ef53fbb9007885613f1f6bb444cd5d95c7301c00c","exported-root-symbol",
"pasture","1549","cub","mc/farm/aswf/a1549_0.swf","2a6532e694161bdace1e0dff85e6ae9c8650c5e02be486924fc086aa9271ce5e","Animal_1549_1","68","68","root-symbol","1","0","-790,-1251,786,333","79","80","apps/web/public/assets/manor/v7-runtime/animals/1549/cub.png","0e73b6b32cf549fcc1c40ffe2a7c98333bdcaac6315826f61a27fcd8ec60a9de","exported-root-symbol",
"pasture","1549","producing-a","mc/farm/aswf/a1549_1.swf","43c0813f29414b51e29cb369da1a576dcb889e96f0223fbf3d8ff861a8d5ce88","Animal_1549_4","88","88","root-symbol","1","0","-1521,-2033,886,493","121","127","apps/web/public/assets/manor/v7-runtime/animals/1549/producing-a.png","45d633142a646f5c2857531b770528e48a0e18827e468c2971a9738397f311bd","exported-root-symbol",
"pasture","1549","retired","mc/farm/aswf/a1549_1.swf","43c0813f29414b51e29cb369da1a576dcb889e96f0223fbf3d8ff861a8d5ce88","Animal_1549_6","85","85","root-symbol","1","0","-1627,-2366,1637,468","164","142","apps/web/public/assets/manor/v7-runtime/animals/1549/retired.png","24c7bd75a1a74893559913d3a84bff4038eba34859eae8bccf4c632bfa162ca8","exported-root-symbol",
"pasture","1549","producing-b","mc/farm/aswf/a1549_1.swf","43c0813f29414b51e29cb369da1a576dcb889e96f0223fbf3d8ff861a8d5ce88","Animal_1549_5","80","80","root-symbol","1","0","-1628,-2386,1618,448","163","142","apps/web/public/assets/manor/v7-runtime/animals/1549/producing-b.png","ddd55f61ee653b9f2548b8c315080c8cb8b1b09baae3621c9b23e38f823afbe8","exported-root-symbol",
"pasture","1549","mature","mc/farm/aswf/a1549_1.swf","43c0813f29414b51e29cb369da1a576dcb889e96f0223fbf3d8ff861a8d5ce88","Animal_1549_3","76","76","root-symbol","1","0","-1607,-3079,1617,472","162","178","apps/web/public/assets/manor/v7-runtime/animals/1549/mature.png","e06aa7159d5eb4f9a92933cd67f5318ddf1cddee9bf4bf37f1e6bf68eea0e0c8","exported-root-symbol",
"pasture","1550","cub","mc/farm/aswf/a1550_0.swf","7d4fe0094723467085fa87eac4391990a998b55c2ab79bd2603e2bfd0bdfce50","Animal_1550_1","42","42","root-symbol","1","0","-476,-890,476,292","48","60","apps/web/public/assets/manor/v7-runtime/animals/1550/cub.png","a61cb3649cf0926de09ccd5f21ee42089371ea3a89022d081f7765f4357fb7b1","exported-root-symbol",
"pasture","1550","growing","mc/farm/aswf/a1550_0.swf","7d4fe0094723467085fa87eac4391990a998b55c2ab79bd2603e2bfd0bdfce50","Animal_1550_2","38","38","root-symbol","1","0","-540,-1299,540,369","54","84","apps/web/public/assets/manor/v7-runtime/animals/1550/growing.png","e3bd740472200fd110e546b22fa8164acfccfc577717e6aa09fb9841f7f31ccc","exported-root-symbol",
"pasture","1550","retired","mc/farm/aswf/a1550_1.swf","7d765eba453ad7cf601f1626a151b34abfd9a7f0acf59a0c75c66b8e1e195778","Animal_1550_6","94","94","root-symbol","1","0","-845,-1603,845,459","85","104","apps/web/public/assets/manor/v7-runtime/animals/1550/retired.png","e50609833ed1dedc26de513e5f126a243d58c650ac933e45c3e22abd7e4aa38e","exported-root-symbol",
"pasture","1550","producing-b","mc/farm/aswf/a1550_1.swf","7d765eba453ad7cf601f1626a151b34abfd9a7f0acf59a0c75c66b8e1e195778","Animal_1550_5","88","88","root-symbol","1","0","-845,-1603,845,459","85","104","apps/web/public/assets/manor/v7-runtime/animals/1550/producing-b.png","627359788fe314ff5c87183360308493d5a6a6f362a9fe71a0f4a93cf75677ad","exported-root-symbol",
"pasture","1550","producing-a","mc/farm/aswf/a1550_1.swf","7d765eba453ad7cf601f1626a151b34abfd9a7f0acf59a0c75c66b8e1e195778","Animal_1550_4","84","84","root-symbol","1","0","-692,-1602,573,460","64","104","apps/web/public/assets/manor/v7-runtime/animals/1550/producing-a.png","7e81a6fdfccc8cd59f09dfaa958b712365c254fc61aad0f31d53139cf2584355","exported-root-symbol",
"pasture","1550","mature","mc/farm/aswf/a1550_1.swf","7d765eba453ad7cf601f1626a151b34abfd9a7f0acf59a0c75c66b8e1e195778","Animal_1550_3","82","82","root-symbol","1","0","-845,-3027,1928,466","139","175","apps/web/public/assets/manor/v7-runtime/animals/1550/mature.png","8b13db8995803746a59b1f68bc1d0f6d083662c54ac5798eb3bf4773912980d0","exported-root-symbol",
"pasture","1551","cub","mc/farm/aswf/a1551_0.swf","0410d70e949c0b04066fa2555d34ce55d16cee3a0f59d861f81d8bc069cda59b","Animal_1551_1","48","48","root-symbol","1","0","-509,-924,478,231","50","58","apps/web/public/assets/manor/v7-runtime/animals/1551/cub.png","cf4da097e0af40fe2e7b48faf47d2cb3b3bcfa70e109391905dc8440b8062fdf","exported-root-symbol",
"pasture","1551","growing","mc/farm/aswf/a1551_0.swf","0410d70e949c0b04066fa2555d34ce55d16cee3a0f59d861f81d8bc069cda59b","Animal_1551_2","44","44","root-symbol","1","0","-459,-1127,459,241","46","69","apps/web/public/assets/manor/v7-runtime/animals/1551/growing.png","26006658bbb7e63568a1099f0cc48e078d2b516565122b6761843f38e0396b03","exported-root-symbol",
"pasture","1551","mature","mc/farm/aswf/a1551_1.swf","10df846cea9d3d72a1ed21f618d45ada46e10cea5ff1b4a8d03df7a3ccf38258","Animal_1551_3","64","64","root-symbol","1","0","-688,-3367,1755,302","123","184","apps/web/public/assets/manor/v7-runtime/animals/1551/mature.png","f3c5aac7ed922a937e772e56a5a5f91b7a72b0065456d2fd0f4433e65b89d966","exported-root-symbol",
"pasture","1551","producing-a","mc/farm/aswf/a1551_1.swf","10df846cea9d3d72a1ed21f618d45ada46e10cea5ff1b4a8d03df7a3ccf38258","Animal_1551_4","52","52","root-symbol","1","0","-677,-1373,443,296","56","84","apps/web/public/assets/manor/v7-runtime/animals/1551/producing-a.png","03fecde61b1cf4d7d7ca5b41f7edc0d1d9b04941a1672467c499ef6d4e57db11","exported-root-symbol",
"pasture","1551","producing-b","mc/farm/aswf/a1551_1.swf","10df846cea9d3d72a1ed21f618d45ada46e10cea5ff1b4a8d03df7a3ccf38258","Animal_1551_5","45","45","root-symbol","1","0","-689,-1373,691,299","69","84","apps/web/public/assets/manor/v7-runtime/animals/1551/producing-b.png","8ba60ef4b483f5fc7270eaad04a946fa942b858df2a15a165f0f11067cc6f959","exported-root-symbol",
"pasture","1551","retired","mc/farm/aswf/a1551_1.swf","10df846cea9d3d72a1ed21f618d45ada46e10cea5ff1b4a8d03df7a3ccf38258","Animal_1551_6","41","41","root-symbol","1","0","-689,-1370,689,299","69","84","apps/web/public/assets/manor/v7-runtime/animals/1551/retired.png","bb6b1716777d442c5f029bcc2dedbb5848bbd7e6068c9ee871f820c63e7806d1","exported-root-symbol",
"pasture","1552","cub","mc/farm/aswf/a1552_0.swf","5aa631052439eb317be9e322818a7a1234a8972769979c8fffde5f4e053b7697","Animal_1552_1","54","54","root-symbol","1","0","-807,-1374,807,365","81","87","apps/web/public/assets/manor/v7-runtime/animals/1552/cub.png","512f1063197bec21205616e25a48f3c9edef7a8bb1831c2405a307e95d3b3921","exported-root-symbol",
"pasture","1552","growing","mc/farm/aswf/a1552_0.swf","5aa631052439eb317be9e322818a7a1234a8972769979c8fffde5f4e053b7697","Animal_1552_2","33","33","root-symbol","1","0","-999,-1706,999,478","100","110","apps/web/public/assets/manor/v7-runtime/animals/1552/growing.png","96db9be5d0e0031fe3d1f192224d7c1dff138116a0409e77b59009c3ff7b59a1","exported-root-symbol",
"pasture","1552","mature","mc/farm/aswf/a1552_1.swf","1998e2fe1091291e0d185e9118a412f341c413f790250b8b91472c3cd1525ff1","Animal_1552_3","56","56","root-symbol","1","0","-1324,-2229,1324,2248","133","224","apps/web/public/assets/manor/v7-runtime/animals/1552/mature.png","cc380178e18f6712d4b300e373ea18f6358994c7a1fe423571c804afc826f32a","exported-root-symbol",
"pasture","1552","producing-a","mc/farm/aswf/a1552_1.swf","1998e2fe1091291e0d185e9118a412f341c413f790250b8b91472c3cd1525ff1","Animal_1552_4","44","44","root-symbol","1","0","-1048,-2246,823,519","94","139","apps/web/public/assets/manor/v7-runtime/animals/1552/producing-a.png","d1783dce0ceca5d8852b952b9ecedd77ea839c7f50175bcfed16c4a176991ab3","exported-root-symbol",
"pasture","1552","producing-b","mc/farm/aswf/a1552_1.swf","1998e2fe1091291e0d185e9118a412f341c413f790250b8b91472c3cd1525ff1","Animal_1552_5","38","38","root-symbol","1","0","-1324,-2218,1324,663","133","145","apps/web/public/assets/manor/v7-runtime/animals/1552/producing-b.png","c7a00bce13f7bb86f48c0453f5ead99b0a48da95b53bddb24b11ebe41a315381","exported-root-symbol",
"pasture","1552","retired","mc/farm/aswf/a1552_1.swf","1998e2fe1091291e0d185e9118a412f341c413f790250b8b91472c3cd1525ff1","Animal_1552_6","34","34","root-symbol","1","0","-1324,-2218,1324,663","133","145","apps/web/public/assets/manor/v7-runtime/animals/1552/retired.png","1129ac4a14fd2bde92d768fd39539c3e5b352dd01c309c28ced3c9de471be382","exported-root-symbol",
"pasture","1553","cub","mc/farm/aswf/a1553_0.swf","1efbd0053c1b5cd41ec2ca823d06b3cc54e57ca9e78541455ec91fffb038b698","Animal_1553_1","29","29","root-symbol","1","0","-855,-1294,855,449","86","88","apps/web/public/assets/manor/v7-runtime/animals/1553/cub.png","c8ad372d8ba688a68e56b7d1fc489bac32479968bed5422d998c3cbc5c6b0f47","exported-root-symbol",
"pasture","1553","growing","mc/farm/aswf/a1553_0.swf","1efbd0053c1b5cd41ec2ca823d06b3cc54e57ca9e78541455ec91fffb038b698","Animal_1553_2","23","23","root-symbol","1","0","-994,-1643,994,545","100","110","apps/web/public/assets/manor/v7-runtime/animals/1553/growing.png","31096a961dcf669911464415577506d2647e80274dae45a892b9519b3c79fb7c","exported-root-symbol",
"pasture","1553","mature","mc/farm/aswf/a1553_1.swf","e2b092230d863a68b1f269faeacb455615a653c652cb210a20f1104703683fd0","Animal_1553_3","42","42","root-symbol","1","0","-1460,-2018,1186,1637","133","183","apps/web/public/assets/manor/v7-runtime/animals/1553/mature.png","898986b1ebd60b9ce4cd5c3c35e385c0806877d25fc5a3b75111d22c75b16380","exported-root-symbol",
"pasture","1553","producing-a","mc/farm/aswf/a1553_1.swf","e2b092230d863a68b1f269faeacb455615a653c652cb210a20f1104703683fd0","Animal_1553_4","30","30","root-symbol","1","0","-1123,-1926,867,509","100","122","apps/web/public/assets/manor/v7-runtime/animals/1553/producing-a.png","08812dbe769e357771e1b6e6e44261ac95b35eea28511422f7a5171b272b89c6","exported-root-symbol",
"pasture","1553","producing-b","mc/farm/aswf/a1553_1.swf","e2b092230d863a68b1f269faeacb455615a653c652cb210a20f1104703683fd0","Animal_1553_5","28","28","root-symbol","1","0","-1186,-1994,1186,731","119","137","apps/web/public/assets/manor/v7-runtime/animals/1553/producing-b.png","a5feaf14ff0338bca2452b06dc4e12fc12d1e1f5ad3dd81f0ee8fb338d4fb838","exported-root-symbol",
"pasture","1553","retired","mc/farm/aswf/a1553_1.swf","e2b092230d863a68b1f269faeacb455615a653c652cb210a20f1104703683fd0","Animal_1553_6","24","24","root-symbol","1","0","-1281,-1970,1281,755","129","137","apps/web/public/assets/manor/v7-runtime/animals/1553/retired.png","3c8f3dc55cbd3d803312034e6125144d1e402732a17d09744dbfbc6748fe839c","exported-root-symbol",
"pasture","1554","cub","mc/farm/aswf/a1554_0.swf","bfb2138c4a9990d4c49e3c2a4572c9ba5a8785551f2238061f224469d3fe8ea1","Animal_1554_1","50","50","root-symbol","1","0","-653,-1573,640,511","65","105","apps/web/public/assets/manor/v7-runtime/animals/1554/cub.png","d8169facbbd1cd765f30daf985b03a543248d33fd5603a3836111a85bf4c32a7","exported-root-symbol",
"pasture","1554","growing","mc/farm/aswf/a1554_0.swf","bfb2138c4a9990d4c49e3c2a4572c9ba5a8785551f2238061f224469d3fe8ea1","Animal_1554_2","44","44","root-symbol","1","0","-1084,-2194,1084,666","109","143","apps/web/public/assets/manor/v7-runtime/animals/1554/growing.png","9eaa9e02debd87bc4d594a21704026f7196b07ffd4e483cd9bf6138a72fffd43","exported-root-symbol",
"pasture","1554","mature","mc/farm/aswf/a1554_1.swf","0439fb72d0724a3e4d8d323ee176c8a96306eabe785578c7378e347065914b8c","Animal_1554_3","68","68","root-symbol","1","0","-1890,-3668,2115,1402","201","254","apps/web/public/assets/manor/v7-runtime/animals/1554/mature.png","402263a7fc66a8cdda9ce88442389a80d3dd0b83362ebcbe4c33d07026d58682","exported-root-symbol",
"pasture","1554","producing-a","mc/farm/aswf/a1554_1.swf","0439fb72d0724a3e4d8d323ee176c8a96306eabe785578c7378e347065914b8c","Animal_1554_4","59","59","root-symbol","1","0","-1010,-3635,2114,785","157","221","apps/web/public/assets/manor/v7-runtime/animals/1554/producing-a.png","8b70b037328a2c85e484b6d709587ef69616ceb1d093d52f63c8b3a3a2033282","exported-root-symbol",
"pasture","1554","producing-b","mc/farm/aswf/a1554_1.swf","0439fb72d0724a3e4d8d323ee176c8a96306eabe785578c7378e347065914b8c","Animal_1554_5","52","52","root-symbol","1","0","-1890,-3668,2114,785","201","223","apps/web/public/assets/manor/v7-runtime/animals/1554/producing-b.png","8c348e46ebcb90e5cfd27c889e40ddd7976cc27d9045765706e93517d1350cd9","exported-root-symbol",
"pasture","1554","retired","mc/farm/aswf/a1554_1.swf","0439fb72d0724a3e4d8d323ee176c8a96306eabe785578c7378e347065914b8c","Animal_1554_6","45","45","root-symbol","1","0","-1890,-3668,2114,785","201","223","apps/web/public/assets/manor/v7-runtime/animals/1554/retired.png","4c77fd706fe23cf3848c11df54ba480435a25af83d760551b021dd6df6c72181","exported-root-symbol",
"pasture","1555","cub","mc/farm/aswf/a1555_0.swf","03cd541d71c2a6f728d15c6e33fe31437ce4f4b31fd41d455ebfc8c62e2511f8","Animal_1555_1","29","29","root-symbol","1","0","-302,-1058,302,150","31","61","apps/web/public/assets/manor/v7-runtime/animals/1555/cub.png","9f461d1a5165bff27d18186ec4ccf158ac3fd2d83a80112f381f333a6f4dfcc6","exported-root-symbol",
"pasture","1555","growing","mc/farm/aswf/a1555_0.swf","03cd541d71c2a6f728d15c6e33fe31437ce4f4b31fd41d455ebfc8c62e2511f8","Animal_1555_2","23","23","root-symbol","1","0","-454,-1616,454,221","46","92","apps/web/public/assets/manor/v7-runtime/animals/1555/growing.png","977237d853e1641cc6df15e09f9dc73c81b55be819d7a3403447453bd1fd6341","exported-root-symbol",
"pasture","1555","mature","mc/farm/aswf/a1555_1.swf","75123fb7bca16be26106bbff340ddd3910e8d3e46bba9faf6ddcb278c6c2d743","Animal_1555_3","47","47","root-symbol","1","0","-564,-3242,1434,270","100","176","apps/web/public/assets/manor/v7-runtime/animals/1555/mature.png","3439aa1f82110dd4087b449d3ed0e365bc57a4122d2ae8c2ee2b9c8175193706","exported-root-symbol",
"pasture","1555","producing-a","mc/farm/aswf/a1555_1.swf","75123fb7bca16be26106bbff340ddd3910e8d3e46bba9faf6ddcb278c6c2d743","Animal_1555_4","35","35","root-symbol","1","0","-563,-1919,555,270","56","110","apps/web/public/assets/manor/v7-runtime/animals/1555/producing-a.png","8696c422ff8cfb4ed00cc8f951237a4d9be11c562f5a76b03b0ca92c4db976e5","exported-root-symbol",
"pasture","1555","producing-b","mc/farm/aswf/a1555_1.swf","75123fb7bca16be26106bbff340ddd3910e8d3e46bba9faf6ddcb278c6c2d743","Animal_1555_5","29","29","root-symbol","1","0","-563,-2015,563,270","57","115","apps/web/public/assets/manor/v7-runtime/animals/1555/producing-b.png","30692949d2deb1eb1215958eadd117b27d39cb0649647faa5d6d0824f6909515","exported-root-symbol",
"pasture","1555","retired","mc/farm/aswf/a1555_1.swf","75123fb7bca16be26106bbff340ddd3910e8d3e46bba9faf6ddcb278c6c2d743","Animal_1555_6","25","25","root-symbol","1","0","-563,-2047,563,270","57","116","apps/web/public/assets/manor/v7-runtime/animals/1555/retired.png","7c25cb9224dc02a4a4841194a60a9f9b643579f3443c39b41abcbab83a0d9079","exported-root-symbol",
"pasture","1556","cub","mc/farm/aswf/a1556_0.swf","c858d41f76fb909c7e22124ef1f9c3292a0173f0178e7c8567e119fb6dd9c7ce","Animal_1556_1","24","24","root-symbol","1","0","-330,-1038,330,148","33","60","apps/web/public/assets/manor/v7-runtime/animals/1556/cub.png","35d81a3825a40c94c98c8081d251210f9de509686bad008119da37925f4482bc","exported-root-symbol",
"pasture","1556","growing","mc/farm/aswf/a1556_0.swf","c858d41f76fb909c7e22124ef1f9c3292a0173f0178e7c8567e119fb6dd9c7ce","Animal_1556_2","20","20","root-symbol","1","0","-500,-1482,500,208","50","85","apps/web/public/assets/manor/v7-runtime/animals/1556/growing.png","fb557753ae643f2c39ba3942042ceee313880c07fddcfe6c1a8900093b81b5e4","exported-root-symbol",
"pasture","1556","mature","mc/farm/aswf/a1556_1.swf","7062b1dcb01a031eeccd3e221e5e58e1a2ec0816510444b129050df858c11359","Animal_1556_3","41","41","root-symbol","1","0","-660,-3298,1492,271","108","179","apps/web/public/assets/manor/v7-runtime/animals/1556/mature.png","24f420078f7ceab2c2591e99ea897028cc0afff8caca349f539ae7ac591f9aba","exported-root-symbol",
"pasture","1556","producing-a","mc/farm/aswf/a1556_1.swf","7062b1dcb01a031eeccd3e221e5e58e1a2ec0816510444b129050df858c11359","Animal_1556_4","28","28","root-symbol","1","0","-591,-1927,488,270","54","110","apps/web/public/assets/manor/v7-runtime/animals/1556/producing-a.png","d1973180f5ac66ee9f7e92b977e9d663586bacc37549830fc606cd365136fb84","exported-root-symbol",
"pasture","1556","producing-b","mc/farm/aswf/a1556_1.swf","7062b1dcb01a031eeccd3e221e5e58e1a2ec0816510444b129050df858c11359","Animal_1556_5","25","25","root-symbol","1","0","-660,-1970,660,271","66","113","apps/web/public/assets/manor/v7-runtime/animals/1556/producing-b.png","dcc9b0224a28caaa7302060ac88bedccff9d1dee92f1c6d34518606272420f61","exported-root-symbol",
"pasture","1556","retired","mc/farm/aswf/a1556_1.swf","7062b1dcb01a031eeccd3e221e5e58e1a2ec0816510444b129050df858c11359","Animal_1556_6","21","21","root-symbol","1","0","-660,-1970,660,271","66","113","apps/web/public/assets/manor/v7-runtime/animals/1556/retired.png","a7f9a174c13daec9dadf04fec82636557d6005078f50f29dfa84be01388cdb6d","exported-root-symbol",
"pasture","1557","cub","mc/farm/aswf/a1557_0.swf","a4254f29aace47b09e237db742c79baefb94ce954e78b003f0ebdf1e485227b3","Animal_1557_1","41","41","root-symbol","1","0","-556,-1037,556,329","56","69","apps/web/public/assets/manor/v7-runtime/animals/1557/cub.png","e18aa7c5360c92223f348891f94a098ff18fc63af2ce69b29d3be25acb7814d9","exported-root-symbol",
"pasture","1557","growing","mc/farm/aswf/a1557_0.swf","a4254f29aace47b09e237db742c79baefb94ce954e78b003f0ebdf1e485227b3","Animal_1557_2","32","32","root-symbol","1","0","-756,-1347,756,460","76","91","apps/web/public/assets/manor/v7-runtime/animals/1557/growing.png","1c52a98b7d975139cdeb4253bb7efce61ff3aab20451fa3590256e9b3f79ea82","exported-root-symbol",
"pasture","1557","mature","mc/farm/aswf/a1557_1.swf","2e4b48435ed972364545811ff21f9241d5f1e607da06e088d23af1e355c0959a","Animal_1557_3","56","56","root-symbol","1","0","-1458,-1915,1180,1639","132","178","apps/web/public/assets/manor/v7-runtime/animals/1557/mature.png","771e8216a2935531d90c9a1295969921ae86a29c744bc2c6246608fc25cd11f8","exported-root-symbol",
"pasture","1557","producing-a","mc/farm/aswf/a1557_1.swf","2e4b48435ed972364545811ff21f9241d5f1e607da06e088d23af1e355c0959a","Animal_1557_4","46","46","root-symbol","1","0","-1051,-1756,1071,647","107","121","apps/web/public/assets/manor/v7-runtime/animals/1557/producing-a.png","c4bd656e9a747de5f6061dc2bdf971fc444b0e32882cc7a919c4179f31b9c933","exported-root-symbol",
"pasture","1557","producing-b","mc/farm/aswf/a1557_1.swf","2e4b48435ed972364545811ff21f9241d5f1e607da06e088d23af1e355c0959a","Animal_1557_5","43","43","root-symbol","1","0","-1073,-1915,1073,649","108","129","apps/web/public/assets/manor/v7-runtime/animals/1557/producing-b.png","63d4ba4410f6405108c14739371e712aee6888831d446419eb0cca53375e645a","exported-root-symbol",
"pasture","1557","retired","mc/farm/aswf/a1557_1.swf","2e4b48435ed972364545811ff21f9241d5f1e607da06e088d23af1e355c0959a","Animal_1557_6","39","39","root-symbol","1","0","-1073,-1915,1073,649","108","129","apps/web/public/assets/manor/v7-runtime/animals/1557/retired.png","c4a1339a1252f90bef53a9ab733b8cfa17c996a5502df9ccf1723b6dcc6f8321","exported-root-symbol",
"pasture","1558","cub","mc/farm/aswf/a1558_0.swf","989b368a6396912bc6512669e409ed6fbbb8167ab8de95dcdccff898d0bdb25f","Animal_1558_1","39","39","root-symbol","1","0","-365,-547,365,248","37","40","apps/web/public/assets/manor/v7-runtime/animals/1558/cub.png","4459ec1bd2e544fcd3b7cf2c04f82a27c20dfd54d4b7825b673b78923e26c45c","exported-root-symbol",
"pasture","1558","growing","mc/farm/aswf/a1558_0.swf","989b368a6396912bc6512669e409ed6fbbb8167ab8de95dcdccff898d0bdb25f","Animal_1558_2","26","26","root-symbol","1","0","-450,-1090,450,295","45","70","apps/web/public/assets/manor/v7-runtime/animals/1558/growing.png","2d4c3234478ad559110259c3d1a098775c46802d4a53422e926a5c5ccd0552db","exported-root-symbol",
"pasture","1558","mature","mc/farm/aswf/a1558_1.swf","eeb71ff21366acaa7b9d7977e28d90649b63a962ff1cd734145f5f190e1b4c14","Animal_1558_3","48","48","root-symbol","1","0","-764,-3429,1069,417","92","193","apps/web/public/assets/manor/v7-runtime/animals/1558/mature.png","e2a38d04f112ac98baff66bc13a02359860883584f9bbb43d96cf17702742ff5","exported-root-symbol",
"pasture","1558","producing-a","mc/farm/aswf/a1558_1.swf","eeb71ff21366acaa7b9d7977e28d90649b63a962ff1cd734145f5f190e1b4c14","Animal_1558_4","35","35","root-symbol","1","0","-570,-1432,536,343","56","89","apps/web/public/assets/manor/v7-runtime/animals/1558/producing-a.png","33767cb83eabb8b6b80ecb09ac3575b5b10eaeb70bdaf7de33f5ea269ed75758","exported-root-symbol",
"pasture","1558","producing-b","mc/farm/aswf/a1558_1.swf","eeb71ff21366acaa7b9d7977e28d90649b63a962ff1cd734145f5f190e1b4c14","Animal_1558_5","32","32","root-symbol","1","0","-764,-1463,764,417","77","94","apps/web/public/assets/manor/v7-runtime/animals/1558/producing-b.png","50d6110994e9a25094f6bdb05bd6e9b5a1d46577673b104f8cf1a1d7188472fe","exported-root-symbol",
"pasture","1558","retired","mc/farm/aswf/a1558_1.swf","eeb71ff21366acaa7b9d7977e28d90649b63a962ff1cd734145f5f190e1b4c14","Animal_1558_6","28","28","root-symbol","1","0","-764,-1463,764,417","77","94","apps/web/public/assets/manor/v7-runtime/animals/1558/retired.png","a068276148ae9e417e33eb8062a6730bc63912ea826123da546ffe01d0254b45","exported-root-symbol",
"pasture","1559","cub","mc/farm/aswf/a1559_0.swf","53b69504866ace91eed98eb35351e628aca09eca28ef9b35c9cedc4de04e8e29","Animal_1559_1","36","36","root-symbol","1","0","-339,-493,339,170","34","34","apps/web/public/assets/manor/v7-runtime/animals/1559/cub.png","413dca00b1d6b089c5dd7f48c10329fb0de22d0d32e6016c0f01824cc0228071","exported-root-symbol",
"pasture","1559","growing","mc/farm/aswf/a1559_0.swf","53b69504866ace91eed98eb35351e628aca09eca28ef9b35c9cedc4de04e8e29","Animal_1559_2","25","25","root-symbol","1","0","-454,-1236,454,244","46","74","apps/web/public/assets/manor/v7-runtime/animals/1559/growing.png","82f32fabbc5d12aef53f662d6870e47bfc47b58869f874417877f897fdfdf15b","exported-root-symbol",
"pasture","1559","mature","mc/farm/aswf/a1559_1.swf","7872149a66d0c7105873799c240e5303545ce330a6bdd5fc337c36467e64bf53","Animal_1559_3","47","47","root-symbol","1","0","-675,-3390,1425,262","105","183","apps/web/public/assets/manor/v7-runtime/animals/1559/mature.png","866291a22479593ddf7669731b220eac61b7da2f05cdabb9e5f8a812106eac1e","exported-root-symbol",
"pasture","1559","producing-a","mc/farm/aswf/a1559_1.swf","7872149a66d0c7105873799c240e5303545ce330a6bdd5fc337c36467e64bf53","Animal_1559_4","34","34","root-symbol","1","0","-649,-1969,560,262","61","112","apps/web/public/assets/manor/v7-runtime/animals/1559/producing-a.png","2b00ecc22a0e8de72a14ebf47979cb992dcd5be7197e29dcdcf2cecc65bb7ae5","exported-root-symbol",
"pasture","1559","producing-b","mc/farm/aswf/a1559_1.swf","7872149a66d0c7105873799c240e5303545ce330a6bdd5fc337c36467e64bf53","Animal_1559_5","31","31","root-symbol","1","0","-675,-2012,675,262","68","114","apps/web/public/assets/manor/v7-runtime/animals/1559/producing-b.png","f8c5eebd6735e2860046ebca14f6d1b6931db4ba886a0035b567ef3dd46c46fb","exported-root-symbol",
"pasture","1559","retired","mc/farm/aswf/a1559_1.swf","7872149a66d0c7105873799c240e5303545ce330a6bdd5fc337c36467e64bf53","Animal_1559_6","27","27","root-symbol","1","0","-675,-2012,675,262","68","114","apps/web/public/assets/manor/v7-runtime/animals/1559/retired.png","f57ff725bdbac2313e223334054de35d0dda9145a247e374bdf7dc8751256d99","exported-root-symbol",
"pasture","1560","cub","mc/farm/aswf/a1560_0.swf","f01fa68eae76990bec93a2b198545b865fd6c420a5fe98c5b5dbc6a060206f71","Animal_1560_1","23","23","root-symbol","1","0","-1012,-1122,1012,419","102","78","apps/web/public/assets/manor/v7-runtime/animals/1560/cub.png","c6a66be6bcaf3232272733774090d7ff2d629ebf9435967eea4f1acb0986d9e3","exported-root-symbol",
"pasture","1560","growing","mc/farm/aswf/a1560_0.swf","f01fa68eae76990bec93a2b198545b865fd6c420a5fe98c5b5dbc6a060206f71","Animal_1560_2","17","17","root-symbol","1","0","-1095,-1295,1093,500","110","90","apps/web/public/assets/manor/v7-runtime/animals/1560/growing.png","4ed462c2dd9c660c83b2efce79e1be779d53b79a2c4332673eafb7febc76ef7c","exported-root-symbol",
"pasture","1560","mature","mc/farm/aswf/a1560_1.swf","2bd30fba2441664ed677627ee563adb61e5ff1f3e2720b8db82b0e2f13dbdbcb","Animal_1560_3","41","41","root-symbol","1","0","-1281,-3071,1428,584","136","183","apps/web/public/assets/manor/v7-runtime/animals/1560/mature.png","da229c701cf5364a302a99b6fa190f80238111e82526320d88d629bd06e45eaa","exported-root-symbol",
"pasture","1560","producing-a","mc/farm/aswf/a1560_1.swf","2bd30fba2441664ed677627ee563adb61e5ff1f3e2720b8db82b0e2f13dbdbcb","Animal_1560_4","28","28","root-symbol","1","0","-1281,-1224,1034,584","116","91","apps/web/public/assets/manor/v7-runtime/animals/1560/producing-a.png","8b23d9fdb95a9268de4173d8e0b76de6ea15099acc557cbfa704c531cbcd0aaa","exported-root-symbol",
"pasture","1560","producing-b","mc/farm/aswf/a1560_1.swf","2bd30fba2441664ed677627ee563adb61e5ff1f3e2720b8db82b0e2f13dbdbcb","Animal_1560_5","22","22","root-symbol","1","0","-1281,-1685,1281,584","129","114","apps/web/public/assets/manor/v7-runtime/animals/1560/producing-b.png","b2822fdc14ea7408dbb6b5147537e5638e6aba27e9a96ad2c415445e4de2004f","exported-root-symbol",
"pasture","1560","retired","mc/farm/aswf/a1560_1.swf","2bd30fba2441664ed677627ee563adb61e5ff1f3e2720b8db82b0e2f13dbdbcb","Animal_1560_6","18","18","root-symbol","1","0","-1281,-1685,1281,584","129","114","apps/web/public/assets/manor/v7-runtime/animals/1560/retired.png","ada84c6b655c5ee7d77f23cfe9aefab6ff44353956d2b24b14d07b45e8717c22","exported-root-symbol",
"pasture","1561","cub","mc/farm/aswf/a1561_0.swf","7baeeaa28a39c86756c7cd5694dc3c4b4d37381cd66c925f2b7748679b1bc8cd","Animal_1561_1","29","29","root-symbol","1","0","-1029,-1346,1027,358","103","86","apps/web/public/assets/manor/v7-runtime/animals/1561/cub.png","84a3e67d45a5741ed3e3e4b669dc7166aa99d51e72494c7e2c82c52b3507046b","exported-root-symbol",
"pasture","1561","growing","mc/farm/aswf/a1561_0.swf","7baeeaa28a39c86756c7cd5694dc3c4b4d37381cd66c925f2b7748679b1bc8cd","Animal_1561_2","20","20","root-symbol","1","0","-1354,-1806,1354,597","136","121","apps/web/public/assets/manor/v7-runtime/animals/1561/growing.png","07ef4dcd3ba92a681db486e175808c8606203934bbfc298520ab6127c7ad699f","exported-root-symbol",
"pasture","1561","retired","mc/farm/aswf/a1561_1.swf","31c936f49ed0b3b9abade13cadbb3b21c0f1eea640aa4fd3d4b30ea583073ff8","Animal_1561_6","44","44","root-symbol","1","0","-1592,-2121,1589,699","160","141","apps/web/public/assets/manor/v7-runtime/animals/1561/retired.png","6053b43cafb3823243ed336853611efbe782aaba978912fb0493394cf5193577","exported-root-symbol",
"pasture","1561","producing-b","mc/farm/aswf/a1561_1.swf","31c936f49ed0b3b9abade13cadbb3b21c0f1eea640aa4fd3d4b30ea583073ff8","Animal_1561_5","39","39","root-symbol","1","0","-1592,-2121,1589,699","160","141","apps/web/public/assets/manor/v7-runtime/animals/1561/producing-b.png","227ce93f1f3853157cd8dd73e6728d4ec3da64b1531cddb16a2dbf3b0f2a658f","exported-root-symbol",
"pasture","1561","producing-a","mc/farm/aswf/a1561_1.swf","31c936f49ed0b3b9abade13cadbb3b21c0f1eea640aa4fd3d4b30ea583073ff8","Animal_1561_4","35","35","root-symbol","1","0","-1485,-1584,1300,699","140","115","apps/web/public/assets/manor/v7-runtime/animals/1561/producing-a.png","795b039488f16d25705aa1b78eb376ae3d0601e6789711c2ee9350e14203e51c","exported-root-symbol",
"pasture","1561","mature","mc/farm/aswf/a1561_1.swf","31c936f49ed0b3b9abade13cadbb3b21c0f1eea640aa4fd3d4b30ea583073ff8","Animal_1561_3","33","33","root-symbol","1","0","-1592,-3330,1589,700","160","202","apps/web/public/assets/manor/v7-runtime/animals/1561/mature.png","56b0b6362ae78a31df5afb915ff6995b887e243f9384a923131530b9c9232ba4","exported-root-symbol",
"pasture","1562","cub","mc/farm/aswf/a1562_0.swf","15f9a4cf9481ac34cdf915b17cbc4794d85b0c3d87698a2a310e5d6d2b70e73c","Animal_1562_1","24","24","root-symbol","1","0","-272,-473,272,155","28","32","apps/web/public/assets/manor/v7-runtime/animals/1562/cub.png","71cda2e872ea97eae1201fc5c3748bcaa8f7eb1a9344613de6ea7a83656612a3","exported-root-symbol",
"pasture","1562","growing","mc/farm/aswf/a1562_0.swf","15f9a4cf9481ac34cdf915b17cbc4794d85b0c3d87698a2a310e5d6d2b70e73c","Animal_1562_2","12","12","root-symbol","1","0","-445,-784,445,230","45","51","apps/web/public/assets/manor/v7-runtime/animals/1562/growing.png","e04910c2c0c5c5f9c4d2b52e199b19a5bd0a652528275f0863ac8bc1a20969df","exported-root-symbol",
"pasture","1562","mature","mc/farm/aswf/a1562_1.swf","0e4d871d0e31457b88f32669bb224cf8f73ccf6fb177d6c62729f171300aaa11","Animal_1562_3","42","42","root-symbol","1","0","-871,-3413,1436,286","116","185","apps/web/public/assets/manor/v7-runtime/animals/1562/mature.png","fb4a050331e99cde1a2cf0edd69cdbb984004197ccaddc88df4284d001a5c01b","exported-root-symbol",
"pasture","1562","producing-a","mc/farm/aswf/a1562_1.swf","0e4d871d0e31457b88f32669bb224cf8f73ccf6fb177d6c62729f171300aaa11","Animal_1562_4","28","28","root-symbol","1","0","-693,-1349,869,286","79","82","apps/web/public/assets/manor/v7-runtime/animals/1562/producing-a.png","9ed8ee774a732801c63b21df2e68d00d1acea72147a4207de0f3be85db46ce15","exported-root-symbol",
"pasture","1562","producing-b","mc/farm/aswf/a1562_1.swf","0e4d871d0e31457b88f32669bb224cf8f73ccf6fb177d6c62729f171300aaa11","Animal_1562_5","25","25","root-symbol","1","0","-693,-1314,693,286","70","80","apps/web/public/assets/manor/v7-runtime/animals/1562/producing-b.png","25b6f923bfb2748d40078932513f7b845cf3b25db341864a2f4192db6c7597d5","exported-root-symbol",
"pasture","1562","retired","mc/farm/aswf/a1562_1.swf","0e4d871d0e31457b88f32669bb224cf8f73ccf6fb177d6c62729f171300aaa11","Animal_1562_6","21","21","root-symbol","1","0","-693,-1314,693,286","70","80","apps/web/public/assets/manor/v7-runtime/animals/1562/retired.png","7d11290bb22de22d98f67d44ec65a1a7884bf9b06a966f29d601b812ed904d10","exported-root-symbol",
"pasture","1563","cub","mc/farm/aswf/a1563_0.swf","f2c589f85533f81ae216eae547580691ddb4019a20edbfe7f009f0bc1f1a8695","Animal_1563_1","43","43","root-symbol","1","0","-335,-715,335,140","34","43","apps/web/public/assets/manor/v7-runtime/animals/1563/cub.png","6914fed8a36e502854e7d958146d45774e2ab57e3753b9a2a18f435fa11a353b","exported-root-symbol",
"pasture","1563","growing","mc/farm/aswf/a1563_0.swf","f2c589f85533f81ae216eae547580691ddb4019a20edbfe7f009f0bc1f1a8695","Animal_1563_2","29","29","root-symbol","1","0","-667,-1482,687,192","68","84","apps/web/public/assets/manor/v7-runtime/animals/1563/growing.png","5fcef73a9a7985fb4ae6d1f375cbc73efa75636d4c92c62db980b2a26748be28","exported-root-symbol",
"pasture","1563","mature","mc/farm/aswf/a1563_1.swf","264445c939d92df60dde67c9c5a48f91ed14a7d264a4f4d4d6433b8e6b47a11c","Animal_1563_3","59","59","root-symbol","1","0","-848,-3836,1580,252","122","205","apps/web/public/assets/manor/v7-runtime/animals/1563/mature.png","0d37f7ce2b7f8b7be858a06d966e55f89d975ae8742aaceba8f943f4a5da370a","exported-root-symbol",
"pasture","1563","producing-a","mc/farm/aswf/a1563_1.swf","264445c939d92df60dde67c9c5a48f91ed14a7d264a4f4d4d6433b8e6b47a11c","Animal_1563_4","45","45","root-symbol","1","0","-630,-1997,877,252","76","113","apps/web/public/assets/manor/v7-runtime/animals/1563/producing-a.png","db0a803e668813e0127e9bfbcdf1b06a6976a72e3f182aded405aa476709dc2a","exported-root-symbol",
"pasture","1563","producing-b","mc/farm/aswf/a1563_1.swf","264445c939d92df60dde67c9c5a48f91ed14a7d264a4f4d4d6433b8e6b47a11c","Animal_1563_5","39","39","root-symbol","1","0","-848,-1997,877,252","87","113","apps/web/public/assets/manor/v7-runtime/animals/1563/producing-b.png","e779e8d518097c780c501b59e798e6c0c19cc146a312fa1295309013f7254aeb","exported-root-symbol",
"pasture","1563","retired","mc/farm/aswf/a1563_1.swf","264445c939d92df60dde67c9c5a48f91ed14a7d264a4f4d4d6433b8e6b47a11c","Animal_1563_6","35","35","root-symbol","1","0","-848,-1997,877,252","87","113","apps/web/public/assets/manor/v7-runtime/animals/1563/retired.png","a68470f538e5d2084d5b476b8e6a9d017f4267f3f110ae24de78da5be0f825ea","exported-root-symbol",
"pasture","1564","cub","mc/farm/aswf/a1564_0.swf","137172dec40fcb123ee750ccba1c40f935a273ab6e78581798b01b5528bc424f","Animal_1564_1","37","37","root-symbol","1","0","-271,-600,271,178","28","39","apps/web/public/assets/manor/v7-runtime/animals/1564/cub.png","58c6b3d46c76aae11e2d8d616f7b8c5b8e121f9baae5f5e5485b22e81369a3d5","exported-root-symbol",
"pasture","1564","growing","mc/farm/aswf/a1564_0.swf","137172dec40fcb123ee750ccba1c40f935a273ab6e78581798b01b5528bc424f","Animal_1564_2","29","29","root-symbol","1","0","-492,-1085,492,210","50","65","apps/web/public/assets/manor/v7-runtime/animals/1564/growing.png","6ec5018b855eb3a5bcda0d86070fd6f7b5928dc727c5c00306eb67be66deadf1","exported-root-symbol",
"pasture","1564","mature","mc/farm/aswf/a1564_1.swf","63f7280ed76a9ba4e18d7436413182ba2be4b7284de54b0b2a53a64bc3fa70df","Animal_1564_3","45","45","root-symbol","1","0","-876,-3835,1371,350","113","210","apps/web/public/assets/manor/v7-runtime/animals/1564/mature.png","da7b76e2e2cd3d7bb420b77ac88b9cb04ba73b880330a358988d8e686d4f9cfd","exported-root-symbol",
"pasture","1564","producing-a","mc/farm/aswf/a1564_1.swf","63f7280ed76a9ba4e18d7436413182ba2be4b7284de54b0b2a53a64bc3fa70df","Animal_1564_4","31","31","root-symbol","1","0","-810,-2072,845,350","83","122","apps/web/public/assets/manor/v7-runtime/animals/1564/producing-a.png","468ebf96fb3a8ec3a8164386d8f47f9c448ad1207a9605e5b807f8c325b0f756","exported-root-symbol",
"pasture","1564","producing-b","mc/farm/aswf/a1564_1.swf","63f7280ed76a9ba4e18d7436413182ba2be4b7284de54b0b2a53a64bc3fa70df","Animal_1564_5","26","26","root-symbol","1","0","-829,-1906,829,350","83","113","apps/web/public/assets/manor/v7-runtime/animals/1564/producing-b.png","3982a95084d047f451b30bb1f6dd5ec5f5eb490b547e369628e5e5623d184980","exported-root-symbol",
"pasture","1564","retired","mc/farm/aswf/a1564_1.swf","63f7280ed76a9ba4e18d7436413182ba2be4b7284de54b0b2a53a64bc3fa70df","Animal_1564_6","20","20","root-symbol","1","0","-829,-1906,829,350","83","113","apps/web/public/assets/manor/v7-runtime/animals/1564/retired.png","ef689b618441afa2aee939c86a1a6e3341f916c7f11303cec8f08a776befaebd","exported-root-symbol",
"pasture","1566","cub","mc/farm/aswf/a1566_0.swf","7f357a8d6f6c05e9462ecd7975756076c317e41765584408060ed7eb53da18a5","Animal_1566_1","100","100","root-symbol","1","0","-350,-645,336,181","35","42","apps/web/public/assets/manor/v7-runtime/animals/1566/cub.png","f59ea729fa13aee63db13b7b337854225f2516f30e6fef8c8cf66aaf1bd2f33c","exported-root-symbol",
"pasture","1566","growing","mc/farm/aswf/a1566_0.swf","7f357a8d6f6c05e9462ecd7975756076c317e41765584408060ed7eb53da18a5","Animal_1566_2","83","83","root-symbol","1","0","-682,-1225,677,296","68","77","apps/web/public/assets/manor/v7-runtime/animals/1566/growing.png","e9570e0b5f6f57ec1531ee619356197cfcd0cf8768b34ed053553b31d6c176c8","exported-root-symbol",
"pasture","1566","mature","mc/farm/aswf/a1566_1.swf","0ca9de5587a2719934f40b68394c0457c34d9a958add50c05d6a054ebeb3bf12","Animal_1566_3","101","101","root-symbol","1","0","-853,-3320,1399,352","113","184","apps/web/public/assets/manor/v7-runtime/animals/1566/mature.png","c6b41bee358453bb81da84b74793910d16a1d3ac8ef819766635f51c29beda83","exported-root-symbol",
"pasture","1566","producing-a","mc/farm/aswf/a1566_1.swf","0ca9de5587a2719934f40b68394c0457c34d9a958add50c05d6a054ebeb3bf12","Animal_1566_4","87","87","root-symbol","1","0","-853,-1602,742,352","80","98","apps/web/public/assets/manor/v7-runtime/animals/1566/producing-a.png","df9f1a4dca39b7f8e581b27d5fb61c20194f2268194b02a42e2daaaccfe490b9","exported-root-symbol",
"pasture","1566","producing-b","mc/farm/aswf/a1566_1.swf","0ca9de5587a2719934f40b68394c0457c34d9a958add50c05d6a054ebeb3bf12","Animal_1566_5","84","84","root-symbol","1","0","-853,-1658,836,352","85","101","apps/web/public/assets/manor/v7-runtime/animals/1566/producing-b.png","c607223427fabca59400042f81281d8ac468ab574632c17127d9f91c13e296ff","exported-root-symbol",
"pasture","1566","retired","mc/farm/aswf/a1566_1.swf","0ca9de5587a2719934f40b68394c0457c34d9a958add50c05d6a054ebeb3bf12","Animal_1566_6","80","80","root-symbol","1","0","-853,-1658,836,352","85","101","apps/web/public/assets/manor/v7-runtime/animals/1566/retired.png","ba333945acc0598742f5f2f8c6b6271750465ddf2790483c4e5927b610c2b074","exported-root-symbol",
"pasture","1567","cub","mc/farm/aswf/a1567_0.swf","8a05835153371c1498fecd37ce43b52cf586b11f4abde279ca4aea8678746e92","Animal_1567_1","23","23","root-symbol","1","0","-284,-516,282,184","29","35","apps/web/public/assets/manor/v7-runtime/animals/1567/cub.png","b31d09050637918f560466f1cfa0f04c9e2bce05b45cece08a14ad7f1dff265c","exported-root-symbol",
"pasture","1567","growing","mc/farm/aswf/a1567_0.swf","8a05835153371c1498fecd37ce43b52cf586b11f4abde279ca4aea8678746e92","Animal_1567_2","13","13","root-symbol","1","0","-459,-700,459,245","46","48","apps/web/public/assets/manor/v7-runtime/animals/1567/growing.png","64788f1d51c75702e2df1f648ff3b7a2e1c947660dd7e2bb72ab6feb468a0d8b","exported-root-symbol",
"pasture","1567","mature","mc/farm/aswf/a1567_1.swf","345e04fc55ea60147e30a2f17e08066503eb1140d2187a08d0447c2086b6a119","Animal_1567_3","49","49","root-symbol","1","0","-575,-2715,1913,301","125","151","apps/web/public/assets/manor/v7-runtime/animals/1567/mature.png","6fc75580b4cab472b4c1559674b14b20755b17fa847405789bb2eea29e959dbf","exported-root-symbol",
"pasture","1567","producing-a","mc/farm/aswf/a1567_1.swf","345e04fc55ea60147e30a2f17e08066503eb1140d2187a08d0447c2086b6a119","Animal_1567_4","30","30","root-symbol","1","0","-534,-1188,497,301","52","75","apps/web/public/assets/manor/v7-runtime/animals/1567/producing-a.png","3066761a7230011dae9175c2f1dfd4140336313c732341d4b8f5d701aa9db8bf","exported-root-symbol",
"pasture","1567","producing-b","mc/farm/aswf/a1567_1.swf","345e04fc55ea60147e30a2f17e08066503eb1140d2187a08d0447c2086b6a119","Animal_1567_5","27","27","root-symbol","1","0","-575,-1225,575,301","58","77","apps/web/public/assets/manor/v7-runtime/animals/1567/producing-b.png","80823dab5b4fef0afa0ce5113620825fd069e267d2187db775e2897abf209146","exported-root-symbol",
"pasture","1567","retired","mc/farm/aswf/a1567_1.swf","345e04fc55ea60147e30a2f17e08066503eb1140d2187a08d0447c2086b6a119","Animal_1567_6","23","23","root-symbol","1","0","-575,-1225,575,301","58","77","apps/web/public/assets/manor/v7-runtime/animals/1567/retired.png","c849d9b33bd0eddfffc3112559a76a646bcfb9794748acc5c97a092b808ab5bd","exported-root-symbol",
"pasture","1568","cub","mc/farm/aswf/a1568_0.swf","1d39f247770b257c84a7bf64af387e95101b65a11f4e35415c2f163b38952a89","Animal_1568_1","79","79","root-symbol","1","0","-535,-1053,535,285","54","67","apps/web/public/assets/manor/v7-runtime/animals/1568/cub.png","29b48b142364062bafe896e14bf57f561940442ddd237f462d3fd74d1ba2833c","exported-root-symbol",
"pasture","1568","growing","mc/farm/aswf/a1568_0.swf","1d39f247770b257c84a7bf64af387e95101b65a11f4e35415c2f163b38952a89","Animal_1568_2","70","70","root-symbol","1","0","-831,-1466,831,428","84","95","apps/web/public/assets/manor/v7-runtime/animals/1568/growing.png","256d34d7bbfc873d0e7bbbd230bf4e4f5c44f1b5966fc8ae02117ce939b5cf09","exported-root-symbol",
"pasture","1568","mature","mc/farm/aswf/a1568_1.swf","bad64455eb10922133802a105b3afd8fccf115ea9642e0b1867e61d4b367b105","Animal_1568_3","105","105","root-symbol","1","0","-1458,-2136,1180,1639","132","189","apps/web/public/assets/manor/v7-runtime/animals/1568/mature.png","af11f90ba39a4cf048ae2062e53e995847c426caa885846060c141e3fcb07fea","exported-root-symbol",
"pasture","1568","producing-a","mc/farm/aswf/a1568_1.swf","bad64455eb10922133802a105b3afd8fccf115ea9642e0b1867e61d4b367b105","Animal_1568_4","92","92","root-symbol","1","0","-912,-2136,1002,551","96","135","apps/web/public/assets/manor/v7-runtime/animals/1568/producing-a.png","1618c9341268bbed7948975bb9e5862889b9ff8b3c9213737f7ce57a384b646d","exported-root-symbol",
"pasture","1568","producing-b","mc/farm/aswf/a1568_1.swf","bad64455eb10922133802a105b3afd8fccf115ea9642e0b1867e61d4b367b105","Animal_1568_5","89","89","root-symbol","1","0","-1054,-2136,1054,617","106","138","apps/web/public/assets/manor/v7-runtime/animals/1568/producing-b.png","8ae63a05f245f375e81f2596685e494fb538748d65d0a66f7461b1ffadfcdf20","exported-root-symbol",
"pasture","1568","retired","mc/farm/aswf/a1568_1.swf","bad64455eb10922133802a105b3afd8fccf115ea9642e0b1867e61d4b367b105","Animal_1568_6","85","85","root-symbol","1","0","-1054,-2136,1054,617","106","138","apps/web/public/assets/manor/v7-runtime/animals/1568/retired.png","746255c34c9d59c84a98db38aca559b36abab437cc35db851ef7ec1ba9787680","exported-root-symbol",
"pasture","1571","cub","mc/farm/aswf/a1571_0.swf","f724e50e3f6938ce5228e344ff094f0ddb66983026ec05ca40facdd2ff792882","Animal_1571_1","106","106","root-symbol","1","0","-745,-1099,745,322","75","72","apps/web/public/assets/manor/v7-runtime/animals/1571/cub.png","accd308568fc196809214e31400a98af1b656db35fe860c058702193819ea6a6","exported-root-symbol",
"pasture","1571","growing","mc/farm/aswf/a1571_0.swf","f724e50e3f6938ce5228e344ff094f0ddb66983026ec05ca40facdd2ff792882","Animal_1571_2","71","71","root-symbol","1","0","-1086,-1495,1086,499","109","100","apps/web/public/assets/manor/v7-runtime/animals/1571/growing.png","bde9a0651855125a202e6ede835df23b96720c79ee3747c4dd2e4e316d457117","exported-root-symbol",
"pasture","1571","mature","mc/farm/aswf/a1571_1.swf","56d6cbeedf0726ecb36bdd98dfb3974cd510b6a9b0e507386e41e5956d088dda","Animal_1571_3","96","96","root-symbol","1","0","-1459,-2219,1413,1638","144","193","apps/web/public/assets/manor/v7-runtime/animals/1571/mature.png","ac0292b59d47c52a60b3f20c353311adf77281ac2b193e17d7a901fb1e158a5e","exported-root-symbol",
"pasture","1571","producing-a","mc/farm/aswf/a1571_1.swf","56d6cbeedf0726ecb36bdd98dfb3974cd510b6a9b0e507386e41e5956d088dda","Animal_1571_4","85","85","root-symbol","1","0","-989,-2174,1282,595","114","139","apps/web/public/assets/manor/v7-runtime/animals/1571/producing-a.png","957c2eb9b0004cbecec73113836af8874a1c29f82ee0fcec856af289999c93d6","exported-root-symbol",
"pasture","1571","producing-b","mc/farm/aswf/a1571_1.swf","56d6cbeedf0726ecb36bdd98dfb3974cd510b6a9b0e507386e41e5956d088dda","Animal_1571_5","81","81","root-symbol","1","0","-1413,-2219,1413,595","142","141","apps/web/public/assets/manor/v7-runtime/animals/1571/producing-b.png","a0afd79de51dd0e1d11d477bce26bd61778e97309506be48a2077ecc081f795a","exported-root-symbol",
"pasture","1571","retired","mc/farm/aswf/a1571_1.swf","56d6cbeedf0726ecb36bdd98dfb3974cd510b6a9b0e507386e41e5956d088dda","Animal_1571_6","77","77","root-symbol","1","0","-1413,-2219,1413,595","142","141","apps/web/public/assets/manor/v7-runtime/animals/1571/retired.png","5d92889ed55a98f5e1a64337f40f6e55caa4b0554e5a2f1a7feedcfaf5b80cc5","exported-root-symbol",
"pasture","1572","cub","mc/farm/aswf/a1572_0.swf","b3203c26d46548887d3070c955c747318133ae9945aa77a8c0b6b246b57b9d4a","Animal_1572_1","46","46","root-symbol","1","0","-684,-868,684,445","69","66","apps/web/public/assets/manor/v7-runtime/animals/1572/cub.png","1beef4a67d93ba3299f3b0dd37474854233b4d3ed9a533de3b9054d50d92a3f1","exported-root-symbol",
"pasture","1572","growing","mc/farm/aswf/a1572_0.swf","b3203c26d46548887d3070c955c747318133ae9945aa77a8c0b6b246b57b9d4a","Animal_1572_2","31","31","root-symbol","1","0","-850,-1062,850,461","85","77","apps/web/public/assets/manor/v7-runtime/animals/1572/growing.png","a9c381753318547331443335317b03316bf9cc84e626f98f2dc07c43b2edc428","exported-root-symbol",
"pasture","1572","mature","mc/farm/aswf/a1572_1.swf","30814874026784af09c19fb10be47f101a9a1ca668a3c33018689ddf528a8886","Animal_1572_3","92","92","root-symbol","1","0","-1460,-1647,1257,1637","136","165","apps/web/public/assets/manor/v7-runtime/animals/1572/mature.png","42a56e85522685f77a958c9c08e06359709f986c7b06df259b027359565df495","exported-root-symbol",
"pasture","1572","producing-a","mc/farm/aswf/a1572_1.swf","30814874026784af09c19fb10be47f101a9a1ca668a3c33018689ddf528a8886","Animal_1572_4","68","68","root-symbol","1","0","-893,-1534,924,570","91","106","apps/web/public/assets/manor/v7-runtime/animals/1572/producing-a.png","8469fda55c520f9b624653e6e4e291892a067d537077a431cb73f80ec94987c6","exported-root-symbol",
"pasture","1572","producing-b","mc/farm/aswf/a1572_1.swf","30814874026784af09c19fb10be47f101a9a1ca668a3c33018689ddf528a8886","Animal_1572_5","63","63","root-symbol","1","0","-1257,-1647,1257,616","126","114","apps/web/public/assets/manor/v7-runtime/animals/1572/producing-b.png","f13dcdf3a83ad1f3d6de3869357a6d7e402ffdfd7cb4fb3eb1a2d7dec9dbc7e1","exported-root-symbol",
"pasture","1572","retired","mc/farm/aswf/a1572_1.swf","30814874026784af09c19fb10be47f101a9a1ca668a3c33018689ddf528a8886","Animal_1572_6","44","44","root-symbol","1","0","-1257,-1647,1257,616","126","114","apps/web/public/assets/manor/v7-runtime/animals/1572/retired.png","7be9ad62eda6406d92a8765b38575dfcda3aaeb3a5146a701a8c0dd41bd460cd","exported-root-symbol",
"pasture","1575","growing","mc/farm/aswf/a1575_0.swf","b6cd8a604be236c8021ac7f65a2587f000614bbc111a841fdf35632591777453","Animal_1575_2","26","26","root-symbol","1","0","-385,-1089,385,164","39","63","apps/web/public/assets/manor/v7-runtime/animals/1575/growing.png","a87eb1c54cbf61e9aa960ac8082093f066eaa1855e38e767591c5f0ada4139e0","exported-root-symbol",
"pasture","1575","cub","mc/farm/aswf/a1575_0.swf","b6cd8a604be236c8021ac7f65a2587f000614bbc111a841fdf35632591777453","Animal_1575_1","11","11","root-symbol","1","0","-291,-427,291,155","30","30","apps/web/public/assets/manor/v7-runtime/animals/1575/cub.png","50eaa5d6039d75b7184a65b69f55a4cbec4bf8296188c51fd081a71a835f2888","exported-root-symbol",
"pasture","1575","retired","mc/farm/aswf/a1575_1.swf","d6b2541f305ad1f6cadd5c18564f5edaff7065160cd96a95099d09e5bb94954b","Animal_1575_6","52","52","root-symbol","1","0","-618,-1546,618,224","62","89","apps/web/public/assets/manor/v7-runtime/animals/1575/retired.png","7f2f8722c920ea01ada7dceed9c131c8aada10bc85f6f82f68ba47b77e2a0893","exported-root-symbol",
"pasture","1575","producing-b","mc/farm/aswf/a1575_1.swf","d6b2541f305ad1f6cadd5c18564f5edaff7065160cd96a95099d09e5bb94954b","Animal_1575_5","44","44","root-symbol","1","0","-618,-1546,618,224","62","89","apps/web/public/assets/manor/v7-runtime/animals/1575/producing-b.png","fc187aac82654a9c2ab4a3b2191e32ed0664eef102b62bd2f9d72003c09fa04c","exported-root-symbol",
"pasture","1575","producing-a","mc/farm/aswf/a1575_1.swf","d6b2541f305ad1f6cadd5c18564f5edaff7065160cd96a95099d09e5bb94954b","Animal_1575_4","38","38","root-symbol","1","0","-618,-1546,661,222","64","89","apps/web/public/assets/manor/v7-runtime/animals/1575/producing-a.png","3ed00c1a1cad83645cfc704e9237249bc9c5e30700b418abba20e44bd9206880","exported-root-symbol",
"pasture","1575","mature","mc/farm/aswf/a1575_1.swf","d6b2541f305ad1f6cadd5c18564f5edaff7065160cd96a95099d09e5bb94954b","Animal_1575_3","36","36","root-symbol","1","0","-728,-2419,1047,639","89","153","apps/web/public/assets/manor/v7-runtime/animals/1575/mature.png","46154ab36649170f4a098e2932df331c997db7eb9361da40af1c7efa7dba8e91","exported-root-symbol",
"pasture","1577","cub","mc/farm/aswf/a1577_0.swf","7ff3fe6ae3ad68f82c0b461ed9f17052fba68abeb79b52647625ccb1becf6c28","Animal_1577_1","30","30","root-symbol","1","0","-471,-694,471,283","48","49","apps/web/public/assets/manor/v7-runtime/animals/1577/cub.png","90f41958eaca45303f86389c2476a44d11e26ec8cb2630d99d39d31e571ac65a","exported-root-symbol",
"pasture","1577","growing","mc/farm/aswf/a1577_0.swf","7ff3fe6ae3ad68f82c0b461ed9f17052fba68abeb79b52647625ccb1becf6c28","Animal_1577_2","20","20","root-symbol","1","0","-556,-1194,558,311","56","76","apps/web/public/assets/manor/v7-runtime/animals/1577/growing.png","86ac232e901d98508c9218d2227859813e251d20f060877888547ce5a27655e2","exported-root-symbol",
"pasture","1577","mature","mc/farm/aswf/a1577_1.swf","574cc4919f8a285460560c1f43b50b63e00c61dcbb9393605d7cc33f95d6a87b","Animal_1577_3","47","47","root-symbol","1","0","-933,-3577,1496,448","122","202","apps/web/public/assets/manor/v7-runtime/animals/1577/mature.png","95f0ad69b1526643aecd44c8a7a91a1dd42c1aab266011a05b4390dc90acd01a","exported-root-symbol",
"pasture","1577","producing-a","mc/farm/aswf/a1577_1.swf","574cc4919f8a285460560c1f43b50b63e00c61dcbb9393605d7cc33f95d6a87b","Animal_1577_4","32","32","root-symbol","1","0","-933,-1614,918,448","93","104","apps/web/public/assets/manor/v7-runtime/animals/1577/producing-a.png","ec3103ec9e4c557273de3bf759a047e7637582f9960c915a0a05573d11da358d","exported-root-symbol",
"pasture","1577","producing-b","mc/farm/aswf/a1577_1.swf","574cc4919f8a285460560c1f43b50b63e00c61dcbb9393605d7cc33f95d6a87b","Animal_1577_5","28","28","root-symbol","1","0","-933,-1614,918,448","93","104","apps/web/public/assets/manor/v7-runtime/animals/1577/producing-b.png","36a4f15be5a042e3dfb6f9a23ae3dda67970a8c6ac5afd33aafbb6845e512ea7","exported-root-symbol",
"pasture","1577","retired","mc/farm/aswf/a1577_1.swf","574cc4919f8a285460560c1f43b50b63e00c61dcbb9393605d7cc33f95d6a87b","Animal_1577_6","24","24","root-symbol","1","0","-933,-1614,918,448","93","104","apps/web/public/assets/manor/v7-runtime/animals/1577/retired.png","1393b812df273d27edbc112eabe7255842f855176877ac2fc1b23865fa0f1535","exported-root-symbol",
"pasture","1578","cub","mc/farm/aswf/a1578_0.swf","9d5f4c5721793cd398dd6cb71221a505fd4098c930f5222c5ba74fabad9b61d1","Animal_1578_1","51","51","root-symbol","1","0","-340,-603,340,144","34","38","apps/web/public/assets/manor/v7-runtime/animals/1578/cub.png","88d8203b1230452e9e9953d6afdd976a05603b0e8e48c0c53560a15547d690f4","exported-root-symbol",
"pasture","1578","growing","mc/farm/aswf/a1578_0.swf","9d5f4c5721793cd398dd6cb71221a505fd4098c930f5222c5ba74fabad9b61d1","Animal_1578_2","38","38","root-symbol","1","0","-995,-1212,995,390","100","81","apps/web/public/assets/manor/v7-runtime/animals/1578/growing.png","b1c6284a811a4337723e7f3b7ab49d488b6a28e93e8dd1574a4023ad21e58914","exported-root-symbol",
"pasture","1578","mature","mc/farm/aswf/a1578_1.swf","e4d1029b680edd2d07cb9ba9927014552817cb2b388d1d34c263964f13ff0a54","Animal_1578_3","67","67","root-symbol","1","0","-1326,-3349,1455,514","140","194","apps/web/public/assets/manor/v7-runtime/animals/1578/mature.png","37389bce55a3cdd98ba643a659322f6dd8a1d7fa73c214719fa4510736dcae6d","exported-root-symbol",
"pasture","1578","producing-a","mc/farm/aswf/a1578_1.swf","e4d1029b680edd2d07cb9ba9927014552817cb2b388d1d34c263964f13ff0a54","Animal_1578_4","52","52","root-symbol","1","0","-1326,-1810,1094,514","121","117","apps/web/public/assets/manor/v7-runtime/animals/1578/producing-a.png","237525f0254018081ea8dfe8744fc17d667d53eddd84ecb29a51daeb45590a22","exported-root-symbol",
"pasture","1578","producing-b","mc/farm/aswf/a1578_1.swf","e4d1029b680edd2d07cb9ba9927014552817cb2b388d1d34c263964f13ff0a54","Animal_1578_5","48","48","root-symbol","1","0","-1326,-1853,1326,514","133","119","apps/web/public/assets/manor/v7-runtime/animals/1578/producing-b.png","e9ae5f7cb7a3cf4b5a1f126628b5d89eb1aa1b6575e9e0432bce747a2e6de057","exported-root-symbol",
"pasture","1578","retired","mc/farm/aswf/a1578_1.swf","e4d1029b680edd2d07cb9ba9927014552817cb2b388d1d34c263964f13ff0a54","Animal_1578_6","42","42","root-symbol","1","0","-1326,-1853,1326,514","133","119","apps/web/public/assets/manor/v7-runtime/animals/1578/retired.png","08dc5d0d09469250478dc95e2a6ce2946b8030198f5e1baba28eacd441bca60b","exported-root-symbol",
"pasture","1579","growing","mc/farm/aswf/a1579_0.swf","c0d40e44740263dc7cd756c50877aaa19eb2c98c05f21c0141cd922ff93834b2","Animal_1579_2","84","84","root-symbol","1","0","-746,-1277,748,293","75","79","apps/web/public/assets/manor/v7-runtime/animals/1579/growing.png","cb529f8ef8ca8bac9f98ce91880eeeaa69f96846ac2f2a556667ee2b9e78bcff","exported-root-symbol",
"pasture","1579","cub","mc/farm/aswf/a1579_0.swf","c0d40e44740263dc7cd756c50877aaa19eb2c98c05f21c0141cd922ff93834b2","Animal_1579_1","82","82","root-symbol","1","0","-622,-1044,609,242","62","65","apps/web/public/assets/manor/v7-runtime/animals/1579/cub.png","cfd3991ea8edcc631cfa6ab9f6f637fa4f5c2681dbe0607ee353f23988fdd0f8","exported-root-symbol",
"pasture","1579","retired","mc/farm/aswf/a1579_1.swf","4a8cc5fe012b78628eb24bd9a30c28db05e3a1c904dbbe1de9a1961861f31b4a","Animal_1579_6","132","132","root-symbol","1","0","-1455,-2125,1485,630","147","138","apps/web/public/assets/manor/v7-runtime/animals/1579/retired.png","c857c3fe4cf525ceb6d4e632e19a172d88227d66886949b11cb0f392aa1d5795","exported-root-symbol",
"pasture","1579","producing-b","mc/farm/aswf/a1579_1.swf","4a8cc5fe012b78628eb24bd9a30c28db05e3a1c904dbbe1de9a1961861f31b4a","Animal_1579_5","127","127","root-symbol","1","0","-1470,-2131,1472,606","148","137","apps/web/public/assets/manor/v7-runtime/animals/1579/producing-b.png","23e207d3f9f069f267cf2f1de17a48a1b1fc886f1f9ed5b62a2e7deb87e2a418","exported-root-symbol",
"pasture","1579","mature","mc/farm/aswf/a1579_1.swf","4a8cc5fe012b78628eb24bd9a30c28db05e3a1c904dbbe1de9a1961861f31b4a","Animal_1579_3","125","125","root-symbol","1","0","-1444,-2810,1460,583","146","170","apps/web/public/assets/manor/v7-runtime/animals/1579/mature.png","045651059d20cbbb34f2bc2be53bf7641afc3b1f30bf4c88bbb64b20ce6c7c08","exported-root-symbol",
"pasture","1579","producing-a","mc/farm/aswf/a1579_1.swf","4a8cc5fe012b78628eb24bd9a30c28db05e3a1c904dbbe1de9a1961861f31b4a","Animal_1579_4","66","66","root-symbol","1","0","-1419,-1922,1282,571","136","125","apps/web/public/assets/manor/v7-runtime/animals/1579/producing-a.png","cf1f5da34f905ff0cc9a602c474423829e0d92c95092fe31d6c483a555f355eb","exported-root-symbol",
"pasture","1580","cub","mc/farm/aswf/a1580_0.swf","faa9eb0399ed7aca589b65fa9eb9bcbbd8b3725d68813ed8701d5d4c0806f51b","Animal_1580_1","28","28","root-symbol","1","0","-236,-354,236,129","24","25","apps/web/public/assets/manor/v7-runtime/animals/1580/cub.png","a925bb5f0bb8cd8642eecac6cd35ce6e1dc6a1fa3906acafac4f038a7afab8fb","exported-root-symbol",
"pasture","1580","growing","mc/farm/aswf/a1580_0.swf","faa9eb0399ed7aca589b65fa9eb9bcbbd8b3725d68813ed8701d5d4c0806f51b","Animal_1580_2","19","19","root-symbol","1","0","-441,-960,441,186","45","58","apps/web/public/assets/manor/v7-runtime/animals/1580/growing.png","69c16b87b49a441242d6f4942cd2d4a369611552c805274288816621708b40fd","exported-root-symbol",
"pasture","1580","mature","mc/farm/aswf/a1580_1.swf","234e7a022ef134d218e9526471a667f0a9afb255ffb3efd8d0962ccb87378db7","Animal_1580_3","45","45","root-symbol","1","0","-653,-3388,1348,285","101","184","apps/web/public/assets/manor/v7-runtime/animals/1580/mature.png","3180edc7bddace6023c9f8b0355882b17acff0ca91cdf83b6be0d30784182f05","exported-root-symbol",
"pasture","1580","producing-a","mc/farm/aswf/a1580_1.swf","234e7a022ef134d218e9526471a667f0a9afb255ffb3efd8d0962ccb87378db7","Animal_1580_4","31","31","root-symbol","1","0","-462,-1484,648,243","56","87","apps/web/public/assets/manor/v7-runtime/animals/1580/producing-a.png","8ee0256531356112edb0ab1b8e2285bc247b599d0c7da371b7d63a5c5d364865","exported-root-symbol",
"pasture","1580","producing-b","mc/farm/aswf/a1580_1.swf","234e7a022ef134d218e9526471a667f0a9afb255ffb3efd8d0962ccb87378db7","Animal_1580_5","27","27","root-symbol","1","0","-648,-1488,649,285","65","89","apps/web/public/assets/manor/v7-runtime/animals/1580/producing-b.png","aabdbe90d7c9b1499f4bebbc309439a03272ffc062bedd145c754772954449f3","exported-root-symbol",
"pasture","1580","retired","mc/farm/aswf/a1580_1.swf","234e7a022ef134d218e9526471a667f0a9afb255ffb3efd8d0962ccb87378db7","Animal_1580_6","21","21","root-symbol","1","0","-648,-1488,649,285","65","89","apps/web/public/assets/manor/v7-runtime/animals/1580/retired.png","b6c7ca154031ec05c77a6c7a21a04d83dbf63d722fc6006fa1feb3919cd39a6e","exported-root-symbol",
"pasture","1581","cub","mc/farm/aswf/a1581_0.swf","8a9264a914bac9407e6f4882c1b2cb3d1f17ddba7b56457a2b6801c171aa1e2b","Animal_1581_1","63","63","root-symbol","1","0","-215,-517,215,183","22","35","apps/web/public/assets/manor/v7-runtime/animals/1581/cub.png","31962fa03174ea4feb05c6153a7a4af5054a36295fffc5579c50e6f648f6cc85","exported-root-symbol",
"pasture","1581","growing","mc/farm/aswf/a1581_0.swf","8a9264a914bac9407e6f4882c1b2cb3d1f17ddba7b56457a2b6801c171aa1e2b","Animal_1581_2","26","26","root-symbol","1","0","-432,-1124,432,535","44","83","apps/web/public/assets/manor/v7-runtime/animals/1581/growing.png","310b01bf5e96c8e071a1105d1f62ea97b0552b7413d3b6289d7df67686bf4fa0","exported-root-symbol",
"pasture","1581","mature","mc/farm/aswf/a1581_1.swf","873b33a869f90140bf975f89e0b4fa6fcccc422b145f121b8b3b115319b73abb","Animal_1581_3","51","51","root-symbol","1","0","-535,-3197,1438,722","99","196","apps/web/public/assets/manor/v7-runtime/animals/1581/mature.png","c1a529df04a4fd1e0985501c6c1dddbccad28dd914867d191081cbce7a321d3d","exported-root-symbol",
"pasture","1581","producing-a","mc/farm/aswf/a1581_1.swf","873b33a869f90140bf975f89e0b4fa6fcccc422b145f121b8b3b115319b73abb","Animal_1581_4","37","37","root-symbol","1","0","-453,-1208,553,251","51","73","apps/web/public/assets/manor/v7-runtime/animals/1581/producing-a.png","05703cdda936a00a6b69dbb7528d246bca14bb66c4283730070a3900dd675e89","exported-root-symbol",
"pasture","1581","producing-b","mc/farm/aswf/a1581_1.swf","873b33a869f90140bf975f89e0b4fa6fcccc422b145f121b8b3b115319b73abb","Animal_1581_5","31","31","root-symbol","1","0","-530,-1403,530,722","53","107","apps/web/public/assets/manor/v7-runtime/animals/1581/producing-b.png","653cd824bc13a34bb839f969b2c0e09f4058ac8d1c19d7d1931549e47e16f472","exported-root-symbol",
"pasture","1581","retired","mc/farm/aswf/a1581_1.swf","873b33a869f90140bf975f89e0b4fa6fcccc422b145f121b8b3b115319b73abb","Animal_1581_6","27","27","root-symbol","1","0","-530,-1403,530,722","53","107","apps/web/public/assets/manor/v7-runtime/animals/1581/retired.png","4669da8c6d887f59b273872f66f33bde744e59003e2cc0b78107795a7aa6f675","exported-root-symbol",
"pasture","1586","cub","mc/farm/aswf/a1586_0.swf","c82a903fe94a4e83c914995ced697fcf0225b6010665294fcc2cc1ff2779b70c","Animal_1586_1","99","99","root-symbol","1","0","-413,-817,409,235","42","53","apps/web/public/assets/manor/v7-runtime/animals/1586/cub.png","e1ccc12e6b5fef30d53bc658fe645d8fbabe0b0a10e4f40ced5a0111c50a8b22","exported-root-symbol",
"pasture","1586","growing","mc/farm/aswf/a1586_0.swf","c82a903fe94a4e83c914995ced697fcf0225b6010665294fcc2cc1ff2779b70c","Animal_1586_2","79","79","root-symbol","1","0","-680,-1387,680,411","68","90","apps/web/public/assets/manor/v7-runtime/animals/1586/growing.png","15f35061354c5a20fcdb2583f95848fc3c35874e53b1412fb08c2b52c19e3a22","exported-root-symbol",
"pasture","1586","mature","mc/farm/aswf/a1586_1.swf","1de820e57b89d8e5655708f9619b175975fec9006e0b1726b2f58349a8bb5adc","Animal_1586_3","105","105","root-symbol","1","0","-986,-3016,1488,562","124","179","apps/web/public/assets/manor/v7-runtime/animals/1586/mature.png","641bf19a36a0acda585c22f5d6e680367997a7a66045ce47c83d3f6cbbbdc1b8","exported-root-symbol",
"pasture","1586","producing-a","mc/farm/aswf/a1586_1.swf","1de820e57b89d8e5655708f9619b175975fec9006e0b1726b2f58349a8bb5adc","Animal_1586_4","91","91","root-symbol","1","0","-937,-1817,937,562","94","119","apps/web/public/assets/manor/v7-runtime/animals/1586/producing-a.png","01cbd0a8657254147201a44270d5af85afa975772b6e594e44b2a42dbdbfa154","exported-root-symbol",
"pasture","1586","producing-b","mc/farm/aswf/a1586_1.swf","1de820e57b89d8e5655708f9619b175975fec9006e0b1726b2f58349a8bb5adc","Animal_1586_5","87","87","root-symbol","1","0","-986,-1918,986,562","99","124","apps/web/public/assets/manor/v7-runtime/animals/1586/producing-b.png","2a789c09214ea1838ed037e46e78375f670b43bb6a628bc3f6bbfb06b2ea4143","exported-root-symbol",
"pasture","1586","retired","mc/farm/aswf/a1586_1.swf","1de820e57b89d8e5655708f9619b175975fec9006e0b1726b2f58349a8bb5adc","Animal_1586_6","82","82","root-symbol","1","0","-986,-1918,986,562","99","124","apps/web/public/assets/manor/v7-runtime/animals/1586/retired.png","d47c93577ae55887869d36134fb2268b81dc42b3284a77371992358f39576568","exported-root-symbol",
"pasture","1588","growing","mc/farm/aswf/a1588_0.swf","13592c018d61dd7dd9eefb8dd6ebbdeeae8340f3366681db22ca0563b1e0bfe6","Animal_1588_2","213","213","root-symbol","1","0","-890,-1120,890,609","89","87","apps/web/public/assets/manor/v7-runtime/animals/1588/growing.png","5c4e599981fd5330aff8d7fb767446deacb9ecb3fece5bccbb7c248620d59289","exported-root-symbol",
"pasture","1588","cub","mc/farm/aswf/a1588_0.swf","13592c018d61dd7dd9eefb8dd6ebbdeeae8340f3366681db22ca0563b1e0bfe6","Animal_1588_1","118","118","root-symbol","1","0","-865,-1014,865,576","87","80","apps/web/public/assets/manor/v7-runtime/animals/1588/cub.png","97011cfacef0542c5f34f2eb231803607eb6bde911fac0b7ca0d9d61e55b46a2","exported-root-symbol",
"pasture","1588","retired","mc/farm/aswf/a1588_1.swf","01cb952d9dfd3f790bbad692f6bd797aee7341ac37ba490ce404e3b90e530481","Animal_1588_6","207","207","root-symbol","1","0","-1367,-1144,1367,674","137","91","apps/web/public/assets/manor/v7-runtime/animals/1588/retired.png","6482fc63e3002004fdc0c4d7bcd74550fa07a5ff40d717538aaaad4efc76ed7a","exported-root-symbol",
"pasture","1588","producing-b","mc/farm/aswf/a1588_1.swf","01cb952d9dfd3f790bbad692f6bd797aee7341ac37ba490ce404e3b90e530481","Animal_1588_5","191","191","root-symbol","1","0","-1352,-1167,1352,652","136","91","apps/web/public/assets/manor/v7-runtime/animals/1588/producing-b.png","41e06748b201e3c358af65e807e4c973cfaef809a55e45a2c0915acf2de2404e","exported-root-symbol",
"pasture","1588","producing-a","mc/farm/aswf/a1588_1.swf","01cb952d9dfd3f790bbad692f6bd797aee7341ac37ba490ce404e3b90e530481","Animal_1588_4","176","176","root-symbol","1","0","-1346,-849,819,520","109","69","apps/web/public/assets/manor/v7-runtime/animals/1588/producing-a.png","3096f465a41b181f97a3ad2e9318baf2933f8eb4bf3c587179ad93e21a96958f","exported-root-symbol",
"pasture","1588","mature","mc/farm/aswf/a1588_1.swf","01cb952d9dfd3f790bbad692f6bd797aee7341ac37ba490ce404e3b90e530481","Animal_1588_3","173","173","root-symbol","1","0","-1329,-2055,1323,655","133","136","apps/web/public/assets/manor/v7-runtime/animals/1588/mature.png","182a145c1ceedd204494e30205f7b0061cf3e206f1e10f89025556dbea36080e","exported-root-symbol",
"pasture","1589","growing","mc/farm/aswf/a1589_0.swf","69764063c645bb91a1985db873418ad3dbdec45527771ed571cc69cc3d207ad6","Animal_1589_2","213","213","root-symbol","1","0","-869,-1090,869,639","87","87","apps/web/public/assets/manor/v7-runtime/animals/1589/growing.png","07494e73cad6515be27f3b85add9d86bcc8d69644fc1bc15fc3180f07d5c769b","exported-root-symbol",
"pasture","1589","cub","mc/farm/aswf/a1589_0.swf","69764063c645bb91a1985db873418ad3dbdec45527771ed571cc69cc3d207ad6","Animal_1589_1","118","118","root-symbol","1","0","-867,-1039,867,551","87","80","apps/web/public/assets/manor/v7-runtime/animals/1589/cub.png","531fbdb7ab81475525bfb3615273bcc43c460b58e9b07734da6be7faa159a828","exported-root-symbol",
"pasture","1589","retired","mc/farm/aswf/a1589_1.swf","086e4faa8854bfe935465ec84e7409309e08127630aeadc608b58caeac73507b","Animal_1589_6","190","190","root-symbol","1","0","-971,-1273,970,573","98","93","apps/web/public/assets/manor/v7-runtime/animals/1589/retired.png","358f2025a6e6ee5de3284ec652cc90f2d586d29e2e4db6a0154a978418f42efb","exported-root-symbol",
"pasture","1589","producing-b","mc/farm/aswf/a1589_1.swf","086e4faa8854bfe935465ec84e7409309e08127630aeadc608b58caeac73507b","Animal_1589_5","177","177","root-symbol","1","0","-979,-1195,978,625","98","91","apps/web/public/assets/manor/v7-runtime/animals/1589/producing-b.png","deda9e79bb849cc25fb94e23fcf9d895cf26167a8b71022f384d287d60406c6f","exported-root-symbol",
"pasture","1589","producing-a","mc/farm/aswf/a1589_1.swf","086e4faa8854bfe935465ec84e7409309e08127630aeadc608b58caeac73507b","Animal_1589_4","163","163","root-symbol","1","0","-962,-828,846,662","91","75","apps/web/public/assets/manor/v7-runtime/animals/1589/producing-a.png","f120855135f1abf586e9ae9580a1c488a0a5d947732539ca2480b91a21dc50e9","exported-root-symbol",
"pasture","1589","mature","mc/farm/aswf/a1589_1.swf","086e4faa8854bfe935465ec84e7409309e08127630aeadc608b58caeac73507b","Animal_1589_3","160","160","root-symbol","1","0","-993,-1896,993,615","100","126","apps/web/public/assets/manor/v7-runtime/animals/1589/mature.png","7a8ad4738319503b961a4c8562297f62e0c56337d069b3ed3c9297932cf172d1","exported-root-symbol",
"pasture","1590","growing","mc/farm/aswf/a1590_0.swf","959f98fe1d108bf34497e6f76c908309e903ad3fb3c83238f55a9437f77c3dbd","Animal_1590_2","214","214","root-symbol","1","0","-920,-1100,920,629","92","87","apps/web/public/assets/manor/v7-runtime/animals/1590/growing.png","f6af0bc4bbe4bf3856325db5178267bd49406450400b4ca06328906932af7e9c","exported-root-symbol",
"pasture","1590","cub","mc/farm/aswf/a1590_0.swf","959f98fe1d108bf34497e6f76c908309e903ad3fb3c83238f55a9437f77c3dbd","Animal_1590_1","119","119","root-symbol","1","0","-902,-1124,902,466","91","80","apps/web/public/assets/manor/v7-runtime/animals/1590/cub.png","fb4743b9a28b1da672ca39372039906b9d82bc32b63b97d620fd99cdb54358f1","exported-root-symbol",
"pasture","1590","retired","mc/farm/aswf/a1590_1.swf","016c9c05929ab2d74855870e1cd7c9fd05245e77bde6908bfb356e862d85c739","Animal_1590_6","195","195","root-symbol","1","0","-1096,-1383,1096,665","110","103","apps/web/public/assets/manor/v7-runtime/animals/1590/retired.png","e143c934eb364df3c6ddbc3639b67054f149927c8f6ba586e20a68d62e122b23","exported-root-symbol",
"pasture","1590","producing-b","mc/farm/aswf/a1590_1.swf","016c9c05929ab2d74855870e1cd7c9fd05245e77bde6908bfb356e862d85c739","Animal_1590_5","181","181","root-symbol","1","0","-1111,-1420,1111,635","112","103","apps/web/public/assets/manor/v7-runtime/animals/1590/producing-b.png","97aa7e543a7cf96565928abf2beefe75b482f543d93494771698c62bdd87e1bd","exported-root-symbol",
"pasture","1590","producing-a","mc/farm/aswf/a1590_1.swf","016c9c05929ab2d74855870e1cd7c9fd05245e77bde6908bfb356e862d85c739","Animal_1590_4","167","167","root-symbol","1","0","-962,-905,846,737","91","83","apps/web/public/assets/manor/v7-runtime/animals/1590/producing-a.png","cf82d175c480bc1f48525352d78ec2aba2754b004f173bd9123e03930589d514","exported-root-symbol",
"pasture","1590","mature","mc/farm/aswf/a1590_1.swf","016c9c05929ab2d74855870e1cd7c9fd05245e77bde6908bfb356e862d85c739","Animal_1590_3","164","164","root-symbol","1","0","-1119,-2231,1119,625","112","143","apps/web/public/assets/manor/v7-runtime/animals/1590/mature.png","ebdef9f48bd1401a9fa8f619b03bdc73aa53190dd20b4d3525c8b3146788e583","exported-root-symbol",
"pasture","1591","growing","mc/farm/aswf/a1591_0.swf","431673be67faade6d4cb398a2a18827215402c2d234fcf5afb9352d0b1999d38","Animal_1591_2","210","210","root-symbol","1","0","-978,-1213,978,529","98","88","apps/web/public/assets/manor/v7-runtime/animals/1591/growing.png","7d601e398086eb4c9bcfe6a8a811b2da605c4d86a4f3fcbd4ae28459833b5293","exported-root-symbol",
"pasture","1591","cub","mc/farm/aswf/a1591_0.swf","431673be67faade6d4cb398a2a18827215402c2d234fcf5afb9352d0b1999d38","Animal_1591_1","114","114","root-symbol","1","0","-876,-1207,876,415","88","82","apps/web/public/assets/manor/v7-runtime/animals/1591/cub.png","5934fa945d82ebf7b3eac48b7756e2763a250729b7127b467c0002bef897e849","exported-root-symbol",
"pasture","1591","retired","mc/farm/aswf/a1591_1.swf","ed5b00f8b119bb1eda3bb270b0843311ff30e3c08b1cc080e3931f1fff2b9679","Animal_1591_6","182","182","root-symbol","1","0","-989,-1301,989,535","99","92","apps/web/public/assets/manor/v7-runtime/animals/1591/retired.png","52238e9fe0702a77aab6a2222c9e899d5277a500742e3f4918d44be81f7125ae","exported-root-symbol",
"pasture","1591","producing-b","mc/farm/aswf/a1591_1.swf","ed5b00f8b119bb1eda3bb270b0843311ff30e3c08b1cc080e3931f1fff2b9679","Animal_1591_5","168","168","root-symbol","1","0","-988,-1309,988,535","99","93","apps/web/public/assets/manor/v7-runtime/animals/1591/producing-b.png","00fc17b68abcfe422400ff35ebe2bfbd2167ec677f5ff625fae257c1ae280163","exported-root-symbol",
"pasture","1591","producing-a","mc/farm/aswf/a1591_1.swf","ed5b00f8b119bb1eda3bb270b0843311ff30e3c08b1cc080e3931f1fff2b9679","Animal_1591_4","149","149","root-symbol","1","0","-962,-768,846,602","91","69","apps/web/public/assets/manor/v7-runtime/animals/1591/producing-a.png","946f3041b73d548892aeff50e084fda6ad1471336fbca58ffe829d88b0ae0e62","exported-root-symbol",
"pasture","1591","mature","mc/farm/aswf/a1591_1.swf","ed5b00f8b119bb1eda3bb270b0843311ff30e3c08b1cc080e3931f1fff2b9679","Animal_1591_3","146","146","root-symbol","1","0","-988,-1896,988,535","99","122","apps/web/public/assets/manor/v7-runtime/animals/1591/mature.png","23aad8ffd7bc6cebb3f37dbbc25acfd3ad084b6ab5e0e28e92cf1ffa1c168e24","exported-root-symbol",
"pasture","1592","growing","mc/farm/aswf/a1592_0.swf","e7fed69043b8d6abee32adfdba89c03ae178baf385cd4748919887b792e0acf6","Animal_1592_2","214","214","root-symbol","1","0","-923,-1080,923,649","93","87","apps/web/public/assets/manor/v7-runtime/animals/1592/growing.png","ccac36aaf373969321633607fe743c2aa670117bddbe1084e584974be7190187","exported-root-symbol",
"pasture","1592","cub","mc/farm/aswf/a1592_0.swf","e7fed69043b8d6abee32adfdba89c03ae178baf385cd4748919887b792e0acf6","Animal_1592_1","118","118","root-symbol","1","0","-871,-1074,871,516","88","80","apps/web/public/assets/manor/v7-runtime/animals/1592/cub.png","1ee744441432f8c29a58774024d741ab4049ac0c5d9d9a4c8cd04d5e4ed0e3c6","exported-root-symbol",
"pasture","1592","retired","mc/farm/aswf/a1592_1.swf","3757200493fc1ffba9fb7194e49b7ebfc68401c5e722e38257d83388bd883c67","Animal_1592_6","192","192","root-symbol","1","0","-1226,-1313,1226,594","123","96","apps/web/public/assets/manor/v7-runtime/animals/1592/retired.png","d0dc125fd8cfce3fc5799411d8b933cd1fa6de87cbdbad362e207af30402542f","exported-root-symbol",
"pasture","1592","producing-b","mc/farm/aswf/a1592_1.swf","3757200493fc1ffba9fb7194e49b7ebfc68401c5e722e38257d83388bd883c67","Animal_1592_5","179","179","root-symbol","1","0","-1182,-1260,1182,645","119","96","apps/web/public/assets/manor/v7-runtime/animals/1592/producing-b.png","60d0c3e4750ee032b9ad8c953cd81612d4a29ae6b5a65312a02feb4efc7e4144","exported-root-symbol",
"pasture","1592","producing-a","mc/farm/aswf/a1592_1.swf","3757200493fc1ffba9fb7194e49b7ebfc68401c5e722e38257d83388bd883c67","Animal_1592_4","165","165","root-symbol","1","0","-1066,-921,946,753","101","84","apps/web/public/assets/manor/v7-runtime/animals/1592/producing-a.png","aba78e9b6c1d622f4dd9b5fee9e963c5d5dc8b9b7de0e8b160240044bbc8545b","exported-root-symbol",
"pasture","1592","mature","mc/farm/aswf/a1592_1.swf","3757200493fc1ffba9fb7194e49b7ebfc68401c5e722e38257d83388bd883c67","Animal_1592_3","162","162","root-symbol","1","0","-1188,-2257,1174,645","119","146","apps/web/public/assets/manor/v7-runtime/animals/1592/mature.png","d2ec88b035fbb75b212458ef9fe2c496be3807d5632e0a95f5ea982d258c25a0","exported-root-symbol",
"pasture","1599","cub","mc/farm/aswf/a1599_0.swf","04c688dda669ba822a11f485091a7a6098b7e817d0e1cda36748f0a6794f9bc3","Animal_1599_1","72","72","root-symbol","1","0","-567,-1004,567,216","57","61","apps/web/public/assets/manor/v7-runtime/animals/1599/cub.png","0acd297289e6616bb2ae2e9ab9050720790ee5c17cf5630ed730bd3b6a79cc1c","exported-root-symbol",
"pasture","1599","growing","mc/farm/aswf/a1599_0.swf","04c688dda669ba822a11f485091a7a6098b7e817d0e1cda36748f0a6794f9bc3","Animal_1599_2","54","54","root-symbol","1","0","-965,-1713,965,358","97","104","apps/web/public/assets/manor/v7-runtime/animals/1599/growing.png","449804dc389dd6f1a5bdf3e607f70c76d8b87d4b86c60d5605eaf9cc5555f231","exported-root-symbol",
"pasture","1599","retired","mc/farm/aswf/a1599_1.swf","ee6d6dbb4342aacedbcb2ce357123574d93b91827c4c3ca7a1486ffc429df7b8","Animal_1599_6","76","76","root-symbol","1","0","-1280,-2278,1280,470","128","138","apps/web/public/assets/manor/v7-runtime/animals/1599/retired.png","a54cd0fcd8789cc3499e879ad9045464f8776d60501da5cb6136faf28b9d2275","exported-root-symbol",
"pasture","1599","producing-b","mc/farm/aswf/a1599_1.swf","ee6d6dbb4342aacedbcb2ce357123574d93b91827c4c3ca7a1486ffc429df7b8","Animal_1599_5","71","71","root-symbol","1","0","-1280,-2278,1280,470","128","138","apps/web/public/assets/manor/v7-runtime/animals/1599/producing-b.png","5ee061801c27d53fdef75df55b313a048a75b9493f1747d039cc31254f352f0f","exported-root-symbol",
"pasture","1599","producing-a","mc/farm/aswf/a1599_1.swf","ee6d6dbb4342aacedbcb2ce357123574d93b91827c4c3ca7a1486ffc429df7b8","Animal_1599_4","67","67","root-symbol","1","0","-1280,-2276,683,470","99","138","apps/web/public/assets/manor/v7-runtime/animals/1599/producing-a.png","22795460f4b111346be3f2fcf35c7495c5041bc1e6253c0b331194d832baf3c7","exported-root-symbol",
"pasture","1599","mature","mc/farm/aswf/a1599_1.swf","ee6d6dbb4342aacedbcb2ce357123574d93b91827c4c3ca7a1486ffc429df7b8","Animal_1599_3","65","65","root-symbol","1","0","-1280,-2844,1280,470","128","166","apps/web/public/assets/manor/v7-runtime/animals/1599/mature.png","0840a0308e3940329caa182d98de96bc1ec4e9f762df9778b36b02e64fc7edcc","exported-root-symbol",
"pasture","6291","cub","mc/farm/aswf/a6291_0.swf","baa80234d6d0582a9a9eebb255638a1298cdb700f06ae752923af9a59423b975","Animal_6291_1","132","132","root-symbol","1","0","-1339,-1424,1363,1334","136","138","apps/web/public/assets/manor/v7-runtime/animals/6291/cub.png","3cade0ce1c1dfb7b0f324f6a50b6642664bc7922a4da7d19d9b53795226c104f","exported-root-symbol",
"pasture","6291","growing","mc/farm/aswf/a6291_0.swf","baa80234d6d0582a9a9eebb255638a1298cdb700f06ae752923af9a59423b975","Animal_6291_2","75","75","root-symbol","1","0","-2432,-2407,2432,2190","244","230","apps/web/public/assets/manor/v7-runtime/animals/6291/growing.png","89c2a76d2ad63243719ebd99671b83e902c5ed6cdff4574066fced390361d79b","exported-root-symbol",
"pasture","6291","mature","mc/farm/aswf/a6291_1.swf","327853ce419c52fe817551e31ef1b17a1fb299859296146bb7020dcb5446eda7","Animal_6291_3","159","159","root-symbol","1","0","-2436,-3763,3079,2246","276","301","apps/web/public/assets/manor/v7-runtime/animals/6291/mature.png","3001b6caee886395eb933073fd1b6d1e601e996c3e52e1a2592674f2671a40d4","exported-root-symbol",
"pasture","6291","producing-a","mc/farm/aswf/a6291_1.swf","327853ce419c52fe817551e31ef1b17a1fb299859296146bb7020dcb5446eda7","Animal_6291_4","124","124","root-symbol","1","0","-1766,-2712,2689,1542","223","213","apps/web/public/assets/manor/v7-runtime/animals/6291/producing-a.png","4aab5ef11109289722eccfcdb2d1887cb2a5cdf81643c11d45e5095f9c36167e","exported-root-symbol",
"pasture","6291","producing-b","mc/farm/aswf/a6291_1.swf","327853ce419c52fe817551e31ef1b17a1fb299859296146bb7020dcb5446eda7","Animal_6291_5","78","78","root-symbol","1","0","-2436,-2394,2436,2148","244","228","apps/web/public/assets/manor/v7-runtime/animals/6291/producing-b.png","c1fa770861374ab18018db5a7b04b2dba9b2942660ce42eb56a94d0301a8c56c","exported-root-symbol",
"pasture","6291","retired","mc/farm/aswf/a6291_1.swf","327853ce419c52fe817551e31ef1b17a1fb299859296146bb7020dcb5446eda7","Animal_6291_6","74","74","root-symbol","1","0","-2436,-2394,2436,2148","244","228","apps/web/public/assets/manor/v7-runtime/animals/6291/retired.png","5e4b566e6c3614941bec61e7196ebb6ad7113fd0fd4a2f440222032e5bee2a57","exported-root-symbol",
"pasture","6292","cub","mc/farm/aswf/a6292_0.swf","73516dfacf7f036e85d4cf6bff9bf52bc7a2552fcd730e41bc2a80b430ad6a8e","Animal_6292_1","58","58","root-symbol","1","0","-532,-437,541,453","54","45","apps/web/public/assets/manor/v7-runtime/animals/6292/cub.png","4dfa87ffb241c12c6e5e614fc0e7aa29728f20a7a8be0674216052abae12f6cb","exported-root-symbol",
"pasture","6292","growing","mc/farm/aswf/a6292_0.swf","73516dfacf7f036e85d4cf6bff9bf52bc7a2552fcd730e41bc2a80b430ad6a8e","Animal_6292_2","35","35","root-symbol","1","0","-801,-749,865,611","84","68","apps/web/public/assets/manor/v7-runtime/animals/6292/growing.png","d283606112871bad73c8df8fab4b13a8973d89bb3f89c6689d89c01d8c361e6b","exported-root-symbol",
"pasture","6292","producing-a","mc/farm/aswf/a6292_1.swf","c360ce8fa9489fd18b44d987af133a8a2bcc9e089ae573b3d219b0522fc769d8","Animal_6292_4","48","48","root-symbol","1","0","-690,-798,1115,740","91","77","apps/web/public/assets/manor/v7-runtime/animals/6292/producing-a.png","2008e07551edc82c3d2af2cdcd6d7db7d1e2454222469bd0e1c00c4265de4366","exported-root-symbol",
"pasture","6292","mature","mc/farm/aswf/a6292_1.swf","c360ce8fa9489fd18b44d987af133a8a2bcc9e089ae573b3d219b0522fc769d8","Animal_6292_3","47","47","root-symbol","1","0","-1238,-2144,1238,1434","124","179","apps/web/public/assets/manor/v7-runtime/animals/6292/mature.png","6d9c75669b7b1b3da1f13911cb21e2fc8f29db85bcaf1ad099912dd2bac5439c","exported-root-symbol",
"pasture","6292","producing-b","mc/farm/aswf/a6292_1.swf","c360ce8fa9489fd18b44d987af133a8a2bcc9e089ae573b3d219b0522fc769d8","Animal_6292_5","33","33","root-symbol","1","0","-901,-773,904,765","91","77","apps/web/public/assets/manor/v7-runtime/animals/6292/producing-b.png","a8b0af634b778592b70bb67225d5ee5501041c7e1721e3182020d1c0b1754f1b","exported-root-symbol",
"pasture","6292","retired","mc/farm/aswf/a6292_1.swf","c360ce8fa9489fd18b44d987af133a8a2bcc9e089ae573b3d219b0522fc769d8","Animal_6292_6","29","29","root-symbol","1","0","-920,-865,961,781","95","83","apps/web/public/assets/manor/v7-runtime/animals/6292/retired.png","7000d304554bc987e2ff105e786924bb250b09920881c8a7372d1fb0c1a6e817","exported-root-symbol",
"pasture","6293","growing","mc/farm/aswf/a6293_0.swf","0f61183fb0f8d24ea87b4188e8b97dcac67b61061ac997b1337847411cf7c478","Animal_6293_2","83","83","root-symbol","1","0","-820,-1300,1223,739","103","102","apps/web/public/assets/manor/v7-runtime/animals/6293/growing.png","b1b95d4e79323feb898295e2ebc886f41a6581b4f7281233c9cbc2d82d59bd19","exported-root-symbol",
"pasture","6293","cub","mc/farm/aswf/a6293_0.swf","0f61183fb0f8d24ea87b4188e8b97dcac67b61061ac997b1337847411cf7c478","Animal_6293_1","79","79","root-symbol","1","0","-759,-841,740,459","75","65","apps/web/public/assets/manor/v7-runtime/animals/6293/cub.png","649f3e53a58b0eedb6906bf3df9c2682c52da39a5159324ed94490310709a496","exported-root-symbol",
"pasture","6293","retired","mc/farm/aswf/a6293_1.swf","82e94a5111488cdcc88e754efcb5f3221e7c1aff40f8946e79c180313c469d05","Animal_6293_6","105","105","root-symbol","1","0","-1499,-1460,1779,1283","164","138","apps/web/public/assets/manor/v7-runtime/animals/6293/retired.png","d2ee4d1625ba4dc7e0b8b778d7ce3757a2f71d59b445a7da1e9db6597dbff4ae","exported-root-symbol",
"pasture","6293","producing-b","mc/farm/aswf/a6293_1.swf","82e94a5111488cdcc88e754efcb5f3221e7c1aff40f8946e79c180313c469d05","Animal_6293_5","97","97","root-symbol","1","0","-1351,-1260,1641,1271","150","127","apps/web/public/assets/manor/v7-runtime/animals/6293/producing-b.png","4ab028d236b7b76e37fb852c7552a54dce39b41f2eb2dd5bb3f7a8f09cd855f7","exported-root-symbol",
"pasture","6293","producing-a","mc/farm/aswf/a6293_1.swf","82e94a5111488cdcc88e754efcb5f3221e7c1aff40f8946e79c180313c469d05","Animal_6293_4","90","90","root-symbol","1","0","-1266,-1906,1345,690","131","130","apps/web/public/assets/manor/v7-runtime/animals/6293/producing-a.png","f711d3d0a1145e775b187a91efe88f453d3f3a88a34756ab773dc3471cb38f14","exported-root-symbol",
"pasture","6293","mature","mc/farm/aswf/a6293_1.swf","82e94a5111488cdcc88e754efcb5f3221e7c1aff40f8946e79c180313c469d05","Animal_6293_3","88","88","root-symbol","1","0","-1645,-2472,1595,1637","162","206","apps/web/public/assets/manor/v7-runtime/animals/6293/mature.png","d12db4d67914cb63575fcab6ebf7b7fe2d807e4bcc6c555b0e282818274f5d71","exported-root-symbol",
"pasture","6294","cub","mc/farm/aswf/a6294_0.swf","4aeba1db12fc284d611d05eaa023aa1fc36ed51188a152e82a73608db584e28b","Animal_6294_1","48","48","root-symbol","1","0","-734,-392,1075,1117","91","76","apps/web/public/assets/manor/v7-runtime/animals/6294/cub.png","056a975dacfa4761c4df6784c25dafba296b8e826c95add6b684d8f0f657a464","exported-root-symbol",
"pasture","6294","growing","mc/farm/aswf/a6294_0.swf","4aeba1db12fc284d611d05eaa023aa1fc36ed51188a152e82a73608db584e28b","Animal_6294_2","44","44","root-symbol","1","0","-824,-605,1683,1807","126","121","apps/web/public/assets/manor/v7-runtime/animals/6294/growing.png","e81a4dcb55a56c403938026d6c1992f30f13c47ce2bad18c1a989307cc422e4c","exported-root-symbol",
"pasture","6294","producing-a","mc/farm/aswf/a6294_1.swf","f20a7737c24ca4e399c1e5c503cf072b6fe97535d64578f862ca984a4c82e3ee","Animal_6294_4","68","68","root-symbol","1","0","-1106,-1071,1110,1122","111","110","apps/web/public/assets/manor/v7-runtime/animals/6294/producing-a.png","ac3d93b5772cc2a9751107cc7d668e1ca231919d1c53e5ce0964099a2b195ddf","exported-root-symbol",
"pasture","6294","mature","mc/farm/aswf/a6294_1.swf","f20a7737c24ca4e399c1e5c503cf072b6fe97535d64578f862ca984a4c82e3ee","Animal_6294_3","67","67","root-symbol","1","0","-1100,-1051,2046,3069","158","206","apps/web/public/assets/manor/v7-runtime/animals/6294/mature.png","8ca4454e954bd0cdd6a5e5436e48bd500558bdc7ff1673e056002904bb41734b","exported-root-symbol",
"pasture","6294","producing-b","mc/farm/aswf/a6294_1.swf","f20a7737c24ca4e399c1e5c503cf072b6fe97535d64578f862ca984a4c82e3ee","Animal_6294_5","51","51","root-symbol","1","0","-1612,-1108,1612,1399","162","126","apps/web/public/assets/manor/v7-runtime/animals/6294/producing-b.png","1ebdaf64e4e5a464532a6451771830880fd4d1e601428f4350402bfb68857e86","exported-root-symbol",
"pasture","6294","retired","mc/farm/aswf/a6294_1.swf","f20a7737c24ca4e399c1e5c503cf072b6fe97535d64578f862ca984a4c82e3ee","Animal_6294_6","44","44","root-symbol","1","0","-1350,-788,1751,1719","156","126","apps/web/public/assets/manor/v7-runtime/animals/6294/retired.png","87b641b8dc06a273b8e8139cbff1a714ab1e4a93fae4c587321e62bc6ca55e83","exported-root-symbol",
