"source_id","name","original_level","state_index","state_key","state_label","source_character_id","source_export_file","source_sha256","width","height","duplicate_character","current_stage","current_asset","current_source_character_id","current_source_export_file","current_source_relationship","current_sha256","current_match_status","visual_review_status"
"2","白萝卜","0","0","seed","种子","2","Crop_2.swf/DefineSprite_2/1.png","1e75b2a99aeaa14220763d25acf65fa0ff908743b2b909b7502163ac656336ca","42","17","False","0","assets/manor/classic/crop-radish-0.png","2","Crop_2.swf/DefineSprite_2/1.png","state-character","1e75b2a99aeaa14220763d25acf65fa0ff908743b2b909b7502163ac656336ca","exact","pending-contact-sheet-review"
"2","白萝卜","0","1","sprout","发芽","4","Crop_2.swf/DefineSprite_4/1.png","f8bacbc69c95a34f8d3d932c047a1acba431987b0c03d8ca0e50dc7231ee1689","38","52","False","1","assets/manor/classic/crop-radish-1.png","4","Crop_2.swf/DefineSprite_4/1.png","state-character","f8bacbc69c95a34f8d3d932c047a1acba431987b0c03d8ca0e50dc7231ee1689","exact","pending-contact-sheet-review"
"2","白萝卜","0","2","young","幼苗","6","Crop_2.swf/DefineSprite_6/1.png","1a157b205342ee2cf249a68c95ea332658b01111281264799b9ddf9b3c1ae0f3","48","50","False","","","","","","","not-current","pending-contact-sheet-review"
"2","白萝卜","0","3","growing","生长","8","Crop_2.swf/DefineSprite_8/1.png","189fa60aec1a9609d3b1bcaa34d985331fd82f26fadb4c9b75c8e948d520f9d5","64","79","True","2","assets/manor/classic/crop-radish-2.png","8","Crop_2.swf/DefineSprite_8/1.png","state-character","189fa60aec1a9609d3b1bcaa34d985331fd82f26fadb4c9b75c8e948d520f9d5","exact","pending-contact-sheet-review"
"2","白萝卜","0","4","pre_mature","成熟前","8","Crop_2.swf/DefineSprite_8/1.png","189fa60aec1a9609d3b1bcaa34d985331fd82f26fadb4c9b75c8e948d520f9d5","64","79","True","","","","","","","not-current","pending-contact-sheet-review"
"2","白萝卜","0","5","mature","成熟","17","Crop_2.swf/DefineSprite_17/1.png","1f32d2a374651f75531a6b3ec03fa19a04fe5e78e642c9fccad9c1903bc07c05","135","210","False","3","assets/manor/classic/crop-radish-3.png","17","Crop_2.swf/DefineSprite_17/1.png","state-character","1f32d2a374651f75531a6b3ec03fa19a04fe5e78e642c9fccad9c1903bc07c05","exact","pending-contact-sheet-review"
"2","白萝卜","0","6","withered","枯萎","19","Crop_2.swf/DefineSprite_19/1.png","d6a6f31b306ea0342f210da30b05bb6dc4cdfd731ac7353489f434a30c6b1bba","126","55","False","","","","","","","not-current","pending-contact-sheet-review"
"3","胡萝卜","0","0","seed","种子","2","Crop_3.swf/DefineSprite_2/1.png","0e04974b4e580ea85ea6caf89b457bf3a20e1fa43abdf31e1f8f95a65fdcbe1e","42","17","False","0","assets/manor/classic/crop-carrot-0.png","2","Crop_3.swf/DefineSprite_2/1.png","state-character","0e04974b4e580ea85ea6caf89b457bf3a20e1fa43abdf31e1f8f95a65fdcbe1e","exact","pending-contact-sheet-review"
"3","胡萝卜","0","1","sprout","发芽","4","Crop_3.swf/DefineSprite_4/1.png","f8bacbc69c95a34f8d3d932c047a1acba431987b0c03d8ca0e50dc7231ee1689","38","52","False","1","assets/manor/classic/crop-carrot-1.png","4","Crop_3.swf/DefineSprite_4/1.png","state-character","f8bacbc69c95a34f8d3d932c047a1acba431987b0c03d8ca0e50dc7231ee1689","exact","pending-contact-sheet-review"
"3","胡萝卜","0","2","young","幼苗","6","Crop_3.swf/DefineSprite_6/1.png","eb16dd13ad894c32f21d07dee44c3d31da9abec044ae3c27071f29670d20a824","48","50","False","","","","","","","not-current","pending-contact-sheet-review"
"3","胡萝卜","0","3","growing","生长","8","Crop_3.swf/DefineSprite_8/1.png","e58d57eb0af9230ccdbbf0588b0c01e10ecc71785d223f19180acedc291a84f9","64","79","True","2","assets/manor/classic/crop-carrot-2.png","8","Crop_3.swf/DefineSprite_8/1.png","state-character","e58d57eb0af9230ccdbbf0588b0c01e10ecc71785d223f19180acedc291a84f9","exact","pending-contact-sheet-review"
"3","胡萝卜","0","4","pre_mature","成熟前","8","Crop_3.swf/DefineSprite_8/1.png","e58d57eb0af9230ccdbbf0588b0c01e10ecc71785d223f19180acedc291a84f9","64","79","True","","","","","","","not-current","pending-contact-sheet-review"
"3","胡萝卜","0","5","mature","成熟","20","Crop_3.swf/DefineSprite_20/1.png","dfcf41ae1a5af28b2936203a9ac8c7d1f7ed02fdb32f80efe743a81b74608ed3","91","123","False","3","assets/manor/classic/crop-carrot-3.png","20","Crop_3.swf/DefineSprite_20/1.png","state-character","dfcf41ae1a5af28b2936203a9ac8c7d1f7ed02fdb32f80efe743a81b74608ed3","exact","pending-contact-sheet-review"
"3","胡萝卜","0","6","withered","枯萎","22","Crop_3.swf/DefineSprite_22/1.png","d6a6f31b306ea0342f210da30b05bb6dc4cdfd731ac7353489f434a30c6b1bba","126","55","False","","","","","","","not-current","pending-contact-sheet-review"
"40","牧草","0","0","seed","种子","2","Crop_40.swf/DefineSprite_2/1.png","db64a2423bcb9185ca003d386c22654cd570c0c817515db055cea33e28d4a10e","42","17","False","","","","","","","not-current","pending-contact-sheet-review"
"40","牧草","0","1","sprout","发芽","4","Crop_40.swf/DefineSprite_4/1.png","c903a508161b1f0073014802d5f6085e017853c6295338382d571291bebc4b67","40","65","False","","","","","","","not-current","pending-contact-sheet-review"
"40","牧草","0","2","young","幼苗","11","Crop_40.swf/DefineSprite_11/1.png","9f9403eeab2a64b49580e1e41ff44959a7b531c240955a50d94e790673d86e25","64","72","False","","","","","","","not-current","pending-contact-sheet-review"
"40","牧草","0","3","growing","生长","15","Crop_40.swf/DefineSprite_15/1.png","5e1273c2b35ff427399c1fbfb86656aa770f134efeef2155a1304214d3f59cf1","92","90","True","","","","","","","not-current","pending-contact-sheet-review"
"40","牧草","0","4","pre_mature","成熟前","15","Crop_40.swf/DefineSprite_15/1.png","5e1273c2b35ff427399c1fbfb86656aa770f134efeef2155a1304214d3f59cf1","92","90","True","","","","","","","not-current","pending-contact-sheet-review"
"40","牧草","0","5","mature","成熟","24","Crop_40.swf/DefineSprite_24/1.png","3ace06419a994e273a6ff7394fcce695b8fbc87765ac1930c004a76bca8cd6a2","107","115","False","","","","","","","not-current","pending-contact-sheet-review"
"40","牧草","0","6","withered","枯萎","26","Crop_40.swf/DefineSprite_26/1.png","d6a6f31b306ea0342f210da30b05bb6dc4cdfd731ac7353489f434a30c6b1bba","126","55","False","","","","","","","not-current","pending-contact-sheet-review"
"81","圣诞树","0","0","seed","种子","9","Crop_81.swf/DefineSprite_9/1.png","4eda9d2051aa1b4a43a9d31c11419f842c587fe842a658642b2fda5a8bedc395","147","62","False","","","","","","","not-current","pending-contact-sheet-review"
"81","圣诞树","0","1","sprout","发芽","13","Crop_81.swf/DefineSprite_13/1.png","a9c88809e0b03aef6fc53de1804afd1cb466e7cb6167dc7ae830397fd7555a0b","147","88","False","","","","","","","not-current","pending-contact-sheet-review"
"81","圣诞树","0","2","young","幼苗","17","Crop_81.swf/DefineSprite_17/1.png","eb74ddf7654d33120451e364451f52571f6b445ecdf3b22bf8feeba50546572b","147","121","False","","","","","","","not-current","pending-contact-sheet-review"
"81","圣诞树","0","3","growing","生长","23","Crop_81.swf/DefineSprite_23/1.png","971ac8aaec5e977201e190e17c4cb0eec1262940357f936070ff8a546ea46ac2","147","149","False","","","","","","","not-current","pending-contact-sheet-review"
"81","圣诞树","0","4","pre_mature","成熟前","28","Crop_81.swf/DefineSprite_28/1.png","fef3a357cdc8e4788f47abee593746cc5d4450704b03fc2a197bcd1732f56985","147","149","False","","","","","","","not-current","pending-contact-sheet-review"
"81","圣诞树","0","5","mature","成熟","41","Crop_81.swf/DefineSprite_41/1.png","379d4f3747a76719c5bc187d50b00ad89a7041c10b070e5785fb0630626bcf4a","147","150","False","","","","","","","not-current","pending-contact-sheet-review"
"81","圣诞树","0","6","withered","枯萎","43","Crop_81.swf/DefineSprite_43/1.png","d6a6f31b306ea0342f210da30b05bb6dc4cdfd731ac7353489f434a30c6b1bba","126","55","False","","","","","","","not-current","pending-contact-sheet-review"
"59","大白菜","1","0","seed","种子","2","Crop_59.swf/DefineSprite_2/1.png","db64a2423bcb9185ca003d386c22654cd570c0c817515db055cea33e28d4a10e","42","17","False","0","assets/manor/classic/crop-cabbage-0.png","2","Crop_59.swf/DefineSprite_2/1.png","state-character","db64a2423bcb9185ca003d386c22654cd570c0c817515db055cea33e28d4a10e","exact","pending-contact-sheet-review"
"59","大白菜","1","1","sprout","发芽","4","Crop_59.swf/DefineSprite_4/1.png","d7e701b80deac1e700f3561765c8b22abb3d3274703b37ec565d5d1ece054d81","42","30","False","1","assets/manor/classic/crop-cabbage-1.png","4","Crop_59.swf/DefineSprite_4/1.png","state-character","d7e701b80deac1e700f3561765c8b22abb3d3274703b37ec565d5d1ece054d81","exact","pending-contact-sheet-review"
"59","大白菜","1","2","young","幼苗","7","Crop_59.swf/DefineSprite_7/1.png","dcfecec0ebb2ede725a297326be80615680d28b82da30f97deb4ab825a4d61fb","67","66","False","","","","","","","not-current","pending-contact-sheet-review"
"59","大白菜","1","3","growing","生长","9","Crop_59.swf/DefineSprite_9/1.png","1a05b48b16bb1df8a52dc52ac6d082a67b74b271f359915d3d162af2ce79bc75","89","75","False","2","assets/manor/classic/crop-cabbage-2.png","9","Crop_59.swf/DefineSprite_9/1.png","state-character","1a05b48b16bb1df8a52dc52ac6d082a67b74b271f359915d3d162af2ce79bc75","exact","pending-contact-sheet-review"
"59","大白菜","1","4","pre_mature","成熟前","11","Crop_59.swf/DefineSprite_11/1.png","b8a2b96bf697478df90b8d4895af6c88344a24902c260830b355e50457e3c8c9","95","81","False","","","","","","","not-current","pending-contact-sheet-review"
"59","大白菜","1","5","mature","成熟","13","Crop_59.swf/DefineSprite_13/1.png","a9dd8614f59ea006fb153524b9914552e96aa5c34ed3568f7596ca8c7d48cf20","105","83","False","3","assets/manor/classic/crop-cabbage-3.png","13","Crop_59.swf/DefineSprite_13/1.png","state-character","a9dd8614f59ea006fb153524b9914552e96aa5c34ed3568f7596ca8c7d48cf20","exact","pending-contact-sheet-review"
"59","大白菜","1","6","withered","枯萎","15","Crop_59.swf/DefineSprite_15/1.png","d6a6f31b306ea0342f210da30b05bb6dc4cdfd731ac7353489f434a30c6b1bba","126","55","False","","","","","","","not-current","pending-contact-sheet-review"
"1","草莓","10","0","seed","种子","2","Crop_1.swf/DefineSprite_2/1.png","1e75b2a99aeaa14220763d25acf65fa0ff908743b2b909b7502163ac656336ca","42","17","False","","","","","","","not-current","pending-contact-sheet-review"
"1","草莓","10","1","sprout","发芽","4","Crop_1.swf/DefineSprite_4/1.png","5c6fe98b1682ff363c358cb8ada040525577ec84083ceed6a37783ea99728136","33","37","False","","","","","","","not-current","pending-contact-sheet-review"
"1","草莓","10","2","young","幼苗","6","Crop_1.swf/DefineSprite_6/1.png","810c2ad4bb0d65ea35ed5d0ce7384394f1476cdbb18aacca11dab5b55e2325f2","62","59","False","","","","","","","not-current","pending-contact-sheet-review"
"1","草莓","10","3","growing","生长","9","Crop_1.swf/DefineSprite_9/1.png","ba6bfc88102816aece3b82dcf0cfa47c2c60dc515acfb7e1e06e069d73dfbcbc","106","94","False","","","","","","","not-current","pending-contact-sheet-review"
"1","草莓","10","4","pre_mature","成熟前","12","Crop_1.swf/DefineSprite_12/1.png","f15a54c74b58168d5fcde7c791e2d74185e92984068bb082f896ba5963068e94","111","101","False","","","","","","","not-current","pending-contact-sheet-review"
"1","草莓","10","5","mature","成熟","26","Crop_1.swf/DefineSprite_26/1.png","c3d794ab922c3f33b6bb2945ad3a62ec104654988d82b0e81bdd188e3ee22f29","116","119","False","","","","","","","not-current","pending-contact-sheet-review"
"1","草莓","10","6","withered","枯萎","28","Crop_1.swf/DefineSprite_28/1.png","d6a6f31b306ea0342f210da30b05bb6dc4cdfd731ac7353489f434a30c6b1bba","126","55","False","","","","","","","not-current","pending-contact-sheet-review"
"104","非洲菊","10","0","seed","种子","2","Crop_104.swf/DefineSprite_2/1.png","db64a2423bcb9185ca003d386c22654cd570c0c817515db055cea33e28d4a10e","42","17","False","","","","","","","not-current","pending-contact-sheet-review"
"104","非洲菊","10","1","sprout","发芽","4","Crop_104.swf/DefineSprite_4/1.png","988f5c7568733b7c652ed33bf79f8ca60f1fbddd9a1b22b71ed18fe28a1dc37b","30","32","False","","","","","","","not-current","pending-contact-sheet-review"
"104","非洲菊","10","2","young","幼苗","7","Crop_104.swf/DefineSprite_7/1.png","9b8ae1dd0df6ee821ed9f8606e4514b317533e82dac9fc0b1d1b5f3c807555fc","87","56","False","","","","","","","not-current","pending-contact-sheet-review"
"104","非洲菊","10","3","growing","生长","14","Crop_104.swf/DefineSprite_14/1.png","6551df4a7c602f685460868c3b18a6e46d0cf09239bd4b55a2b3ea0a4d96502a","117","79","False","","","","","","","not-current","pending-contact-sheet-review"
"104","非洲菊","10","4","pre_mature","成熟前","18","Crop_104.swf/DefineSprite_18/1.png","f8907a95eaf44b228188b85f39def0367a3bccdbebe14396c3ae431ece1678f5","117","121","False","","","","","","","not-current","pending-contact-sheet-review"
"104","非洲菊","10","5","mature","成熟","26","Crop_104.swf/DefineSprite_26/1.png","1c0218177fc138ac404fd41bccc0078aa748c6005f43ad633e73a353ecaacd79","117","130","False","","","","","","","not-current","pending-contact-sheet-review"
"104","非洲菊","10","6","withered","枯萎","28","Crop_104.swf/DefineSprite_28/1.png","d6a6f31b306ea0342f210da30b05bb6dc4cdfd731ac7353489f434a30c6b1bba","126","55","False","","","","","","","not-current","pending-contact-sheet-review"
"11","苹果","10","0","seed","种子","2","Crop_11.swf/DefineSprite_2/1.png","65f1668558eaad1331a7d1cb317033ba552c16945a83ce40775109a8f469d947","18","40","False","","","","","","","not-current","pending-contact-sheet-review"
"11","苹果","10","1","sprout","发芽","4","Crop_11.swf/DefineSprite_4/1.png","4d11100993090773f2274d87bd5eea2ffcbfa4f77900e6fbc1b4b3b19c52e580","23","64","False","","","","","","","not-current","pending-contact-sheet-review"
"11","苹果","10","2","young","幼苗","6","Crop_11.swf/DefineSprite_6/1.png","e447a89b27a6240bee30c340871433f878b504fd201193891c45df255df08e73","80","72","False","","","","","","","not-current","pending-contact-sheet-review"
"11","苹果","10","3","growing","生长","9","Crop_11.swf/DefineSprite_9/1.png","15b0eab1a55ec0e7dbdb163ce8cc423a76b4b680815291ca18a2942e1e017183","131","110","False","","","","","","","not-current","pending-contact-sheet-review"
"11","苹果","10","4","pre_mature","成熟前","12","Crop_11.swf/DefineSprite_12/1.png","048b9a5543fe2abf6ba616b19df734cf38612b7cdd0ff087f85f3e7df95ae8db","131","110","False","","","","","","","not-current","pending-contact-sheet-review"
"11","苹果","10","5","mature","成熟","15","Crop_11.swf/DefineSprite_15/1.png","70ff4b7dfa8322068680596eb02d31042a8b632f79cf5db596379ac6eb9690c0","131","110","False","","","","","","","not-current","pending-contact-sheet-review"
"11","苹果","10","6","withered","枯萎","17","Crop_11.swf/DefineSprite_17/1.png","d6a6f31b306ea0342f210da30b05bb6dc4cdfd731ac7353489f434a30c6b1bba","126","55","False","","","","","","","not-current","pending-contact-sheet-review"
"62","四叶草","10","0","seed","种子","2","Crop_62.swf/DefineSprite_2/1.png","db64a2423bcb9185ca003d386c22654cd570c0c817515db055cea33e28d4a10e","42","17","False","","","","","","","not-current","pending-contact-sheet-review"
"62","四叶草","10","1","sprout","发芽","19","Crop_62.swf/DefineSprite_19/1.png","9c4892331a382bff9616663b0c1e0d6893011a6453a5fccab17d843d1a36f8b9","37","44","False","","","","","","","not-current","pending-contact-sheet-review"
"62","四叶草","10","2","young","幼苗","30","Crop_62.swf/DefineSprite_30/1.png","3985385a0c9e4c433b68e3986a542ad2d5e0eed2cf60e6e643d19557f4b43881","63","56","False","","","","","","","not-current","pending-contact-sheet-review"
"62","四叶草","10","3","growing","生长","38","Crop_62.swf/DefineSprite_38/1.png","be4d09642276e7a06d373c1fc1879d4bc0d0e3a18da68f352d12de668200f85f","80","70","False","","","","","","","not-current","pending-contact-sheet-review"
"62","四叶草","10","4","pre_mature","成熟前","41","Crop_62.swf/DefineSprite_41/1.png","b5d6a2d562a888308ad96c32a12160556d87cff155c13667a25e07235caaf870","86","85","False","","","","","","","not-current","pending-contact-sheet-review"
"62","四叶草","10","5","mature","成熟","44","Crop_62.swf/DefineSprite_44/1.png","4a9e59187942a423962fa52ba0f8c8867c87f091aec05e1530b18c3e9a0b6316","101","108","False","","","","","","","not-current","pending-contact-sheet-review"
"62","四叶草","10","6","withered","枯萎","46","Crop_62.swf/DefineSprite_46/1.png","d6a6f31b306ea0342f210da30b05bb6dc4cdfd731ac7353489f434a30c6b1bba","126","55","False","","","","","","","not-current","pending-contact-sheet-review"
"111","粉玫瑰","11","0","seed","种子","2","Crop_111.swf/DefineSprite_2/1.png","db64a2423bcb9185ca003d386c22654cd570c0c817515db055cea33e28d4a10e","42","17","False","","","","","","","not-current","pending-contact-sheet-review"
"111","粉玫瑰","11","1","sprout","发芽","4","Crop_111.swf/DefineSprite_4/1.png","57ac835a3b01cc9c6b4af4b802b726503a6d24f45404073f56c3cabf1676bb12","33","30","False","","","","","","","not-current","pending-contact-sheet-review"
"111","粉玫瑰","11","2","young","幼苗","11","Crop_111.swf/DefineSprite_11/1.png","5939abcc350b81b743bdc3a7b9162dc607285b3f014e63a53677015c65744580","56","66","False","","","","","","","not-current","pending-contact-sheet-review"
"111","粉玫瑰","11","3","growing","生长","20","Crop_111.swf/DefineSprite_20/1.png","16903b033400b6561b6b5f42144b33523a2c9162be1473663f072ffce92a3340","106","96","False","","","","","","","not-current","pending-contact-sheet-review"
"111","粉玫瑰","11","4","pre_mature","成熟前","28","Crop_111.swf/DefineSprite_28/1.png","56ef6aea822ac291edc4c895843f68f79fa6970fc5fc366c4e57b294c81c846b","111","106","False","","","","","","","not-current","pending-contact-sheet-review"
"111","粉玫瑰","11","5","mature","成熟","53","Crop_111.swf/DefineSprite_53/1.png","8cee3e3fa47ecd7c6c4b65641a356667834e4a1db50b89d313b675bfc2323c6c","118","112","False","","","","","","","not-current","pending-contact-sheet-review"
"111","粉玫瑰","11","6","withered","枯萎","55","Crop_111.swf/DefineSprite_55/1.png","d6a6f31b306ea0342f210da30b05bb6dc4cdfd731ac7353489f434a30c6b1bba","126","55","False","","","","","","","not-current","pending-contact-sheet-review"
"14","西瓜","11","0","seed","种子","2","Crop_14.swf/DefineSprite_2/1.png","1e75b2a99aeaa14220763d25acf65fa0ff908743b2b909b7502163ac656336ca","42","17","False","","","","","","","not-current","pending-contact-sheet-review"
"14","西瓜","11","1","sprout","发芽","4","Crop_14.swf/DefineSprite_4/1.png","82cc0c7f9f91e4bfe92247719a77fe31cd15bace13049b50d566dbbc2ac21504","65","61","False","","","","","","","not-current","pending-contact-sheet-review"
"14","西瓜","11","2","young","幼苗","8","Crop_14.swf/DefineSprite_8/1.png","a0b3f00971fd51dad25daa75e09c808b207fa7eda508ef82bf04ad297c788391","77","85","False","","","","","","","not-current","pending-contact-sheet-review"
"14","西瓜","11","3","growing","生长","10","Crop_14.swf/DefineSprite_10/1.png","f3a458b149675cd161b19f595fada586ff84e1e9ab86fec763e81bb1aa888623","152","118","False","","","","","","","not-current","pending-contact-sheet-review"
"14","西瓜","11","4","pre_mature","成熟前","12","Crop_14.swf/DefineSprite_12/1.png","0d7031aaf3a929b6487d8d55ea9e39dd7577d10e903a7b3519323023f759c042","156","121","False","","","","","","","not-current","pending-contact-sheet-review"
"14","西瓜","11","5","mature","成熟","14","Crop_14.swf/DefineSprite_14/1.png","bfd0b7819a176b30b89ffbb1c052eab80899280e5ad576ec815443e1f45ce061","145","112","False","","","","","","","not-current","pending-contact-sheet-review"
"14","西瓜","11","6","withered","枯萎","16","Crop_14.swf/DefineSprite_16/1.png","d6a6f31b306ea0342f210da30b05bb6dc4cdfd731ac7353489f434a30c6b1bba","126","55","False","","","","","","","not-current","pending-contact-sheet-review"
"70","黄豆","11","0","seed","种子","2","Crop_70.swf/DefineSprite_2/1.png","db64a2423bcb9185ca003d386c22654cd570c0c817515db055cea33e28d4a10e","42","17","False","","","","","","","not-current","pending-contact-sheet-review"
"70","黄豆","11","1","sprout","发芽","6","Crop_70.swf/DefineSprite_6/1.png","2d85c89438534988699abe0a05351dca31493e670492b851a7b632ce15f1f7c2","27","30","False","","","","","","","not-current","pending-contact-sheet-review"
"70","黄豆","11","2","young","幼苗","11","Crop_70.swf/DefineSprite_11/1.png","100cd8c938fbad59386037cb2386e6154592069edf851e47a4384a1b6f679569","43","60","False","","","","","","","not-current","pending-contact-sheet-review"
"70","黄豆","11","3","growing","生长","14","Crop_70.swf/DefineSprite_14/1.png","46a3cd3ef4ecfa66dfb36ca6eef841a9fb87f34befbfb98a2d441de30b26cf3e","85","88","False","","","","","","","not-current","pending-contact-sheet-review"
"70","黄豆","11","4","pre_mature","成熟前","18","Crop_70.swf/DefineSprite_18/1.png","dd7696d77fee2b861f8070dc542249e914a995e1f1596ac09c1ebe344cef1190","107","101","False","","","","","","","not-current","pending-contact-sheet-review"
"70","黄豆","11","5","mature","成熟","23","Crop_70.swf/DefineSprite_23/1.png","7c7a3169a91ad2c6dfc87a54123b98c7d0cc8af75c451f0182af2a33336c6bbc","115","120","False","","","","","","","not-current","pending-contact-sheet-review"
"70","黄豆","11","6","withered","枯萎","25","Crop_70.swf/DefineSprite_25/1.png","d6a6f31b306ea0342f210da30b05bb6dc4cdfd731ac7353489f434a30c6b1bba","126","55","False","","","","","","","not-current","pending-contact-sheet-review"
"112","风信子","12","0","seed","种子","2","Crop_112.swf/DefineSprite_2/1.png","a77859d654afa00395552a1090d7fec9dbebb7561894ee3357108e9896f90351","42","17","False","","","","","","","not-current","pending-contact-sheet-review"
"112","风信子","12","1","sprout","发芽","5","Crop_112.swf/DefineSprite_5/1.png","a3651f1479174ba9b86790d5a03332850ca2d85918fc9b605e6b315a2e7d8a2e","52","25","False","","","","","","","not-current","pending-contact-sheet-review"
"112","风信子","12","2","young","幼苗","8","Crop_112.swf/DefineSprite_8/1.png","1f88330a5f1a42aedc2e0fb5d22af3c2ecec63eeb0d9a8cc718433d1080474d6","61","41","False","","","","","","","not-current","pending-contact-sheet-review"
"112","风信子","12","3","growing","生长","11","Crop_112.swf/DefineSprite_11/1.png","d3ea7784eb4b77a4dd4e9a58607e8fd35d19d73ab49bfe881a8b73730847c436","84","70","False","","","","","","","not-current","pending-contact-sheet-review"
"112","风信子","12","4","pre_mature","成熟前","21","Crop_112.swf/DefineSprite_21/1.png","9dc0021664bb0025966ffbdee059386c9d21bd1d75faa4b156390c011b21ac9d","99","90","False","","","","","","","not-current","pending-contact-sheet-review"
"112","风信子","12","5","mature","成熟","31","Crop_112.swf/DefineSprite_31/1.png","d483bc9e13edfee02d047e4af0ca885cb40bb8ce1b7f747f68ca97cba7ac6c48","104","109","False","","","","","","","not-current","pending-contact-sheet-review"
"112","风信子","12","6","withered","枯萎","33","Crop_112.swf/DefineSprite_33/1.png","d6a6f31b306ea0342f210da30b05bb6dc4cdfd731ac7353489f434a30c6b1bba","126","55","False","","","","","","","not-current","pending-contact-sheet-review"
"118","水仙花","12","0","seed","种子","3","Crop_118.swf/DefineSprite_3/1.png","45ee4b3f5d869ce61e241531ae09d02da11cfaead8dd5fdb34c1f375aae715f6","93","41","False","","","","","","","not-current","pending-contact-sheet-review"
"118","水仙花","12","1","sprout","发芽","7","Crop_118.swf/DefineSprite_7/1.png","f7aa5137f6126969ca87b4840f42275383c3a68adba8c5a9a91fbf3fe228bb30","93","51","False","","","","","","","not-current","pending-contact-sheet-review"
"118","水仙花","12","2","young","幼苗","11","Crop_118.swf/DefineSprite_11/1.png","26a91fe097be63c05ebc946e42a24454630c11f31e0b4d1d60088b17b4c110a6","93","88","False","","","","","","","not-current","pending-contact-sheet-review"
"118","水仙花","12","3","growing","生长","14","Crop_118.swf/DefineSprite_14/1.png","477295acfd729d53cbb07dc4b03a9661cfa0b05f1db167fdd8a1bd77e1d7a14d","93","110","False","","","","","","","not-current","pending-contact-sheet-review"
"118","水仙花","12","4","pre_mature","成熟前","17","Crop_118.swf/DefineSprite_17/1.png","2b5ae70b780e2fa1e26dc3f336731f58b45d52c4c297d5a4df5896447e480ac4","95","124","False","","","","","","","not-current","pending-contact-sheet-review"
"118","水仙花","12","5","mature","成熟","23","Crop_118.swf/DefineSprite_23/1.png","2079a4c4322c90a3f9e15aaec1897dbe57c2759854c0d6522128574553046e62","102","136","False","","","","","","","not-current","pending-contact-sheet-review"
"118","水仙花","12","6","withered","枯萎","25","Crop_118.swf/DefineSprite_25/1.png","ac7e5088bc6dbb39325dc29a1f1c230c3f84d985445cbe0870bb57ad25f4abf9","126","55","False","","","","","","","not-current","pending-contact-sheet-review"
"15","香蕉","12","0","seed","种子","2","Crop_15.swf/DefineSprite_2/1.png","e3fe9112cf934b7d749164573eac959c17b8836a6876eced68cf420291337d90","16","29","False","","","","","","","not-current","pending-contact-sheet-review"
"15","香蕉","12","1","sprout","发芽","4","Crop_15.swf/DefineSprite_4/1.png","1023e2ef0216f855bc217a61f1ce60ee9c5b55509bd5f6989c614d77f186baff","47","50","False","","","","","","","not-current","pending-contact-sheet-review"
"15","香蕉","12","2","young","幼苗","6","Crop_15.swf/DefineSprite_6/1.png","a3acc51cc4a965f3d75a36db3aa1ab919fc20bcb786474e25514c317c14cd606","86","62","False","","","","","","","not-current","pending-contact-sheet-review"
"15","香蕉","12","3","growing","生长","8","Crop_15.swf/DefineSprite_8/1.png","d057f80bdeb22a6fb50e2c48951da4b15879a542678ab2e2b25dbd6d9491cf8a","111","89","False","","","","","","","not-current","pending-contact-sheet-review"
"15","香蕉","12","4","pre_mature","成熟前","14","Crop_15.swf/DefineSprite_14/1.png","24c5d2cceecf4e839652687d512dca32dfe3d010425974538632b944365f41ce","113","110","False","","","","","","","not-current","pending-contact-sheet-review"
"15","香蕉","12","5","mature","成熟","19","Crop_15.swf/DefineSprite_19/1.png","634968248f516307ad5ee7a1babbdd574af5efb96c088bdbb266952ccffc04b8","126","123","False","","","","","","","not-current","pending-contact-sheet-review"
"15","香蕉","12","6","withered","枯萎","21","Crop_15.swf/DefineSprite_21/1.png","d6a6f31b306ea0342f210da30b05bb6dc4cdfd731ac7353489f434a30c6b1bba","126","55","False","","","","","","","not-current","pending-contact-sheet-review"
"109","蝴蝶兰","13","0","seed","种子","4","Crop_109.swf/DefineSprite_4/1.png","db64a2423bcb9185ca003d386c22654cd570c0c817515db055cea33e28d4a10e","42","17","False","","","","","","","not-current","pending-contact-sheet-review"
"109","蝴蝶兰","13","1","sprout","发芽","25","Crop_109.swf/DefineSprite_25/1.png","5189fbe001454f7a28533d5090a4a62d8b093438f4af69f849794a092a9f08dd","35","32","False","","","","","","","not-current","pending-contact-sheet-review"
"109","蝴蝶兰","13","2","young","幼苗","27","Crop_109.swf/DefineSprite_27/1.png","1b008c4c2c9a0f45c24cfe765982483fe2aeec93007da597ffe6fc3ab5712c69","58","77","False","","","","","","","not-current","pending-contact-sheet-review"
"109","蝴蝶兰","13","3","growing","生长","31","Crop_109.swf/DefineSprite_31/1.png","81dc04ba40b5ade37d16756edb8fb49dc89c89b38ac73eac0479c42a78c504af","100","96","False","","","","","","","not-current","pending-contact-sheet-review"
"109","蝴蝶兰","13","4","pre_mature","成熟前","36","Crop_109.swf/DefineSprite_36/1.png","a14f2839d08db97c8371f2fef238837530cd58c3fe7a9b3869696da4a25a627f","125","117","False","","","","","","","not-current","pending-contact-sheet-review"
"109","蝴蝶兰","13","5","mature","成熟","40","Crop_109.swf/DefineSprite_40/1.png","d2fd3023601b7378a9177912f6fc0985c6af953aa468fda664dcddcedc55bd7c","125","121","False","","","","","","","not-current","pending-contact-sheet-review"
"109","蝴蝶兰","13","6","withered","枯萎","22","Crop_109.swf/DefineSprite_22/1.png","d6a6f31b306ea0342f210da30b05bb6dc4cdfd731ac7353489f434a30c6b1bba","126","55","False","","","","","","","not-current","pending-contact-sheet-review"
"18","桃子","13","0","seed","种子","2","Crop_18.swf/DefineSprite_2/1.png","1e75b2a99aeaa14220763d25acf65fa0ff908743b2b909b7502163ac656336ca","42","17","False","","","","","","","not-current","pending-contact-sheet-review"
"18","桃子","13","1","sprout","发芽","4","Crop_18.swf/DefineSprite_4/1.png","0c0d88be745e41a117da481159bbd94f10de47d872e4a5cb9308f04c6c0a907b","31","60","False","","","","","","","not-current","pending-contact-sheet-review"
"18","桃子","13","2","young","幼苗","9","Crop_18.swf/DefineSprite_9/1.png","4381cc3c5c8a9546d635e5cdc35f9ab2884778c596cb895bbb4c27d28020bb91","103","99","False","","","","","","","not-current","pending-contact-sheet-review"
"18","桃子","13","3","growing","生长","16","Crop_18.swf/DefineSprite_16/1.png","6b2692b78a70e61caa70624d88a839171890a407b127c3de8e141aad54657bb0","110","122","False","","","","","","","not-current","pending-contact-sheet-review"
"18","桃子","13","4","pre_mature","成熟前","17","Crop_18.swf/DefineSprite_17/1.png","e279898702d91b55118a90d52b80b1b125b11e2e35a09a6534be9d5e98624509","114","122","False","","","","","","","not-current","pending-contact-sheet-review"
"18","桃子","13","5","mature","成熟","24","Crop_18.swf/DefineSprite_24/1.png","3ca5180632daafac27d49e3ba7751bc8181b808e8f06c21d3b1aa614fa15790a","110","124","False","","","","","","","not-current","pending-contact-sheet-review"
"18","桃子","13","6","withered","枯萎","26","Crop_18.swf/DefineSprite_26/1.png","d6a6f31b306ea0342f210da30b05bb6dc4cdfd731ac7353489f434a30c6b1bba","126","55","False","","","","","","","not-current","pending-contact-sheet-review"
"47","甘蔗","13","0","seed","种子","2","Crop_47.swf/DefineSprite_2/1.png","90d8cd5bade31d3b8dc885c5995072d253eec9a47e150624ff974bc4a1c9c127","22","27","False","","","","","","","not-current","pending-contact-sheet-review"
"47","甘蔗","13","1","sprout","发芽","9","Crop_47.swf/DefineSprite_9/1.png","48deb685e5e55f42b4ffe49525b61c378d64469486a20531f2ab1b7d528059e8","42","60","False","","","","","","","not-current","pending-contact-sheet-review"
"47","甘蔗","13","2","young","幼苗","18","Crop_47.swf/DefineSprite_18/1.png","f989fbd92317aa64d0e66338a443f0203ff7bc8f930fdda961c6cde55f2202d6","64","76","False","","","","","","","not-current","pending-contact-sheet-review"
"47","甘蔗","13","3","growing","生长","25","Crop_47.swf/DefineSprite_25/1.png","b7b909de479d8653becf1f47bb60cb4bec58d24a6c326003263301f62aa50d84","78","91","False","","","","","","","not-current","pending-contact-sheet-review"
"47","甘蔗","13","4","pre_mature","成熟前","34","Crop_47.swf/DefineSprite_34/1.png","d7d5209a4941f12cbb3f2288b511c3a432fb99fdfd678c4986fcea0ca0d68675","108","118","False","","","","","","","not-current","pending-contact-sheet-review"
"47","甘蔗","13","5","mature","成熟","37","Crop_47.swf/DefineSprite_37/1.png","89bc636b2e617bb95713a20fcf2af43debe2d554c633b5d7757f69a5c5746754","129","134","False","","","","","","","not-current","pending-contact-sheet-review"
"47","甘蔗","13","6","withered","枯萎","39","Crop_47.swf/DefineSprite_39/1.png","d6a6f31b306ea0342f210da30b05bb6dc4cdfd731ac7353489f434a30c6b1bba","126","55","False","","","","","","","not-current","pending-contact-sheet-review"
"113","栀子花","14","0","seed","种子","2","Crop_113.swf/DefineSprite_2/1.png","cf602d641993f42928f7097e1da750758e8c258249831c95f2080604b29cd860","42","17","False","","","","","","","not-current","pending-contact-sheet-review"
"113","栀子花","14","1","sprout","发芽","16","Crop_113.swf/DefineSprite_16/1.png","17bd5267282f70f3b447935b57f1bc9207f220359f61a0ca3524c291f013356b","35","41","False","","","","","","","not-current","pending-contact-sheet-review"
"113","栀子花","14","2","young","幼苗","27","Crop_113.swf/DefineSprite_27/1.png","9867cc64313d0c4beeed0f2f32306b70d7faa96e9804c18301af22e9130210bc","43","45","False","","","","","","","not-current","pending-contact-sheet-review"
"113","栀子花","14","3","growing","生长","44","Crop_113.swf/DefineSprite_44/1.png","4cc7b949f2f35c3909d7826b2661172717e13116d05d1bc7055e69f6abf06b04","79","71","False","","","","","","","not-current","pending-contact-sheet-review"
"113","栀子花","14","4","pre_mature","成熟前","56","Crop_113.swf/DefineSprite_56/1.png","12f0ed7f9fbd5f12fd5607a7d6ea31f605a0175661f85c73b6f4ca2b4edd7c69","123","102","False","","","","","","","not-current","pending-contact-sheet-review"
"113","栀子花","14","5","mature","成熟","74","Crop_113.swf/DefineSprite_74/1.png","c96387b758f68bb7a3d1201b45ef7bd1a536895052cb05db84572b300474a594","135","113","False","","","","","","","not-current","pending-contact-sheet-review"
"113","栀子花","14","6","withered","枯萎","76","Crop_113.swf/DefineSprite_76/1.png","c243d1572c39b48b1047154380647f17fe63634a5c21cafabd4f2cdafb2ea8bc","126","55","False","","","","","","","not-current","pending-contact-sheet-review"
"19","橙子","14","0","seed","种子","2","Crop_19.swf/DefineSprite_2/1.png","1e75b2a99aeaa14220763d25acf65fa0ff908743b2b909b7502163ac656336ca","42","17","False","","","","","","","not-current","pending-contact-sheet-review"
"19","橙子","14","1","sprout","发芽","4","Crop_19.swf/DefineSprite_4/1.png","2a678523507df7b9cfa40de90ce48f2afaee07c1d36459d45cb03bbce93f745f","30","36","False","","","","","","","not-current","pending-contact-sheet-review"
"19","橙子","14","2","young","幼苗","6","Crop_19.swf/DefineSprite_6/1.png","22e1f5b89ae192fb45c3f05d94f7ae631f13ef2a3c4bbd0f007e2d6e1dcbfd4e","51","83","False","","","","","","","not-current","pending-contact-sheet-review"
"19","橙子","14","3","growing","生长","8","Crop_19.swf/DefineSprite_8/1.png","17e3c776ee79be773469db754d88246e566f99427759337a911cd474e45fd27d","127","113","False","","","","","","","not-current","pending-contact-sheet-review"
"19","橙子","14","4","pre_mature","成熟前","12","Crop_19.swf/DefineSprite_12/1.png","5c18df505a7e87b746bebbc741b713f4efa2a2715c0a75441f32b3e206d549d6","129","113","False","","","","","","","not-current","pending-contact-sheet-review"
"19","橙子","14","5","mature","成熟","14","Crop_19.swf/DefineSprite_14/1.png","7f29f15fd411c89dfd29af9dd640259bbb1430aca0db6c360d7b69f7af1969ff","132","113","False","","","","","","","not-current","pending-contact-sheet-review"
"19","橙子","14","6","withered","枯萎","16","Crop_19.swf/DefineSprite_16/1.png","d6a6f31b306ea0342f210da30b05bb6dc4cdfd731ac7353489f434a30c6b1bba","126","55","False","","","","","","","not-current","pending-contact-sheet-review"
"25","银杏树苗","14","0","seed","种子","2","Crop_25.swf/DefineSprite_2/1.png","1bf85e7aefb17edcbbd101c0c45d5abbf2a7e25056ca440a2ada73fedc7adc5e","42","17","False","","","","","","","not-current","pending-contact-sheet-review"
"25","银杏树苗","14","1","sprout","发芽","14","Crop_25.swf/DefineSprite_14/1.png","3485a59e3b4224842f9b5d2c4fb20dd7793c0fced9f1cfcc0442b07862d41ce9","34","62","False","","","","","","","not-current","pending-contact-sheet-review"
"25","银杏树苗","14","2","young","幼苗","18","Crop_25.swf/DefineSprite_18/1.png","35c6a5e55f1774473264eaf7319a5204d90490950bb2f22e00b42e6c0b2f3f3c","45","95","False","","","","","","","not-current","pending-contact-sheet-review"
"25","银杏树苗","14","3","growing","生长","20","Crop_25.swf/DefineSprite_20/1.png","b69835360d967dcab412894dab1198a1a969332f3eca75faef535f0cf5a760bf","74","128","False","","","","","","","not-current","pending-contact-sheet-review"
"25","银杏树苗","14","4","pre_mature","成熟前","22","Crop_25.swf/DefineSprite_22/1.png","3bd931727c9ae79bb81bc367ada790eed1ac0b4758fa0c1b9f6705c54140fb09","90","151","False","","","","","","","not-current","pending-contact-sheet-review"
"25","银杏树苗","14","5","mature","成熟","24","Crop_25.swf/DefineSprite_24/1.png","e490890dbbc99663e887b0edbfc5808b45f50a9c7f657694c103c5afcafb8536","110","182","False","","","","","","","not-current","pending-contact-sheet-review"
"25","银杏树苗","14","6","withered","枯萎","26","Crop_25.swf/DefineSprite_26/1.png","6e486355d330b8df77b0a6942df478b9640c5f33559b75cdcc95c9d545fafe70","126","55","False","","","","","","","not-current","pending-contact-sheet-review"
"67","香瓜","14","0","seed","种子","2","Crop_67.swf/DefineSprite_2/1.png","c2d41cc56c9d20bebb25c7b77f79cddd1e8e6f925d55f9598863e2727f11ad58","42","17","False","","","","","","","not-current","pending-contact-sheet-review"
"67","香瓜","14","1","sprout","发芽","7","Crop_67.swf/DefineSprite_7/1.png","d9fb4dc49b250b719aaaf6baa5139b134ef960cc64411e39a2cb86bc4f7cfbe5","46","42","False","","","","","","","not-current","pending-contact-sheet-review"
"67","香瓜","14","2","young","幼苗","10","Crop_67.swf/DefineSprite_10/1.png","7502a6d25a265ca6bc55751218d35b48111d3a07d8c0d2d4467ff1edf6f68d95","61","69","False","","","","","","","not-current","pending-contact-sheet-review"
"67","香瓜","14","3","growing","生长","15","Crop_67.swf/DefineSprite_15/1.png","faa2605b20e4d9e3bdddc6b25490efe8bd0eb9906f5de81d0bf88308969e4921","146","97","False","","","","","","","not-current","pending-contact-sheet-review"
"67","香瓜","14","4","pre_mature","成熟前","20","Crop_67.swf/DefineSprite_20/1.png","fa04d00886e7dbffd8cafff5f7133c89cbba25af328367da31f3e8c37696f48e","146","97","False","","","","","","","not-current","pending-contact-sheet-review"
"67","香瓜","14","5","mature","成熟","27","Crop_67.swf/DefineSprite_27/1.png","2f5340b79b4b6c9f5798b0c560adfe6b8d615f2094da0a1e74e0cebdff1184c2","146","97","False","","","","","","","not-current","pending-contact-sheet-review"
"67","香瓜","14","6","withered","枯萎","29","Crop_67.swf/DefineSprite_29/1.png","cf073777cbc71b94e578098c3e139b7b255f65e041b8c8c1728cfd5a5153fb3e","126","55","False","","","","","","","not-current","pending-contact-sheet-review"
"82","摇钱树","14","0","seed","种子","2","Crop_82.swf/DefineSprite_2/1.png","db64a2423bcb9185ca003d386c22654cd570c0c817515db055cea33e28d4a10e","42","17","False","","","","","","","not-current","pending-contact-sheet-review"
"82","摇钱树","14","1","sprout","发芽","8","Crop_82.swf/DefineSprite_8/1.png","25b7da3a26683fd25daaebe607550de2bf6d9a4bc5b8ce2086d3dd4c884b6ab3","30","34","False","","","","","","","not-current","pending-contact-sheet-review"
"82","摇钱树","14","2","young","幼苗","14","Crop_82.swf/DefineSprite_14/1.png","9773918c9c47da6b911659dd5dfde930111332404eaae0e67116ad0ad51f3518","63","65","False","","","","","","","not-current","pending-contact-sheet-review"
"82","摇钱树","14","3","growing","生长","17","Crop_82.swf/DefineSprite_17/1.png","ff8206df071c4c8d451230eb857aa4929c7c7f7632dadc65725a80cd0a78cfbc","101","117","False","","","","","","","not-current","pending-contact-sheet-review"
"82","摇钱树","14","4","pre_mature","成熟前","21","Crop_82.swf/DefineSprite_21/1.png","29f7144c08eaf47054d480b1f7e63f7c94ea4a1bb00600ac909c16aff047a197","106","120","False","","","","","","","not-current","pending-contact-sheet-review"
"82","摇钱树","14","5","mature","成熟","24","Crop_82.swf/DefineSprite_24/1.png","933c647658913888ba99cb0a0d8e3ede7f71af4a6b60b7b4d564b1d916a9a94e","128","135","False","","","","","","","not-current","pending-contact-sheet-review"
"82","摇钱树","14","6","withered","枯萎","26","Crop_82.swf/DefineSprite_26/1.png","cf073777cbc71b94e578098c3e139b7b255f65e041b8c8c1728cfd5a5153fb3e","126","55","False","","","","","","","not-current","pending-contact-sheet-review"
"13","葡萄","15","0","seed","种子","2","Crop_13.swf/DefineSprite_2/1.png","b8754072b32bb56ceb29cbb04fdaa7c136d91f6907be95d0ba31b9af301a9ed2","18","37","False","","","","","","","not-current","pending-contact-sheet-review"
"13","葡萄","15","1","sprout","发芽","4","Crop_13.swf/DefineSprite_4/1.png","cd388efa953fd1397d4fac1deb3e6549b1196c8ed6e21b8aa85a54bac7d24a15","48","56","False","","","","","","","not-current","pending-contact-sheet-review"
"13","葡萄","15","2","young","幼苗","8","Crop_13.swf/DefineSprite_8/1.png","52ee6b5abba4ae33e7e77e2896a4d713e820b39f1006141f1689faf91d5b8326","64","89","False","","","","","","","not-current","pending-contact-sheet-review"
"13","葡萄","15","3","growing","生长","12","Crop_13.swf/DefineSprite_12/1.png","0ddbf4d1ba0e2e64bd8b682a89fd2364dfca9d84875b29af72c1577ececd5f86","114","121","False","","","","","","","not-current","pending-contact-sheet-review"
"13","葡萄","15","4","pre_mature","成熟前","14","Crop_13.swf/DefineSprite_14/1.png","021d3f0f9bdc2c1cf42e5558f35c7154bbf45b9a18fccf8c5ecd98b9c9e73443","127","121","False","","","","","","","not-current","pending-contact-sheet-review"
"13","葡萄","15","5","mature","成熟","18","Crop_13.swf/DefineSprite_18/1.png","bc9193fe93f51fdf515a227b0d01d5cd893be00a6f7824134e925dc6517a67b2","123","117","False","","","","","","","not-current","pending-contact-sheet-review"
"13","葡萄","15","6","withered","枯萎","20","Crop_13.swf/DefineSprite_20/1.png","d6a6f31b306ea0342f210da30b05bb6dc4cdfd731ac7353489f434a30c6b1bba","126","55","False","","","","","","","not-current","pending-contact-sheet-review"
"44","丝瓜","15","0","seed","种子","5","Crop_44.swf/DefineSprite_5/1.png","894f311e98847ac99933980977e92f76a45bc277ba03c01d1679124eb077ff8a","21","32","False","","","","","","","not-current","pending-contact-sheet-review"
"44","丝瓜","15","1","sprout","发芽","9","Crop_44.swf/DefineSprite_9/1.png","59da6148a86cbf6c212a94fe2c4a8e4d7f41c66c834e15d134c671d030cfcb2f","166","212","False","","","","","","","not-current","pending-contact-sheet-review"
"44","丝瓜","15","2","young","幼苗","13","Crop_44.swf/DefineSprite_13/1.png","ccc8bc7b7eed505e7b2a45d1c6c1df49915c0245aa5f792cd996e2de2937196f","303","383","False","","","","","","","not-current","pending-contact-sheet-review"
"44","丝瓜","15","3","growing","生长","23","Crop_44.swf/DefineSprite_23/1.png","b94867f71fda8360520fcca5ad94fb6d8b9973dba22be91d3ade4d01e518cf4e","70","120","False","","","","","","","not-current","pending-contact-sheet-review"
"44","丝瓜","15","4","pre_mature","成熟前","30","Crop_44.swf/DefineSprite_30/1.png","9bfee12d52499732b23ab55102c0894850d1b89e919e13d32c510e03e55bcf37","98","127","False","","","","","","","not-current","pending-contact-sheet-review"
"44","丝瓜","15","5","mature","成熟","35","Crop_44.swf/DefineSprite_35/1.png","937553efe4dd047b5e02537ac7918be2ebb23164e52a655ce8fe85fa956e4415","104","127","False","","","","","","","not-current","pending-contact-sheet-review"
"44","丝瓜","15","6","withered","枯萎","37","Crop_44.swf/DefineSprite_37/1.png","d6a6f31b306ea0342f210da30b05bb6dc4cdfd731ac7353489f434a30c6b1bba","126","55","False","","","","","","","not-current","pending-contact-sheet-review"
"46","爱心果","15","0","seed","种子","2","Crop_46.swf/DefineSprite_2/1.png","db64a2423bcb9185ca003d386c22654cd570c0c817515db055cea33e28d4a10e","42","17","False","","","","","","","not-current","pending-contact-sheet-review"
"46","爱心果","15","1","sprout","发芽","8","Crop_46.swf/DefineSprite_8/1.png","d5eb0481ffac7c7ec84471c4cb74f8096657ff8b95b1da973a2050296b538831","51","54","False","","","","","","","not-current","pending-contact-sheet-review"
"46","爱心果","15","2","young","幼苗","13","Crop_46.swf/DefineSprite_13/1.png","1db9f211719facd04e4c8c0bf375e39eb94b4514b6d3973a981956e95184cb69","71","71","False","","","","","","","not-current","pending-contact-sheet-review"
"46","爱心果","15","3","growing","生长","19","Crop_46.swf/DefineSprite_19/1.png","95a63e76f7769c98f2b45f15e337075026f7df4c8923d2bfa9da98848bce302e","102","108","False","","","","","","","not-current","pending-contact-sheet-review"
"46","爱心果","15","4","pre_mature","成熟前","21","Crop_46.swf/DefineSprite_21/1.png","8ae49305ca0debcb077f7637040e5874df0c3bb563be3bfdd3f1c640d38aa63c","102","124","False","","","","","","","not-current","pending-contact-sheet-review"
"46","爱心果","15","5","mature","成熟","24","Crop_46.swf/DefineSprite_24/1.png","84c7ecbf3f5ad93489290763b5e404ff6810d4d968d2d41e1315a9ec49d30be4","112","128","False","","","","","","","not-current","pending-contact-sheet-review"
"46","爱心果","15","6","withered","枯萎","26","Crop_46.swf/DefineSprite_26/1.png","d6a6f31b306ea0342f210da30b05bb6dc4cdfd731ac7353489f434a30c6b1bba","126","55","False","","","","","","","not-current","pending-contact-sheet-review"
"72","榛子","15","0","seed","种子","2","Crop_72.swf/DefineSprite_2/1.png","dda2c8b36dd4dd702323bf3cc6b32184e8dfd6f120e3eb49246144d0db1dcadb","13","36","False","","","","","","","not-current","pending-contact-sheet-review"
"72","榛子","15","1","sprout","发芽","4","Crop_72.swf/DefineSprite_4/1.png","23ee7df26011e93c665374fa7da46b7019efcd6ee4553c33c1491737839a2788","22","71","False","","","","","","","not-current","pending-contact-sheet-review"
"72","榛子","15","2","young","幼苗","14","Crop_72.swf/DefineSprite_14/1.png","18cc61216fdefa5883c3145b11eec1d0f795fc3b4b0ab0e7f11ff829c8629049","75","103","False","","","","","","","not-current","pending-contact-sheet-review"
"72","榛子","15","3","growing","生长","30","Crop_72.swf/DefineSprite_30/1.png","51f29b0a1f84f0aa9e57c7d6f8f3789f96b2f54424f95ac92e2d4a4b67b2491e","96","113","False","","","","","","","not-current","pending-contact-sheet-review"
"72","榛子","15","4","pre_mature","成熟前","33","Crop_72.swf/DefineSprite_33/1.png","8d62e05c226c1b070281037fb4b2a910b1942441ef257b5d64256cd70801289d","107","125","False","","","","","","","not-current","pending-contact-sheet-review"
"72","榛子","15","5","mature","成熟","38","Crop_72.swf/DefineSprite_38/1.png","dbcfb1b08f16bfafc15b51201f4ee1400eb1a50a55f3e134b6380ec7945e2058","117","131","False","","","","","","","not-current","pending-contact-sheet-review"
"72","榛子","15","6","withered","枯萎","40","Crop_72.swf/DefineSprite_40/1.png","d6a6f31b306ea0342f210da30b05bb6dc4cdfd731ac7353489f434a30c6b1bba","126","55","False","","","","","","","not-current","pending-contact-sheet-review"
"106","郁金香","16","0","seed","种子","2","Crop_106.swf/DefineSprite_2/1.png","db64a2423bcb9185ca003d386c22654cd570c0c817515db055cea33e28d4a10e","42","17","False","","","","","","","not-current","pending-contact-sheet-review"
"106","郁金香","16","1","sprout","发芽","5","Crop_106.swf/DefineSprite_5/1.png","c883d09c78043deb784a05c562c1f6f523d4f7722f78dd7f5376829170a18d56","24","37","False","","","","","","","not-current","pending-contact-sheet-review"
"106","郁金香","16","2","young","幼苗","9","Crop_106.swf/DefineSprite_9/1.png","dcd970d18f90ca6c0dd62f60e645f08afc96767185615e89939052543fce7400","57","72","False","","","","","","","not-current","pending-contact-sheet-review"
"106","郁金香","16","3","growing","生长","14","Crop_106.swf/DefineSprite_14/1.png","ad20b099a05abe97b97506bf85c9bc3e3e6246684962ef9b040a0612235f0b32","99","89","False","","","","","","","not-current","pending-contact-sheet-review"
"106","郁金香","16","4","pre_mature","成熟前","16","Crop_106.swf/DefineSprite_16/1.png","39c6077da417d4ca8302e425926d7863c979b3c34a186e03a224d993d62ff6c7","110","120","False","","","","","","","not-current","pending-contact-sheet-review"
"106","郁金香","16","5","mature","成熟","18","Crop_106.swf/DefineSprite_18/1.png","1fa534c1a5b36fce38c4d0e2e567e00c9fcce43ad72d8ed1c3c98c9ca315c58b","113","122","False","","","","","","","not-current","pending-contact-sheet-review"
"106","郁金香","16","6","withered","枯萎","20","Crop_106.swf/DefineSprite_20/1.png","d6a6f31b306ea0342f210da30b05bb6dc4cdfd731ac7353489f434a30c6b1bba","126","55","False","","","","","","","not-current","pending-contact-sheet-review"
"23","石榴","16","0","seed","种子","2","Crop_23.swf/DefineSprite_2/1.png","db64a2423bcb9185ca003d386c22654cd570c0c817515db055cea33e28d4a10e","42","17","False","","","","","","","not-current","pending-contact-sheet-review"
"23","石榴","16","1","sprout","发芽","7","Crop_23.swf/DefineSprite_7/1.png","a052f030ef37a9e1f19d8e951885e8734923a8fe05eee1d0ac78a818c266b51e","34","67","False","","","","","","","not-current","pending-contact-sheet-review"
"23","石榴","16","2","young","幼苗","20","Crop_23.swf/DefineSprite_20/1.png","4b7f33b0b78df02679e09911eb576a9df5656b899e65be10648e546f377fad49","80","77","False","","","","","","","not-current","pending-contact-sheet-review"
"23","石榴","16","3","growing","生长","25","Crop_23.swf/DefineSprite_25/1.png","5ea522104d6093065656feafa95fad02ad6710c580daac56ab8b61de5d1ecb0e","108","103","False","","","","","","","not-current","pending-contact-sheet-review"
"23","石榴","16","4","pre_mature","成熟前","33","Crop_23.swf/DefineSprite_33/1.png","2b050db687cbeb93a7601159dc60652ad2242a7a11a476eee4bccfccaa5cb71f","114","111","False","","","","","","","not-current","pending-contact-sheet-review"
"23","石榴","16","5","mature","成熟","41","Crop_23.swf/DefineSprite_41/1.png","60c022abb2c0c925f3f7401939f4e10374ff81bd2540f8f384bb0358df803e4b","120","116","False","","","","","","","not-current","pending-contact-sheet-review"
"23","石榴","16","6","withered","枯萎","43","Crop_23.swf/DefineSprite_43/1.png","d6a6f31b306ea0342f210da30b05bb6dc4cdfd731ac7353489f434a30c6b1bba","126","55","False","","","","","","","not-current","pending-contact-sheet-review"
"26","柚子","17","0","seed","种子","2","Crop_26.swf/DefineSprite_2/1.png","d5f26f7736b177045b4dbadea9e307affd08ea504cd8485fec90a89b946683e8","22","32","False","","","","","","","not-current","pending-contact-sheet-review"
"26","柚子","17","1","sprout","发芽","4","Crop_26.swf/DefineSprite_4/1.png","2dfc956562954f028df7615d5e0db7a25372259d43be5a68e2ded4d0da353e1e","30","43","False","","","","","","","not-current","pending-contact-sheet-review"
"26","柚子","17","2","young","幼苗","9","Crop_26.swf/DefineSprite_9/1.png","7b99e07b16c7bab96a58ad5a13f59b4f759c87c63cd6d50fa134496c1bbfe511","81","71","False","","","","","","","not-current","pending-contact-sheet-review"
"26","柚子","17","3","growing","生长","12","Crop_26.swf/DefineSprite_12/1.png","c558aeede11c1ef99698a325338452b707f2197ca739cca9bb1febbe07863e9a","120","128","False","","","","","","","not-current","pending-contact-sheet-review"
"26","柚子","17","4","pre_mature","成熟前","17","Crop_26.swf/DefineSprite_17/1.png","acab5b81d0e0fb34bb1a0135880b4d405c88370c3a3723e798bf80c0bf526a22","122","121","False","","","","","","","not-current","pending-contact-sheet-review"
"26","柚子","17","5","mature","成熟","20","Crop_26.swf/DefineSprite_20/1.png","3ec04b9932f38d3a7e68ca533521e375667fc94243b85d755ceadb5f471b1ee7","110","120","False","","","","","","","not-current","pending-contact-sheet-review"
"26","柚子","17","6","withered","枯萎","22","Crop_26.swf/DefineSprite_22/1.png","d6a6f31b306ea0342f210da30b05bb6dc4cdfd731ac7353489f434a30c6b1bba","126","55","False","","","","","","","not-current","pending-contact-sheet-review"
"50","蘑菇","17","0","seed","种子","4","Crop_50.swf/DefineSprite_4/1.png","4959e33971b7f674a8d8a98b5ca38a4ba8b5e9c964f594575f2a020b2f857d6c","128","73","False","","","","","","","not-current","pending-contact-sheet-review"
"50","蘑菇","17","1","sprout","发芽","6","Crop_50.swf/DefineSprite_6/1.png","79a6d12eb87f6472b5179741b291161ce8894684abdab98d8ee48af2de1aac6e","128","73","False","","","","","","","not-current","pending-contact-sheet-review"
"50","蘑菇","17","2","young","幼苗","11","Crop_50.swf/DefineSprite_11/1.png","737488e3b4d851811b6d445d4ca4cfba3dbe14bf046481c7a860e192d6765630","128","73","False","","","","","","","not-current","pending-contact-sheet-review"
"50","蘑菇","17","3","growing","生长","18","Crop_50.swf/DefineSprite_18/1.png","95555851d95ca75c40802c298c239c3142a428b3980ca9d8c6b166bb364b1248","128","93","True","","","","","","","not-current","pending-contact-sheet-review"
"50","蘑菇","17","4","pre_mature","成熟前","18","Crop_50.swf/DefineSprite_18/1.png","95555851d95ca75c40802c298c239c3142a428b3980ca9d8c6b166bb364b1248","128","93","True","","","","","","","not-current","pending-contact-sheet-review"
"50","蘑菇","17","5","mature","成熟","23","Crop_50.swf/DefineSprite_23/1.png","c879ca8b3b4bbf389754eb223954171e9306c280f6de6473a82288e100717d24","128","99","False","","","","","","","not-current","pending-contact-sheet-review"
"50","蘑菇","17","6","withered","枯萎","25","Crop_50.swf/DefineSprite_25/1.png","bc6356b37ef5e5c05f68aa45d71293c46835cf7799ede3a2f07c0ad42bf2eeb8","130","74","False","","","","","","","not-current","pending-contact-sheet-review"
"102","马蹄莲","18","0","seed","种子","2","Crop_102.swf/DefineSprite_2/1.png","db64a2423bcb9185ca003d386c22654cd570c0c817515db055cea33e28d4a10e","42","17","False","","","","","","","not-current","pending-contact-sheet-review"
"102","马蹄莲","18","1","sprout","发芽","4","Crop_102.swf/DefineSprite_4/1.png","0ab790ee21c0bf8967ab7881f53e82dbed4ec5ed7fef98f6f2c98b24c2555d28","35","34","False","","","","","","","not-current","pending-contact-sheet-review"
"102","马蹄莲","18","2","young","幼苗","6","Crop_102.swf/DefineSprite_6/1.png","b43256d94b38d3f6060ccecfcd26e266b9f1bd4c4e91a1008e5d4e317b32e617","66","51","False","","","","","","","not-current","pending-contact-sheet-review"
"102","马蹄莲","18","3","growing","生长","8","Crop_102.swf/DefineSprite_8/1.png","a6f6c0c3841a397f19ad925519b57638a314cacd5e3ffd5bf66a72f1ec79aaae","104","92","False","","","","","","","not-current","pending-contact-sheet-review"
"102","马蹄莲","18","4","pre_mature","成熟前","10","Crop_102.swf/DefineSprite_10/1.png","98973cd20428f5c64b8a018f6de83a2fdbae75d46b3866476ade63ba3a583a68","124","112","False","","","","","","","not-current","pending-contact-sheet-review"
"102","马蹄莲","18","5","mature","成熟","12","Crop_102.swf/DefineSprite_12/1.png","29d586b08a16ead22a54b6e6c9a4aa6b95b7d438f63a1e90acb8d5be6589adc0","124","121","False","","","","","","","not-current","pending-contact-sheet-review"
"102","马蹄莲","18","6","withered","枯萎","14","Crop_102.swf/DefineSprite_14/1.png","d6a6f31b306ea0342f210da30b05bb6dc4cdfd731ac7353489f434a30c6b1bba","126","55","False","","","","","","","not-current","pending-contact-sheet-review"
"27","菠萝","18","0","seed","种子","2","Crop_27.swf/DefineSprite_2/1.png","00f8ac9abb7d3c731fbb32c590337aa06e656822244bc7046763761e80d89307","28","27","False","","","","","","","not-current","pending-contact-sheet-review"
"27","菠萝","18","1","sprout","发芽","4","Crop_27.swf/DefineSprite_4/1.png","db843828bbf2e24c84a12c0fb68353a7445d6b721bc0fde335231e1fc5e7efc4","45","48","False","","","","","","","not-current","pending-contact-sheet-review"
"27","菠萝","18","2","young","幼苗","6","Crop_27.swf/DefineSprite_6/1.png","259863037698fd06585f7f80fab1691c5d17f9433b1f24bfcf7536eec3301534","90","68","False","","","","","","","not-current","pending-contact-sheet-review"
"27","菠萝","18","3","growing","生长","10","Crop_27.swf/DefineSprite_10/1.png","b01133743b45126bc2b27727bf126a11fd71693c081975c19d3c53c611e9dc18","136","122","False","","","","","","","not-current","pending-contact-sheet-review"
"27","菠萝","18","4","pre_mature","成熟前","13","Crop_27.swf/DefineSprite_13/1.png","b3fdbae30daf3eac336aefb426a102d9254a6ac136d0d9c20f93d00fafd93c5f","136","122","False","","","","","","","not-current","pending-contact-sheet-review"
"27","菠萝","18","5","mature","成熟","16","Crop_27.swf/DefineSprite_16/1.png","d2a44241d4f0b2e96e2e2cff6f974964171a1380b7046643b730632021968dea","136","132","False","","","","","","","not-current","pending-contact-sheet-review"
"27","菠萝","18","6","withered","枯萎","18","Crop_27.swf/DefineSprite_18/1.png","d6a6f31b306ea0342f210da30b05bb6dc4cdfd731ac7353489f434a30c6b1bba","126","55","False","","","","","","","not-current","pending-contact-sheet-review"
"114","蓝玫瑰","19","0","seed","种子","2","Crop_114.swf/DefineSprite_2/1.png","db64a2423bcb9185ca003d386c22654cd570c0c817515db055cea33e28d4a10e","42","17","False","","","","","","","not-current","pending-contact-sheet-review"
"114","蓝玫瑰","19","1","sprout","发芽","4","Crop_114.swf/DefineSprite_4/1.png","3a5f3f765b85969fd5d347b0d9eca6281a9138162f4de6029007cb911e371d36","40","38","False","","","","","","","not-current","pending-contact-sheet-review"
"114","蓝玫瑰","19","2","young","幼苗","16","Crop_114.swf/DefineSprite_16/1.png","5163b18f7acfa138d267bd3fcbda3a793b31e4f1d769388ec300c839c652409a","92","84","False","","","","","","","not-current","pending-contact-sheet-review"
"114","蓝玫瑰","19","3","growing","生长","23","Crop_114.swf/DefineSprite_23/1.png","c0a627d4ec6d841fc3b1866861735e7862a932e2183fc783bb606d4c5105a8ec","113","107","False","","","","","","","not-current","pending-contact-sheet-review"
"114","蓝玫瑰","19","4","pre_mature","成熟前","32","Crop_114.swf/DefineSprite_32/1.png","4322cf0bf948878e534aa190cfc10bd330b6ebb4b4c77c7747be6ab71911c64a","111","111","False","","","","","","","not-current","pending-contact-sheet-review"
"114","蓝玫瑰","19","5","mature","成熟","61","Crop_114.swf/DefineSprite_61/1.png","f672b8dd0ce9ce508e570feb92e64806a5425c2b13982fbc54d680decd5ea168","119","123","False","","","","","","","not-current","pending-contact-sheet-review"
"114","蓝玫瑰","19","6","withered","枯萎","63","Crop_114.swf/DefineSprite_63/1.png","d6a6f31b306ea0342f210da30b05bb6dc4cdfd731ac7353489f434a30c6b1bba","126","55","False","","","","","","","not-current","pending-contact-sheet-review"
"29","椰子","19","0","seed","种子","2","Crop_29.swf/DefineSprite_2/1.png","1e75b2a99aeaa14220763d25acf65fa0ff908743b2b909b7502163ac656336ca","42","17","False","","","","","","","not-current","pending-contact-sheet-review"
"29","椰子","19","1","sprout","发芽","4","Crop_29.swf/DefineSprite_4/1.png","493efc3a8544e05ea6b9451e7803a97381d8987bf9dfd19082c202989d63e30f","28","54","False","","","","","","","not-current","pending-contact-sheet-review"
"29","椰子","19","2","young","幼苗","6","Crop_29.swf/DefineSprite_6/1.png","8081c16e0afede24b9183583258c311e8db2827e64a8df9d0416d2954fe4c84b","100","111","False","","","","","","","not-current","pending-contact-sheet-review"
"29","椰子","19","3","growing","生长","10","Crop_29.swf/DefineSprite_10/1.png","9b25147e95614650dffa445126e1f98a8b4d87ad3a65f803342ea934ca24dc79","126","108","False","","","","","","","not-current","pending-contact-sheet-review"
"29","椰子","19","4","pre_mature","成熟前","12","Crop_29.swf/DefineSprite_12/1.png","0cd94fd42f9fc0b4c763d13e74369df3f2ecbccd6642c754778e94782e8bb35c","126","116","False","","","","","","","not-current","pending-contact-sheet-review"
"29","椰子","19","5","mature","成熟","14","Crop_29.swf/DefineSprite_14/1.png","e5443af900cb231e444de1f717fbabc56af9ae11c98c08e89470a5b5d7785c34","128","118","False","","","","","","","not-current","pending-contact-sheet-review"
"29","椰子","19","6","withered","枯萎","16","Crop_29.swf/DefineSprite_16/1.png","d6a6f31b306ea0342f210da30b05bb6dc4cdfd731ac7353489f434a30c6b1bba","126","55","False","","","","","","","not-current","pending-contact-sheet-review"
"49","花生","19","0","seed","种子","2","Crop_49.swf/DefineSprite_2/1.png","db64a2423bcb9185ca003d386c22654cd570c0c817515db055cea33e28d4a10e","42","17","False","","","","","","","not-current","pending-contact-sheet-review"
"49","花生","19","1","sprout","发芽","6","Crop_49.swf/DefineSprite_6/1.png","08b1bcbe6cc842fdffa41518c622f04a53eea4485f166e8bb6ae7f83d37294f6","55","41","False","","","","","","","not-current","pending-contact-sheet-review"
"49","花生","19","2","young","幼苗","10","Crop_49.swf/DefineSprite_10/1.png","9d6da15d431b7a3ce35304874deee3541c6daa53cc51b7a66c341037c81fa85c","75","71","False","","","","","","","not-current","pending-contact-sheet-review"
"49","花生","19","3","growing","生长","16","Crop_49.swf/DefineSprite_16/1.png","2332e743d7ecef35cfffcea3d9e8cbc388afe415f10338555b560a5a4f1ee6dd","98","102","False","","","","","","","not-current","pending-contact-sheet-review"
"49","花生","19","4","pre_mature","成熟前","21","Crop_49.swf/DefineSprite_21/1.png","ae5c48fafb352f6b88a024b977c5ad8857c6b8d7688d6cb94db0cfa12c060a25","104","102","False","","","","","","","not-current","pending-contact-sheet-review"
"49","花生","19","5","mature","成熟","29","Crop_49.swf/DefineSprite_29/1.png","7e187156ab0a453c0cfee08a73e4a9b77ec77a14939a2690c5546b7df44f64c1","113","124","False","","","","","","","not-current","pending-contact-sheet-review"
"49","花生","19","6","withered","枯萎","31","Crop_49.swf/DefineSprite_31/1.png","d6a6f31b306ea0342f210da30b05bb6dc4cdfd731ac7353489f434a30c6b1bba","126","55","False","","","","","","","not-current","pending-contact-sheet-review"
"69","莴笋","19","0","seed","种子","2","Crop_69.swf/DefineSprite_2/1.png","db64a2423bcb9185ca003d386c22654cd570c0c817515db055cea33e28d4a10e","42","17","False","","","","","","","not-current","pending-contact-sheet-review"
"69","莴笋","19","1","sprout","发芽","11","Crop_69.swf/DefineSprite_11/1.png","206d5c53c2a302dc44628c246886d741079f013cc992787ee0e96035f38e7aa5","25","20","False","","","","","","","not-current","pending-contact-sheet-review"
"69","莴笋","19","2","young","幼苗","16","Crop_69.swf/DefineSprite_16/1.png","cdc4ec084c6cf8d0e407c4f56c057f24e8ab4f7dcafbd852733e136c07711221","32","34","False","","","","","","","not-current","pending-contact-sheet-review"
"69","莴笋","19","3","growing","生长","28","Crop_69.swf/DefineSprite_28/1.png","6759c16b10206d6fcc2618f79e8c1433cadfc503af2ad1bb384a8a329a840cdc","52","55","False","","","","","","","not-current","pending-contact-sheet-review"
"69","莴笋","19","4","pre_mature","成熟前","31","Crop_69.swf/DefineSprite_31/1.png","50715cf693aee05cbaaba5d29ba53283e737cf0473432e31fc4db121cc1c59e1","90","78","False","","","","","","","not-current","pending-contact-sheet-review"
"69","莴笋","19","5","mature","成熟","33","Crop_69.swf/DefineSprite_33/1.png","9f3aed8d3ce09740f5eebd9bdab6d36f69e90786111c349dc8e71064bee7eeea","116","114","False","","","","","","","not-current","pending-contact-sheet-review"
"69","莴笋","19","6","withered","枯萎","35","Crop_69.swf/DefineSprite_35/1.png","d6a6f31b306ea0342f210da30b05bb6dc4cdfd731ac7353489f434a30c6b1bba","126","55","False","","","","","","","not-current","pending-contact-sheet-review"
"60","水稻","2","0","seed","种子","2","Crop_60.swf/DefineSprite_2/1.png","db64a2423bcb9185ca003d386c22654cd570c0c817515db055cea33e28d4a10e","42","17","False","0","assets/manor/classic/crop-rice-0.png","2","Crop_60.swf/DefineSprite_2/1.png","state-character","db64a2423bcb9185ca003d386c22654cd570c0c817515db055cea33e28d4a10e","exact","pending-contact-sheet-review"
"60","水稻","2","1","sprout","发芽","4","Crop_60.swf/DefineSprite_4/1.png","a6598cd8a30a7e7989809fc0d925fc73f7683e58832e6be9bed40ee3e736742b","168","88","False","","","","","","","not-current","pending-contact-sheet-review"
"60","水稻","2","2","young","幼苗","15","Crop_60.swf/DefineSprite_15/1.png","d2f381e61a4544363134e15b43bfc9927a14f52e8c977f991c2bbd7e2802b1f9","168","111","False","1","assets/manor/classic/crop-rice-1.png","14","Crop_60.swf/DefineSprite_14/1.png","nested-character-of-state","a1a946fd6c9581cae15ba9f43d9bafe6649bbbfde9e016fb3e470b738fa552cd","exact","pending-contact-sheet-review"
"60","水稻","2","3","growing","生长","29","Crop_60.swf/DefineSprite_29/1.png","0e59c9ea521767b61c1cbd3b7cad7d2949e0175b9e6f3611e33f703d1371e8a4","168","129","False","","","","","","","not-current","pending-contact-sheet-review"
"60","水稻","2","4","pre_mature","成熟前","44","Crop_60.swf/DefineSprite_44/1.png","8e085a8b84400fd27711eedb90c606803eaf5e45100dcac27f31a8de043be945","112","118","False","2","assets/manor/classic/crop-rice-2.png","44","Crop_60.swf/DefineSprite_44/1.png","state-character","8e085a8b84400fd27711eedb90c606803eaf5e45100dcac27f31a8de043be945","exact","pending-contact-sheet-review"
"60","水稻","2","5","mature","成熟","62","Crop_60.swf/DefineSprite_62/1.png","32b4303f67b5c8ee208250d6fa9d069923221897377c6618d9b6e7f2d194ef3d","121","130","False","3","assets/manor/classic/crop-rice-3.png","62","Crop_60.swf/DefineSprite_62/1.png","state-character","32b4303f67b5c8ee208250d6fa9d069923221897377c6618d9b6e7f2d194ef3d","exact","pending-contact-sheet-review"
"60","水稻","2","6","withered","枯萎","64","Crop_60.swf/DefineSprite_64/1.png","d6a6f31b306ea0342f210da30b05bb6dc4cdfd731ac7353489f434a30c6b1bba","126","55","False","","","","","","","not-current","pending-contact-sheet-review"
"61","小麦","2","0","seed","种子","2","Crop_61.swf/DefineSprite_2/1.png","db64a2423bcb9185ca003d386c22654cd570c0c817515db055cea33e28d4a10e","42","17","False","0","assets/manor/classic/crop-wheat-0.png","2","Crop_61.swf/DefineSprite_2/1.png","state-character","db64a2423bcb9185ca003d386c22654cd570c0c817515db055cea33e28d4a10e","exact","pending-contact-sheet-review"
"61","小麦","2","1","sprout","发芽","4","Crop_61.swf/DefineSprite_4/1.png","ea1fcce785ce53a295ece236d1b5e9451c20b829f374b65093f9f962e73d8e18","38","56","False","1","assets/manor/classic/crop-wheat-1.png","4","Crop_61.swf/DefineSprite_4/1.png","state-character","ea1fcce785ce53a295ece236d1b5e9451c20b829f374b65093f9f962e73d8e18","exact","pending-contact-sheet-review"
"61","小麦","2","2","young","幼苗","12","Crop_61.swf/DefineSprite_12/1.png","6c8775e92f4874be716a8132d7bcd4a415218aaae056a824544d23bfd88be79b","66","94","False","","","","","","","not-current","pending-contact-sheet-review"
"61","小麦","2","3","growing","生长","14","Crop_61.swf/DefineSprite_14/1.png","a0bd08c446b0e0b431f6be336bbf1497e427b1861ad82e9df552b0efba834b93","106","109","False","","","","","","","not-current","pending-contact-sheet-review"
"61","小麦","2","4","pre_mature","成熟前","22","Crop_61.swf/DefineSprite_22/1.png","64ccec6890faf8f6b6d3b8ed26920a2a6f93b271680f4d1b9d72495380347fb3","113","122","False","2","assets/manor/classic/crop-wheat-2.png","22","Crop_61.swf/DefineSprite_22/1.png","state-character","64ccec6890faf8f6b6d3b8ed26920a2a6f93b271680f4d1b9d72495380347fb3","exact","pending-contact-sheet-review"
"61","小麦","2","5","mature","成熟","36","Crop_61.swf/DefineSprite_36/1.png","1ae5e82ba0c33c20fdeb7dcb441267047fe37c591a450dec3c2eaba50ab2bc2e","116","131","False","3","assets/manor/classic/crop-wheat-3.png","36","Crop_61.swf/DefineSprite_36/1.png","state-character","1ae5e82ba0c33c20fdeb7dcb441267047fe37c591a450dec3c2eaba50ab2bc2e","exact","pending-contact-sheet-review"
"61","小麦","2","6","withered","枯萎","38","Crop_61.swf/DefineSprite_38/1.png","d6a6f31b306ea0342f210da30b05bb6dc4cdfd731ac7353489f434a30c6b1bba","126","55","False","","","","","","","not-current","pending-contact-sheet-review"
"101","薰衣草","20","0","seed","种子","2","Crop_101.swf/DefineSprite_2/1.png","db64a2423bcb9185ca003d386c22654cd570c0c817515db055cea33e28d4a10e","42","17","False","","","","","","","not-current","pending-contact-sheet-review"
"101","薰衣草","20","1","sprout","发芽","5","Crop_101.swf/DefineSprite_5/1.png","37d788cd376ba4a0e9a4f3ca72749342a7b74b627b413c84d52eddd596954c14","34","37","False","","","","","","","not-current","pending-contact-sheet-review"
"101","薰衣草","20","2","young","幼苗","10","Crop_101.swf/DefineSprite_10/1.png","0a98d473b56a7a3a2f2f782efc0d7841e013a1d01bec129e2e04677d697c3941","69","67","False","","","","","","","not-current","pending-contact-sheet-review"
"101","薰衣草","20","3","growing","生长","13","Crop_101.swf/DefineSprite_13/1.png","040548cfbc036f56fc08fee25633c1150139bb7b2abaafe4fb6778daa80592b7","99","92","False","","","","","","","not-current","pending-contact-sheet-review"
"101","薰衣草","20","4","pre_mature","成熟前","16","Crop_101.swf/DefineSprite_16/1.png","277de8ef2618113e2d8ed66a505ccbc6223373640b173690ca4ee6ed71f9e75d","112","107","False","","","","","","","not-current","pending-contact-sheet-review"
"101","薰衣草","20","5","mature","成熟","31","Crop_101.swf/DefineSprite_31/1.png","88e8f83f71de3ef0b7a8899cc1cd70786ff82fca285da8a89c38efc0ca08c8a6","122","126","False","","","","","","","not-current","pending-contact-sheet-review"
"101","薰衣草","20","6","withered","枯萎","33","Crop_101.swf/DefineSprite_33/1.png","d6a6f31b306ea0342f210da30b05bb6dc4cdfd731ac7353489f434a30c6b1bba","126","55","False","","","","","","","not-current","pending-contact-sheet-review"
"31","葫芦","20","0","seed","种子","2","Crop_31.swf/DefineSprite_2/1.png","db64a2423bcb9185ca003d386c22654cd570c0c817515db055cea33e28d4a10e","42","17","False","","","","","","","not-current","pending-contact-sheet-review"
"31","葫芦","20","1","sprout","发芽","5","Crop_31.swf/DefineSprite_5/1.png","b57fb6222666f69e44f641693ebc2989591c012f8a31a1aaa98a99b546ff0238","31","51","False","","","","","","","not-current","pending-contact-sheet-review"
"31","葫芦","20","2","young","幼苗","12","Crop_31.swf/DefineSprite_12/1.png","87c8678350cc44056d9253f39f802a5aa567cf572e2306bc402dfb98a94df4ea","68","71","False","","","","","","","not-current","pending-contact-sheet-review"
"31","葫芦","20","3","growing","生长","22","Crop_31.swf/DefineSprite_22/1.png","6e2726fb635d654cbb5f86c70b00bc86fb010f94e3fb49599ddc02f82c682654","103","103","False","","","","","","","not-current","pending-contact-sheet-review"
"31","葫芦","20","4","pre_mature","成熟前","27","Crop_31.swf/DefineSprite_27/1.png","b2390e8eaabc93afba3dda09bc02f74aac6c1eefb0caaa841b53131d2fa870c7","114","124","False","","","","","","","not-current","pending-contact-sheet-review"
"31","葫芦","20","5","mature","成熟","30","Crop_31.swf/DefineSprite_30/1.png","a149cedfb183717b3d7c3c4278e860a890b1b3cb3fbc6434cdd8d3564bca72ec","125","125","False","","","","","","","not-current","pending-contact-sheet-review"
"31","葫芦","20","6","withered","枯萎","32","Crop_31.swf/DefineSprite_32/1.png","d6a6f31b306ea0342f210da30b05bb6dc4cdfd731ac7353489f434a30c6b1bba","126","55","False","","","","","","","not-current","pending-contact-sheet-review"
"45","猕猴桃","20","0","seed","种子","2","Crop_45.swf/DefineSprite_2/1.png","a77fab6c0fcd82551067c06ec011cd0597c5ad7783e81a80ac4a9b6e760de1ce","35","34","False","","","","","","","not-current","pending-contact-sheet-review"
"45","猕猴桃","20","1","sprout","发芽","5","Crop_45.swf/DefineSprite_5/1.png","4ab9dea3ace03dae3636366330aa8795b38344916359967744decef94049aed3","38","42","False","","","","","","","not-current","pending-contact-sheet-review"
"45","猕猴桃","20","2","young","幼苗","13","Crop_45.swf/DefineSprite_13/1.png","ed2cf9afa1c0b60b53d8d0cda44649426e93b2d700ee93f3dbbe881fd57f7d01","56","65","False","","","","","","","not-current","pending-contact-sheet-review"
"45","猕猴桃","20","3","growing","生长","23","Crop_45.swf/DefineSprite_23/1.png","2ab723bb5d59801d0471c7eeac7de66e2c660bb7540e77720c39aec67dd533a7","92","81","False","","","","","","","not-current","pending-contact-sheet-review"
"45","猕猴桃","20","4","pre_mature","成熟前","35","Crop_45.swf/DefineSprite_35/1.png","2f725b5314cbca417a16a84698882c8405be52eca3c194f067b783e185d85585","119","111","False","","","","","","","not-current","pending-contact-sheet-review"
"45","猕猴桃","20","5","mature","成熟","39","Crop_45.swf/DefineSprite_39/1.png","f409eb7477df510af3aac0b758d52d48499e28479ae2ab9aeb8e4765ab06f76b","130","124","False","","","","","","","not-current","pending-contact-sheet-review"
"45","猕猴桃","20","6","withered","枯萎","41","Crop_45.swf/DefineSprite_41/1.png","d6a6f31b306ea0342f210da30b05bb6dc4cdfd731ac7353489f434a30c6b1bba","126","55","False","","","","","","","not-current","pending-contact-sheet-review"
"54","梨","20","0","seed","种子","7","Crop_54.swf/DefineSprite_7/1.png","982a580c32df68d857e5d1ed117aae44f62cf995f0a575c1091d4ba19cf57a86","32","42","False","","","","","","","not-current","pending-contact-sheet-review"
"54","梨","20","1","sprout","发芽","10","Crop_54.swf/DefineSprite_10/1.png","0dc65e8a8650d4489e950f2cdfc38e3904e8a6a25fadac74337db60e800ae88f","64","68","False","","","","","","","not-current","pending-contact-sheet-review"
"54","梨","20","2","young","幼苗","16","Crop_54.swf/DefineSprite_16/1.png","1af9e22b1240c8ba60a06cdfd4186b10a15902d400284acb275c75fa1ac0b5eb","109","116","False","","","","","","","not-current","pending-contact-sheet-review"
"54","梨","20","3","growing","生长","19","Crop_54.swf/DefineSprite_19/1.png","6408ff3829f5b56a11654ce13b3225aa0485651710133210661c146417ac0fd3","112","121","False","","","","","","","not-current","pending-contact-sheet-review"
"54","梨","20","4","pre_mature","成熟前","22","Crop_54.swf/DefineSprite_22/1.png","326583ae5a98b3b1bb7fdf3ec28b0fd69175ae33358766203bea142a310f9268","118","123","False","","","","","","","not-current","pending-contact-sheet-review"
"54","梨","20","5","mature","成熟","25","Crop_54.swf/DefineSprite_25/1.png","ffedf2de75d64e8571d3fc5b7b232b37f24bf99c5fd7db5632da88bce1671b23","121","125","False","","","","","","","not-current","pending-contact-sheet-review"
"54","梨","20","6","withered","枯萎","27","Crop_54.swf/DefineSprite_27/1.png","d6a6f31b306ea0342f210da30b05bb6dc4cdfd731ac7353489f434a30c6b1bba","126","55","False","","","","","","","not-current","pending-contact-sheet-review"
"107","仙人掌","21","0","seed","种子","2","Crop_107.swf/DefineSprite_2/1.png","db64a2423bcb9185ca003d386c22654cd570c0c817515db055cea33e28d4a10e","42","17","False","","","","","","","not-current","pending-contact-sheet-review"
"107","仙人掌","21","1","sprout","发芽","7","Crop_107.swf/DefineSprite_7/1.png","d022d8e4fe05f78a61d1aafd75b735b3c15e0105b6e330751905b1c7eb4340db","28","34","False","","","","","","","not-current","pending-contact-sheet-review"
"107","仙人掌","21","2","young","幼苗","10","Crop_107.swf/DefineSprite_10/1.png","529f5b0b57f64f185feffd8b200d9cff83db2b7523a839c3233037704c777d56","73","78","False","","","","","","","not-current","pending-contact-sheet-review"
"107","仙人掌","21","3","growing","生长","12","Crop_107.swf/DefineSprite_12/1.png","042e86f0970448ea38f908120982f2cc096616ff2ccbf5cf0de52b6883056a3d","91","113","False","","","","","","","not-current","pending-contact-sheet-review"
"107","仙人掌","21","4","pre_mature","成熟前","15","Crop_107.swf/DefineSprite_15/1.png","0d22243754112d346c6debc1ccd051887b7742102558bd6e0719c6888d1a2403","103","123","False","","","","","","","not-current","pending-contact-sheet-review"
"107","仙人掌","21","5","mature","成熟","19","Crop_107.swf/DefineSprite_19/1.png","1a6ecc030e263a110619738651e93c87192567fd554010e3d5db427b36cc1cf8","110","132","False","","","","","","","not-current","pending-contact-sheet-review"
"107","仙人掌","21","6","withered","枯萎","21","Crop_107.swf/DefineSprite_21/1.png","d6a6f31b306ea0342f210da30b05bb6dc4cdfd731ac7353489f434a30c6b1bba","126","55","False","","","","","","","not-current","pending-contact-sheet-review"
"33","火龙果","21","0","seed","种子","2","Crop_33.swf/DefineSprite_2/1.png","b01c2fad69a710548e9f619bab99024dd5c6da650c6927c9eab5a9b8e5530774","26","26","False","","","","","","","not-current","pending-contact-sheet-review"
"33","火龙果","21","1","sprout","发芽","4","Crop_33.swf/DefineSprite_4/1.png","8512ce73183e8948ad7e3649a890129afc9fd500d8319649bf65021344cdb595","29","48","False","","","","","","","not-current","pending-contact-sheet-review"
"33","火龙果","21","2","young","幼苗","6","Crop_33.swf/DefineSprite_6/1.png","225a5573e5d978bfe802b118dc585b86407bd9d92b1baf2d347cd4ff5ee4d863","52","67","False","","","","","","","not-current","pending-contact-sheet-review"
"33","火龙果","21","3","growing","生长","13","Crop_33.swf/DefineSprite_13/1.png","bc82dbcd92a0fd126522dab8681267637cf7d8ab6f5758076f423ac910a2d42e","119","109","False","","","","","","","not-current","pending-contact-sheet-review"
"33","火龙果","21","4","pre_mature","成熟前","16","Crop_33.swf/DefineSprite_16/1.png","46029503c4e3ade5bcafe0800d5dfc3a54a0240a3311a72c7b72ed2b998bd59b","119","109","False","","","","","","","not-current","pending-contact-sheet-review"
"33","火龙果","21","5","mature","成熟","18","Crop_33.swf/DefineSprite_18/1.png","4da930a45db1241ef3aa2d38fd759dd32623d8030f73a33588a7f9eeefc5dce0","123","113","False","","","","","","","not-current","pending-contact-sheet-review"
"33","火龙果","21","6","withered","枯萎","20","Crop_33.swf/DefineSprite_20/1.png","d6a6f31b306ea0342f210da30b05bb6dc4cdfd731ac7353489f434a30c6b1bba","126","55","False","","","","","","","not-current","pending-contact-sheet-review"
"55","枇杷","21","0","seed","种子","2","Crop_55.swf/DefineSprite_2/1.png","db64a2423bcb9185ca003d386c22654cd570c0c817515db055cea33e28d4a10e","42","17","False","","","","","","","not-current","pending-contact-sheet-review"
"55","枇杷","21","1","sprout","发芽","4","Crop_55.swf/DefineSprite_4/1.png","f8cc51bfd859ffac52ea1c58a513e306f4a3d7d5b6d3c39818794969df72630b","25","55","False","","","","","","","not-current","pending-contact-sheet-review"
"55","枇杷","21","2","young","幼苗","16","Crop_55.swf/DefineSprite_16/1.png","3d163ea6d97fe5f92412278c5ec9d38782f45d8cafc84e2f3bc77a52560b555f","57","64","False","","","","","","","not-current","pending-contact-sheet-review"
"55","枇杷","21","3","growing","生长","26","Crop_55.swf/DefineSprite_26/1.png","90c777a5ac4bac55d273557ba6ce0aef8c21acffca1958bcf33a78825271598d","86","101","False","","","","","","","not-current","pending-contact-sheet-review"
"55","枇杷","21","4","pre_mature","成熟前","40","Crop_55.swf/DefineSprite_40/1.png","1e86d6754fc55a2889c577b0e67ac8fdfcfcadbbf5dfba768e794544169a769a","90","109","False","","","","","","","not-current","pending-contact-sheet-review"
"55","枇杷","21","5","mature","成熟","50","Crop_55.swf/DefineSprite_50/1.png","1cbee09a8d9af3eeb9dcfb108a2a133737ab6dad127c5cefd6e4820734571a53","100","121","False","","","","","","","not-current","pending-contact-sheet-review"
"55","枇杷","21","6","withered","枯萎","52","Crop_55.swf/DefineSprite_52/1.png","d6a6f31b306ea0342f210da30b05bb6dc4cdfd731ac7353489f434a30c6b1bba","126","55","False","","","","","","","not-current","pending-contact-sheet-review"
"108","铃兰","22","0","seed","种子","2","Crop_108.swf/DefineSprite_2/1.png","db64a2423bcb9185ca003d386c22654cd570c0c817515db055cea33e28d4a10e","42","17","False","","","","","","","not-current","pending-contact-sheet-review"
"108","铃兰","22","1","sprout","发芽","4","Crop_108.swf/DefineSprite_4/1.png","1b7a6f972211a08390833b6bec012097729322c698b321e98a18e00a9cede6b4","24","39","False","","","","","","","not-current","pending-contact-sheet-review"
"108","铃兰","22","2","young","幼苗","9","Crop_108.swf/DefineSprite_9/1.png","2c11243a593b2a362750c5d699790d3269d6d4c1bd365cdf907b6a59c2f08be7","67","63","False","","","","","","","not-current","pending-contact-sheet-review"
"108","铃兰","22","3","growing","生长","13","Crop_108.swf/DefineSprite_13/1.png","1ba6fb873b18103083d7182c61ce3024494add4270cd59452fb5d89a9ff0e50c","101","80","False","","","","","","","not-current","pending-contact-sheet-review"
"108","铃兰","22","4","pre_mature","成熟前","17","Crop_108.swf/DefineSprite_17/1.png","df4909f5288b6cca3ab10677345962af08e1767064e88b0f1db3cfbf435e7a54","125","97","False","","","","","","","not-current","pending-contact-sheet-review"
"108","铃兰","22","5","mature","成熟","31","Crop_108.swf/DefineSprite_31/1.png","588fc48f97083e991598582ad2d8e80c4e624fb7751a72142be37668f4a271a2","126","132","False","","","","","","","not-current","pending-contact-sheet-review"
"108","铃兰","22","6","withered","枯萎","33","Crop_108.swf/DefineSprite_33/1.png","d6a6f31b306ea0342f210da30b05bb6dc4cdfd731ac7353489f434a30c6b1bba","126","55","False","","","","","","","not-current","pending-contact-sheet-review"
"34","樱桃","22","0","seed","种子","2","Crop_34.swf/DefineSprite_2/1.png","cb51dbcd865348ba9a053a38402d622a65a49ff70551da81bd843294342f58e6","42","17","False","","","","","","","not-current","pending-contact-sheet-review"
"34","樱桃","22","1","sprout","发芽","4","Crop_34.swf/DefineSprite_4/1.png","31a600baafad127194a900359fff4097174157a2d9cff649a14df442feac55e0","33","39","False","","","","","","","not-current","pending-contact-sheet-review"
"34","樱桃","22","2","young","幼苗","6","Crop_34.swf/DefineSprite_6/1.png","5546fa7acd08df1e9a97d3e74fd1b809e35d0c8302f6b981a4b2be3cc31c8ed8","71","79","False","","","","","","","not-current","pending-contact-sheet-review"
"34","樱桃","22","3","growing","生长","8","Crop_34.swf/DefineSprite_8/1.png","422ea8f5d7e630b14b6fba66665eae2cde419d42662241da8b740e9df56d592f","124","95","False","","","","","","","not-current","pending-contact-sheet-review"
"34","樱桃","22","4","pre_mature","成熟前","12","Crop_34.swf/DefineSprite_12/1.png","6fc9dacfe33d41ea5761fff7c7cceddb574349b330aa5f657ffc8f078d22164f","135","105","False","","","","","","","not-current","pending-contact-sheet-review"
"34","樱桃","22","5","mature","成熟","16","Crop_34.swf/DefineSprite_16/1.png","94a1a19fde9f7a14cc811a520cc7299a9e23c7b2a04ae1cb847aac7959deba43","130","106","False","","","","","","","not-current","pending-contact-sheet-review"
"34","樱桃","22","6","withered","枯萎","18","Crop_34.swf/DefineSprite_18/1.png","d6a6f31b306ea0342f210da30b05bb6dc4cdfd731ac7353489f434a30c6b1bba","126","55","False","","","","","","","not-current","pending-contact-sheet-review"
"35","荔枝","23","0","seed","种子","2","Crop_35.swf/DefineSprite_2/1.png","1e75b2a99aeaa14220763d25acf65fa0ff908743b2b909b7502163ac656336ca","42","17","False","","","","","","","not-current","pending-contact-sheet-review"
"35","荔枝","23","1","sprout","发芽","5","Crop_35.swf/DefineSprite_5/1.png","65ee65cf4c091905be345787fd1737c98c918dad777b089d01dfe13e71471a00","51","58","False","","","","","","","not-current","pending-contact-sheet-review"
"35","荔枝","23","2","young","幼苗","11","Crop_35.swf/DefineSprite_11/1.png","6162262c59d30fdf12899c1f7ade6d6fdd1ad3b7913c799945c9ee3aee3647e4","99","96","False","","","","","","","not-current","pending-contact-sheet-review"
"35","荔枝","23","3","growing","生长","19","Crop_35.swf/DefineSprite_19/1.png","c25011d74309437598b744d159a29f65b2adbe86bc70d98f5f3a49f347fb2dc0","120","116","False","","","","","","","not-current","pending-contact-sheet-review"
"35","荔枝","23","4","pre_mature","成熟前","30","Crop_35.swf/DefineSprite_30/1.png","22bbe00a82b614ebaf79d2e543b06e72cf4dd2b25bdd6ff5884e163742a05abb","124","116","False","","","","","","","not-current","pending-contact-sheet-review"
"35","荔枝","23","5","mature","成熟","43","Crop_35.swf/DefineSprite_43/1.png","65e907de713ec2472a246411c3341e849de9475bfa26df8150c5a51426072791","124","121","False","","","","","","","not-current","pending-contact-sheet-review"
"35","荔枝","23","6","withered","枯萎","45","Crop_35.swf/DefineSprite_45/1.png","3b8740077b01607fba3cecfc38060fcca8e4e257161581c52be0a1ad233ddea7","126","55","False","","","","","","","not-current","pending-contact-sheet-review"
"38","木瓜","24","0","seed","种子","2","Crop_38.swf/DefineSprite_2/1.png","db64a2423bcb9185ca003d386c22654cd570c0c817515db055cea33e28d4a10e","42","17","False","","","","","","","not-current","pending-contact-sheet-review"
"38","木瓜","24","1","sprout","发芽","7","Crop_38.swf/DefineSprite_7/1.png","5a1358ca802e3a6594c9b34ba607c63d60678fe843e38070d76bae643cb5e692","48","37","False","","","","","","","not-current","pending-contact-sheet-review"
"38","木瓜","24","2","young","幼苗","9","Crop_38.swf/DefineSprite_9/1.png","bd425b2383c41f2bc00eb1773c2f677e5b2e0faa11d2c53d5b167c1b6895062b","73","74","False","","","","","","","not-current","pending-contact-sheet-review"
"38","木瓜","24","3","growing","生长","12","Crop_38.swf/DefineSprite_12/1.png","13610cca55b2c7ab0985b719d059b746a45bcd7bc1f32d4ecada8f498f6e8e4f","122","128","False","","","","","","","not-current","pending-contact-sheet-review"
"38","木瓜","24","4","pre_mature","成熟前","17","Crop_38.swf/DefineSprite_17/1.png","5c5abe0c81d464baf27dd0bc98698066eda62108811c80a8a7d818b0ef1b4d92","118","127","False","","","","","","","not-current","pending-contact-sheet-review"
"38","木瓜","24","5","mature","成熟","20","Crop_38.swf/DefineSprite_20/1.png","c6fcd429e2d66cfa36ecd9139a069195d2389be4cf010fb3f456d77c55d22a97","118","127","False","","","","","","","not-current","pending-contact-sheet-review"
"38","木瓜","24","6","withered","枯萎","22","Crop_38.swf/DefineSprite_22/1.png","d6a6f31b306ea0342f210da30b05bb6dc4cdfd731ac7353489f434a30c6b1bba","126","55","False","","","","","","","not-current","pending-contact-sheet-review"
"53","桂圆","24","0","seed","种子","4","Crop_53.swf/DefineSprite_4/1.png","e3f005e702d31df0fb0572a854f16196cd3b7934ee0c0aae53154fbb4ac8d39e","27","36","False","","","","","","","not-current","pending-contact-sheet-review"
"53","桂圆","24","1","sprout","发芽","6","Crop_53.swf/DefineSprite_6/1.png","a3cb509de1e67f1589b4862b035d028cc3136ec3244d6146b36c4b998dd83f1d","29","56","False","","","","","","","not-current","pending-contact-sheet-review"
"53","桂圆","24","2","young","幼苗","13","Crop_53.swf/DefineSprite_13/1.png","7f1cb5c5fd570b3fd6bef5cf7293cc6b1ce8e446624d25f58c5f04372ef1baa0","48","68","False","","","","","","","not-current","pending-contact-sheet-review"
"53","桂圆","24","3","growing","生长","17","Crop_53.swf/DefineSprite_17/1.png","da1efd5b77c8cdd468e6582739eb91712f3c1e1f3ce1538c09e50db7983b5d68","85","107","False","","","","","","","not-current","pending-contact-sheet-review"
"53","桂圆","24","4","pre_mature","成熟前","27","Crop_53.swf/DefineSprite_27/1.png","b2e6232d8cba92765511c8a42cf0c77b0a9b57f1efdd3dbf568ec5e10cc33b5e","106","118","False","","","","","","","not-current","pending-contact-sheet-review"
"53","桂圆","24","5","mature","成熟","42","Crop_53.swf/DefineSprite_42/1.png","bd290b148347ba6d2974e1fe6b53c64e339a42f56fbc5983b359ed0f44915f9f","114","126","False","","","","","","","not-current","pending-contact-sheet-review"
"53","桂圆","24","6","withered","枯萎","44","Crop_53.swf/DefineSprite_44/1.png","d6a6f31b306ea0342f210da30b05bb6dc4cdfd731ac7353489f434a30c6b1bba","126","55","False","","","","","","","not-current","pending-contact-sheet-review"
"39","杨桃","25","0","seed","种子","2","Crop_39.swf/DefineSprite_2/1.png","1e75b2a99aeaa14220763d25acf65fa0ff908743b2b909b7502163ac656336ca","42","17","False","","","","","","","not-current","pending-contact-sheet-review"
"39","杨桃","25","1","sprout","发芽","4","Crop_39.swf/DefineSprite_4/1.png","0d9cbfd51e47da60cd9272291e6190f0ed418b6fcaf777b9d500ca83730c807d","30","42","False","","","","","","","not-current","pending-contact-sheet-review"
"39","杨桃","25","2","young","幼苗","8","Crop_39.swf/DefineSprite_8/1.png","cd6b32d99305388b0234575ac491077cb3d2979c544fde4f32d551ad4773797f","76","96","False","","","","","","","not-current","pending-contact-sheet-review"
"39","杨桃","25","3","growing","生长","12","Crop_39.swf/DefineSprite_12/1.png","51d55b59923af94543f860a5a96ad11177b4efc1fb9b533d8b443719cf369de9","126","127","False","","","","","","","not-current","pending-contact-sheet-review"
"39","杨桃","25","4","pre_mature","成熟前","20","Crop_39.swf/DefineSprite_20/1.png","e5798b8c8d27ca5c7ba837d2f4ffc4fe8a06cf22d9bb7188e0c26734f3614d81","126","127","False","","","","","","","not-current","pending-contact-sheet-review"
"39","杨桃","25","5","mature","成熟","25","Crop_39.swf/DefineSprite_25/1.png","dab809456f9f5fbb83523f52c3817a06bb91c98dc7ac4c7ea92c750a1b6f8082","129","127","False","","","","","","","not-current","pending-contact-sheet-review"
"39","杨桃","25","6","withered","枯萎","27","Crop_39.swf/DefineSprite_27/1.png","3b8740077b01607fba3cecfc38060fcca8e4e257161581c52be0a1ad233ddea7","126","55","False","","","","","","","not-current","pending-contact-sheet-review"
"92","稀世琉璃果","25","0","seed","种子","2","Crop_92.swf/DefineSprite_2/1.png","3e05b58d589296c2b2b0e0c0f9f454dacfe31443075ea39ed93854e4a967a0c8","42","17","False","","","","","","","not-current","pending-contact-sheet-review"
"92","稀世琉璃果","25","1","sprout","发芽","10","Crop_92.swf/DefineSprite_10/1.png","6c449f6a262f1ec9efae4cbefe83bce975511796a54cf7e018f489bf5bec183f","44","44","False","","","","","","","not-current","pending-contact-sheet-review"
"92","稀世琉璃果","25","2","young","幼苗","22","Crop_92.swf/DefineSprite_22/1.png","1cd129dda75c03c3cbec0213d4d55192427421b9caec1ec66fd5da54d51b277c","73","74","False","","","","","","","not-current","pending-contact-sheet-review"
"92","稀世琉璃果","25","3","growing","生长","42","Crop_92.swf/DefineSprite_42/1.png","1654f7bd7e9db9c94c86de61d2b55d274a41bd624d35a5bc4b7a1f5a87bf3384","143","126","False","","","","","","","not-current","pending-contact-sheet-review"
"92","稀世琉璃果","25","4","pre_mature","成熟前","46","Crop_92.swf/DefineSprite_46/1.png","c3621209a839af17e9f20d0b5936203a4690274e270e208c91f45f76291db8e0","169","149","False","","","","","","","not-current","pending-contact-sheet-review"
"92","稀世琉璃果","25","5","mature","成熟","50","Crop_92.swf/DefineSprite_50/1.png","4b733eb964a2e880c4d8ecc07bb4dbf6355810645055d7f9df283ac977115f63","171","151","False","","","","","","","not-current","pending-contact-sheet-review"
"92","稀世琉璃果","25","6","withered","枯萎","52","Crop_92.swf/DefineSprite_52/1.png","b32bd0c6892535e296147513ae858a8024e2b382e75375e2a1ab20cb411d04fd","126","55","False","","","","","","","not-current","pending-contact-sheet-review"
"93","炫舞之星","25","0","seed","种子","2","Crop_93.swf/DefineSprite_2/1.png","767bee1be0450fe3c37021f8ba580392552705ebe1b1a37cf53e3376c16c244a","12","14","False","","","","","","","not-current","pending-contact-sheet-review"
"93","炫舞之星","25","1","sprout","发芽","4","Crop_93.swf/DefineSprite_4/1.png","bd58654104aa4ab5a1358362f8f9dc9a5b08701e74a2c1d6ab59855cb44839bb","18","26","False","","","","","","","not-current","pending-contact-sheet-review"
"93","炫舞之星","25","2","young","幼苗","6","Crop_93.swf/DefineSprite_6/1.png","51d69ecc81d3ca38c44aff89aef1a9cb557f2a314a22289ee32d56ffa4de4fd9","52","55","False","","","","","","","not-current","pending-contact-sheet-review"
"93","炫舞之星","25","3","growing","生长","8","Crop_93.swf/DefineSprite_8/1.png","7def868130ab4ac1795e96a479dac40f51b72521f3f3ff877633b729fb4683a4","66","64","False","","","","","","","not-current","pending-contact-sheet-review"
"93","炫舞之星","25","4","pre_mature","成熟前","13","Crop_93.swf/DefineSprite_13/1.png","5c4ab99863164b494d80fc7ca39bbf5767bee70e9653fb07b3018573c1821100","75","70","False","","","","","","","not-current","pending-contact-sheet-review"
"93","炫舞之星","25","5","mature","成熟","22","Crop_93.swf/DefineSprite_22/1.png","65f9fb48e2724a7f0b93ed83768c75ba74fbe4b7b7c749a0ecb8f1baa3d70f30","87","93","False","","","","","","","not-current","pending-contact-sheet-review"
"93","炫舞之星","25","6","withered","枯萎","24","Crop_93.swf/DefineSprite_24/1.png","6e486355d330b8df77b0a6942df478b9640c5f33559b75cdcc95c9d545fafe70","126","55","False","","","","","","","not-current","pending-contact-sheet-review"
"94","海洋之心","25","0","seed","种子","2","Crop_94.swf/DefineSprite_2/1.png","63d91c842dfdf168857643db3b8685f0475b20a9648df33d293f6f11466553d5","42","17","False","","","","","","","not-current","pending-contact-sheet-review"
"94","海洋之心","25","1","sprout","发芽","24","Crop_94.swf/DefineSprite_24/1.png","6c6f22bf9ee5ce15f536350dec6423c7d7d5195822102381ce384f70e64cdf58","60","47","False","","","","","","","not-current","pending-contact-sheet-review"
"94","海洋之心","25","2","young","幼苗","53","Crop_94.swf/DefineSprite_53/1.png","61816288f74d9377fa2c7c77160cc58c2bb5df895264394d398540e89024782d","75","70","False","","","","","","","not-current","pending-contact-sheet-review"
"94","海洋之心","25","3","growing","生长","80","Crop_94.swf/DefineSprite_80/1.png","14f6fea6d47ec277814108b2ca6d7d109719196a93f5489edf92bce7f996add1","96","102","False","","","","","","","not-current","pending-contact-sheet-review"
"94","海洋之心","25","4","pre_mature","成熟前","219","Crop_94.swf/DefineSprite_219/1.png","8e4116da1ffd576d758c8db6c389e32a8404651bcf65b91ee952753725f0b73c","82","89","False","","","","","","","not-current","pending-contact-sheet-review"
"94","海洋之心","25","5","mature","成熟","401","Crop_94.swf/DefineSprite_401/1.png","509c62e8b06bfa32a2fe41e6e5d2a83c1598903e62e5e49b56ae56b292f46844","121","116","False","","","","","","","not-current","pending-contact-sheet-review"
"94","海洋之心","25","6","withered","枯萎","403","Crop_94.swf/DefineSprite_403/1.png","6f522b72d439f9558f8aaaeb5825698c5fcc8dbeb9b5e93e88dec2af9025c0f2","126","55","False","","","","","","","not-current","pending-contact-sheet-review"
"125","太阳花","26","0","seed","种子","2","Crop_125.swf/DefineSprite_2/1.png","1bf85e7aefb17edcbbd101c0c45d5abbf2a7e25056ca440a2ada73fedc7adc5e","42","17","False","","","","","","","not-current","pending-contact-sheet-review"
"125","太阳花","26","1","sprout","发芽","7","Crop_125.swf/DefineSprite_7/1.png","021d9ede0672364deb0fa454f6a57caaf6b3db86392ef2daed44aca90f5bbe3d","46","39","False","","","","","","","not-current","pending-contact-sheet-review"
"125","太阳花","26","2","young","幼苗","16","Crop_125.swf/DefineSprite_16/1.png","82815a6ba84ddb7f0ad34b7c63eac17a45d7c19c830e5dc0d5aa1ed1a4c0fa74","70","50","False","","","","","","","not-current","pending-contact-sheet-review"
"125","太阳花","26","3","growing","生长","23","Crop_125.swf/DefineSprite_23/1.png","b67e1bf5bffff6ae5b8464e631ebc91d3e5a7473ecb9e06002bda410feb95ba0","88","84","False","","","","","","","not-current","pending-contact-sheet-review"
"125","太阳花","26","4","pre_mature","成熟前","36","Crop_125.swf/DefineSprite_36/1.png","6d54cbcc32c32ff6802666fad52e35bc00235e9a783ac2d452a85940e312fa9e","95","93","False","","","","","","","not-current","pending-contact-sheet-review"
"125","太阳花","26","5","mature","成熟","48","Crop_125.swf/DefineSprite_48/1.png","e46f6bc60abb28e657f7f761298fd354591d7c75c00d6caf3b49598e85c42057","102","101","False","","","","","","","not-current","pending-contact-sheet-review"
"125","太阳花","26","6","withered","枯萎","50","Crop_125.swf/DefineSprite_50/1.png","6e486355d330b8df77b0a6942df478b9640c5f33559b75cdcc95c9d545fafe70","126","55","False","","","","","","","not-current","pending-contact-sheet-review"
"42","柠檬","26","0","seed","种子","2","Crop_42.swf/DefineSprite_2/1.png","d14d8a9caa21adee5a1afbbdf23c0c28a01608f9fdb6e13e78b54baaaafde48b","42","17","False","","","","","","","not-current","pending-contact-sheet-review"
"42","柠檬","26","1","sprout","发芽","4","Crop_42.swf/DefineSprite_4/1.png","cf691e8aa5f9c27655dd9efe8dfb59d961e9e6ca8251af27b8c0ce4b94900fb2","34","36","False","","","","","","","not-current","pending-contact-sheet-review"
"42","柠檬","26","2","young","幼苗","17","Crop_42.swf/DefineSprite_17/1.png","9d8dc032caf54e1ae4329a7cd46151637527b75e51c77aaf4e9f74579b0e65c3","48","70","False","","","","","","","not-current","pending-contact-sheet-review"
"42","柠檬","26","3","growing","生长","38","Crop_42.swf/DefineSprite_38/1.png","0b3e8dc393772cd145f65f77a82240fd93f54f02b3b86d8e6d957502bcd451ef","107","105","False","","","","","","","not-current","pending-contact-sheet-review"
"42","柠檬","26","4","pre_mature","成熟前","50","Crop_42.swf/DefineSprite_50/1.png","5a2137dae0539910be1231921c87a3028d8305539e57ac66ea941091072e9840","134","134","False","","","","","","","not-current","pending-contact-sheet-review"
"42","柠檬","26","5","mature","成熟","55","Crop_42.swf/DefineSprite_55/1.png","eadfaadb65fa0dbf0f598d585e72ba4c78af2d86f51f21b223ed852e6ec932cf","147","140","False","","","","","","","not-current","pending-contact-sheet-review"
"42","柠檬","26","6","withered","枯萎","57","Crop_42.swf/DefineSprite_57/1.png","d6a6f31b306ea0342f210da30b05bb6dc4cdfd731ac7353489f434a30c6b1bba","126","55","False","","","","","","","not-current","pending-contact-sheet-review"
"57","芒果","26","0","seed","种子","4","Crop_57.swf/DefineSprite_4/1.png","e28464d2a3228f462239825a3e64657383835fc9de665a64ab23d78a7ce212ff","44","34","False","","","","","","","not-current","pending-contact-sheet-review"
"57","芒果","26","1","sprout","发芽","7","Crop_57.swf/DefineSprite_7/1.png","98131ae76bc16f60f53388d62cc6724420c168aa8dbcf35d5fe020ab8ab71fa8","44","52","False","","","","","","","not-current","pending-contact-sheet-review"
"57","芒果","26","2","young","幼苗","11","Crop_57.swf/DefineSprite_11/1.png","6341b5b9e968968347c63cc08299a9a30a364c8f20df4676dfa575bbaa0bef01","74","81","False","","","","","","","not-current","pending-contact-sheet-review"
"57","芒果","26","3","growing","生长","14","Crop_57.swf/DefineSprite_14/1.png","c344f62e3f4fd3061988c095a85ea4e1f32fc10404d5a636792048a8ce42b1af","117","110","False","","","","","","","not-current","pending-contact-sheet-review"
"57","芒果","26","4","pre_mature","成熟前","17","Crop_57.swf/DefineSprite_17/1.png","6968fa2ef2ab52cfe9b2b146828870cdd7b4d577caffaddcc33a538cf071a615","129","127","False","","","","","","","not-current","pending-contact-sheet-review"
"57","芒果","26","5","mature","成熟","25","Crop_57.swf/DefineSprite_25/1.png","ecd2f935a50d48d13fa2d89d8eb8b8474cba8882e5bf5e94c9bf504ce02fbcf5","130","124","False","","","","","","","not-current","pending-contact-sheet-review"
"57","芒果","26","6","withered","枯萎","27","Crop_57.swf/DefineSprite_27/1.png","d6a6f31b306ea0342f210da30b05bb6dc4cdfd731ac7353489f434a30c6b1bba","126","55","False","","","","","","","not-current","pending-contact-sheet-review"
"48","杨梅","27","0","seed","种子","2","Crop_48.swf/DefineSprite_2/1.png","a77859d654afa00395552a1090d7fec9dbebb7561894ee3357108e9896f90351","42","17","False","","","","","","","not-current","pending-contact-sheet-review"
"48","杨梅","27","1","sprout","发芽","4","Crop_48.swf/DefineSprite_4/1.png","6cfe8b5500a83a167c78060ada3273c04e0559cceb3f0600103fc80121199b85","36","41","False","","","","","","","not-current","pending-contact-sheet-review"
"48","杨梅","27","2","young","幼苗","16","Crop_48.swf/DefineSprite_16/1.png","5dbccb85917dce4ad37ec6285e5d0573634c416f2425eb6e472835554fd33237","76","90","False","","","","","","","not-current","pending-contact-sheet-review"
"48","杨梅","27","3","growing","生长","20","Crop_48.swf/DefineSprite_20/1.png","92a7954091d6536367011ac0e3cc3d960ebae914fcdf265ed00f9dc05fddb425","111","117","False","","","","","","","not-current","pending-contact-sheet-review"
"48","杨梅","27","4","pre_mature","成熟前","27","Crop_48.swf/DefineSprite_27/1.png","030f17ee7770c41d487aa1cfd368ce6296fdc714177fedd26cc709a88606ce46","113","118","False","","","","","","","not-current","pending-contact-sheet-review"
"48","杨梅","27","5","mature","成熟","28","Crop_48.swf/DefineSprite_28/1.png","f4e5646840f2248b610a9206c7cfd79fcb4cb6197796a596202f5aaf7fc59db8","115","120","False","","","","","","","not-current","pending-contact-sheet-review"
"48","杨梅","27","6","withered","枯萎","30","Crop_48.swf/DefineSprite_30/1.png","d6a6f31b306ea0342f210da30b05bb6dc4cdfd731ac7353489f434a30c6b1bba","126","55","False","","","","","","","not-current","pending-contact-sheet-review"
"58","榴莲","27","0","seed","种子","2","Crop_58.swf/DefineSprite_2/1.png","1785471f90b8e5d444a09771bc47476aad2eb50266090c0701bd7269e714f830","42","17","False","","","","","","","not-current","pending-contact-sheet-review"
"58","榴莲","27","1","sprout","发芽","6","Crop_58.swf/DefineSprite_6/1.png","158795711bd3e5b0d118a1030b4200da5e3e3dc80072fc5e93a43e99e0c83ae5","41","49","False","","","","","","","not-current","pending-contact-sheet-review"
"58","榴莲","27","2","young","幼苗","9","Crop_58.swf/DefineSprite_9/1.png","58494b6c40a46e038b69b63c6a544e0c1c479bf98fc9da2d7f274bed88eaf50a","81","91","False","","","","","","","not-current","pending-contact-sheet-review"
"58","榴莲","27","3","growing","生长","12","Crop_58.swf/DefineSprite_12/1.png","44cb77b3d55d7aa7ca0178eda1ad8369fa59a21bef18eaf0870f04aae2548839","117","125","False","","","","","","","not-current","pending-contact-sheet-review"
"58","榴莲","27","4","pre_mature","成熟前","16","Crop_58.swf/DefineSprite_16/1.png","a4a19364b3ba8bc2a84fa23f6a4edea1ed7d9226aecde4954c991792af364a90","117","125","False","","","","","","","not-current","pending-contact-sheet-review"
"58","榴莲","27","5","mature","成熟","23","Crop_58.swf/DefineSprite_23/1.png","c32c2083958d979d8b80822a477c0141a845397e3355ae394f52af71b67cb47b","124","134","False","","","","","","","not-current","pending-contact-sheet-review"
"58","榴莲","27","6","withered","枯萎","25","Crop_58.swf/DefineSprite_25/1.png","d6a6f31b306ea0342f210da30b05bb6dc4cdfd731ac7353489f434a30c6b1bba","126","55","False","","","","","","","not-current","pending-contact-sheet-review"
"56","哈密瓜","28","0","seed","种子","2","Crop_56.swf/DefineSprite_2/1.png","fddeab2cfb58dccc7f9e786ec26d04bbb8e3b91f0f2d97df20f56b67d432e734","42","17","False","","","","","","","not-current","pending-contact-sheet-review"
"56","哈密瓜","28","1","sprout","发芽","4","Crop_56.swf/DefineSprite_4/1.png","e9a34b63ebe19e21b21d7a290906dfe15bca59dcde9c27ef8dd2fbd5a6a81fff","41","45","False","","","","","","","not-current","pending-contact-sheet-review"
"56","哈密瓜","28","2","young","幼苗","12","Crop_56.swf/DefineSprite_12/1.png","b012598652b5307ec0dd857509caa9a8cd553903ff0ee24b6ad2230ec2708382","102","139","False","","","","","","","not-current","pending-contact-sheet-review"
"56","哈密瓜","28","3","growing","生长","16","Crop_56.swf/DefineSprite_16/1.png","dd812f4dbbc02f9074dd2a230558c1dec342847e3eeb5f8beb54e4a880875088","102","139","False","","","","","","","not-current","pending-contact-sheet-review"
"56","哈密瓜","28","4","pre_mature","成熟前","20","Crop_56.swf/DefineSprite_20/1.png","df26b9b9101e757b740420fc5e0ecdd039b0c8eb4776ecedecc0e06ee5d0a172","102","139","False","","","","","","","not-current","pending-contact-sheet-review"
"56","哈密瓜","28","5","mature","成熟","24","Crop_56.swf/DefineSprite_24/1.png","f1317e62fac72c17436057ae9566bc2bbb92e36b8dcfa93dec67136beff64928","105","139","False","","","","","","","not-current","pending-contact-sheet-review"
"56","哈密瓜","28","6","withered","枯萎","26","Crop_56.swf/DefineSprite_26/1.png","3b8740077b01607fba3cecfc38060fcca8e4e257161581c52be0a1ad233ddea7","126","55","False","","","","","","","not-current","pending-contact-sheet-review"
"79","番石榴","28","0","seed","种子","6","Crop_79.swf/DefineSprite_6/1.png","f829bd965ce77489803807dcb768c795d7be514520bf887d8cba4f836c9e106a","28","35","False","","","","","","","not-current","pending-contact-sheet-review"
"79","番石榴","28","1","sprout","发芽","9","Crop_79.swf/DefineSprite_9/1.png","233558a386c2bc7f10591db65825acfc9c9f55854ce701be32c67680bd5a2e97","50","58","False","","","","","","","not-current","pending-contact-sheet-review"
"79","番石榴","28","2","young","幼苗","11","Crop_79.swf/DefineSprite_11/1.png","bb88928f27a0a901a1612f66a02c8c73e732ddd5153508e6c66c87f47e768a9f","94","93","False","","","","","","","not-current","pending-contact-sheet-review"
"79","番石榴","28","3","growing","生长","13","Crop_79.swf/DefineSprite_13/1.png","6de967303563adec581201d783076a72c0a70e06955ff580bbc20931f2d1b244","102","100","False","","","","","","","not-current","pending-contact-sheet-review"
"79","番石榴","28","4","pre_mature","成熟前","16","Crop_79.swf/DefineSprite_16/1.png","b041377f02a26d2baa23f4b06b375379e482c24d263232ef1e764032df94bee9","110","108","False","","","","","","","not-current","pending-contact-sheet-review"
"79","番石榴","28","5","mature","成熟","18","Crop_79.swf/DefineSprite_18/1.png","4e6a6a5cb744df73ba8f0cf49880cf25b76702d4394d0a516f7d30944bac4559","118","116","False","","","","","","","not-current","pending-contact-sheet-review"
"79","番石榴","28","6","withered","枯萎","20","Crop_79.swf/DefineSprite_20/1.png","3b8740077b01607fba3cecfc38060fcca8e4e257161581c52be0a1ad233ddea7","126","55","False","","","","","","","not-current","pending-contact-sheet-review"
"75","桑葚","29","0","seed","种子","2","Crop_75.swf/DefineSprite_2/1.png","1e75b2a99aeaa14220763d25acf65fa0ff908743b2b909b7502163ac656336ca","42","17","False","","","","","","","not-current","pending-contact-sheet-review"
"75","桑葚","29","1","sprout","发芽","11","Crop_75.swf/DefineSprite_11/1.png","4a976c1cddd35e8cba96463f2f6ace6d9c61f3482ac902a0292dc09803c710f5","38","45","False","","","","","","","not-current","pending-contact-sheet-review"
"75","桑葚","29","2","young","幼苗","16","Crop_75.swf/DefineSprite_16/1.png","bc21467393c080db6e3cd447f30dc5f90b5e53e4a8c2c6079751e6cd2e98ff14","61","60","False","","","","","","","not-current","pending-contact-sheet-review"
"75","桑葚","29","3","growing","生长","20","Crop_75.swf/DefineSprite_20/1.png","e1ceb9944ba65f94a8d5a6decb16dc4b6ba44ebc3c9326be603b18c43656cdff","110","104","False","","","","","","","not-current","pending-contact-sheet-review"
"75","桑葚","29","4","pre_mature","成熟前","24","Crop_75.swf/DefineSprite_24/1.png","a1470757adeb3d9a443113feeff543140d497dff587a125f1ab2ad0be4920d68","122","116","False","","","","","","","not-current","pending-contact-sheet-review"
"75","桑葚","29","5","mature","成熟","39","Crop_75.swf/DefineSprite_39/1.png","6256b8b11a6e7264af5abfc0c4190621fbebab5eb74e7bf3c853d3a4bd69246e","128","115","False","","","","","","","not-current","pending-contact-sheet-review"
"75","桑葚","29","6","withered","枯萎","41","Crop_75.swf/DefineSprite_41/1.png","3b8740077b01607fba3cecfc38060fcca8e4e257161581c52be0a1ad233ddea7","126","55","False","","","","","","","not-current","pending-contact-sheet-review"
"77","蓝莓","29","0","seed","种子","3","Crop_77.swf/DefineSprite_3/1.png","4862eea1c0b6bc5bfbff1dec3582f632eae406a3b74a3a93c4745522f96308df","23","20","False","","","","","","","not-current","pending-contact-sheet-review"
"77","蓝莓","29","1","sprout","发芽","10","Crop_77.swf/DefineSprite_10/1.png","051e1a15bc73a79bf44dfc057740d6e73cf0f69dd95691dcc68e3cfeeecc7cc7","38","42","False","","","","","","","not-current","pending-contact-sheet-review"
"77","蓝莓","29","2","young","幼苗","15","Crop_77.swf/DefineSprite_15/1.png","20bb29c53adece26eaa02cebb49d4733641fdbc7db1aaecb20ab0162ff0a1528","60","54","False","","","","","","","not-current","pending-contact-sheet-review"
"77","蓝莓","29","3","growing","生长","21","Crop_77.swf/DefineSprite_21/1.png","80893e2096859f8f13a649bd895e36fc373191a9307432e8af1195dc529524e3","83","82","False","","","","","","","not-current","pending-contact-sheet-review"
"77","蓝莓","29","4","pre_mature","成熟前","26","Crop_77.swf/DefineSprite_26/1.png","2e28a069aa063ab5fa612334ddd19949a705e51ff8164195d2c6ccd5bbe97211","104","110","False","","","","","","","not-current","pending-contact-sheet-review"
"77","蓝莓","29","5","mature","成熟","31","Crop_77.swf/DefineSprite_31/1.png","7bd4c0e531866b6a478fb9046848fe3029475c066dc8753b1b53b975064253a8","103","117","False","","","","","","","not-current","pending-contact-sheet-review"
"77","蓝莓","29","6","withered","枯萎","33","Crop_77.swf/DefineSprite_33/1.png","cf073777cbc71b94e578098c3e139b7b255f65e041b8c8c1728cfd5a5153fb3e","126","55","False","","","","","","","not-current","pending-contact-sheet-review"
"4","玉米","3","0","seed","种子","2","Crop_4.swf/DefineSprite_2/1.png","1e75b2a99aeaa14220763d25acf65fa0ff908743b2b909b7502163ac656336ca","42","17","False","0","assets/manor/classic/crop-corn-0.png","2","Crop_4.swf/DefineSprite_2/1.png","state-character","1e75b2a99aeaa14220763d25acf65fa0ff908743b2b909b7502163ac656336ca","exact","pending-contact-sheet-review"
"4","玉米","3","1","sprout","发芽","4","Crop_4.swf/DefineSprite_4/1.png","bb94d861aede00382736e4557e56ffa5b81e22214438b2b8c074c58c941110b1","75","65","False","1","assets/manor/classic/crop-corn-1.png","4","Crop_4.swf/DefineSprite_4/1.png","state-character","bb94d861aede00382736e4557e56ffa5b81e22214438b2b8c074c58c941110b1","exact","pending-contact-sheet-review"
"4","玉米","3","2","young","幼苗","6","Crop_4.swf/DefineSprite_6/1.png","570282f093e7a335bca946f47731ca080de573150b1db5e78e24ccea6a06ad31","44","60","False","","","","","","","not-current","pending-contact-sheet-review"
"4","玉米","3","3","growing","生长","8","Crop_4.swf/DefineSprite_8/1.png","b8a4953ba55775c10f33be2f96d0cd092c351a75aff1ec0319d463fa9d294f08","106","122","False","2","assets/manor/classic/crop-corn-2.png","8","Crop_4.swf/DefineSprite_8/1.png","state-character","b8a4953ba55775c10f33be2f96d0cd092c351a75aff1ec0319d463fa9d294f08","exact","pending-contact-sheet-review"
"4","玉米","3","4","pre_mature","成熟前","10","Crop_4.swf/DefineSprite_10/1.png","ae23a29875e0309cea191042a85308c56b2b1f3a054ed1b941300586c98efa65","118","135","False","","","","","","","not-current","pending-contact-sheet-review"
"4","玉米","3","5","mature","成熟","12","Crop_4.swf/DefineSprite_12/1.png","84c3544931ba6b518f5e7fc78930c3da53b740e9a84675c6e276dbbdf173ddfd","115","132","False","3","assets/manor/classic/crop-corn-3.png","12","Crop_4.swf/DefineSprite_12/1.png","state-character","84c3544931ba6b518f5e7fc78930c3da53b740e9a84675c6e276dbbdf173ddfd","exact","pending-contact-sheet-review"
"4","玉米","3","6","withered","枯萎","14","Crop_4.swf/DefineSprite_14/1.png","d6a6f31b306ea0342f210da30b05bb6dc4cdfd731ac7353489f434a30c6b1bba","126","55","False","","","","","","","not-current","pending-contact-sheet-review"
"76","山竹","30","0","seed","种子","6","Crop_76.swf/DefineSprite_6/1.png","9e2beea178a319b56ef9374db2cab1e338b4629fcd40a168167b5be7b0b5b611","32","36","False","","","","","","","not-current","pending-contact-sheet-review"
"76","山竹","30","1","sprout","发芽","8","Crop_76.swf/DefineSprite_8/1.png","287eb54108ef53e536f41aa6e842d33623f2c11a443e39ed81c0449b83ae99e7","53","56","False","","","","","","","not-current","pending-contact-sheet-review"
"76","山竹","30","2","young","幼苗","10","Crop_76.swf/DefineSprite_10/1.png","9c82a9e32c4961ab1bea1f19407e5003d3f272f9fdb85080fada135ae9a05cd3","83","79","False","","","","","","","not-current","pending-contact-sheet-review"
"76","山竹","30","3","growing","生长","12","Crop_76.swf/DefineSprite_12/1.png","b55d57b067fcbbbc44af217b2bbb9c7e551f8e17b5d713ab00b417680640663b","119","120","False","","","","","","","not-current","pending-contact-sheet-review"
"76","山竹","30","4","pre_mature","成熟前","15","Crop_76.swf/DefineSprite_15/1.png","f5fbbfec29f5ec17e21c7bebe3534b962ddbbe7cd9d378a1a940b3e578070289","124","125","False","","","","","","","not-current","pending-contact-sheet-review"
"76","山竹","30","5","mature","成熟","18","Crop_76.swf/DefineSprite_18/1.png","e99c05cd25cb2e491c1c996fc0356652595733a2efa01a1881725715f8c63882","127","128","False","","","","","","","not-current","pending-contact-sheet-review"
"76","山竹","30","6","withered","枯萎","20","Crop_76.swf/DefineSprite_20/1.png","cf073777cbc71b94e578098c3e139b7b255f65e041b8c8c1728cfd5a5153fb3e","126","55","False","","","","","","","not-current","pending-contact-sheet-review"
"80","月柿","30","0","seed","种子","2","Crop_80.swf/DefineSprite_2/1.png","8c721eca63af2468c80d221287b7b81d3dfde41eb4424ec3342edda0e7719fb2","25","34","False","","","","","","","not-current","pending-contact-sheet-review"
"80","月柿","30","1","sprout","发芽","4","Crop_80.swf/DefineSprite_4/1.png","e482c37d169c51997ab2ce2482154754ebf963d25656d7b19d92af28f854d25f","29","46","False","","","","","","","not-current","pending-contact-sheet-review"
"80","月柿","30","2","young","幼苗","15","Crop_80.swf/DefineSprite_15/1.png","99291f34280bc6ea3e4d6d1f87f8730f940cea1a10bfa66cc54ad4bde1017724","74","95","False","","","","","","","not-current","pending-contact-sheet-review"
"80","月柿","30","3","growing","生长","22","Crop_80.swf/DefineSprite_22/1.png","0052227ad7781e0137d4b717945d11cc5965db0016c62eccc223cebe909bacd7","110","107","False","","","","","","","not-current","pending-contact-sheet-review"
"80","月柿","30","4","pre_mature","成熟前","28","Crop_80.swf/DefineSprite_28/1.png","e50b44beb4cec7d12a600ec61b0a94439bf5d2991a62e5840e9b5651d265fef8","119","121","False","","","","","","","not-current","pending-contact-sheet-review"
"80","月柿","30","5","mature","成熟","32","Crop_80.swf/DefineSprite_32/1.png","96e2aa60d7d5b2e028687236c908c25ea67f0af38ca857646ed4f86733e22b12","113","124","False","","","","","","","not-current","pending-contact-sheet-review"
"80","月柿","30","6","withered","枯萎","34","Crop_80.swf/DefineSprite_34/1.png","d6a6f31b306ea0342f210da30b05bb6dc4cdfd731ac7353489f434a30c6b1bba","126","55","False","","","","","","","not-current","pending-contact-sheet-review"
"63","苦瓜","31","0","seed","种子","2","Crop_63.swf/DefineSprite_2/1.png","db64a2423bcb9185ca003d386c22654cd570c0c817515db055cea33e28d4a10e","42","17","False","","","","","","","not-current","pending-contact-sheet-review"
"63","苦瓜","31","1","sprout","发芽","8","Crop_63.swf/DefineSprite_8/1.png","c42b4efd6d36fe5f016186cd763824be53843ac8756cda7a556ffee9c4745efc","42","75","False","","","","","","","not-current","pending-contact-sheet-review"
"63","苦瓜","31","2","young","幼苗","18","Crop_63.swf/DefineSprite_18/1.png","6584088904382ff9ce7755c159a47cbe2adbc045b3467c91feedbac34f7532fa","137","100","False","","","","","","","not-current","pending-contact-sheet-review"
"63","苦瓜","31","3","growing","生长","25","Crop_63.swf/DefineSprite_25/1.png","453ae0370bd173761b671e85d5236cde4325da11183b44203a1ccfe59cda5382","136","108","False","","","","","","","not-current","pending-contact-sheet-review"
"63","苦瓜","31","4","pre_mature","成熟前","31","Crop_63.swf/DefineSprite_31/1.png","e08e6580b397618989c70964c99ce2add61d2475b3eeea80227518655df872a8","145","115","False","","","","","","","not-current","pending-contact-sheet-review"
"63","苦瓜","31","5","mature","成熟","38","Crop_63.swf/DefineSprite_38/1.png","a7d99f8190ae3c757ee05cd0f8d8c6892ee1666fe418d42596e5354f5b143e63","145","116","False","","","","","","","not-current","pending-contact-sheet-review"
"63","苦瓜","31","6","withered","枯萎","40","Crop_63.swf/DefineSprite_40/1.png","d6a6f31b306ea0342f210da30b05bb6dc4cdfd731ac7353489f434a30c6b1bba","126","55","False","","","","","","","not-current","pending-contact-sheet-review"
"68","冬瓜","32","0","seed","种子","2","Crop_68.swf/DefineSprite_2/1.png","db64a2423bcb9185ca003d386c22654cd570c0c817515db055cea33e28d4a10e","42","17","False","","","","","","","not-current","pending-contact-sheet-review"
"68","冬瓜","32","1","sprout","发芽","7","Crop_68.swf/DefineSprite_7/1.png","65edc2749367aa390effc09f7df0583f8e0f2e321098fa9bb5f8b356e864e2bd","51","72","False","","","","","","","not-current","pending-contact-sheet-review"
"68","冬瓜","32","2","young","幼苗","17","Crop_68.swf/DefineSprite_17/1.png","fd9c897733c8ad9846046e7e98a55f913086e09556032f7ef46dec529c88305e","121","137","False","","","","","","","not-current","pending-contact-sheet-review"
"68","冬瓜","32","3","growing","生长","26","Crop_68.swf/DefineSprite_26/1.png","08279c89d507ddaf34f0b86cadd5c46a9b49342c909e3401f61fd15acd2dc748","133","138","False","","","","","","","not-current","pending-contact-sheet-review"
"68","冬瓜","32","4","pre_mature","成熟前","34","Crop_68.swf/DefineSprite_34/1.png","e0ecd1529a540c52ceb7f5228c50894a76d67f5442dabf2e5d4fd04b35b78de6","133","137","False","","","","","","","not-current","pending-contact-sheet-review"
"68","冬瓜","32","5","mature","成熟","42","Crop_68.swf/DefineSprite_42/1.png","55fad6d5d29fd2ea4e0c321b3dca625f1b74a8d7ea65f7cd060ee3ba1a0c1ebc","133","138","False","","","","","","","not-current","pending-contact-sheet-review"
"68","冬瓜","32","6","withered","枯萎","44","Crop_68.swf/DefineSprite_44/1.png","3b8740077b01607fba3cecfc38060fcca8e4e257161581c52be0a1ad233ddea7","126","55","False","","","","","","","not-current","pending-contact-sheet-review"
"78","杏子","33","0","seed","种子","3","Crop_78.swf/DefineSprite_3/1.png","89531976d18f1d89fd9517d82209f549257eb8cb9d9b024519fe805a845638d0","24","35","False","","","","","","","not-current","pending-contact-sheet-review"
"78","杏子","33","1","sprout","发芽","6","Crop_78.swf/DefineSprite_6/1.png","42b87ece238d7d9b074ce2cf5ea70ea3e69af2a5bfe16b7ca194a49d17a1f0ac","50","63","False","","","","","","","not-current","pending-contact-sheet-review"
"78","杏子","33","2","young","幼苗","10","Crop_78.swf/DefineSprite_10/1.png","3df08279ae6d041350d36cbf4086b4767692689b2de8797a47d5e64a17470253","91","120","False","","","","","","","not-current","pending-contact-sheet-review"
"78","杏子","33","3","growing","生长","14","Crop_78.swf/DefineSprite_14/1.png","c9f703644b587670d1e6d936cc6987f410ae620cbf4e7875ffc37ec7ff344adc","101","132","False","","","","","","","not-current","pending-contact-sheet-review"
"78","杏子","33","4","pre_mature","成熟前","15","Crop_78.swf/DefineSprite_15/1.png","0907d40c031fd500b7d7b49010beef857d7b4013981ff5da566aea7bf815804b","101","133","False","","","","","","","not-current","pending-contact-sheet-review"
"78","杏子","33","5","mature","成熟","18","Crop_78.swf/DefineSprite_18/1.png","d573c6e684b3319cc6e61796269acc8b8183ee71a799999f082623918a75a0b7","101","133","False","","","","","","","not-current","pending-contact-sheet-review"
"78","杏子","33","6","withered","枯萎","20","Crop_78.swf/DefineSprite_20/1.png","d6a6f31b306ea0342f210da30b05bb6dc4cdfd731ac7353489f434a30c6b1bba","126","55","False","","","","","","","not-current","pending-contact-sheet-review"
"74","金桔","34","0","seed","种子","10","Crop_74.swf/DefineSprite_10/1.png","a4f0f87ef2fdd4ecf86b05e37ab588cc5232a45ab7833aa88a90402c679eae11","25","34","False","","","","","","","not-current","pending-contact-sheet-review"
"74","金桔","34","1","sprout","发芽","12","Crop_74.swf/DefineSprite_12/1.png","fafb1606be46151e5d9d7cfbbc51731ecb95c22718a938fc31d431bddbcbe06f","53","48","False","","","","","","","not-current","pending-contact-sheet-review"
"74","金桔","34","2","young","幼苗","15","Crop_74.swf/DefineSprite_15/1.png","549ffb544600c92432c0b608448385e7f117a1a2faf1de70d6d835a20acaed60","75","76","False","","","","","","","not-current","pending-contact-sheet-review"
"74","金桔","34","3","growing","生长","18","Crop_74.swf/DefineSprite_18/1.png","f1248624cb90d12cbc15dc1c38adb6daed7db49e6894262682e5084142cd496c","81","111","False","","","","","","","not-current","pending-contact-sheet-review"
"74","金桔","34","4","pre_mature","成熟前","21","Crop_74.swf/DefineSprite_21/1.png","be1354c118f9ee184ce7124c7aedf0ac6cbb744f06a5d4fd7e86161448ec8257","86","119","False","","","","","","","not-current","pending-contact-sheet-review"
"74","金桔","34","5","mature","成熟","22","Crop_74.swf/DefineSprite_22/1.png","a68001328a8cba9532bf9ce23969987e90c86b257948dc574d7818f5d84e0dcf","90","125","False","","","","","","","not-current","pending-contact-sheet-review"
"74","金桔","34","6","withered","枯萎","24","Crop_74.swf/DefineSprite_24/1.png","d6a6f31b306ea0342f210da30b05bb6dc4cdfd731ac7353489f434a30c6b1bba","126","55","False","","","","","","","not-current","pending-contact-sheet-review"
"83","红毛丹","35","0","seed","种子","4","Crop_83.swf/DefineSprite_4/1.png","cfa2f34f01231c85b383d94ce482320a4689df0fac5937b2549848aa1297b1bc","21","40","False","","","","","","","not-current","pending-contact-sheet-review"
"83","红毛丹","35","1","sprout","发芽","7","Crop_83.swf/DefineSprite_7/1.png","0ab5d87627a2fe431a79e86f43e655939e9b1483acd80266ac7e7e170656ad73","42","57","False","","","","","","","not-current","pending-contact-sheet-review"
"83","红毛丹","35","2","young","幼苗","12","Crop_83.swf/DefineSprite_12/1.png","ba4e634e3439615c82811a1f695d419c8e69cae0ab2fc71739c45d6226eaa043","94","89","False","","","","","","","not-current","pending-contact-sheet-review"
"83","红毛丹","35","3","growing","生长","14","Crop_83.swf/DefineSprite_14/1.png","990027d5ef7c9b9c19f83872646f64ef86693a2c81234bb162618fb493239293","108","109","False","","","","","","","not-current","pending-contact-sheet-review"
"83","红毛丹","35","4","pre_mature","成熟前","18","Crop_83.swf/DefineSprite_18/1.png","a797bc1309dee3bb465b3cf826650367a7064171a767a292c7167cdd1da9c130","120","122","False","","","","","","","not-current","pending-contact-sheet-review"
"83","红毛丹","35","5","mature","成熟","38","Crop_83.swf/DefineSprite_38/1.png","9750cf5ef2749a2d82c28817c2b1ad48655868b67a7bec9ff901580b6a1e7e7a","130","124","False","","","","","","","not-current","pending-contact-sheet-review"
"83","红毛丹","35","6","withered","枯萎","40","Crop_83.swf/DefineSprite_40/1.png","d6a6f31b306ea0342f210da30b05bb6dc4cdfd731ac7353489f434a30c6b1bba","126","55","False","","","","","","","not-current","pending-contact-sheet-review"
"84","芭蕉","36","0","seed","种子","9","Crop_84.swf/DefineSprite_9/1.png","fe437f334eb2c8f1b47893257a5eaf98bb5613a0e0d75647780904612d1964d3","18","33","False","","","","","","","not-current","pending-contact-sheet-review"
"84","芭蕉","36","1","sprout","发芽","15","Crop_84.swf/DefineSprite_15/1.png","05fca733eac0c3af185d77105428b392699d2731021350d679439389f91f7f6e","42","45","False","","","","","","","not-current","pending-contact-sheet-review"
"84","芭蕉","36","2","young","幼苗","21","Crop_84.swf/DefineSprite_21/1.png","f380092ac7bd9535bf73ab88c0393ce42cdf916f3b3b9d65ca84ceb38ee32940","59","71","False","","","","","","","not-current","pending-contact-sheet-review"
"84","芭蕉","36","3","growing","生长","49","Crop_84.swf/DefineSprite_49/1.png","074c778881456d29d8c57411898245130fe2350cd033b69028afb7b1dd43f262","109","109","False","","","","","","","not-current","pending-contact-sheet-review"
"84","芭蕉","36","4","pre_mature","成熟前","64","Crop_84.swf/DefineSprite_64/1.png","cb602b67e7cfb25e3a6142b8615d4feaf40934bede70b6078f08be7033961a9a","115","115","False","","","","","","","not-current","pending-contact-sheet-review"
"84","芭蕉","36","5","mature","成熟","69","Crop_84.swf/DefineSprite_69/1.png","b1fc10fad22fe6fb26f5d61c439e45fd06f4a07c3739e191506b74e30058a3b8","123","123","False","","","","","","","not-current","pending-contact-sheet-review"
"84","芭蕉","36","6","withered","枯萎","71","Crop_84.swf/DefineSprite_71/1.png","6e486355d330b8df77b0a6942df478b9640c5f33559b75cdcc95c9d545fafe70","126","55","False","","","","","","","not-current","pending-contact-sheet-review"
"85","番荔枝","37","0","seed","种子","7","Crop_85.swf/DefineSprite_7/1.png","6e30b4460f9e72c78aef29e78d75463885bae1d4378a2ecd7aa003d47e904c22","34","39","False","","","","","","","not-current","pending-contact-sheet-review"
"85","番荔枝","37","1","sprout","发芽","15","Crop_85.swf/DefineSprite_15/1.png","d6d6a139de88b4199ef15a8f89ccbe3519314827062c9938a88c2bf7d910963c","52","80","False","","","","","","","not-current","pending-contact-sheet-review"
"85","番荔枝","37","2","young","幼苗","16","Crop_85.swf/DefineSprite_16/1.png","746f9b71462db83c414cbea3a7b6393230560abb267f08231897d4124a34a95f","77","100","False","","","","","","","not-current","pending-contact-sheet-review"
"85","番荔枝","37","3","growing","生长","17","Crop_85.swf/DefineSprite_17/1.png","6a02f7e4a7a4fb823ec8acb1e94d19b225d5e7dd2e8b91309556c9e7320edb44","120","124","False","","","","","","","not-current","pending-contact-sheet-review"
"85","番荔枝","37","4","pre_mature","成熟前","23","Crop_85.swf/DefineSprite_23/1.png","95526b27e3b0d017304a3074eb41052651914da9fc6bdf2ad61dc1e722c961ff","142","130","False","","","","","","","not-current","pending-contact-sheet-review"
"85","番荔枝","37","5","mature","成熟","27","Crop_85.swf/DefineSprite_27/1.png","ee58122f7b855999faa6f4dfe80a0c84e700b7d70ad23910810683ae1d918c9a","144","128","False","","","","","","","not-current","pending-contact-sheet-review"
"85","番荔枝","37","6","withered","枯萎","29","Crop_85.swf/DefineSprite_29/1.png","c243d1572c39b48b1047154380647f17fe63634a5c21cafabd4f2cdafb2ea8bc","126","55","False","","","","","","","not-current","pending-contact-sheet-review"
"86","橄榄","38","0","seed","种子","3","Crop_86.swf/DefineSprite_3/1.png","8ecd2f1aef5ad89582bec9cf9868b9b7b21727c149a6bc1b0e11c63310ebccfe","15","14","False","","","","","","","not-current","pending-contact-sheet-review"
"86","橄榄","38","1","sprout","发芽","5","Crop_86.swf/DefineSprite_5/1.png","77588e8966b3c1e049c2cd6e86de56a369053e2fb1d27177e0f4fb3c297c6b13","18","28","False","","","","","","","not-current","pending-contact-sheet-review"
"86","橄榄","38","2","young","幼苗","18","Crop_86.swf/DefineSprite_18/1.png","fba995e0a072382a0b88cca9a0df02b8e7240777c886e18694246ba9df734385","47","68","False","","","","","","","not-current","pending-contact-sheet-review"
"86","橄榄","38","3","growing","生长","25","Crop_86.swf/DefineSprite_25/1.png","a31183e6df8fe7d426697fa16a13d89bbc65c403db56ba48421b500bc2df1b67","107","96","False","","","","","","","not-current","pending-contact-sheet-review"
"86","橄榄","38","4","pre_mature","成熟前","38","Crop_86.swf/DefineSprite_38/1.png","b1cda385aa4afd5da1cd9115b5e2c10c1657785cc7509676ee519db080d8d996","147","139","False","","","","","","","not-current","pending-contact-sheet-review"
"86","橄榄","38","5","mature","成熟","47","Crop_86.swf/DefineSprite_47/1.png","8846fa28e778311300c8ccbb5ed9c9d3a45d11cc3d5bf4ebc422a300e8543408","148","138","False","","","","","","","not-current","pending-contact-sheet-review"
"86","橄榄","38","6","withered","枯萎","49","Crop_86.swf/DefineSprite_49/1.png","d6a6f31b306ea0342f210da30b05bb6dc4cdfd731ac7353489f434a30c6b1bba","126","55","False","","","","","","","not-current","pending-contact-sheet-review"
"87","百香果","39","0","seed","种子","10","Crop_87.swf/DefineSprite_10/1.png","243ff9b247566ecbed5b7eac2c19dc5a2ac26cf1b8eb2b582b9703f3f1d68dc5","21","33","False","","","","","","","not-current","pending-contact-sheet-review"
"87","百香果","39","1","sprout","发芽","16","Crop_87.swf/DefineSprite_16/1.png","e7bb6710a125b3292f776099b114034be09530124bdc564f288a8e2ae83802de","39","43","False","","","","","","","not-current","pending-contact-sheet-review"
"87","百香果","39","2","young","幼苗","19","Crop_87.swf/DefineSprite_19/1.png","d8230a5d3e86b83ed79f1c3eeae053b9950bd7f9127c772feec41bd6a94ba283","57","78","False","","","","","","","not-current","pending-contact-sheet-review"
"87","百香果","39","3","growing","生长","40","Crop_87.swf/DefineSprite_40/1.png","df9a6c8203343d3b645b58c006c256fd887edbfc282e5a8f94ac963b1df843bb","118","126","False","","","","","","","not-current","pending-contact-sheet-review"
"87","百香果","39","4","pre_mature","成熟前","60","Crop_87.swf/DefineSprite_60/1.png","419231cea905b4632981b109825aa56397ffeaaa07a05f96cf315c30a66098f5","119","127","False","","","","","","","not-current","pending-contact-sheet-review"
"87","百香果","39","5","mature","成熟","82","Crop_87.swf/DefineSprite_82/1.png","d91e9020095ca035962d5c8abd4894cbd83e690df6cd3d4841e90b51accea234","119","128","False","","","","","","","not-current","pending-contact-sheet-review"
"87","百香果","39","6","withered","枯萎","84","Crop_87.swf/DefineSprite_84/1.png","6e486355d330b8df77b0a6942df478b9640c5f33559b75cdcc95c9d545fafe70","126","55","False","","","","","","","not-current","pending-contact-sheet-review"
"5","土豆","4","0","seed","种子","2","Crop_5.swf/DefineSprite_2/1.png","1e75b2a99aeaa14220763d25acf65fa0ff908743b2b909b7502163ac656336ca","42","17","False","0","assets/manor/classic/crop-potato-0.png","2","Crop_5.swf/DefineSprite_2/1.png","state-character","1e75b2a99aeaa14220763d25acf65fa0ff908743b2b909b7502163ac656336ca","exact","pending-contact-sheet-review"
"5","土豆","4","1","sprout","发芽","4","Crop_5.swf/DefineSprite_4/1.png","bbf78a84c873f5cb12a762402b4f6186c51a374044e100cf1f510a3b8c0bb736","40","56","False","1","assets/manor/classic/crop-potato-1.png","4","Crop_5.swf/DefineSprite_4/1.png","state-character","bbf78a84c873f5cb12a762402b4f6186c51a374044e100cf1f510a3b8c0bb736","exact","pending-contact-sheet-review"
"5","土豆","4","2","young","幼苗","6","Crop_5.swf/DefineSprite_6/1.png","d5e655b7e8ab24dc5948b6050ab0e3555b74e0f321aaaa04c0d98cf87dcd28df","73","76","False","","","","","","","not-current","pending-contact-sheet-review"
"5","土豆","4","3","growing","生长","16","Crop_5.swf/DefineSprite_16/1.png","cf76157caa98d19243a27596be6dac9a81d16b1d2caa45e0e2719160c1014d0b","110","93","False","2","assets/manor/classic/crop-potato-2.png","16","Crop_5.swf/DefineSprite_16/1.png","state-character","cf76157caa98d19243a27596be6dac9a81d16b1d2caa45e0e2719160c1014d0b","exact","pending-contact-sheet-review"
"5","土豆","4","4","pre_mature","成熟前","20","Crop_5.swf/DefineSprite_20/1.png","af46ce5dd17798db740bf5bdd4738d0e7e45a49a3b8e8cd496ae718b75cf8b69","110","93","False","","","","","","","not-current","pending-contact-sheet-review"
"5","土豆","4","5","mature","成熟","23","Crop_5.swf/DefineSprite_23/1.png","87fc5023c31a4e1bba104506c70151481fb9179c1d7796521907c0d7c7cff394","116","138","False","3","assets/manor/classic/crop-potato-3.png","23","Crop_5.swf/DefineSprite_23/1.png","state-character","87fc5023c31a4e1bba104506c70151481fb9179c1d7796521907c0d7c7cff394","exact","pending-contact-sheet-review"
"5","土豆","4","6","withered","枯萎","25","Crop_5.swf/DefineSprite_25/1.png","3b8740077b01607fba3cecfc38060fcca8e4e257161581c52be0a1ad233ddea7","126","55","False","","","","","","","not-current","pending-contact-sheet-review"
"51","红枣","5","0","seed","种子","2","Crop_51.swf/DefineSprite_2/1.png","1e75b2a99aeaa14220763d25acf65fa0ff908743b2b909b7502163ac656336ca","42","17","False","","","","","","","not-current","pending-contact-sheet-review"
"51","红枣","5","1","sprout","发芽","8","Crop_51.swf/DefineSprite_8/1.png","038721947f669469e48b193161017f99a3404b47b64843885a06bf7d176e5612","52","54","False","","","","","","","not-current","pending-contact-sheet-review"
"51","红枣","5","2","young","幼苗","11","Crop_51.swf/DefineSprite_11/1.png","5a2ac2777717c2ba40275cdb02e1d7b894c99da7d9916c8bbe51d4f1f9f9aaa3","74","82","False","","","","","","","not-current","pending-contact-sheet-review"
"51","红枣","5","3","growing","生长","13","Crop_51.swf/DefineSprite_13/1.png","0f94317eb7c462c3b69f5f64cc2812f01b0369892bed470310a8abbd7df0da09","101","107","False","","","","","","","not-current","pending-contact-sheet-review"
"51","红枣","5","4","pre_mature","成熟前","16","Crop_51.swf/DefineSprite_16/1.png","f2391e42b7db850a92378b47e0c6b387c7094a3b29b67dbce4c23d83da2f26c0","112","119","False","","","","","","","not-current","pending-contact-sheet-review"
"51","红枣","5","5","mature","成熟","19","Crop_51.swf/DefineSprite_19/1.png","82ba6107baadfcaf1a767e9d86b09b31ebc73b584ca6336fa826815f55f04405","125","127","False","","","","","","","not-current","pending-contact-sheet-review"
"51","红枣","5","6","withered","枯萎","21","Crop_51.swf/DefineSprite_21/1.png","3b8740077b01607fba3cecfc38060fcca8e4e257161581c52be0a1ad233ddea7","126","55","False","","","","","","","not-current","pending-contact-sheet-review"
"6","茄子","5","0","seed","种子","2","Crop_6.swf/DefineSprite_2/1.png","a77859d654afa00395552a1090d7fec9dbebb7561894ee3357108e9896f90351","42","17","False","0","assets/manor/classic/crop-eggplant-0.png","2","Crop_6.swf/DefineSprite_2/1.png","state-character","a77859d654afa00395552a1090d7fec9dbebb7561894ee3357108e9896f90351","exact","pending-contact-sheet-review"
"6","茄子","5","1","sprout","发芽","4","Crop_6.swf/DefineSprite_4/1.png","70fd6a8060191500e7c640fdb3eb952c58c0a668379d69d92eaa5992270a082a","48","42","False","1","assets/manor/classic/crop-eggplant-1.png","4","Crop_6.swf/DefineSprite_4/1.png","state-character","70fd6a8060191500e7c640fdb3eb952c58c0a668379d69d92eaa5992270a082a","exact","pending-contact-sheet-review"
"6","茄子","5","2","young","幼苗","6","Crop_6.swf/DefineSprite_6/1.png","923edcdb39da81a5ee2c3875c8a62f0b6d534a250f304df34f43b5dd44b52532","88","64","False","","","","","","","not-current","pending-contact-sheet-review"
"6","茄子","5","3","growing","生长","10","Crop_6.swf/DefineSprite_10/1.png","38a677391480bcc5141ba74d5a498c3cc87584e60c642cd326f8e712291f3c17","114","120","False","2","assets/manor/classic/crop-eggplant-2.png","10","Crop_6.swf/DefineSprite_10/1.png","state-character","38a677391480bcc5141ba74d5a498c3cc87584e60c642cd326f8e712291f3c17","exact","pending-contact-sheet-review"
"6","茄子","5","4","pre_mature","成熟前","13","Crop_6.swf/DefineSprite_13/1.png","70d079535bce639edfaf15531e93633185bb07e10e168a57bb11a418abb042fc","114","122","False","","","","","","","not-current","pending-contact-sheet-review"
"6","茄子","5","5","mature","成熟","16","Crop_6.swf/DefineSprite_16/1.png","923fed7401e4418b3a035e0e69ba6f8d7f3b74ed49f714d32b3d15b5186d18a7","114","120","False","3","assets/manor/classic/crop-eggplant-3.png","16","Crop_6.swf/DefineSprite_16/1.png","state-character","923fed7401e4418b3a035e0e69ba6f8d7f3b74ed49f714d32b3d15b5186d18a7","exact","pending-contact-sheet-review"
"6","茄子","5","6","withered","枯萎","18","Crop_6.swf/DefineSprite_18/1.png","d6a6f31b306ea0342f210da30b05bb6dc4cdfd731ac7353489f434a30c6b1bba","126","55","False","","","","","","","not-current","pending-contact-sheet-review"
"105","小雏菊","6","0","seed","种子","2","Crop_105.swf/DefineSprite_2/1.png","db64a2423bcb9185ca003d386c22654cd570c0c817515db055cea33e28d4a10e","42","17","False","","","","","","","not-current","pending-contact-sheet-review"
"105","小雏菊","6","1","sprout","发芽","6","Crop_105.swf/DefineSprite_6/1.png","0b7cebdc5b4047da07d4c5d90657029d90d4c71a3e01656b897159827cf7ea2f","27","37","False","","","","","","","not-current","pending-contact-sheet-review"
"105","小雏菊","6","2","young","幼苗","12","Crop_105.swf/DefineSprite_12/1.png","9d32900f6bb29815a638ce3fb666b45e107043f8a0ea8ebb890bdbb930bed79d","58","48","False","","","","","","","not-current","pending-contact-sheet-review"
"105","小雏菊","6","3","growing","生长","14","Crop_105.swf/DefineSprite_14/1.png","ef37addd17e5876eac38e39f3902ada74c9727eb0f54a8635c09ad7522fbe05a","82","81","False","","","","","","","not-current","pending-contact-sheet-review"
"105","小雏菊","6","4","pre_mature","成熟前","23","Crop_105.swf/DefineSprite_23/1.png","a904a7e3a520d790369edefb58f806e1d3f768d943e4faf7f04bdfa0f213c1c8","98","106","False","","","","","","","not-current","pending-contact-sheet-review"
"105","小雏菊","6","5","mature","成熟","29","Crop_105.swf/DefineSprite_29/1.png","95cf7aebcc3bc0c18eaacf15f5aabd98681b322b543564f310ae583c8a4f0f8c","122","129","False","","","","","","","not-current","pending-contact-sheet-review"
"105","小雏菊","6","6","withered","枯萎","31","Crop_105.swf/DefineSprite_31/1.png","d6a6f31b306ea0342f210da30b05bb6dc4cdfd731ac7353489f434a30c6b1bba","126","55","False","","","","","","","not-current","pending-contact-sheet-review"
"7","番茄","6","0","seed","种子","2","Crop_7.swf/DefineSprite_2/1.png","1e75b2a99aeaa14220763d25acf65fa0ff908743b2b909b7502163ac656336ca","42","17","False","0","assets/manor/classic/crop-tomato-0.png","2","Crop_7.swf/DefineSprite_2/1.png","state-character","1e75b2a99aeaa14220763d25acf65fa0ff908743b2b909b7502163ac656336ca","exact","pending-contact-sheet-review"
"7","番茄","6","1","sprout","发芽","4","Crop_7.swf/DefineSprite_4/1.png","9151f63ee822e45726e100b2b71f698686fda8239df46dce873e3d7ca2cafc01","68","46","False","1","assets/manor/classic/crop-tomato-1.png","4","Crop_7.swf/DefineSprite_4/1.png","state-character","9151f63ee822e45726e100b2b71f698686fda8239df46dce873e3d7ca2cafc01","exact","pending-contact-sheet-review"
"7","番茄","6","2","young","幼苗","6","Crop_7.swf/DefineSprite_6/1.png","ace5d23aac7fedb737808e094ad892fc64e3154445f5e3575a5adad72dbdd233","50","88","False","","","","","","","not-current","pending-contact-sheet-review"
"7","番茄","6","3","growing","生长","9","Crop_7.swf/DefineSprite_9/1.png","51d6917fc1503bdff11bd7677d096d3ced80638adbc126935dfcf7272c1d8485","118","129","False","2","assets/manor/classic/crop-tomato-2.png","9","Crop_7.swf/DefineSprite_9/1.png","state-character","51d6917fc1503bdff11bd7677d096d3ced80638adbc126935dfcf7272c1d8485","exact","pending-contact-sheet-review"
"7","番茄","6","4","pre_mature","成熟前","12","Crop_7.swf/DefineSprite_12/1.png","503ad72f51cc8ff4263e2b01b8f3cc57f1f8612983a5b18c3ef8e61a0161a342","130","129","False","","","","","","","not-current","pending-contact-sheet-review"
"7","番茄","6","5","mature","成熟","17","Crop_7.swf/DefineSprite_17/1.png","7142f2a8c3727bc57e27766c7dda9857c98bbf3370e0888e68be8d1028355e4a","130","133","False","3","assets/manor/classic/crop-tomato-3.png","17","Crop_7.swf/DefineSprite_17/1.png","state-character","7142f2a8c3727bc57e27766c7dda9857c98bbf3370e0888e68be8d1028355e4a","exact","pending-contact-sheet-review"
"7","番茄","6","6","withered","枯萎","19","Crop_7.swf/DefineSprite_19/1.png","d6a6f31b306ea0342f210da30b05bb6dc4cdfd731ac7353489f434a30c6b1bba","126","55","False","","","","","","","not-current","pending-contact-sheet-review"
"41","红玫瑰","7","0","seed","种子","2","Crop_41.swf/DefineSprite_2/1.png","fddeab2cfb58dccc7f9e786ec26d04bbb8e3b91f0f2d97df20f56b67d432e734","42","17","False","","","","","","","not-current","pending-contact-sheet-review"
"41","红玫瑰","7","1","sprout","发芽","6","Crop_41.swf/DefineSprite_6/1.png","fb06fc9e83883383cf08894e4d2a4678a398670afebf5748ac57bbb7a1cf96ff","55","45","False","","","","","","","not-current","pending-contact-sheet-review"
"41","红玫瑰","7","2","young","幼苗","11","Crop_41.swf/DefineSprite_11/1.png","9b373017e0cce50bd0fb0eff8587020de5f18942e7a095914328d78786384b38","74","85","False","","","","","","","not-current","pending-contact-sheet-review"
"41","红玫瑰","7","3","growing","生长","19","Crop_41.swf/DefineSprite_19/1.png","3f79f96083893b3133738146cc87186111d98b105ea9ee3260ea93c7e2666455","102","114","False","","","","","","","not-current","pending-contact-sheet-review"
"41","红玫瑰","7","4","pre_mature","成熟前","25","Crop_41.swf/DefineSprite_25/1.png","f73bc0522848dde1f6b727b4ae80476b0b5faed99e8849be34087e330d0457b8","123","122","False","","","","","","","not-current","pending-contact-sheet-review"
"41","红玫瑰","7","5","mature","成熟","37","Crop_41.swf/DefineSprite_37/1.png","e25ac76081c32cb2527390183fd317441f88d317a1e8b219323775027b139015","124","126","False","","","","","","","not-current","pending-contact-sheet-review"
"41","红玫瑰","7","6","withered","枯萎","39","Crop_41.swf/DefineSprite_39/1.png","d6a6f31b306ea0342f210da30b05bb6dc4cdfd731ac7353489f434a30c6b1bba","126","55","False","","","","","","","not-current","pending-contact-sheet-review"
"8","豌豆","7","0","seed","种子","2","Crop_8.swf/DefineSprite_2/1.png","1e75b2a99aeaa14220763d25acf65fa0ff908743b2b909b7502163ac656336ca","42","17","False","0","assets/manor/classic/crop-pea-0.png","2","Crop_8.swf/DefineSprite_2/1.png","state-character","1e75b2a99aeaa14220763d25acf65fa0ff908743b2b909b7502163ac656336ca","exact","pending-contact-sheet-review"
"8","豌豆","7","1","sprout","发芽","4","Crop_8.swf/DefineSprite_4/1.png","b58b7c5d913064aad32e3ab3ba7dc6d21002de9e5f471166ed3ed46c44204419","36","57","False","1","assets/manor/classic/crop-pea-1.png","4","Crop_8.swf/DefineSprite_4/1.png","state-character","b58b7c5d913064aad32e3ab3ba7dc6d21002de9e5f471166ed3ed46c44204419","exact","pending-contact-sheet-review"
"8","豌豆","7","2","young","幼苗","6","Crop_8.swf/DefineSprite_6/1.png","5ccb2fc401003e40a4a648bf778b9d89ed8ac1241fc85091bd19eba746cea09e","47","65","False","","","","","","","not-current","pending-contact-sheet-review"
"8","豌豆","7","3","growing","生长","8","Crop_8.swf/DefineSprite_8/1.png","d28e3d2201c608c40c555133426efc2d7d332283865939f35a30372938251da3","123","122","False","2","assets/manor/classic/crop-pea-2.png","8","Crop_8.swf/DefineSprite_8/1.png","state-character","d28e3d2201c608c40c555133426efc2d7d332283865939f35a30372938251da3","exact","pending-contact-sheet-review"
"8","豌豆","7","4","pre_mature","成熟前","10","Crop_8.swf/DefineSprite_10/1.png","bdb6831a3c85a9b0434985e96b624eb349143c6ffaa2fdab72805831179eb164","123","122","False","","","","","","","not-current","pending-contact-sheet-review"
"8","豌豆","7","5","mature","成熟","12","Crop_8.swf/DefineSprite_12/1.png","0b7fc03c058db9330b0e64828190e20f46adbfcb5e53555f13dfa359d477a006","123","122","False","3","assets/manor/classic/crop-pea-3.png","12","Crop_8.swf/DefineSprite_12/1.png","state-character","0b7fc03c058db9330b0e64828190e20f46adbfcb5e53555f13dfa359d477a006","exact","pending-contact-sheet-review"
"8","豌豆","7","6","withered","枯萎","14","Crop_8.swf/DefineSprite_14/1.png","d6a6f31b306ea0342f210da30b05bb6dc4cdfd731ac7353489f434a30c6b1bba","126","55","False","","","","","","","not-current","pending-contact-sheet-review"
"103","天香百合","8","0","seed","种子","2","Crop_103.swf/DefineSprite_2/1.png","db64a2423bcb9185ca003d386c22654cd570c0c817515db055cea33e28d4a10e","42","17","False","","","","","","","not-current","pending-contact-sheet-review"
"103","天香百合","8","1","sprout","发芽","4","Crop_103.swf/DefineSprite_4/1.png","639a41d3fb7e7c5372f4fb0620fd30db4758008cee017135505e3d6cee4cb741","32","41","False","","","","","","","not-current","pending-contact-sheet-review"
"103","天香百合","8","2","young","幼苗","10","Crop_103.swf/DefineSprite_10/1.png","af8bfce8da40a304a062ef3bd7995c04290685edc6dbb5d687b2d106bcbd3aa8","49","62","False","","","","","","","not-current","pending-contact-sheet-review"
"103","天香百合","8","3","growing","生长","16","Crop_103.swf/DefineSprite_16/1.png","ffcf4f73730e791af14bfc2ce547a02203a3ca4dc149d61b68d37eb53827c96d","94","97","False","","","","","","","not-current","pending-contact-sheet-review"
"103","天香百合","8","4","pre_mature","成熟前","21","Crop_103.swf/DefineSprite_21/1.png","243aee3d2e0c030419d8e3f740cca116e9ba1021b2c2d7fc8789c4a00b11c9b2","109","121","False","","","","","","","not-current","pending-contact-sheet-review"
"103","天香百合","8","5","mature","成熟","27","Crop_103.swf/DefineSprite_27/1.png","fa6deac51841f27901aae4ad2b20d0b52ef27dea93ba3839c74a031750086702","134","130","False","","","","","","","not-current","pending-contact-sheet-review"
"103","天香百合","8","6","withered","枯萎","29","Crop_103.swf/DefineSprite_29/1.png","d6a6f31b306ea0342f210da30b05bb6dc4cdfd731ac7353489f434a30c6b1bba","126","55","False","","","","","","","not-current","pending-contact-sheet-review"
"9","辣椒","8","0","seed","种子","2","Crop_9.swf/DefineSprite_2/1.png","db64a2423bcb9185ca003d386c22654cd570c0c817515db055cea33e28d4a10e","42","17","False","0","assets/manor/classic/crop-chili-0.png","2","Crop_9.swf/DefineSprite_2/1.png","state-character","db64a2423bcb9185ca003d386c22654cd570c0c817515db055cea33e28d4a10e","exact","pending-contact-sheet-review"
"9","辣椒","8","1","sprout","发芽","4","Crop_9.swf/DefineSprite_4/1.png","dfda7c2d9e4d852b8276403c323de905900ecf8c0a30bcbe4db57f9aef85b4ff","57","50","False","1","assets/manor/classic/crop-chili-1.png","4","Crop_9.swf/DefineSprite_4/1.png","state-character","dfda7c2d9e4d852b8276403c323de905900ecf8c0a30bcbe4db57f9aef85b4ff","exact","pending-contact-sheet-review"
"9","辣椒","8","2","young","幼苗","7","Crop_9.swf/DefineSprite_7/1.png","6c3545f502f4b2c16fb44dd55f81f81ed0c25d5d9f645f5ef8da58883378e50e","106","82","False","","","","","","","not-current","pending-contact-sheet-review"
"9","辣椒","8","3","growing","生长","14","Crop_9.swf/DefineSprite_14/1.png","bc0c856bf26cc49d09eee67bd611d582ea597f0b289e0d98718a3a7c97f0de89","117","115","False","2","assets/manor/classic/crop-chili-2.png","14","Crop_9.swf/DefineSprite_14/1.png","state-character","bc0c856bf26cc49d09eee67bd611d582ea597f0b289e0d98718a3a7c97f0de89","exact","pending-contact-sheet-review"
"9","辣椒","8","4","pre_mature","成熟前","17","Crop_9.swf/DefineSprite_17/1.png","38ec24d6461e1fc68fab235ba3cb3bc3c3f815613140cbbc2075db86b8530dd9","130","128","False","","","","","","","not-current","pending-contact-sheet-review"
"9","辣椒","8","5","mature","成熟","20","Crop_9.swf/DefineSprite_20/1.png","09b56b4e68c807406fa7b7b875ea296969b49401f229928e7485f20ba9014481","130","128","False","3","assets/manor/classic/crop-chili-3.png","20","Crop_9.swf/DefineSprite_20/1.png","state-character","09b56b4e68c807406fa7b7b875ea296969b49401f229928e7485f20ba9014481","exact","pending-contact-sheet-review"
"9","辣椒","8","6","withered","枯萎","22","Crop_9.swf/DefineSprite_22/1.png","d6a6f31b306ea0342f210da30b05bb6dc4cdfd731ac7353489f434a30c6b1bba","126","55","False","","","","","","","not-current","pending-contact-sheet-review"
"10","南瓜","9","0","seed","种子","2","Crop_10.swf/DefineSprite_2/1.png","1e75b2a99aeaa14220763d25acf65fa0ff908743b2b909b7502163ac656336ca","42","17","False","0","assets/manor/classic/crop-pumpkin-0.png","2","Crop_10.swf/DefineSprite_2/1.png","state-character","1e75b2a99aeaa14220763d25acf65fa0ff908743b2b909b7502163ac656336ca","exact","pending-contact-sheet-review"
"10","南瓜","9","1","sprout","发芽","4","Crop_10.swf/DefineSprite_4/1.png","86b0c43fc1f39ad3c712c954ca58a0a543183bc316ba14ede9bb7976111ed805","33","40","False","1","assets/manor/classic/crop-pumpkin-1.png","4","Crop_10.swf/DefineSprite_4/1.png","state-character","86b0c43fc1f39ad3c712c954ca58a0a543183bc316ba14ede9bb7976111ed805","exact","pending-contact-sheet-review"
"10","南瓜","9","2","young","幼苗","6","Crop_10.swf/DefineSprite_6/1.png","20850b47e9aa784c8b801ad8f6d196a01bbf05f241dd5a39871a6d71923e26a9","89","75","False","","","","","","","not-current","pending-contact-sheet-review"
"10","南瓜","9","3","growing","生长","8","Crop_10.swf/DefineSprite_8/1.png","2c393de9aa354f7858e1880b812ae7ddec71702cac1b69f6edcf3869cb1402bb","132","118","False","2","assets/manor/classic/crop-pumpkin-2.png","8","Crop_10.swf/DefineSprite_8/1.png","state-character","2c393de9aa354f7858e1880b812ae7ddec71702cac1b69f6edcf3869cb1402bb","exact","pending-contact-sheet-review"
"10","南瓜","9","4","pre_mature","成熟前","10","Crop_10.swf/DefineSprite_10/1.png","441065fb845720f70acdbfa2609752ca3c5706ddad9946311f13b914771b9ef1","132","118","False","","","","","","","not-current","pending-contact-sheet-review"
"10","南瓜","9","5","mature","成熟","12","Crop_10.swf/DefineSprite_12/1.png","d6c82361d834a914a19edd545c3de270e7aadd2c9da731b9d46fea3d1f5258cb","113","117","False","3","assets/manor/classic/crop-pumpkin-3.png","12","Crop_10.swf/DefineSprite_12/1.png","state-character","d6c82361d834a914a19edd545c3de270e7aadd2c9da731b9d46fea3d1f5258cb","exact","pending-contact-sheet-review"
"10","南瓜","9","6","withered","枯萎","14","Crop_10.swf/DefineSprite_14/1.png","d6a6f31b306ea0342f210da30b05bb6dc4cdfd731ac7353489f434a30c6b1bba","126","55","False","","","","","","","not-current","pending-contact-sheet-review"
