"source_id","runtime_id","name","runtime_stage","runtime_stage_key","linked_state_index","linked_state_key","source_character_id","source_relationship","source_export_file","source_sha256","runtime_asset","runtime_sha256","visual_review_status","processing_status"
"2","radish","白萝卜","0","seed","0","seed","2","state-character","Crop_2.swf/DefineSprite_2/1.png","1e75b2a99aeaa14220763d25acf65fa0ff908743b2b909b7502163ac656336ca","apps/web/public/assets/manor/classic/crops/2/seed.png","1e75b2a99aeaa14220763d25acf65fa0ff908743b2b909b7502163ac656336ca","reviewed-ok","ready"
"2","radish","白萝卜","1","sprout","1","sprout","4","state-character","Crop_2.swf/DefineSprite_4/1.png","f8bacbc69c95a34f8d3d932c047a1acba431987b0c03d8ca0e50dc7231ee1689","apps/web/public/assets/manor/classic/crops/2/sprout.png","f8bacbc69c95a34f8d3d932c047a1acba431987b0c03d8ca0e50dc7231ee1689","reviewed-ok","ready"
"2","radish","白萝卜","2","young","2","young","6","state-character","Crop_2.swf/DefineSprite_6/1.png","1a157b205342ee2cf249a68c95ea332658b01111281264799b9ddf9b3c1ae0f3","apps/web/public/assets/manor/classic/crops/2/young.png","1a157b205342ee2cf249a68c95ea332658b01111281264799b9ddf9b3c1ae0f3","reviewed-ok","ready"
"2","radish","白萝卜","3","growing","3","growing","8","state-character","Crop_2.swf/DefineSprite_8/1.png","189fa60aec1a9609d3b1bcaa34d985331fd82f26fadb4c9b75c8e948d520f9d5","apps/web/public/assets/manor/classic/crops/2/growing.png","189fa60aec1a9609d3b1bcaa34d985331fd82f26fadb4c9b75c8e948d520f9d5","reviewed-ok","ready"
"2","radish","白萝卜","4","pre_mature","4","pre_mature","8","state-character","Crop_2.swf/DefineSprite_8/1.png","189fa60aec1a9609d3b1bcaa34d985331fd82f26fadb4c9b75c8e948d520f9d5","apps/web/public/assets/manor/classic/crops/2/pre_mature.png","189fa60aec1a9609d3b1bcaa34d985331fd82f26fadb4c9b75c8e948d520f9d5","reviewed-ok","ready"
"2","radish","白萝卜","5","mature","5","mature","17","state-character","Crop_2.swf/DefineSprite_17/1.png","1f32d2a374651f75531a6b3ec03fa19a04fe5e78e642c9fccad9c1903bc07c05","apps/web/public/assets/manor/classic/crops/2/mature.png","1f32d2a374651f75531a6b3ec03fa19a04fe5e78e642c9fccad9c1903bc07c05","reviewed-ok","ready"
"2","radish","白萝卜","6","withered","6","withered","19","state-character","Crop_2.swf/DefineSprite_19/1.png","d6a6f31b306ea0342f210da30b05bb6dc4cdfd731ac7353489f434a30c6b1bba","apps/web/public/assets/manor/classic/crops/2/withered.png","d6a6f31b306ea0342f210da30b05bb6dc4cdfd731ac7353489f434a30c6b1bba","reviewed-ok","ready"
"3","carrot","胡萝卜","0","seed","0","seed","2","state-character","Crop_3.swf/DefineSprite_2/1.png","0e04974b4e580ea85ea6caf89b457bf3a20e1fa43abdf31e1f8f95a65fdcbe1e","apps/web/public/assets/manor/classic/crops/3/seed.png","0e04974b4e580ea85ea6caf89b457bf3a20e1fa43abdf31e1f8f95a65fdcbe1e","reviewed-ok","ready"
"3","carrot","胡萝卜","1","sprout","1","sprout","4","state-character","Crop_3.swf/DefineSprite_4/1.png","f8bacbc69c95a34f8d3d932c047a1acba431987b0c03d8ca0e50dc7231ee1689","apps/web/public/assets/manor/classic/crops/3/sprout.png","f8bacbc69c95a34f8d3d932c047a1acba431987b0c03d8ca0e50dc7231ee1689","reviewed-ok","ready"
"3","carrot","胡萝卜","2","young","2","young","6","state-character","Crop_3.swf/DefineSprite_6/1.png","eb16dd13ad894c32f21d07dee44c3d31da9abec044ae3c27071f29670d20a824","apps/web/public/assets/manor/classic/crops/3/young.png","eb16dd13ad894c32f21d07dee44c3d31da9abec044ae3c27071f29670d20a824","reviewed-ok","ready"
"3","carrot","胡萝卜","3","growing","3","growing","8","state-character","Crop_3.swf/DefineSprite_8/1.png","e58d57eb0af9230ccdbbf0588b0c01e10ecc71785d223f19180acedc291a84f9","apps/web/public/assets/manor/classic/crops/3/growing.png","e58d57eb0af9230ccdbbf0588b0c01e10ecc71785d223f19180acedc291a84f9","reviewed-ok","ready"
"3","carrot","胡萝卜","4","pre_mature","4","pre_mature","8","state-character","Crop_3.swf/DefineSprite_8/1.png","e58d57eb0af9230ccdbbf0588b0c01e10ecc71785d223f19180acedc291a84f9","apps/web/public/assets/manor/classic/crops/3/pre_mature.png","e58d57eb0af9230ccdbbf0588b0c01e10ecc71785d223f19180acedc291a84f9","reviewed-ok","ready"
"3","carrot","胡萝卜","5","mature","5","mature","20","state-character","Crop_3.swf/DefineSprite_20/1.png","dfcf41ae1a5af28b2936203a9ac8c7d1f7ed02fdb32f80efe743a81b74608ed3","apps/web/public/assets/manor/classic/crops/3/mature.png","dfcf41ae1a5af28b2936203a9ac8c7d1f7ed02fdb32f80efe743a81b74608ed3","reviewed-ok","ready"
"3","carrot","胡萝卜","6","withered","6","withered","22","state-character","Crop_3.swf/DefineSprite_22/1.png","d6a6f31b306ea0342f210da30b05bb6dc4cdfd731ac7353489f434a30c6b1bba","apps/web/public/assets/manor/classic/crops/3/withered.png","d6a6f31b306ea0342f210da30b05bb6dc4cdfd731ac7353489f434a30c6b1bba","reviewed-ok","ready"
"40","legacy-40","牧草","0","seed","0","seed","2","state-character","Crop_40.swf/DefineSprite_2/1.png","db64a2423bcb9185ca003d386c22654cd570c0c817515db055cea33e28d4a10e","apps/web/public/assets/manor/classic/crops/40/seed.png","db64a2423bcb9185ca003d386c22654cd570c0c817515db055cea33e28d4a10e","reviewed-ok","ready"
"40","legacy-40","牧草","1","sprout","1","sprout","4","state-character","Crop_40.swf/DefineSprite_4/1.png","c4b61510b003e8df32ccdcf0c69a69c6a55ef87ecde9c876937f010f612df87d","apps/web/public/assets/manor/classic/crops/40/sprout.png","c4b61510b003e8df32ccdcf0c69a69c6a55ef87ecde9c876937f010f612df87d","reviewed-ok","ready"
"40","legacy-40","牧草","2","young","2","young","11","state-character","Crop_40.swf/DefineSprite_11/1.png","e2a370a684f80063a46c639eb0f9d8d148612122d585bc74f8f0d1c2018be8c6","apps/web/public/assets/manor/classic/crops/40/young.png","e2a370a684f80063a46c639eb0f9d8d148612122d585bc74f8f0d1c2018be8c6","reviewed-ok","ready"
"40","legacy-40","牧草","3","growing","3","growing","15","state-character","Crop_40.swf/DefineSprite_15/1.png","3d88e7c66cff4fc042b5889af3dcabc528ce546b0fb8d7c834c0dbdb1b75a695","apps/web/public/assets/manor/classic/crops/40/growing.png","3d88e7c66cff4fc042b5889af3dcabc528ce546b0fb8d7c834c0dbdb1b75a695","reviewed-ok","ready"
"40","legacy-40","牧草","4","pre_mature","4","pre_mature","15","state-character","Crop_40.swf/DefineSprite_15/1.png","3d88e7c66cff4fc042b5889af3dcabc528ce546b0fb8d7c834c0dbdb1b75a695","apps/web/public/assets/manor/classic/crops/40/pre_mature.png","3d88e7c66cff4fc042b5889af3dcabc528ce546b0fb8d7c834c0dbdb1b75a695","reviewed-ok","ready"
"40","legacy-40","牧草","5","mature","5","mature","24","state-character","Crop_40.swf/DefineSprite_24/1.png","14357f149939c9b862708142faa210286be569a1fce3607ee0be0f80315e2a62","apps/web/public/assets/manor/classic/crops/40/mature.png","14357f149939c9b862708142faa210286be569a1fce3607ee0be0f80315e2a62","reviewed-ok","ready"
"40","legacy-40","牧草","6","withered","6","withered","26","state-character","Crop_40.swf/DefineSprite_26/1.png","d6a6f31b306ea0342f210da30b05bb6dc4cdfd731ac7353489f434a30c6b1bba","apps/web/public/assets/manor/classic/crops/40/withered.png","d6a6f31b306ea0342f210da30b05bb6dc4cdfd731ac7353489f434a30c6b1bba","reviewed-ok","ready"
"81","legacy-81","圣诞树","0","seed","0","seed","9","state-character","Crop_81.swf/DefineSprite_9/1.png","bf37df0d7ed71de9b1d8474c39267637ed2af4e08e79ace16afebff224cd5c49","apps/web/public/assets/manor/classic/crops/81/seed.png","bf37df0d7ed71de9b1d8474c39267637ed2af4e08e79ace16afebff224cd5c49","reviewed-ok","ready"
"81","legacy-81","圣诞树","1","sprout","1","sprout","13","state-character","Crop_81.swf/DefineSprite_13/1.png","3d863e1faf83ebd98a5c58f9e91ae0a16a6f216dd9770cbb1c01f0a095d495e9","apps/web/public/assets/manor/classic/crops/81/sprout.png","3d863e1faf83ebd98a5c58f9e91ae0a16a6f216dd9770cbb1c01f0a095d495e9","reviewed-ok","ready"
"81","legacy-81","圣诞树","2","young","2","young","17","state-character","Crop_81.swf/DefineSprite_17/1.png","bc508a883ac127428f6115cb40f23aff011f4920f30ff656a11df84fba437773","apps/web/public/assets/manor/classic/crops/81/young.png","bc508a883ac127428f6115cb40f23aff011f4920f30ff656a11df84fba437773","reviewed-ok","ready"
"81","legacy-81","圣诞树","3","growing","3","growing","23","state-character","Crop_81.swf/DefineSprite_23/1.png","f72c56bb45f32d83e5f3b4f47449fd891d005ab61a48c9831a358b193218fb9a","apps/web/public/assets/manor/classic/crops/81/growing.png","f72c56bb45f32d83e5f3b4f47449fd891d005ab61a48c9831a358b193218fb9a","reviewed-ok","ready"
"81","legacy-81","圣诞树","4","pre_mature","4","pre_mature","28","state-character","Crop_81.swf/DefineSprite_28/1.png","7406ec391879728ff6c8521296dfca91a8dcfe2c26929ea88bf1cf36d1e871fe","apps/web/public/assets/manor/classic/crops/81/pre_mature.png","7406ec391879728ff6c8521296dfca91a8dcfe2c26929ea88bf1cf36d1e871fe","reviewed-ok","ready"
"81","legacy-81","圣诞树","5","mature","5","mature","41","state-character","Crop_81.swf/DefineSprite_41/1.png","875ab78b55024e65fb76fb3c344a170223ae101e68cc57735756ce4af85cd04b","apps/web/public/assets/manor/classic/crops/81/mature.png","875ab78b55024e65fb76fb3c344a170223ae101e68cc57735756ce4af85cd04b","reviewed-ok","ready"
"81","legacy-81","圣诞树","6","withered","6","withered","43","state-character","Crop_81.swf/DefineSprite_43/1.png","d6a6f31b306ea0342f210da30b05bb6dc4cdfd731ac7353489f434a30c6b1bba","apps/web/public/assets/manor/classic/crops/81/withered.png","d6a6f31b306ea0342f210da30b05bb6dc4cdfd731ac7353489f434a30c6b1bba","reviewed-ok","ready"
"59","cabbage","大白菜","0","seed","0","seed","2","state-character","Crop_59.swf/DefineSprite_2/1.png","db64a2423bcb9185ca003d386c22654cd570c0c817515db055cea33e28d4a10e","apps/web/public/assets/manor/classic/crops/59/seed.png","db64a2423bcb9185ca003d386c22654cd570c0c817515db055cea33e28d4a10e","reviewed-ok","ready"
"59","cabbage","大白菜","1","sprout","1","sprout","4","state-character","Crop_59.swf/DefineSprite_4/1.png","9f676e711b3f529ac803e7786bf1264b138935fa85d1fe689c461bd6e0ab97f7","apps/web/public/assets/manor/classic/crops/59/sprout.png","9f676e711b3f529ac803e7786bf1264b138935fa85d1fe689c461bd6e0ab97f7","reviewed-ok","ready"
"59","cabbage","大白菜","2","young","2","young","7","state-character","Crop_59.swf/DefineSprite_7/1.png","55bd79b8eed94310c58ca44e9814a10b475af3d1f37c451c6119d82648ceca49","apps/web/public/assets/manor/classic/crops/59/young.png","55bd79b8eed94310c58ca44e9814a10b475af3d1f37c451c6119d82648ceca49","reviewed-ok","ready"
"59","cabbage","大白菜","3","growing","3","growing","9","state-character","Crop_59.swf/DefineSprite_9/1.png","6fdad5c4f03da5785fd822d49f121048ac0754ff8a47461a7dc53f453aecef70","apps/web/public/assets/manor/classic/crops/59/growing.png","6fdad5c4f03da5785fd822d49f121048ac0754ff8a47461a7dc53f453aecef70","reviewed-ok","ready"
"59","cabbage","大白菜","4","pre_mature","4","pre_mature","11","state-character","Crop_59.swf/DefineSprite_11/1.png","9546e5aadff39901ab7334111241829dad24100caa71da95b5f25a62b7ed4b40","apps/web/public/assets/manor/classic/crops/59/pre_mature.png","9546e5aadff39901ab7334111241829dad24100caa71da95b5f25a62b7ed4b40","reviewed-ok","ready"
"59","cabbage","大白菜","5","mature","5","mature","13","state-character","Crop_59.swf/DefineSprite_13/1.png","7d72766f04c7a1e9c7ecb8cef5822f9a9cae884bd002f6d5e3050285d67a359c","apps/web/public/assets/manor/classic/crops/59/mature.png","7d72766f04c7a1e9c7ecb8cef5822f9a9cae884bd002f6d5e3050285d67a359c","reviewed-ok","ready"
"59","cabbage","大白菜","6","withered","6","withered","15","state-character","Crop_59.swf/DefineSprite_15/1.png","d6a6f31b306ea0342f210da30b05bb6dc4cdfd731ac7353489f434a30c6b1bba","apps/web/public/assets/manor/classic/crops/59/withered.png","d6a6f31b306ea0342f210da30b05bb6dc4cdfd731ac7353489f434a30c6b1bba","reviewed-ok","ready"
"60","rice","水稻","0","seed","0","seed","2","state-character","Crop_60.swf/DefineSprite_2/1.png","db64a2423bcb9185ca003d386c22654cd570c0c817515db055cea33e28d4a10e","apps/web/public/assets/manor/classic/crops/60/seed.png","db64a2423bcb9185ca003d386c22654cd570c0c817515db055cea33e28d4a10e","reviewed-ok","ready"
"60","rice","水稻","1","sprout","2","young","14","nested-character-of-state","Crop_60.swf/DefineSprite_14/1.png","a1a946fd6c9581cae15ba9f43d9bafe6649bbbfde9e016fb3e470b738fa552cd","apps/web/public/assets/manor/classic/crops/60/sprout.png","a1a946fd6c9581cae15ba9f43d9bafe6649bbbfde9e016fb3e470b738fa552cd","reviewed-ok","ready"
"60","rice","水稻","2","young","2","young","14","nested-character-of-state","Crop_60.swf/DefineSprite_14/1.png","a1a946fd6c9581cae15ba9f43d9bafe6649bbbfde9e016fb3e470b738fa552cd","apps/web/public/assets/manor/classic/crops/60/young.png","a1a946fd6c9581cae15ba9f43d9bafe6649bbbfde9e016fb3e470b738fa552cd","reviewed-ok","ready"
"60","rice","水稻","3","growing","4","pre_mature","44","state-character","Crop_60.swf/DefineSprite_44/1.png","275eb5130a9c8817c5b59528322e5ab2c864a9c0d1078045dbd2a27b60f18c62","apps/web/public/assets/manor/classic/crops/60/growing.png","275eb5130a9c8817c5b59528322e5ab2c864a9c0d1078045dbd2a27b60f18c62","reviewed-ok","ready"
"60","rice","水稻","4","pre_mature","4","pre_mature","44","state-character","Crop_60.swf/DefineSprite_44/1.png","275eb5130a9c8817c5b59528322e5ab2c864a9c0d1078045dbd2a27b60f18c62","apps/web/public/assets/manor/classic/crops/60/pre_mature.png","275eb5130a9c8817c5b59528322e5ab2c864a9c0d1078045dbd2a27b60f18c62","reviewed-ok","ready"
"60","rice","水稻","5","mature","5","mature","62","state-character","Crop_60.swf/DefineSprite_62/1.png","e38f5e36c488b20ca19889832a3035e2cc80053fb6c3b46182f7ea06d4bf9953","apps/web/public/assets/manor/classic/crops/60/mature.png","e38f5e36c488b20ca19889832a3035e2cc80053fb6c3b46182f7ea06d4bf9953","reviewed-ok","ready"
"60","rice","水稻","6","withered","6","withered","64","state-character","Crop_60.swf/DefineSprite_64/1.png","d6a6f31b306ea0342f210da30b05bb6dc4cdfd731ac7353489f434a30c6b1bba","apps/web/public/assets/manor/classic/crops/60/withered.png","d6a6f31b306ea0342f210da30b05bb6dc4cdfd731ac7353489f434a30c6b1bba","reviewed-ok","ready"
"61","wheat","小麦","0","seed","0","seed","2","state-character","Crop_61.swf/DefineSprite_2/1.png","db64a2423bcb9185ca003d386c22654cd570c0c817515db055cea33e28d4a10e","apps/web/public/assets/manor/classic/crops/61/seed.png","db64a2423bcb9185ca003d386c22654cd570c0c817515db055cea33e28d4a10e","reviewed-ok","ready"
"61","wheat","小麦","1","sprout","1","sprout","4","state-character","Crop_61.swf/DefineSprite_4/1.png","41ca2385b1c208f2f9dfc2370c8dd3582db2b9668597934863c0cbc04eb520a0","apps/web/public/assets/manor/classic/crops/61/sprout.png","41ca2385b1c208f2f9dfc2370c8dd3582db2b9668597934863c0cbc04eb520a0","reviewed-ok","ready"
"61","wheat","小麦","2","young","2","young","12","state-character","Crop_61.swf/DefineSprite_12/1.png","e30d54949aae48a5c6f280b46ac42505e2e95741d8649b25d3b95971a3e5be44","apps/web/public/assets/manor/classic/crops/61/young.png","e30d54949aae48a5c6f280b46ac42505e2e95741d8649b25d3b95971a3e5be44","reviewed-ok","ready"
"61","wheat","小麦","3","growing","4","pre_mature","22","state-character","Crop_61.swf/DefineSprite_22/1.png","4702ff6524d3224c789661b12ef522051c046aff07874e35885a558f88dde49e","apps/web/public/assets/manor/classic/crops/61/growing.png","4702ff6524d3224c789661b12ef522051c046aff07874e35885a558f88dde49e","reviewed-ok","ready"
"61","wheat","小麦","4","pre_mature","4","pre_mature","22","state-character","Crop_61.swf/DefineSprite_22/1.png","4702ff6524d3224c789661b12ef522051c046aff07874e35885a558f88dde49e","apps/web/public/assets/manor/classic/crops/61/pre_mature.png","4702ff6524d3224c789661b12ef522051c046aff07874e35885a558f88dde49e","reviewed-ok","ready"
"61","wheat","小麦","5","mature","5","mature","36","state-character","Crop_61.swf/DefineSprite_36/1.png","3b2c5e9d8201fe9eaf1b24ad2bf487a9ec078b5622f654c1161934c4d306360d","apps/web/public/assets/manor/classic/crops/61/mature.png","3b2c5e9d8201fe9eaf1b24ad2bf487a9ec078b5622f654c1161934c4d306360d","reviewed-ok","ready"
"61","wheat","小麦","6","withered","6","withered","38","state-character","Crop_61.swf/DefineSprite_38/1.png","d6a6f31b306ea0342f210da30b05bb6dc4cdfd731ac7353489f434a30c6b1bba","apps/web/public/assets/manor/classic/crops/61/withered.png","d6a6f31b306ea0342f210da30b05bb6dc4cdfd731ac7353489f434a30c6b1bba","reviewed-ok","ready"
"4","corn","玉米","0","seed","0","seed","2","state-character","Crop_4.swf/DefineSprite_2/1.png","1e75b2a99aeaa14220763d25acf65fa0ff908743b2b909b7502163ac656336ca","apps/web/public/assets/manor/classic/crops/4/seed.png","1e75b2a99aeaa14220763d25acf65fa0ff908743b2b909b7502163ac656336ca","reviewed-ok","ready"
"4","corn","玉米","1","sprout","1","sprout","4","state-character","Crop_4.swf/DefineSprite_4/1.png","bb94d861aede00382736e4557e56ffa5b81e22214438b2b8c074c58c941110b1","apps/web/public/assets/manor/classic/crops/4/sprout.png","bb94d861aede00382736e4557e56ffa5b81e22214438b2b8c074c58c941110b1","reviewed-ok","ready"
"4","corn","玉米","2","young","2","young","6","state-character","Crop_4.swf/DefineSprite_6/1.png","570282f093e7a335bca946f47731ca080de573150b1db5e78e24ccea6a06ad31","apps/web/public/assets/manor/classic/crops/4/young.png","570282f093e7a335bca946f47731ca080de573150b1db5e78e24ccea6a06ad31","reviewed-ok","ready"
"4","corn","玉米","3","growing","3","growing","8","state-character","Crop_4.swf/DefineSprite_8/1.png","b8a4953ba55775c10f33be2f96d0cd092c351a75aff1ec0319d463fa9d294f08","apps/web/public/assets/manor/classic/crops/4/growing.png","b8a4953ba55775c10f33be2f96d0cd092c351a75aff1ec0319d463fa9d294f08","reviewed-ok","ready"
"4","corn","玉米","4","pre_mature","4","pre_mature","10","state-character","Crop_4.swf/DefineSprite_10/1.png","ae23a29875e0309cea191042a85308c56b2b1f3a054ed1b941300586c98efa65","apps/web/public/assets/manor/classic/crops/4/pre_mature.png","ae23a29875e0309cea191042a85308c56b2b1f3a054ed1b941300586c98efa65","reviewed-ok","ready"
"4","corn","玉米","5","mature","5","mature","12","state-character","Crop_4.swf/DefineSprite_12/1.png","84c3544931ba6b518f5e7fc78930c3da53b740e9a84675c6e276dbbdf173ddfd","apps/web/public/assets/manor/classic/crops/4/mature.png","84c3544931ba6b518f5e7fc78930c3da53b740e9a84675c6e276dbbdf173ddfd","reviewed-ok","ready"
"4","corn","玉米","6","withered","6","withered","14","state-character","Crop_4.swf/DefineSprite_14/1.png","d6a6f31b306ea0342f210da30b05bb6dc4cdfd731ac7353489f434a30c6b1bba","apps/web/public/assets/manor/classic/crops/4/withered.png","d6a6f31b306ea0342f210da30b05bb6dc4cdfd731ac7353489f434a30c6b1bba","reviewed-ok","ready"
"5","potato","土豆","0","seed","0","seed","2","state-character","Crop_5.swf/DefineSprite_2/1.png","1e75b2a99aeaa14220763d25acf65fa0ff908743b2b909b7502163ac656336ca","apps/web/public/assets/manor/classic/crops/5/seed.png","1e75b2a99aeaa14220763d25acf65fa0ff908743b2b909b7502163ac656336ca","reviewed-ok","ready"
"5","potato","土豆","1","sprout","1","sprout","4","state-character","Crop_5.swf/DefineSprite_4/1.png","e065f98317c0ac53d93fc87931c46f0f9d6d2a2ef6bf514ae2ecd3f777660247","apps/web/public/assets/manor/classic/crops/5/sprout.png","e065f98317c0ac53d93fc87931c46f0f9d6d2a2ef6bf514ae2ecd3f777660247","reviewed-ok","ready"
"5","potato","土豆","2","young","2","young","6","state-character","Crop_5.swf/DefineSprite_6/1.png","03658b2511dc40932e7ce4bea2d937e967bff33eb74139046c94cff7d0aa83e6","apps/web/public/assets/manor/classic/crops/5/young.png","03658b2511dc40932e7ce4bea2d937e967bff33eb74139046c94cff7d0aa83e6","reviewed-ok","ready"
"5","potato","土豆","3","growing","3","growing","16","state-character","Crop_5.swf/DefineSprite_16/1.png","d1d281a120678cc28658e63035a4b7f787f3e573ed4914dbee1ef5f145d7dc21","apps/web/public/assets/manor/classic/crops/5/growing.png","d1d281a120678cc28658e63035a4b7f787f3e573ed4914dbee1ef5f145d7dc21","reviewed-ok","ready"
"5","potato","土豆","4","pre_mature","4","pre_mature","20","state-character","Crop_5.swf/DefineSprite_20/1.png","f141968cf69f7e5e5852087c9ca224a80fac720eaa8df4e0ea758bf2feadaeb7","apps/web/public/assets/manor/classic/crops/5/pre_mature.png","f141968cf69f7e5e5852087c9ca224a80fac720eaa8df4e0ea758bf2feadaeb7","reviewed-ok","ready"
"5","potato","土豆","5","mature","5","mature","23","state-character","Crop_5.swf/DefineSprite_23/1.png","897b82ca0487c8b16aa378d2ca0726ea044fa86aab9e96f86d978fb988f4d943","apps/web/public/assets/manor/classic/crops/5/mature.png","897b82ca0487c8b16aa378d2ca0726ea044fa86aab9e96f86d978fb988f4d943","reviewed-ok","ready"
"5","potato","土豆","6","withered","6","withered","25","state-character","Crop_5.swf/DefineSprite_25/1.png","3b8740077b01607fba3cecfc38060fcca8e4e257161581c52be0a1ad233ddea7","apps/web/public/assets/manor/classic/crops/5/withered.png","3b8740077b01607fba3cecfc38060fcca8e4e257161581c52be0a1ad233ddea7","reviewed-ok","ready"
"6","eggplant","茄子","0","seed","0","seed","2","state-character","Crop_6.swf/DefineSprite_2/1.png","a77859d654afa00395552a1090d7fec9dbebb7561894ee3357108e9896f90351","apps/web/public/assets/manor/classic/crops/6/seed.png","a77859d654afa00395552a1090d7fec9dbebb7561894ee3357108e9896f90351","reviewed-ok","ready"
"6","eggplant","茄子","1","sprout","1","sprout","4","state-character","Crop_6.swf/DefineSprite_4/1.png","450264625a62851b9a45343e6339a016db5068db366902e90b29d3d0d73f2ed0","apps/web/public/assets/manor/classic/crops/6/sprout.png","450264625a62851b9a45343e6339a016db5068db366902e90b29d3d0d73f2ed0","reviewed-ok","ready"
"6","eggplant","茄子","2","young","2","young","6","state-character","Crop_6.swf/DefineSprite_6/1.png","cf895e33c96f5da7a987b778ea856528b736ca54999da30081fc8bc2d57c726b","apps/web/public/assets/manor/classic/crops/6/young.png","cf895e33c96f5da7a987b778ea856528b736ca54999da30081fc8bc2d57c726b","reviewed-ok","ready"
"6","eggplant","茄子","3","growing","3","growing","10","state-character","Crop_6.swf/DefineSprite_10/1.png","5b4bcb7b186cff78f6fe49ec366aec6a9cb3017cf54fc7314c7a848f636edb8f","apps/web/public/assets/manor/classic/crops/6/growing.png","5b4bcb7b186cff78f6fe49ec366aec6a9cb3017cf54fc7314c7a848f636edb8f","reviewed-ok","ready"
"6","eggplant","茄子","4","pre_mature","4","pre_mature","13","state-character","Crop_6.swf/DefineSprite_13/1.png","176a25cc8c70f3195a19b0142343e2a479a1c3da55dbcbeecbc3968743195850","apps/web/public/assets/manor/classic/crops/6/pre_mature.png","176a25cc8c70f3195a19b0142343e2a479a1c3da55dbcbeecbc3968743195850","reviewed-ok","ready"
"6","eggplant","茄子","5","mature","5","mature","16","state-character","Crop_6.swf/DefineSprite_16/1.png","3583e4435f905bfb285a46947b9570b3cfe39f5a49df719b886b3f27e53ebb53","apps/web/public/assets/manor/classic/crops/6/mature.png","3583e4435f905bfb285a46947b9570b3cfe39f5a49df719b886b3f27e53ebb53","reviewed-ok","ready"
"6","eggplant","茄子","6","withered","6","withered","18","state-character","Crop_6.swf/DefineSprite_18/1.png","d6a6f31b306ea0342f210da30b05bb6dc4cdfd731ac7353489f434a30c6b1bba","apps/web/public/assets/manor/classic/crops/6/withered.png","d6a6f31b306ea0342f210da30b05bb6dc4cdfd731ac7353489f434a30c6b1bba","reviewed-ok","ready"
"51","legacy-51","红枣","0","seed","0","seed","2","state-character","Crop_51.swf/DefineSprite_2/1.png","1e75b2a99aeaa14220763d25acf65fa0ff908743b2b909b7502163ac656336ca","apps/web/public/assets/manor/classic/crops/51/seed.png","1e75b2a99aeaa14220763d25acf65fa0ff908743b2b909b7502163ac656336ca","reviewed-ok","ready"
"51","legacy-51","红枣","1","sprout","1","sprout","8","state-character","Crop_51.swf/DefineSprite_8/1.png","038721947f669469e48b193161017f99a3404b47b64843885a06bf7d176e5612","apps/web/public/assets/manor/classic/crops/51/sprout.png","038721947f669469e48b193161017f99a3404b47b64843885a06bf7d176e5612","reviewed-ok","ready"
"51","legacy-51","红枣","2","young","2","young","11","state-character","Crop_51.swf/DefineSprite_11/1.png","5a2ac2777717c2ba40275cdb02e1d7b894c99da7d9916c8bbe51d4f1f9f9aaa3","apps/web/public/assets/manor/classic/crops/51/young.png","5a2ac2777717c2ba40275cdb02e1d7b894c99da7d9916c8bbe51d4f1f9f9aaa3","reviewed-ok","ready"
"51","legacy-51","红枣","3","growing","3","growing","13","state-character","Crop_51.swf/DefineSprite_13/1.png","0f94317eb7c462c3b69f5f64cc2812f01b0369892bed470310a8abbd7df0da09","apps/web/public/assets/manor/classic/crops/51/growing.png","0f94317eb7c462c3b69f5f64cc2812f01b0369892bed470310a8abbd7df0da09","reviewed-ok","ready"
"51","legacy-51","红枣","4","pre_mature","4","pre_mature","16","state-character","Crop_51.swf/DefineSprite_16/1.png","f2391e42b7db850a92378b47e0c6b387c7094a3b29b67dbce4c23d83da2f26c0","apps/web/public/assets/manor/classic/crops/51/pre_mature.png","f2391e42b7db850a92378b47e0c6b387c7094a3b29b67dbce4c23d83da2f26c0","reviewed-ok","ready"
"51","legacy-51","红枣","5","mature","5","mature","19","state-character","Crop_51.swf/DefineSprite_19/1.png","f68bf6a6fad196e8dbe263e48d19761e6090c636b7d81d8900de0c727b6eeeb8","apps/web/public/assets/manor/classic/crops/51/mature.png","f68bf6a6fad196e8dbe263e48d19761e6090c636b7d81d8900de0c727b6eeeb8","reviewed-ok","ready"
"51","legacy-51","红枣","6","withered","6","withered","21","state-character","Crop_51.swf/DefineSprite_21/1.png","3b8740077b01607fba3cecfc38060fcca8e4e257161581c52be0a1ad233ddea7","apps/web/public/assets/manor/classic/crops/51/withered.png","3b8740077b01607fba3cecfc38060fcca8e4e257161581c52be0a1ad233ddea7","reviewed-ok","ready"
"7","tomato","番茄","0","seed","0","seed","2","state-character","Crop_7.swf/DefineSprite_2/1.png","1e75b2a99aeaa14220763d25acf65fa0ff908743b2b909b7502163ac656336ca","apps/web/public/assets/manor/classic/crops/7/seed.png","1e75b2a99aeaa14220763d25acf65fa0ff908743b2b909b7502163ac656336ca","reviewed-ok","ready"
"7","tomato","番茄","1","sprout","1","sprout","4","state-character","Crop_7.swf/DefineSprite_4/1.png","9151f63ee822e45726e100b2b71f698686fda8239df46dce873e3d7ca2cafc01","apps/web/public/assets/manor/classic/crops/7/sprout.png","9151f63ee822e45726e100b2b71f698686fda8239df46dce873e3d7ca2cafc01","reviewed-ok","ready"
"7","tomato","番茄","2","young","2","young","6","state-character","Crop_7.swf/DefineSprite_6/1.png","ace5d23aac7fedb737808e094ad892fc64e3154445f5e3575a5adad72dbdd233","apps/web/public/assets/manor/classic/crops/7/young.png","ace5d23aac7fedb737808e094ad892fc64e3154445f5e3575a5adad72dbdd233","reviewed-ok","ready"
"7","tomato","番茄","3","growing","3","growing","9","state-character","Crop_7.swf/DefineSprite_9/1.png","51d6917fc1503bdff11bd7677d096d3ced80638adbc126935dfcf7272c1d8485","apps/web/public/assets/manor/classic/crops/7/growing.png","51d6917fc1503bdff11bd7677d096d3ced80638adbc126935dfcf7272c1d8485","reviewed-ok","ready"
"7","tomato","番茄","4","pre_mature","4","pre_mature","12","state-character","Crop_7.swf/DefineSprite_12/1.png","503ad72f51cc8ff4263e2b01b8f3cc57f1f8612983a5b18c3ef8e61a0161a342","apps/web/public/assets/manor/classic/crops/7/pre_mature.png","503ad72f51cc8ff4263e2b01b8f3cc57f1f8612983a5b18c3ef8e61a0161a342","reviewed-ok","ready"
"7","tomato","番茄","5","mature","5","mature","17","state-character","Crop_7.swf/DefineSprite_17/1.png","7142f2a8c3727bc57e27766c7dda9857c98bbf3370e0888e68be8d1028355e4a","apps/web/public/assets/manor/classic/crops/7/mature.png","7142f2a8c3727bc57e27766c7dda9857c98bbf3370e0888e68be8d1028355e4a","reviewed-ok","ready"
"7","tomato","番茄","6","withered","6","withered","19","state-character","Crop_7.swf/DefineSprite_19/1.png","d6a6f31b306ea0342f210da30b05bb6dc4cdfd731ac7353489f434a30c6b1bba","apps/web/public/assets/manor/classic/crops/7/withered.png","d6a6f31b306ea0342f210da30b05bb6dc4cdfd731ac7353489f434a30c6b1bba","reviewed-ok","ready"
"105","legacy-105","小雏菊","0","seed","0","seed","2","state-character","Crop_105.swf/DefineSprite_2/1.png","db64a2423bcb9185ca003d386c22654cd570c0c817515db055cea33e28d4a10e","apps/web/public/assets/manor/classic/crops/105/seed.png","db64a2423bcb9185ca003d386c22654cd570c0c817515db055cea33e28d4a10e","reviewed-ok","ready"
"105","legacy-105","小雏菊","1","sprout","1","sprout","6","state-character","Crop_105.swf/DefineSprite_6/1.png","f56efdbd8172bbf23f483813cbe2d433593a932031056dbb0e784e9f8ca93ab7","apps/web/public/assets/manor/classic/crops/105/sprout.png","f56efdbd8172bbf23f483813cbe2d433593a932031056dbb0e784e9f8ca93ab7","reviewed-ok","ready"
"105","legacy-105","小雏菊","2","young","2","young","12","state-character","Crop_105.swf/DefineSprite_12/1.png","2d0a85c2b17c325f0773ae596c93cb0fb6698a540792d9d2f80eb1b64b2ef09f","apps/web/public/assets/manor/classic/crops/105/young.png","2d0a85c2b17c325f0773ae596c93cb0fb6698a540792d9d2f80eb1b64b2ef09f","reviewed-ok","ready"
"105","legacy-105","小雏菊","3","growing","3","growing","14","state-character","Crop_105.swf/DefineSprite_14/1.png","07f0524bdc7869cc7e8ba2ca3211d42f2c24e32783f6f0f52920c26a8194b384","apps/web/public/assets/manor/classic/crops/105/growing.png","07f0524bdc7869cc7e8ba2ca3211d42f2c24e32783f6f0f52920c26a8194b384","reviewed-ok","ready"
"105","legacy-105","小雏菊","4","pre_mature","4","pre_mature","23","state-character","Crop_105.swf/DefineSprite_23/1.png","16d120eee1afe7ce0d9c59c64afd948dbd8d0794fdb05b33993ef733e79df65e","apps/web/public/assets/manor/classic/crops/105/pre_mature.png","16d120eee1afe7ce0d9c59c64afd948dbd8d0794fdb05b33993ef733e79df65e","reviewed-ok","ready"
"105","legacy-105","小雏菊","5","mature","5","mature","29","state-character","Crop_105.swf/DefineSprite_29/1.png","9d8ed857320ae1420dbe5823269a98904e4851fe110c5ada9aa8925e73728035","apps/web/public/assets/manor/classic/crops/105/mature.png","9d8ed857320ae1420dbe5823269a98904e4851fe110c5ada9aa8925e73728035","reviewed-ok","ready"
"105","legacy-105","小雏菊","6","withered","6","withered","31","state-character","Crop_105.swf/DefineSprite_31/1.png","d6a6f31b306ea0342f210da30b05bb6dc4cdfd731ac7353489f434a30c6b1bba","apps/web/public/assets/manor/classic/crops/105/withered.png","d6a6f31b306ea0342f210da30b05bb6dc4cdfd731ac7353489f434a30c6b1bba","reviewed-ok","ready"
"8","pea","豌豆","0","seed","0","seed","2","state-character","Crop_8.swf/DefineSprite_2/1.png","1e75b2a99aeaa14220763d25acf65fa0ff908743b2b909b7502163ac656336ca","apps/web/public/assets/manor/classic/crops/8/seed.png","1e75b2a99aeaa14220763d25acf65fa0ff908743b2b909b7502163ac656336ca","reviewed-ok","ready"
"8","pea","豌豆","1","sprout","1","sprout","4","state-character","Crop_8.swf/DefineSprite_4/1.png","b58b7c5d913064aad32e3ab3ba7dc6d21002de9e5f471166ed3ed46c44204419","apps/web/public/assets/manor/classic/crops/8/sprout.png","b58b7c5d913064aad32e3ab3ba7dc6d21002de9e5f471166ed3ed46c44204419","reviewed-ok","ready"
"8","pea","豌豆","2","young","2","young","6","state-character","Crop_8.swf/DefineSprite_6/1.png","5ccb2fc401003e40a4a648bf778b9d89ed8ac1241fc85091bd19eba746cea09e","apps/web/public/assets/manor/classic/crops/8/young.png","5ccb2fc401003e40a4a648bf778b9d89ed8ac1241fc85091bd19eba746cea09e","reviewed-ok","ready"
"8","pea","豌豆","3","growing","3","growing","8","state-character","Crop_8.swf/DefineSprite_8/1.png","d28e3d2201c608c40c555133426efc2d7d332283865939f35a30372938251da3","apps/web/public/assets/manor/classic/crops/8/growing.png","d28e3d2201c608c40c555133426efc2d7d332283865939f35a30372938251da3","reviewed-ok","ready"
"8","pea","豌豆","4","pre_mature","4","pre_mature","10","state-character","Crop_8.swf/DefineSprite_10/1.png","bdb6831a3c85a9b0434985e96b624eb349143c6ffaa2fdab72805831179eb164","apps/web/public/assets/manor/classic/crops/8/pre_mature.png","bdb6831a3c85a9b0434985e96b624eb349143c6ffaa2fdab72805831179eb164","reviewed-ok","ready"
"8","pea","豌豆","5","mature","5","mature","12","state-character","Crop_8.swf/DefineSprite_12/1.png","0b7fc03c058db9330b0e64828190e20f46adbfcb5e53555f13dfa359d477a006","apps/web/public/assets/manor/classic/crops/8/mature.png","0b7fc03c058db9330b0e64828190e20f46adbfcb5e53555f13dfa359d477a006","reviewed-ok","ready"
"8","pea","豌豆","6","withered","6","withered","14","state-character","Crop_8.swf/DefineSprite_14/1.png","d6a6f31b306ea0342f210da30b05bb6dc4cdfd731ac7353489f434a30c6b1bba","apps/web/public/assets/manor/classic/crops/8/withered.png","d6a6f31b306ea0342f210da30b05bb6dc4cdfd731ac7353489f434a30c6b1bba","reviewed-ok","ready"
"41","legacy-41","红玫瑰","0","seed","0","seed","2","state-character","Crop_41.swf/DefineSprite_2/1.png","fddeab2cfb58dccc7f9e786ec26d04bbb8e3b91f0f2d97df20f56b67d432e734","apps/web/public/assets/manor/classic/crops/41/seed.png","fddeab2cfb58dccc7f9e786ec26d04bbb8e3b91f0f2d97df20f56b67d432e734","reviewed-ok","ready"
"41","legacy-41","红玫瑰","1","sprout","1","sprout","6","state-character","Crop_41.swf/DefineSprite_6/1.png","fb06fc9e83883383cf08894e4d2a4678a398670afebf5748ac57bbb7a1cf96ff","apps/web/public/assets/manor/classic/crops/41/sprout.png","fb06fc9e83883383cf08894e4d2a4678a398670afebf5748ac57bbb7a1cf96ff","reviewed-ok","ready"
"41","legacy-41","红玫瑰","2","young","2","young","11","state-character","Crop_41.swf/DefineSprite_11/1.png","39cdb2a83c5433550f17e8c9f959f41ee190143bfdde1f88973b0b46275ff44d","apps/web/public/assets/manor/classic/crops/41/young.png","39cdb2a83c5433550f17e8c9f959f41ee190143bfdde1f88973b0b46275ff44d","reviewed-ok","ready"
"41","legacy-41","红玫瑰","3","growing","3","growing","19","state-character","Crop_41.swf/DefineSprite_19/1.png","2bc25c9d7084c214f0040daad7451395c6867ffda587e690894a03458240588f","apps/web/public/assets/manor/classic/crops/41/growing.png","2bc25c9d7084c214f0040daad7451395c6867ffda587e690894a03458240588f","reviewed-ok","ready"
"41","legacy-41","红玫瑰","4","pre_mature","4","pre_mature","25","state-character","Crop_41.swf/DefineSprite_25/1.png","027dc52ebf1eb0236ea377eed84719ce1dc470983f66a392bfec7b54497e97c5","apps/web/public/assets/manor/classic/crops/41/pre_mature.png","027dc52ebf1eb0236ea377eed84719ce1dc470983f66a392bfec7b54497e97c5","reviewed-ok","ready"
"41","legacy-41","红玫瑰","5","mature","5","mature","37","state-character","Crop_41.swf/DefineSprite_37/1.png","6fd7dfea89d2f68cd61107f57a904987a820a2d1553c817a46b8833c37af178c","apps/web/public/assets/manor/classic/crops/41/mature.png","6fd7dfea89d2f68cd61107f57a904987a820a2d1553c817a46b8833c37af178c","reviewed-ok","ready"
"41","legacy-41","红玫瑰","6","withered","6","withered","39","state-character","Crop_41.swf/DefineSprite_39/1.png","d6a6f31b306ea0342f210da30b05bb6dc4cdfd731ac7353489f434a30c6b1bba","apps/web/public/assets/manor/classic/crops/41/withered.png","d6a6f31b306ea0342f210da30b05bb6dc4cdfd731ac7353489f434a30c6b1bba","reviewed-ok","ready"
"9","chili","辣椒","0","seed","0","seed","2","state-character","Crop_9.swf/DefineSprite_2/1.png","db64a2423bcb9185ca003d386c22654cd570c0c817515db055cea33e28d4a10e","apps/web/public/assets/manor/classic/crops/9/seed.png","db64a2423bcb9185ca003d386c22654cd570c0c817515db055cea33e28d4a10e","reviewed-ok","ready"
"9","chili","辣椒","1","sprout","1","sprout","4","state-character","Crop_9.swf/DefineSprite_4/1.png","2f41331398320f5a407bd56dc787651f504dfda784764fa690bf74ee275b175b","apps/web/public/assets/manor/classic/crops/9/sprout.png","2f41331398320f5a407bd56dc787651f504dfda784764fa690bf74ee275b175b","reviewed-ok","ready"
"9","chili","辣椒","2","young","2","young","7","state-character","Crop_9.swf/DefineSprite_7/1.png","579bd08c16d3283e206fa71e979e60d39ec6069857fdec93681e60b7ee29b28e","apps/web/public/assets/manor/classic/crops/9/young.png","579bd08c16d3283e206fa71e979e60d39ec6069857fdec93681e60b7ee29b28e","reviewed-ok","ready"
"9","chili","辣椒","3","growing","3","growing","14","state-character","Crop_9.swf/DefineSprite_14/1.png","5bc5c9a16b2b235dffac5b9fb4411254f5b5b0fd8184fc29d09b07e97e3a8897","apps/web/public/assets/manor/classic/crops/9/growing.png","5bc5c9a16b2b235dffac5b9fb4411254f5b5b0fd8184fc29d09b07e97e3a8897","reviewed-ok","ready"
"9","chili","辣椒","4","pre_mature","4","pre_mature","17","state-character","Crop_9.swf/DefineSprite_17/1.png","35c127c5d6e04e4e46b2d35ffd1b198122af25de7750caa0cc982d5388699a04","apps/web/public/assets/manor/classic/crops/9/pre_mature.png","35c127c5d6e04e4e46b2d35ffd1b198122af25de7750caa0cc982d5388699a04","reviewed-ok","ready"
"9","chili","辣椒","5","mature","5","mature","20","state-character","Crop_9.swf/DefineSprite_20/1.png","cfa44b34222d1eef7515ff46808415a3be7ba7c3a9a5547810215761b055b65b","apps/web/public/assets/manor/classic/crops/9/mature.png","cfa44b34222d1eef7515ff46808415a3be7ba7c3a9a5547810215761b055b65b","reviewed-ok","ready"
"9","chili","辣椒","6","withered","6","withered","22","state-character","Crop_9.swf/DefineSprite_22/1.png","d6a6f31b306ea0342f210da30b05bb6dc4cdfd731ac7353489f434a30c6b1bba","apps/web/public/assets/manor/classic/crops/9/withered.png","d6a6f31b306ea0342f210da30b05bb6dc4cdfd731ac7353489f434a30c6b1bba","reviewed-ok","ready"
"103","legacy-103","天香百合","0","seed","0","seed","2","state-character","Crop_103.swf/DefineSprite_2/1.png","db64a2423bcb9185ca003d386c22654cd570c0c817515db055cea33e28d4a10e","apps/web/public/assets/manor/classic/crops/103/seed.png","db64a2423bcb9185ca003d386c22654cd570c0c817515db055cea33e28d4a10e","reviewed-ok","ready"
"103","legacy-103","天香百合","1","sprout","1","sprout","4","state-character","Crop_103.swf/DefineSprite_4/1.png","1a9952330a2f85f777ecc2365f4de10a2436a1c440c17f0bcbc8561bd254ae85","apps/web/public/assets/manor/classic/crops/103/sprout.png","1a9952330a2f85f777ecc2365f4de10a2436a1c440c17f0bcbc8561bd254ae85","reviewed-ok","ready"
"103","legacy-103","天香百合","2","young","2","young","10","state-character","Crop_103.swf/DefineSprite_10/1.png","f36c3895c3d17a09e2cbbebd38108689a7bea0dc5ffefa7b75a2b02a9701ca73","apps/web/public/assets/manor/classic/crops/103/young.png","f36c3895c3d17a09e2cbbebd38108689a7bea0dc5ffefa7b75a2b02a9701ca73","reviewed-ok","ready"
"103","legacy-103","天香百合","3","growing","3","growing","16","state-character","Crop_103.swf/DefineSprite_16/1.png","03222b70ade0456ee4897735b82132d7380a1f2cb621a554b3a4f58702678c34","apps/web/public/assets/manor/classic/crops/103/growing.png","03222b70ade0456ee4897735b82132d7380a1f2cb621a554b3a4f58702678c34","reviewed-ok","ready"
"103","legacy-103","天香百合","4","pre_mature","4","pre_mature","21","state-character","Crop_103.swf/DefineSprite_21/1.png","2965f874de1cb2b2c3d20ed3bed292fc53a2074fd63ceefe15941b73446a24b0","apps/web/public/assets/manor/classic/crops/103/pre_mature.png","2965f874de1cb2b2c3d20ed3bed292fc53a2074fd63ceefe15941b73446a24b0","reviewed-ok","ready"
"103","legacy-103","天香百合","5","mature","5","mature","27","state-character","Crop_103.swf/DefineSprite_27/1.png","ae593491adcee9b1d2870b61549fab469c16564b2d18784e27a81b2ef9eafb0c","apps/web/public/assets/manor/classic/crops/103/mature.png","ae593491adcee9b1d2870b61549fab469c16564b2d18784e27a81b2ef9eafb0c","reviewed-ok","ready"
"103","legacy-103","天香百合","6","withered","6","withered","29","state-character","Crop_103.swf/DefineSprite_29/1.png","d6a6f31b306ea0342f210da30b05bb6dc4cdfd731ac7353489f434a30c6b1bba","apps/web/public/assets/manor/classic/crops/103/withered.png","d6a6f31b306ea0342f210da30b05bb6dc4cdfd731ac7353489f434a30c6b1bba","reviewed-ok","ready"
"10","pumpkin","南瓜","0","seed","0","seed","2","state-character","Crop_10.swf/DefineSprite_2/1.png","1e75b2a99aeaa14220763d25acf65fa0ff908743b2b909b7502163ac656336ca","apps/web/public/assets/manor/classic/crops/10/seed.png","1e75b2a99aeaa14220763d25acf65fa0ff908743b2b909b7502163ac656336ca","reviewed-ok","ready"
"10","pumpkin","南瓜","1","sprout","1","sprout","4","state-character","Crop_10.swf/DefineSprite_4/1.png","86b0c43fc1f39ad3c712c954ca58a0a543183bc316ba14ede9bb7976111ed805","apps/web/public/assets/manor/classic/crops/10/sprout.png","86b0c43fc1f39ad3c712c954ca58a0a543183bc316ba14ede9bb7976111ed805","reviewed-ok","ready"
"10","pumpkin","南瓜","2","young","2","young","6","state-character","Crop_10.swf/DefineSprite_6/1.png","0d14d31ef5caf1bbe5559e8efa668e2c6bfc018c3312a83c265c4ebe3f20f5c9","apps/web/public/assets/manor/classic/crops/10/young.png","0d14d31ef5caf1bbe5559e8efa668e2c6bfc018c3312a83c265c4ebe3f20f5c9","reviewed-ok","ready"
"10","pumpkin","南瓜","3","growing","3","growing","8","state-character","Crop_10.swf/DefineSprite_8/1.png","2c393de9aa354f7858e1880b812ae7ddec71702cac1b69f6edcf3869cb1402bb","apps/web/public/assets/manor/classic/crops/10/growing.png","2c393de9aa354f7858e1880b812ae7ddec71702cac1b69f6edcf3869cb1402bb","reviewed-ok","ready"
"10","pumpkin","南瓜","4","pre_mature","4","pre_mature","10","state-character","Crop_10.swf/DefineSprite_10/1.png","441065fb845720f70acdbfa2609752ca3c5706ddad9946311f13b914771b9ef1","apps/web/public/assets/manor/classic/crops/10/pre_mature.png","441065fb845720f70acdbfa2609752ca3c5706ddad9946311f13b914771b9ef1","reviewed-ok","ready"
"10","pumpkin","南瓜","5","mature","5","mature","12","state-character","Crop_10.swf/DefineSprite_12/1.png","11c1f88dd0194ca380e2a1fa4cfff574d5bd011f46652df633f1d9407869c4db","apps/web/public/assets/manor/classic/crops/10/mature.png","11c1f88dd0194ca380e2a1fa4cfff574d5bd011f46652df633f1d9407869c4db","reviewed-ok","ready"
"10","pumpkin","南瓜","6","withered","6","withered","14","state-character","Crop_10.swf/DefineSprite_14/1.png","d6a6f31b306ea0342f210da30b05bb6dc4cdfd731ac7353489f434a30c6b1bba","apps/web/public/assets/manor/classic/crops/10/withered.png","d6a6f31b306ea0342f210da30b05bb6dc4cdfd731ac7353489f434a30c6b1bba","reviewed-ok","ready"
"1","legacy-1","草莓","0","seed","0","seed","2","state-character","Crop_1.swf/DefineSprite_2/1.png","1e75b2a99aeaa14220763d25acf65fa0ff908743b2b909b7502163ac656336ca","apps/web/public/assets/manor/classic/crops/1/seed.png","1e75b2a99aeaa14220763d25acf65fa0ff908743b2b909b7502163ac656336ca","reviewed-ok","ready"
"1","legacy-1","草莓","1","sprout","1","sprout","4","state-character","Crop_1.swf/DefineSprite_4/1.png","5c6fe98b1682ff363c358cb8ada040525577ec84083ceed6a37783ea99728136","apps/web/public/assets/manor/classic/crops/1/sprout.png","5c6fe98b1682ff363c358cb8ada040525577ec84083ceed6a37783ea99728136","reviewed-ok","ready"
"1","legacy-1","草莓","2","young","2","young","6","state-character","Crop_1.swf/DefineSprite_6/1.png","810c2ad4bb0d65ea35ed5d0ce7384394f1476cdbb18aacca11dab5b55e2325f2","apps/web/public/assets/manor/classic/crops/1/young.png","810c2ad4bb0d65ea35ed5d0ce7384394f1476cdbb18aacca11dab5b55e2325f2","reviewed-ok","ready"
"1","legacy-1","草莓","3","growing","3","growing","9","state-character","Crop_1.swf/DefineSprite_9/1.png","ba6bfc88102816aece3b82dcf0cfa47c2c60dc515acfb7e1e06e069d73dfbcbc","apps/web/public/assets/manor/classic/crops/1/growing.png","ba6bfc88102816aece3b82dcf0cfa47c2c60dc515acfb7e1e06e069d73dfbcbc","reviewed-ok","ready"
"1","legacy-1","草莓","4","pre_mature","4","pre_mature","12","state-character","Crop_1.swf/DefineSprite_12/1.png","ff5a0c9d0ea0939bdc8f06a4ad56e527ca34f7feb22a888ad60894e3efa73433","apps/web/public/assets/manor/classic/crops/1/pre_mature.png","ff5a0c9d0ea0939bdc8f06a4ad56e527ca34f7feb22a888ad60894e3efa73433","reviewed-ok","ready"
"1","legacy-1","草莓","5","mature","5","mature","26","state-character","Crop_1.swf/DefineSprite_26/1.png","6e79eed6c59cf80f9e82832de70ab2561e72952d069980b498766ad733289976","apps/web/public/assets/manor/classic/crops/1/mature.png","6e79eed6c59cf80f9e82832de70ab2561e72952d069980b498766ad733289976","reviewed-ok","ready"
"1","legacy-1","草莓","6","withered","6","withered","28","state-character","Crop_1.swf/DefineSprite_28/1.png","d6a6f31b306ea0342f210da30b05bb6dc4cdfd731ac7353489f434a30c6b1bba","apps/web/public/assets/manor/classic/crops/1/withered.png","d6a6f31b306ea0342f210da30b05bb6dc4cdfd731ac7353489f434a30c6b1bba","reviewed-ok","ready"
"11","legacy-11","苹果","0","seed","0","seed","2","state-character","Crop_11.swf/DefineSprite_2/1.png","65f1668558eaad1331a7d1cb317033ba552c16945a83ce40775109a8f469d947","apps/web/public/assets/manor/classic/crops/11/seed.png","65f1668558eaad1331a7d1cb317033ba552c16945a83ce40775109a8f469d947","reviewed-ok","ready"
"11","legacy-11","苹果","1","sprout","1","sprout","4","state-character","Crop_11.swf/DefineSprite_4/1.png","4d11100993090773f2274d87bd5eea2ffcbfa4f77900e6fbc1b4b3b19c52e580","apps/web/public/assets/manor/classic/crops/11/sprout.png","4d11100993090773f2274d87bd5eea2ffcbfa4f77900e6fbc1b4b3b19c52e580","reviewed-ok","ready"
"11","legacy-11","苹果","2","young","2","young","6","state-character","Crop_11.swf/DefineSprite_6/1.png","e447a89b27a6240bee30c340871433f878b504fd201193891c45df255df08e73","apps/web/public/assets/manor/classic/crops/11/young.png","e447a89b27a6240bee30c340871433f878b504fd201193891c45df255df08e73","reviewed-ok","ready"
"11","legacy-11","苹果","3","growing","3","growing","9","state-character","Crop_11.swf/DefineSprite_9/1.png","15b0eab1a55ec0e7dbdb163ce8cc423a76b4b680815291ca18a2942e1e017183","apps/web/public/assets/manor/classic/crops/11/growing.png","15b0eab1a55ec0e7dbdb163ce8cc423a76b4b680815291ca18a2942e1e017183","reviewed-ok","ready"
"11","legacy-11","苹果","4","pre_mature","4","pre_mature","12","state-character","Crop_11.swf/DefineSprite_12/1.png","048b9a5543fe2abf6ba616b19df734cf38612b7cdd0ff087f85f3e7df95ae8db","apps/web/public/assets/manor/classic/crops/11/pre_mature.png","048b9a5543fe2abf6ba616b19df734cf38612b7cdd0ff087f85f3e7df95ae8db","reviewed-ok","ready"
"11","legacy-11","苹果","5","mature","5","mature","15","state-character","Crop_11.swf/DefineSprite_15/1.png","70ff4b7dfa8322068680596eb02d31042a8b632f79cf5db596379ac6eb9690c0","apps/web/public/assets/manor/classic/crops/11/mature.png","70ff4b7dfa8322068680596eb02d31042a8b632f79cf5db596379ac6eb9690c0","reviewed-ok","ready"
"11","legacy-11","苹果","6","withered","6","withered","17","state-character","Crop_11.swf/DefineSprite_17/1.png","d6a6f31b306ea0342f210da30b05bb6dc4cdfd731ac7353489f434a30c6b1bba","apps/web/public/assets/manor/classic/crops/11/withered.png","d6a6f31b306ea0342f210da30b05bb6dc4cdfd731ac7353489f434a30c6b1bba","reviewed-ok","ready"
"62","legacy-62","四叶草","0","seed","0","seed","2","state-character","Crop_62.swf/DefineSprite_2/1.png","db64a2423bcb9185ca003d386c22654cd570c0c817515db055cea33e28d4a10e","apps/web/public/assets/manor/classic/crops/62/seed.png","db64a2423bcb9185ca003d386c22654cd570c0c817515db055cea33e28d4a10e","reviewed-ok","ready"
"62","legacy-62","四叶草","1","sprout","1","sprout","19","state-character","Crop_62.swf/DefineSprite_19/1.png","d88d054b01bc123ea4e5b114013d0e48aae24429ae1f71ef70681ad2a64e177a","apps/web/public/assets/manor/classic/crops/62/sprout.png","d88d054b01bc123ea4e5b114013d0e48aae24429ae1f71ef70681ad2a64e177a","reviewed-ok","ready"
"62","legacy-62","四叶草","2","young","2","young","30","state-character","Crop_62.swf/DefineSprite_30/1.png","938a0b39cb49e1e4317862173894fad202ed6455b45c716dbd6a151b78680e95","apps/web/public/assets/manor/classic/crops/62/young.png","938a0b39cb49e1e4317862173894fad202ed6455b45c716dbd6a151b78680e95","reviewed-ok","ready"
"62","legacy-62","四叶草","3","growing","3","growing","38","state-character","Crop_62.swf/DefineSprite_38/1.png","7a3b6286e79aeaeaa92c24547bcc02f33a36e022e92e707d4454cad3fc3fb129","apps/web/public/assets/manor/classic/crops/62/growing.png","7a3b6286e79aeaeaa92c24547bcc02f33a36e022e92e707d4454cad3fc3fb129","reviewed-ok","ready"
"62","legacy-62","四叶草","4","pre_mature","4","pre_mature","41","state-character","Crop_62.swf/DefineSprite_41/1.png","6095ccf31181e9f0dac3fe18d8f0186cd97f3b8f50a02f9a06bbe0a5c159354d","apps/web/public/assets/manor/classic/crops/62/pre_mature.png","6095ccf31181e9f0dac3fe18d8f0186cd97f3b8f50a02f9a06bbe0a5c159354d","reviewed-ok","ready"
"62","legacy-62","四叶草","5","mature","5","mature","44","state-character","Crop_62.swf/DefineSprite_44/1.png","f3a4b0ec6580ef05d2ab47759d4099a1989cbb5aaa2fa07f21df5f9db46cfb56","apps/web/public/assets/manor/classic/crops/62/mature.png","f3a4b0ec6580ef05d2ab47759d4099a1989cbb5aaa2fa07f21df5f9db46cfb56","reviewed-ok","ready"
"62","legacy-62","四叶草","6","withered","6","withered","46","state-character","Crop_62.swf/DefineSprite_46/1.png","d6a6f31b306ea0342f210da30b05bb6dc4cdfd731ac7353489f434a30c6b1bba","apps/web/public/assets/manor/classic/crops/62/withered.png","d6a6f31b306ea0342f210da30b05bb6dc4cdfd731ac7353489f434a30c6b1bba","reviewed-ok","ready"
"104","legacy-104","非洲菊","0","seed","0","seed","2","state-character","Crop_104.swf/DefineSprite_2/1.png","db64a2423bcb9185ca003d386c22654cd570c0c817515db055cea33e28d4a10e","apps/web/public/assets/manor/classic/crops/104/seed.png","db64a2423bcb9185ca003d386c22654cd570c0c817515db055cea33e28d4a10e","reviewed-ok","ready"
"104","legacy-104","非洲菊","1","sprout","1","sprout","4","state-character","Crop_104.swf/DefineSprite_4/1.png","988f5c7568733b7c652ed33bf79f8ca60f1fbddd9a1b22b71ed18fe28a1dc37b","apps/web/public/assets/manor/classic/crops/104/sprout.png","988f5c7568733b7c652ed33bf79f8ca60f1fbddd9a1b22b71ed18fe28a1dc37b","reviewed-ok","ready"
"104","legacy-104","非洲菊","2","young","2","young","7","state-character","Crop_104.swf/DefineSprite_7/1.png","9b8ae1dd0df6ee821ed9f8606e4514b317533e82dac9fc0b1d1b5f3c807555fc","apps/web/public/assets/manor/classic/crops/104/young.png","9b8ae1dd0df6ee821ed9f8606e4514b317533e82dac9fc0b1d1b5f3c807555fc","reviewed-ok","ready"
"104","legacy-104","非洲菊","3","growing","3","growing","14","state-character","Crop_104.swf/DefineSprite_14/1.png","6551df4a7c602f685460868c3b18a6e46d0cf09239bd4b55a2b3ea0a4d96502a","apps/web/public/assets/manor/classic/crops/104/growing.png","6551df4a7c602f685460868c3b18a6e46d0cf09239bd4b55a2b3ea0a4d96502a","reviewed-ok","ready"
"104","legacy-104","非洲菊","4","pre_mature","4","pre_mature","18","state-character","Crop_104.swf/DefineSprite_18/1.png","1a16bfb339f91803d449abcd6cd8e9226748a1ff55ef0407c2955ea9d81f2e2f","apps/web/public/assets/manor/classic/crops/104/pre_mature.png","1a16bfb339f91803d449abcd6cd8e9226748a1ff55ef0407c2955ea9d81f2e2f","reviewed-ok","ready"
"104","legacy-104","非洲菊","5","mature","5","mature","26","state-character","Crop_104.swf/DefineSprite_26/1.png","8d7e0aaab4c16fa7dbf13a25d572916b83ab2870b3e0ce9095000a47b0ddd259","apps/web/public/assets/manor/classic/crops/104/mature.png","8d7e0aaab4c16fa7dbf13a25d572916b83ab2870b3e0ce9095000a47b0ddd259","reviewed-ok","ready"
"104","legacy-104","非洲菊","6","withered","6","withered","28","state-character","Crop_104.swf/DefineSprite_28/1.png","d6a6f31b306ea0342f210da30b05bb6dc4cdfd731ac7353489f434a30c6b1bba","apps/web/public/assets/manor/classic/crops/104/withered.png","d6a6f31b306ea0342f210da30b05bb6dc4cdfd731ac7353489f434a30c6b1bba","reviewed-ok","ready"
"14","legacy-14","西瓜","0","seed","0","seed","2","state-character","Crop_14.swf/DefineSprite_2/1.png","1e75b2a99aeaa14220763d25acf65fa0ff908743b2b909b7502163ac656336ca","apps/web/public/assets/manor/classic/crops/14/seed.png","1e75b2a99aeaa14220763d25acf65fa0ff908743b2b909b7502163ac656336ca","reviewed-ok","ready"
"14","legacy-14","西瓜","1","sprout","1","sprout","4","state-character","Crop_14.swf/DefineSprite_4/1.png","82cc0c7f9f91e4bfe92247719a77fe31cd15bace13049b50d566dbbc2ac21504","apps/web/public/assets/manor/classic/crops/14/sprout.png","82cc0c7f9f91e4bfe92247719a77fe31cd15bace13049b50d566dbbc2ac21504","reviewed-ok","ready"
"14","legacy-14","西瓜","2","young","2","young","8","state-character","Crop_14.swf/DefineSprite_8/1.png","94978144d8d53a32d2b5dbaf32e23fbd92794e38cc2c96f51a258829669c099d","apps/web/public/assets/manor/classic/crops/14/young.png","94978144d8d53a32d2b5dbaf32e23fbd92794e38cc2c96f51a258829669c099d","reviewed-ok","ready"
"14","legacy-14","西瓜","3","growing","3","growing","10","state-character","Crop_14.swf/DefineSprite_10/1.png","f3a458b149675cd161b19f595fada586ff84e1e9ab86fec763e81bb1aa888623","apps/web/public/assets/manor/classic/crops/14/growing.png","f3a458b149675cd161b19f595fada586ff84e1e9ab86fec763e81bb1aa888623","reviewed-ok","ready"
"14","legacy-14","西瓜","4","pre_mature","4","pre_mature","12","state-character","Crop_14.swf/DefineSprite_12/1.png","23c1d7cfa34729672fe291a1397d265ce58baac0167a2b359e488390c5af6d75","apps/web/public/assets/manor/classic/crops/14/pre_mature.png","23c1d7cfa34729672fe291a1397d265ce58baac0167a2b359e488390c5af6d75","reviewed-ok","ready"
"14","legacy-14","西瓜","5","mature","5","mature","14","state-character","Crop_14.swf/DefineSprite_14/1.png","bfd0b7819a176b30b89ffbb1c052eab80899280e5ad576ec815443e1f45ce061","apps/web/public/assets/manor/classic/crops/14/mature.png","bfd0b7819a176b30b89ffbb1c052eab80899280e5ad576ec815443e1f45ce061","reviewed-ok","ready"
"14","legacy-14","西瓜","6","withered","6","withered","16","state-character","Crop_14.swf/DefineSprite_16/1.png","d6a6f31b306ea0342f210da30b05bb6dc4cdfd731ac7353489f434a30c6b1bba","apps/web/public/assets/manor/classic/crops/14/withered.png","d6a6f31b306ea0342f210da30b05bb6dc4cdfd731ac7353489f434a30c6b1bba","reviewed-ok","ready"
"70","legacy-70","黄豆","0","seed","0","seed","2","state-character","Crop_70.swf/DefineSprite_2/1.png","db64a2423bcb9185ca003d386c22654cd570c0c817515db055cea33e28d4a10e","apps/web/public/assets/manor/classic/crops/70/seed.png","db64a2423bcb9185ca003d386c22654cd570c0c817515db055cea33e28d4a10e","reviewed-ok","ready"
"70","legacy-70","黄豆","1","sprout","1","sprout","6","state-character","Crop_70.swf/DefineSprite_6/1.png","2d85c89438534988699abe0a05351dca31493e670492b851a7b632ce15f1f7c2","apps/web/public/assets/manor/classic/crops/70/sprout.png","2d85c89438534988699abe0a05351dca31493e670492b851a7b632ce15f1f7c2","reviewed-ok","ready"
"70","legacy-70","黄豆","2","young","2","young","11","state-character","Crop_70.swf/DefineSprite_11/1.png","48d0b6bcc3108beec773e93bc047e9e473acf186e251e7785ffefd8b9a8f467c","apps/web/public/assets/manor/classic/crops/70/young.png","48d0b6bcc3108beec773e93bc047e9e473acf186e251e7785ffefd8b9a8f467c","reviewed-ok","ready"
"70","legacy-70","黄豆","3","growing","3","growing","14","state-character","Crop_70.swf/DefineSprite_14/1.png","f2534ce293479b65034748ca2445e9c61e803abdc6fe9a92b680a7117b1d800f","apps/web/public/assets/manor/classic/crops/70/growing.png","f2534ce293479b65034748ca2445e9c61e803abdc6fe9a92b680a7117b1d800f","reviewed-ok","ready"
"70","legacy-70","黄豆","4","pre_mature","4","pre_mature","18","state-character","Crop_70.swf/DefineSprite_18/1.png","19bd069e9b8156727f05ff73041c2c2a216dc93f721a97ae7f406a5a744667eb","apps/web/public/assets/manor/classic/crops/70/pre_mature.png","19bd069e9b8156727f05ff73041c2c2a216dc93f721a97ae7f406a5a744667eb","reviewed-ok","ready"
"70","legacy-70","黄豆","5","mature","5","mature","23","state-character","Crop_70.swf/DefineSprite_23/1.png","8fbd4f13b6fd3bc62e94399b0733b1a8c77908ff82212f1bce12775d6fc49b0d","apps/web/public/assets/manor/classic/crops/70/mature.png","8fbd4f13b6fd3bc62e94399b0733b1a8c77908ff82212f1bce12775d6fc49b0d","reviewed-ok","ready"
"70","legacy-70","黄豆","6","withered","6","withered","25","state-character","Crop_70.swf/DefineSprite_25/1.png","d6a6f31b306ea0342f210da30b05bb6dc4cdfd731ac7353489f434a30c6b1bba","apps/web/public/assets/manor/classic/crops/70/withered.png","d6a6f31b306ea0342f210da30b05bb6dc4cdfd731ac7353489f434a30c6b1bba","reviewed-ok","ready"
"111","legacy-111","粉玫瑰","0","seed","0","seed","2","state-character","Crop_111.swf/DefineSprite_2/1.png","db64a2423bcb9185ca003d386c22654cd570c0c817515db055cea33e28d4a10e","apps/web/public/assets/manor/classic/crops/111/seed.png","db64a2423bcb9185ca003d386c22654cd570c0c817515db055cea33e28d4a10e","reviewed-ok","ready"
"111","legacy-111","粉玫瑰","1","sprout","1","sprout","4","state-character","Crop_111.swf/DefineSprite_4/1.png","a09e29c63dbe62f74c798158fc97acc38a768bd09358969c5cc87b0f4649fa18","apps/web/public/assets/manor/classic/crops/111/sprout.png","a09e29c63dbe62f74c798158fc97acc38a768bd09358969c5cc87b0f4649fa18","reviewed-ok","ready"
"111","legacy-111","粉玫瑰","2","young","2","young","11","state-character","Crop_111.swf/DefineSprite_11/1.png","e48b211d21417cced9fe92cc032679cd8eeabae5c69581880b4f11c2ea8d857b","apps/web/public/assets/manor/classic/crops/111/young.png","e48b211d21417cced9fe92cc032679cd8eeabae5c69581880b4f11c2ea8d857b","reviewed-ok","ready"
"111","legacy-111","粉玫瑰","3","growing","3","growing","20","state-character","Crop_111.swf/DefineSprite_20/1.png","cc097920359d277dd18debbd085fc8510a07b1ed8a8249cd3f4ea60fe17fc54e","apps/web/public/assets/manor/classic/crops/111/growing.png","cc097920359d277dd18debbd085fc8510a07b1ed8a8249cd3f4ea60fe17fc54e","reviewed-ok","ready"
"111","legacy-111","粉玫瑰","4","pre_mature","4","pre_mature","28","state-character","Crop_111.swf/DefineSprite_28/1.png","5855ffdce8cb8f5fc6fab6a110ec618d402457d6b010d8d344bb164ab721cdb0","apps/web/public/assets/manor/classic/crops/111/pre_mature.png","5855ffdce8cb8f5fc6fab6a110ec618d402457d6b010d8d344bb164ab721cdb0","reviewed-ok","ready"
"111","legacy-111","粉玫瑰","5","mature","5","mature","53","state-character","Crop_111.swf/DefineSprite_53/1.png","da8209ca247f9203b1fef30a1558d49aa7d84445ca43c5187370ade493158b58","apps/web/public/assets/manor/classic/crops/111/mature.png","da8209ca247f9203b1fef30a1558d49aa7d84445ca43c5187370ade493158b58","reviewed-ok","ready"
"111","legacy-111","粉玫瑰","6","withered","6","withered","55","state-character","Crop_111.swf/DefineSprite_55/1.png","d6a6f31b306ea0342f210da30b05bb6dc4cdfd731ac7353489f434a30c6b1bba","apps/web/public/assets/manor/classic/crops/111/withered.png","d6a6f31b306ea0342f210da30b05bb6dc4cdfd731ac7353489f434a30c6b1bba","reviewed-ok","ready"
"15","legacy-15","香蕉","0","seed","0","seed","2","state-character","Crop_15.swf/DefineSprite_2/1.png","f874f9582154bbb3cbaf01b52fe867cd136d4c4ca6d58987bcd0b8c52bad8a6f","apps/web/public/assets/manor/classic/crops/15/seed.png","f874f9582154bbb3cbaf01b52fe867cd136d4c4ca6d58987bcd0b8c52bad8a6f","reviewed-ok","ready"
"15","legacy-15","香蕉","1","sprout","1","sprout","4","state-character","Crop_15.swf/DefineSprite_4/1.png","3b213ddf43e75ab14022f4892935747ee21f69e7e60309263b18218d5d4533a9","apps/web/public/assets/manor/classic/crops/15/sprout.png","3b213ddf43e75ab14022f4892935747ee21f69e7e60309263b18218d5d4533a9","reviewed-ok","ready"
"15","legacy-15","香蕉","2","young","2","young","6","state-character","Crop_15.swf/DefineSprite_6/1.png","d40120d78d22584278f190504698f862935526bdd41a3aef4ffc55bd1e9f03b1","apps/web/public/assets/manor/classic/crops/15/young.png","d40120d78d22584278f190504698f862935526bdd41a3aef4ffc55bd1e9f03b1","reviewed-ok","ready"
"15","legacy-15","香蕉","3","growing","3","growing","8","state-character","Crop_15.swf/DefineSprite_8/1.png","700b6fa53f9dff0079347fbc746e49ad60fa52ba3ea02b1e351c0fdb4fa3e623","apps/web/public/assets/manor/classic/crops/15/growing.png","700b6fa53f9dff0079347fbc746e49ad60fa52ba3ea02b1e351c0fdb4fa3e623","reviewed-ok","ready"
"15","legacy-15","香蕉","4","pre_mature","4","pre_mature","14","state-character","Crop_15.swf/DefineSprite_14/1.png","4942458f7a1dcc66aa4a982a11e61554ff058e3c4c8030c9b1787b089a15990e","apps/web/public/assets/manor/classic/crops/15/pre_mature.png","4942458f7a1dcc66aa4a982a11e61554ff058e3c4c8030c9b1787b089a15990e","reviewed-ok","ready"
"15","legacy-15","香蕉","5","mature","5","mature","19","state-character","Crop_15.swf/DefineSprite_19/1.png","72d954cca9c2f6dfe0caefc9b4cf107b7f47db7cba3bcb338a9c5f7afa1a0166","apps/web/public/assets/manor/classic/crops/15/mature.png","72d954cca9c2f6dfe0caefc9b4cf107b7f47db7cba3bcb338a9c5f7afa1a0166","reviewed-ok","ready"
"15","legacy-15","香蕉","6","withered","6","withered","21","state-character","Crop_15.swf/DefineSprite_21/1.png","d6a6f31b306ea0342f210da30b05bb6dc4cdfd731ac7353489f434a30c6b1bba","apps/web/public/assets/manor/classic/crops/15/withered.png","d6a6f31b306ea0342f210da30b05bb6dc4cdfd731ac7353489f434a30c6b1bba","reviewed-ok","ready"
"112","legacy-112","风信子","0","seed","0","seed","2","state-character","Crop_112.swf/DefineSprite_2/1.png","a77859d654afa00395552a1090d7fec9dbebb7561894ee3357108e9896f90351","apps/web/public/assets/manor/classic/crops/112/seed.png","a77859d654afa00395552a1090d7fec9dbebb7561894ee3357108e9896f90351","reviewed-ok","ready"
"112","legacy-112","风信子","1","sprout","1","sprout","5","state-character","Crop_112.swf/DefineSprite_5/1.png","a7a80894f1c8e195ba05d9128de099f69c05b3a53f056bfbfa5c9a3013ae95e5","apps/web/public/assets/manor/classic/crops/112/sprout.png","a7a80894f1c8e195ba05d9128de099f69c05b3a53f056bfbfa5c9a3013ae95e5","reviewed-ok","ready"
"112","legacy-112","风信子","2","young","2","young","8","state-character","Crop_112.swf/DefineSprite_8/1.png","1f88330a5f1a42aedc2e0fb5d22af3c2ecec63eeb0d9a8cc718433d1080474d6","apps/web/public/assets/manor/classic/crops/112/young.png","1f88330a5f1a42aedc2e0fb5d22af3c2ecec63eeb0d9a8cc718433d1080474d6","reviewed-ok","ready"
"112","legacy-112","风信子","3","growing","3","growing","11","state-character","Crop_112.swf/DefineSprite_11/1.png","4a2b96a8844c6fdd41c51836bba9a39b064a89f2edb79277074b859602dacb40","apps/web/public/assets/manor/classic/crops/112/growing.png","4a2b96a8844c6fdd41c51836bba9a39b064a89f2edb79277074b859602dacb40","reviewed-ok","ready"
"112","legacy-112","风信子","4","pre_mature","4","pre_mature","21","state-character","Crop_112.swf/DefineSprite_21/1.png","db00ac48aed0e4151d15ddf08399c6386264b79e5d77c2e514a2e7e4d776840b","apps/web/public/assets/manor/classic/crops/112/pre_mature.png","db00ac48aed0e4151d15ddf08399c6386264b79e5d77c2e514a2e7e4d776840b","reviewed-ok","ready"
"112","legacy-112","风信子","5","mature","5","mature","31","state-character","Crop_112.swf/DefineSprite_31/1.png","0c61b5b4f6537c26290b201f0e7ea5e81af9c8602aad42d61d06783f4e1eed15","apps/web/public/assets/manor/classic/crops/112/mature.png","0c61b5b4f6537c26290b201f0e7ea5e81af9c8602aad42d61d06783f4e1eed15","reviewed-ok","ready"
"112","legacy-112","风信子","6","withered","6","withered","33","state-character","Crop_112.swf/DefineSprite_33/1.png","d6a6f31b306ea0342f210da30b05bb6dc4cdfd731ac7353489f434a30c6b1bba","apps/web/public/assets/manor/classic/crops/112/withered.png","d6a6f31b306ea0342f210da30b05bb6dc4cdfd731ac7353489f434a30c6b1bba","reviewed-ok","ready"
"118","legacy-118","水仙花","0","seed","0","seed","3","state-character","Crop_118.swf/DefineSprite_3/1.png","955d7b656b6eac847b6b19607eb59ab1cf2ae9dff07da661aa4b2da8e9300e1f","apps/web/public/assets/manor/classic/crops/118/seed.png","955d7b656b6eac847b6b19607eb59ab1cf2ae9dff07da661aa4b2da8e9300e1f","reviewed-ok","ready"
"118","legacy-118","水仙花","1","sprout","1","sprout","7","state-character","Crop_118.swf/DefineSprite_7/1.png","5092cb7ab7515c02a879a12687689dd036a906972cd801426bc089d9d341ad85","apps/web/public/assets/manor/classic/crops/118/sprout.png","5092cb7ab7515c02a879a12687689dd036a906972cd801426bc089d9d341ad85","reviewed-ok","ready"
"118","legacy-118","水仙花","2","young","2","young","11","state-character","Crop_118.swf/DefineSprite_11/1.png","15552b57c06eb5d548788820a6b84d921ce357052957e8c6fa0538b0fa8879b5","apps/web/public/assets/manor/classic/crops/118/young.png","15552b57c06eb5d548788820a6b84d921ce357052957e8c6fa0538b0fa8879b5","reviewed-ok","ready"
"118","legacy-118","水仙花","3","growing","3","growing","14","state-character","Crop_118.swf/DefineSprite_14/1.png","6aa413b602f8b7e51bfd7a4ab90d5150e7d8dd880e6ee50204a4c1ffec2c6342","apps/web/public/assets/manor/classic/crops/118/growing.png","6aa413b602f8b7e51bfd7a4ab90d5150e7d8dd880e6ee50204a4c1ffec2c6342","reviewed-ok","ready"
"118","legacy-118","水仙花","4","pre_mature","4","pre_mature","17","state-character","Crop_118.swf/DefineSprite_17/1.png","c2779c27036e1f750c636db871ec74a61a2b79f86592dff3761eda283240815d","apps/web/public/assets/manor/classic/crops/118/pre_mature.png","c2779c27036e1f750c636db871ec74a61a2b79f86592dff3761eda283240815d","reviewed-ok","ready"
"118","legacy-118","水仙花","5","mature","5","mature","23","state-character","Crop_118.swf/DefineSprite_23/1.png","a5cb2b07d008e4093da600e60a109e0c028a03e0fce087ca87d73d3b02165e9a","apps/web/public/assets/manor/classic/crops/118/mature.png","a5cb2b07d008e4093da600e60a109e0c028a03e0fce087ca87d73d3b02165e9a","reviewed-ok","ready"
"118","legacy-118","水仙花","6","withered","6","withered","25","state-character","Crop_118.swf/DefineSprite_25/1.png","ac7e5088bc6dbb39325dc29a1f1c230c3f84d985445cbe0870bb57ad25f4abf9","apps/web/public/assets/manor/classic/crops/118/withered.png","ac7e5088bc6dbb39325dc29a1f1c230c3f84d985445cbe0870bb57ad25f4abf9","reviewed-ok","ready"
"18","legacy-18","桃子","0","seed","0","seed","2","state-character","Crop_18.swf/DefineSprite_2/1.png","1e75b2a99aeaa14220763d25acf65fa0ff908743b2b909b7502163ac656336ca","apps/web/public/assets/manor/classic/crops/18/seed.png","1e75b2a99aeaa14220763d25acf65fa0ff908743b2b909b7502163ac656336ca","reviewed-ok","ready"
"18","legacy-18","桃子","1","sprout","1","sprout","4","state-character","Crop_18.swf/DefineSprite_4/1.png","0c0d88be745e41a117da481159bbd94f10de47d872e4a5cb9308f04c6c0a907b","apps/web/public/assets/manor/classic/crops/18/sprout.png","0c0d88be745e41a117da481159bbd94f10de47d872e4a5cb9308f04c6c0a907b","reviewed-ok","ready"
"18","legacy-18","桃子","2","young","2","young","9","state-character","Crop_18.swf/DefineSprite_9/1.png","a812661e15e79e8fc8857ab6784164931459ae066f72a3ca3208dc4bf8679639","apps/web/public/assets/manor/classic/crops/18/young.png","a812661e15e79e8fc8857ab6784164931459ae066f72a3ca3208dc4bf8679639","reviewed-ok","ready"
"18","legacy-18","桃子","3","growing","3","growing","16","state-character","Crop_18.swf/DefineSprite_16/1.png","ece367e74fffa2f636ed0be38982a2695a73f5d7b3bf4b3171dd6389fd8b25b5","apps/web/public/assets/manor/classic/crops/18/growing.png","ece367e74fffa2f636ed0be38982a2695a73f5d7b3bf4b3171dd6389fd8b25b5","reviewed-ok","ready"
"18","legacy-18","桃子","4","pre_mature","4","pre_mature","17","state-character","Crop_18.swf/DefineSprite_17/1.png","e279898702d91b55118a90d52b80b1b125b11e2e35a09a6534be9d5e98624509","apps/web/public/assets/manor/classic/crops/18/pre_mature.png","e279898702d91b55118a90d52b80b1b125b11e2e35a09a6534be9d5e98624509","reviewed-ok","ready"
"18","legacy-18","桃子","5","mature","5","mature","24","state-character","Crop_18.swf/DefineSprite_24/1.png","3ca5180632daafac27d49e3ba7751bc8181b808e8f06c21d3b1aa614fa15790a","apps/web/public/assets/manor/classic/crops/18/mature.png","3ca5180632daafac27d49e3ba7751bc8181b808e8f06c21d3b1aa614fa15790a","reviewed-ok","ready"
"18","legacy-18","桃子","6","withered","6","withered","26","state-character","Crop_18.swf/DefineSprite_26/1.png","d6a6f31b306ea0342f210da30b05bb6dc4cdfd731ac7353489f434a30c6b1bba","apps/web/public/assets/manor/classic/crops/18/withered.png","d6a6f31b306ea0342f210da30b05bb6dc4cdfd731ac7353489f434a30c6b1bba","reviewed-ok","ready"
"47","legacy-47","甘蔗","0","seed","0","seed","2","state-character","Crop_47.swf/DefineSprite_2/1.png","158bbb091771f6d36f349d80a763e0a2291b0aa78a5dd58d1003b15e15bd5290","apps/web/public/assets/manor/classic/crops/47/seed.png","158bbb091771f6d36f349d80a763e0a2291b0aa78a5dd58d1003b15e15bd5290","reviewed-ok","ready"
"47","legacy-47","甘蔗","1","sprout","1","sprout","9","state-character","Crop_47.swf/DefineSprite_9/1.png","711600beac96dc7a79906b6ab6422d9cee4fc45b04ab1c7c5fc837233f62771b","apps/web/public/assets/manor/classic/crops/47/sprout.png","711600beac96dc7a79906b6ab6422d9cee4fc45b04ab1c7c5fc837233f62771b","reviewed-ok","ready"
"47","legacy-47","甘蔗","2","young","2","young","18","state-character","Crop_47.swf/DefineSprite_18/1.png","22c833252eb6eb4b85446e56e47a7b43a690a5ec59dc6d4e948160d0da1c5578","apps/web/public/assets/manor/classic/crops/47/young.png","22c833252eb6eb4b85446e56e47a7b43a690a5ec59dc6d4e948160d0da1c5578","reviewed-ok","ready"
"47","legacy-47","甘蔗","3","growing","3","growing","25","state-character","Crop_47.swf/DefineSprite_25/1.png","2b54cc9adc99518a915edfd346fbfa5187db1753539ab63201059c568c00e3f5","apps/web/public/assets/manor/classic/crops/47/growing.png","2b54cc9adc99518a915edfd346fbfa5187db1753539ab63201059c568c00e3f5","reviewed-ok","ready"
"47","legacy-47","甘蔗","4","pre_mature","4","pre_mature","34","state-character","Crop_47.swf/DefineSprite_34/1.png","d10b8849eb79f0bc41e89aa4ef430510fbc429770d44f22b9b69c6487fa02801","apps/web/public/assets/manor/classic/crops/47/pre_mature.png","d10b8849eb79f0bc41e89aa4ef430510fbc429770d44f22b9b69c6487fa02801","reviewed-ok","ready"
"47","legacy-47","甘蔗","5","mature","5","mature","37","state-character","Crop_47.swf/DefineSprite_37/1.png","0bac554f337e2e61a167b076d5708e2834935a6d4053397b8b04e880ac0a27e8","apps/web/public/assets/manor/classic/crops/47/mature.png","0bac554f337e2e61a167b076d5708e2834935a6d4053397b8b04e880ac0a27e8","reviewed-ok","ready"
"47","legacy-47","甘蔗","6","withered","6","withered","39","state-character","Crop_47.swf/DefineSprite_39/1.png","d6a6f31b306ea0342f210da30b05bb6dc4cdfd731ac7353489f434a30c6b1bba","apps/web/public/assets/manor/classic/crops/47/withered.png","d6a6f31b306ea0342f210da30b05bb6dc4cdfd731ac7353489f434a30c6b1bba","reviewed-ok","ready"
"109","legacy-109","蝴蝶兰","0","seed","0","seed","4","state-character","Crop_109.swf/DefineSprite_4/1.png","db64a2423bcb9185ca003d386c22654cd570c0c817515db055cea33e28d4a10e","apps/web/public/assets/manor/classic/crops/109/seed.png","db64a2423bcb9185ca003d386c22654cd570c0c817515db055cea33e28d4a10e","reviewed-ok","ready"
"109","legacy-109","蝴蝶兰","1","sprout","1","sprout","25","state-character","Crop_109.swf/DefineSprite_25/1.png","015418babb1ffec5ac4038fa753c91c9a8ecd0bddda01fbfd45950124079b603","apps/web/public/assets/manor/classic/crops/109/sprout.png","015418babb1ffec5ac4038fa753c91c9a8ecd0bddda01fbfd45950124079b603","reviewed-ok","ready"
"109","legacy-109","蝴蝶兰","2","young","2","young","27","state-character","Crop_109.swf/DefineSprite_27/1.png","779e697776853ef78d08fba2345369e335a3d5bddd313a9d045d224a8d00e13c","apps/web/public/assets/manor/classic/crops/109/young.png","779e697776853ef78d08fba2345369e335a3d5bddd313a9d045d224a8d00e13c","reviewed-ok","ready"
"109","legacy-109","蝴蝶兰","3","growing","3","growing","31","state-character","Crop_109.swf/DefineSprite_31/1.png","e9592c7f9fc616e7591d4098f19bb3aed6191591c712df1893776a6caaa69063","apps/web/public/assets/manor/classic/crops/109/growing.png","e9592c7f9fc616e7591d4098f19bb3aed6191591c712df1893776a6caaa69063","reviewed-ok","ready"
"109","legacy-109","蝴蝶兰","4","pre_mature","4","pre_mature","36","state-character","Crop_109.swf/DefineSprite_36/1.png","57f63b20181d08153dc5057f0602e808b75a1a7a9a729e76b5a506f145be6289","apps/web/public/assets/manor/classic/crops/109/pre_mature.png","57f63b20181d08153dc5057f0602e808b75a1a7a9a729e76b5a506f145be6289","reviewed-ok","ready"
"109","legacy-109","蝴蝶兰","5","mature","5","mature","40","state-character","Crop_109.swf/DefineSprite_40/1.png","f63c8b721a691df78d222e1b79cb4adee5c07670d2f5bec074948a3a4d73b000","apps/web/public/assets/manor/classic/crops/109/mature.png","f63c8b721a691df78d222e1b79cb4adee5c07670d2f5bec074948a3a4d73b000","reviewed-ok","ready"
"109","legacy-109","蝴蝶兰","6","withered","6","withered","22","state-character","Crop_109.swf/DefineSprite_22/1.png","d6a6f31b306ea0342f210da30b05bb6dc4cdfd731ac7353489f434a30c6b1bba","apps/web/public/assets/manor/classic/crops/109/withered.png","d6a6f31b306ea0342f210da30b05bb6dc4cdfd731ac7353489f434a30c6b1bba","reviewed-ok","ready"
"19","legacy-19","橙子","0","seed","0","seed","2","state-character","Crop_19.swf/DefineSprite_2/1.png","1e75b2a99aeaa14220763d25acf65fa0ff908743b2b909b7502163ac656336ca","apps/web/public/assets/manor/classic/crops/19/seed.png","1e75b2a99aeaa14220763d25acf65fa0ff908743b2b909b7502163ac656336ca","reviewed-ok","ready"
"19","legacy-19","橙子","1","sprout","1","sprout","4","state-character","Crop_19.swf/DefineSprite_4/1.png","2a678523507df7b9cfa40de90ce48f2afaee07c1d36459d45cb03bbce93f745f","apps/web/public/assets/manor/classic/crops/19/sprout.png","2a678523507df7b9cfa40de90ce48f2afaee07c1d36459d45cb03bbce93f745f","reviewed-ok","ready"
"19","legacy-19","橙子","2","young","2","young","6","state-character","Crop_19.swf/DefineSprite_6/1.png","22e1f5b89ae192fb45c3f05d94f7ae631f13ef2a3c4bbd0f007e2d6e1dcbfd4e","apps/web/public/assets/manor/classic/crops/19/young.png","22e1f5b89ae192fb45c3f05d94f7ae631f13ef2a3c4bbd0f007e2d6e1dcbfd4e","reviewed-ok","ready"
"19","legacy-19","橙子","3","growing","3","growing","8","state-character","Crop_19.swf/DefineSprite_8/1.png","c879183ad18bf799adcba64eff88ac46fe8f1fe4d15df60540722861b1667a71","apps/web/public/assets/manor/classic/crops/19/growing.png","c879183ad18bf799adcba64eff88ac46fe8f1fe4d15df60540722861b1667a71","reviewed-ok","ready"
"19","legacy-19","橙子","4","pre_mature","4","pre_mature","12","state-character","Crop_19.swf/DefineSprite_12/1.png","65d5ee406d7422bc2c12853c1bf3975e40aa54f0b7ec14de0a5491f6afa2b4e3","apps/web/public/assets/manor/classic/crops/19/pre_mature.png","65d5ee406d7422bc2c12853c1bf3975e40aa54f0b7ec14de0a5491f6afa2b4e3","reviewed-ok","ready"
"19","legacy-19","橙子","5","mature","5","mature","14","state-character","Crop_19.swf/DefineSprite_14/1.png","7f29f15fd411c89dfd29af9dd640259bbb1430aca0db6c360d7b69f7af1969ff","apps/web/public/assets/manor/classic/crops/19/mature.png","7f29f15fd411c89dfd29af9dd640259bbb1430aca0db6c360d7b69f7af1969ff","reviewed-ok","ready"
"19","legacy-19","橙子","6","withered","6","withered","16","state-character","Crop_19.swf/DefineSprite_16/1.png","d6a6f31b306ea0342f210da30b05bb6dc4cdfd731ac7353489f434a30c6b1bba","apps/web/public/assets/manor/classic/crops/19/withered.png","d6a6f31b306ea0342f210da30b05bb6dc4cdfd731ac7353489f434a30c6b1bba","reviewed-ok","ready"
"25","legacy-25","银杏树苗","0","seed","0","seed","2","state-character","Crop_25.swf/DefineSprite_2/1.png","1bf85e7aefb17edcbbd101c0c45d5abbf2a7e25056ca440a2ada73fedc7adc5e","apps/web/public/assets/manor/classic/crops/25/seed.png","1bf85e7aefb17edcbbd101c0c45d5abbf2a7e25056ca440a2ada73fedc7adc5e","reviewed-ok","ready"
"25","legacy-25","银杏树苗","1","sprout","1","sprout","14","state-character","Crop_25.swf/DefineSprite_14/1.png","242dd76b929fd4d36754d0ead5d2e7a62096b4c7ff0a9767da681ddb3755b89e","apps/web/public/assets/manor/classic/crops/25/sprout.png","242dd76b929fd4d36754d0ead5d2e7a62096b4c7ff0a9767da681ddb3755b89e","reviewed-ok","ready"
"25","legacy-25","银杏树苗","2","young","2","young","18","state-character","Crop_25.swf/DefineSprite_18/1.png","bbf9388d5e575e0aa90f4a9ce33d3ead9d95b7f46e75cfc9038d94314da88ef4","apps/web/public/assets/manor/classic/crops/25/young.png","bbf9388d5e575e0aa90f4a9ce33d3ead9d95b7f46e75cfc9038d94314da88ef4","reviewed-ok","ready"
"25","legacy-25","银杏树苗","3","growing","3","growing","20","state-character","Crop_25.swf/DefineSprite_20/1.png","21800753537e0b840105065f4067c659c4761ad68af7e43a64d29adf2a7f44b0","apps/web/public/assets/manor/classic/crops/25/growing.png","21800753537e0b840105065f4067c659c4761ad68af7e43a64d29adf2a7f44b0","reviewed-ok","ready"
"25","legacy-25","银杏树苗","4","pre_mature","4","pre_mature","22","state-character","Crop_25.swf/DefineSprite_22/1.png","a444dc0d04a473cde7625779335f98e6c212cd76147380909cf7d2c850fcb0c7","apps/web/public/assets/manor/classic/crops/25/pre_mature.png","a444dc0d04a473cde7625779335f98e6c212cd76147380909cf7d2c850fcb0c7","reviewed-ok","ready"
"25","legacy-25","银杏树苗","5","mature","5","mature","24","state-character","Crop_25.swf/DefineSprite_24/1.png","d0798e8cfe558abc84ceb943d4d68db4d7673292af4a33917cbb43318f59efc9","apps/web/public/assets/manor/classic/crops/25/mature.png","d0798e8cfe558abc84ceb943d4d68db4d7673292af4a33917cbb43318f59efc9","reviewed-ok","ready"
"25","legacy-25","银杏树苗","6","withered","6","withered","26","state-character","Crop_25.swf/DefineSprite_26/1.png","6e486355d330b8df77b0a6942df478b9640c5f33559b75cdcc95c9d545fafe70","apps/web/public/assets/manor/classic/crops/25/withered.png","6e486355d330b8df77b0a6942df478b9640c5f33559b75cdcc95c9d545fafe70","reviewed-ok","ready"
"67","legacy-67","香瓜","0","seed","0","seed","2","state-character","Crop_67.swf/DefineSprite_2/1.png","c2d41cc56c9d20bebb25c7b77f79cddd1e8e6f925d55f9598863e2727f11ad58","apps/web/public/assets/manor/classic/crops/67/seed.png","c2d41cc56c9d20bebb25c7b77f79cddd1e8e6f925d55f9598863e2727f11ad58","reviewed-ok","ready"
"67","legacy-67","香瓜","1","sprout","1","sprout","7","state-character","Crop_67.swf/DefineSprite_7/1.png","d9fb4dc49b250b719aaaf6baa5139b134ef960cc64411e39a2cb86bc4f7cfbe5","apps/web/public/assets/manor/classic/crops/67/sprout.png","d9fb4dc49b250b719aaaf6baa5139b134ef960cc64411e39a2cb86bc4f7cfbe5","reviewed-ok","ready"
"67","legacy-67","香瓜","2","young","2","young","10","state-character","Crop_67.swf/DefineSprite_10/1.png","7502a6d25a265ca6bc55751218d35b48111d3a07d8c0d2d4467ff1edf6f68d95","apps/web/public/assets/manor/classic/crops/67/young.png","7502a6d25a265ca6bc55751218d35b48111d3a07d8c0d2d4467ff1edf6f68d95","reviewed-ok","ready"
"67","legacy-67","香瓜","3","growing","3","growing","15","state-character","Crop_67.swf/DefineSprite_15/1.png","f519078e410b3c5547fa6b17e53bebf9ff1b709064de0f5d596db5e2c8c4480c","apps/web/public/assets/manor/classic/crops/67/growing.png","f519078e410b3c5547fa6b17e53bebf9ff1b709064de0f5d596db5e2c8c4480c","reviewed-ok","ready"
"67","legacy-67","香瓜","4","pre_mature","4","pre_mature","20","state-character","Crop_67.swf/DefineSprite_20/1.png","b37321b3033c2eef84a52a1ebd45333feedbe47c0fc78540a8f176004fbabf00","apps/web/public/assets/manor/classic/crops/67/pre_mature.png","b37321b3033c2eef84a52a1ebd45333feedbe47c0fc78540a8f176004fbabf00","reviewed-ok","ready"
"67","legacy-67","香瓜","5","mature","5","mature","27","state-character","Crop_67.swf/DefineSprite_27/1.png","86830def9ffd5b1c883cf08e169ae76e2edac095cf6af6e1135de79d537f8e57","apps/web/public/assets/manor/classic/crops/67/mature.png","86830def9ffd5b1c883cf08e169ae76e2edac095cf6af6e1135de79d537f8e57","reviewed-ok","ready"
"67","legacy-67","香瓜","6","withered","6","withered","29","state-character","Crop_67.swf/DefineSprite_29/1.png","cf073777cbc71b94e578098c3e139b7b255f65e041b8c8c1728cfd5a5153fb3e","apps/web/public/assets/manor/classic/crops/67/withered.png","cf073777cbc71b94e578098c3e139b7b255f65e041b8c8c1728cfd5a5153fb3e","reviewed-ok","ready"
"82","legacy-82","摇钱树","0","seed","0","seed","2","state-character","Crop_82.swf/DefineSprite_2/1.png","db64a2423bcb9185ca003d386c22654cd570c0c817515db055cea33e28d4a10e","apps/web/public/assets/manor/classic/crops/82/seed.png","db64a2423bcb9185ca003d386c22654cd570c0c817515db055cea33e28d4a10e","reviewed-ok","ready"
"82","legacy-82","摇钱树","1","sprout","1","sprout","8","state-character","Crop_82.swf/DefineSprite_8/1.png","60c69039724cd9bf53b1c742d46cd09f5386d8b1b995f381d14ab7489c52e651","apps/web/public/assets/manor/classic/crops/82/sprout.png","60c69039724cd9bf53b1c742d46cd09f5386d8b1b995f381d14ab7489c52e651","reviewed-ok","ready"
"82","legacy-82","摇钱树","2","young","2","young","14","state-character","Crop_82.swf/DefineSprite_14/1.png","6bcef7a8ed029d33f370946b3cee442d80515acdb2e5a56fedd59997e4a9c6b9","apps/web/public/assets/manor/classic/crops/82/young.png","6bcef7a8ed029d33f370946b3cee442d80515acdb2e5a56fedd59997e4a9c6b9","reviewed-ok","ready"
"82","legacy-82","摇钱树","3","growing","3","growing","17","state-character","Crop_82.swf/DefineSprite_17/1.png","bf3c0cfcbd380dd3f12b089ace8be61b2c9d82088625a5a9d34a481b3d13eb00","apps/web/public/assets/manor/classic/crops/82/growing.png","bf3c0cfcbd380dd3f12b089ace8be61b2c9d82088625a5a9d34a481b3d13eb00","reviewed-ok","ready"
"82","legacy-82","摇钱树","4","pre_mature","4","pre_mature","21","state-character","Crop_82.swf/DefineSprite_21/1.png","1655a8bef1f51355cd84becbdb86f71fe641628318964a183ddfe91072fa19a9","apps/web/public/assets/manor/classic/crops/82/pre_mature.png","1655a8bef1f51355cd84becbdb86f71fe641628318964a183ddfe91072fa19a9","reviewed-ok","ready"
"82","legacy-82","摇钱树","5","mature","5","mature","24","state-character","Crop_82.swf/DefineSprite_24/1.png","eae10a03e5d7909dee9e3b320a00dfff3551f0224a0ee7143ef655d602a7c3aa","apps/web/public/assets/manor/classic/crops/82/mature.png","eae10a03e5d7909dee9e3b320a00dfff3551f0224a0ee7143ef655d602a7c3aa","reviewed-ok","ready"
"82","legacy-82","摇钱树","6","withered","6","withered","26","state-character","Crop_82.swf/DefineSprite_26/1.png","cf073777cbc71b94e578098c3e139b7b255f65e041b8c8c1728cfd5a5153fb3e","apps/web/public/assets/manor/classic/crops/82/withered.png","cf073777cbc71b94e578098c3e139b7b255f65e041b8c8c1728cfd5a5153fb3e","reviewed-ok","ready"
"113","legacy-113","栀子花","0","seed","0","seed","2","state-character","Crop_113.swf/DefineSprite_2/1.png","cf602d641993f42928f7097e1da750758e8c258249831c95f2080604b29cd860","apps/web/public/assets/manor/classic/crops/113/seed.png","cf602d641993f42928f7097e1da750758e8c258249831c95f2080604b29cd860","reviewed-ok","ready"
"113","legacy-113","栀子花","1","sprout","1","sprout","16","state-character","Crop_113.swf/DefineSprite_16/1.png","522725677b5e5038285e36fce82185b2732dabe1cd45c9af42274f0d8090571c","apps/web/public/assets/manor/classic/crops/113/sprout.png","522725677b5e5038285e36fce82185b2732dabe1cd45c9af42274f0d8090571c","reviewed-ok","ready"
"113","legacy-113","栀子花","2","young","2","young","27","state-character","Crop_113.swf/DefineSprite_27/1.png","25f7dbda7e56b802e431a2808872868ee70bc5cecf6f8bfc57c355f60df75f1e","apps/web/public/assets/manor/classic/crops/113/young.png","25f7dbda7e56b802e431a2808872868ee70bc5cecf6f8bfc57c355f60df75f1e","reviewed-ok","ready"
"113","legacy-113","栀子花","3","growing","3","growing","44","state-character","Crop_113.swf/DefineSprite_44/1.png","e8d77f5a9e6212c4bc32939090eff59a0130ddfd466919b67b4c9362baf4e17f","apps/web/public/assets/manor/classic/crops/113/growing.png","e8d77f5a9e6212c4bc32939090eff59a0130ddfd466919b67b4c9362baf4e17f","reviewed-ok","ready"
"113","legacy-113","栀子花","4","pre_mature","4","pre_mature","56","state-character","Crop_113.swf/DefineSprite_56/1.png","ad90a6f4dfc860c87a511b640568dd0dcf7f69d376353ba5f38ce05b2fb3856a","apps/web/public/assets/manor/classic/crops/113/pre_mature.png","ad90a6f4dfc860c87a511b640568dd0dcf7f69d376353ba5f38ce05b2fb3856a","reviewed-ok","ready"
"113","legacy-113","栀子花","5","mature","5","mature","74","state-character","Crop_113.swf/DefineSprite_74/1.png","44b20eb45a7def02d21478a0da3bab7288296fabad39ccca48e82257a152179d","apps/web/public/assets/manor/classic/crops/113/mature.png","44b20eb45a7def02d21478a0da3bab7288296fabad39ccca48e82257a152179d","reviewed-ok","ready"
"113","legacy-113","栀子花","6","withered","6","withered","76","state-character","Crop_113.swf/DefineSprite_76/1.png","c243d1572c39b48b1047154380647f17fe63634a5c21cafabd4f2cdafb2ea8bc","apps/web/public/assets/manor/classic/crops/113/withered.png","c243d1572c39b48b1047154380647f17fe63634a5c21cafabd4f2cdafb2ea8bc","reviewed-ok","ready"
"13","legacy-13","葡萄","0","seed","0","seed","2","state-character","Crop_13.swf/DefineSprite_2/1.png","b8754072b32bb56ceb29cbb04fdaa7c136d91f6907be95d0ba31b9af301a9ed2","apps/web/public/assets/manor/classic/crops/13/seed.png","b8754072b32bb56ceb29cbb04fdaa7c136d91f6907be95d0ba31b9af301a9ed2","reviewed-ok","ready"
"13","legacy-13","葡萄","1","sprout","1","sprout","4","state-character","Crop_13.swf/DefineSprite_4/1.png","cd388efa953fd1397d4fac1deb3e6549b1196c8ed6e21b8aa85a54bac7d24a15","apps/web/public/assets/manor/classic/crops/13/sprout.png","cd388efa953fd1397d4fac1deb3e6549b1196c8ed6e21b8aa85a54bac7d24a15","reviewed-ok","ready"
"13","legacy-13","葡萄","2","young","2","young","8","state-character","Crop_13.swf/DefineSprite_8/1.png","52ee6b5abba4ae33e7e77e2896a4d713e820b39f1006141f1689faf91d5b8326","apps/web/public/assets/manor/classic/crops/13/young.png","52ee6b5abba4ae33e7e77e2896a4d713e820b39f1006141f1689faf91d5b8326","reviewed-ok","ready"
"13","legacy-13","葡萄","3","growing","3","growing","12","state-character","Crop_13.swf/DefineSprite_12/1.png","0ddbf4d1ba0e2e64bd8b682a89fd2364dfca9d84875b29af72c1577ececd5f86","apps/web/public/assets/manor/classic/crops/13/growing.png","0ddbf4d1ba0e2e64bd8b682a89fd2364dfca9d84875b29af72c1577ececd5f86","reviewed-ok","ready"
"13","legacy-13","葡萄","4","pre_mature","4","pre_mature","14","state-character","Crop_13.swf/DefineSprite_14/1.png","edbf36fd98e229dd2e53816123dab48ec6fa9c47799131380778d62ea7f238e2","apps/web/public/assets/manor/classic/crops/13/pre_mature.png","edbf36fd98e229dd2e53816123dab48ec6fa9c47799131380778d62ea7f238e2","reviewed-ok","ready"
"13","legacy-13","葡萄","5","mature","5","mature","18","state-character","Crop_13.swf/DefineSprite_18/1.png","bc9193fe93f51fdf515a227b0d01d5cd893be00a6f7824134e925dc6517a67b2","apps/web/public/assets/manor/classic/crops/13/mature.png","bc9193fe93f51fdf515a227b0d01d5cd893be00a6f7824134e925dc6517a67b2","reviewed-ok","ready"
"13","legacy-13","葡萄","6","withered","6","withered","20","state-character","Crop_13.swf/DefineSprite_20/1.png","d6a6f31b306ea0342f210da30b05bb6dc4cdfd731ac7353489f434a30c6b1bba","apps/web/public/assets/manor/classic/crops/13/withered.png","d6a6f31b306ea0342f210da30b05bb6dc4cdfd731ac7353489f434a30c6b1bba","reviewed-ok","ready"
"44","legacy-44","丝瓜","0","seed","0","seed","5","state-character","Crop_44.swf/DefineSprite_5/1.png","c32ae0d2d0da74ddb39a000a06c74de9337e9e1fc26ae58d634eaba72ae1c216","apps/web/public/assets/manor/classic/crops/44/seed.png","c32ae0d2d0da74ddb39a000a06c74de9337e9e1fc26ae58d634eaba72ae1c216","reviewed-ok","ready"
"44","legacy-44","丝瓜","1","sprout","1","sprout","9","state-character","Crop_44.swf/DefineSprite_9/1.png","ebc9004794e40931d6b42f4aa6eb172906ea520a53624194996f23b406a970f9","apps/web/public/assets/manor/classic/crops/44/sprout.png","ebc9004794e40931d6b42f4aa6eb172906ea520a53624194996f23b406a970f9","reviewed-ok","ready"
"44","legacy-44","丝瓜","2","young","2","young","13","state-character","Crop_44.swf/DefineSprite_13/1.png","ccc8bc7b7eed505e7b2a45d1c6c1df49915c0245aa5f792cd996e2de2937196f","apps/web/public/assets/manor/classic/crops/44/young.png","ccc8bc7b7eed505e7b2a45d1c6c1df49915c0245aa5f792cd996e2de2937196f","reviewed-ok","ready"
"44","legacy-44","丝瓜","3","growing","3","growing","23","state-character","Crop_44.swf/DefineSprite_23/1.png","cd6b56bda73eb13b156d49c38d069bbc01a9096c16dc013a9567df8d8024fa77","apps/web/public/assets/manor/classic/crops/44/growing.png","cd6b56bda73eb13b156d49c38d069bbc01a9096c16dc013a9567df8d8024fa77","reviewed-ok","ready"
"44","legacy-44","丝瓜","4","pre_mature","4","pre_mature","30","state-character","Crop_44.swf/DefineSprite_30/1.png","b4eb20b0823527424f0481400fddaa6387f46615a3408f9eb9da00b856e063c9","apps/web/public/assets/manor/classic/crops/44/pre_mature.png","b4eb20b0823527424f0481400fddaa6387f46615a3408f9eb9da00b856e063c9","reviewed-ok","ready"
"44","legacy-44","丝瓜","5","mature","5","mature","35","state-character","Crop_44.swf/DefineSprite_35/1.png","db83a5d32529558fed49db635c3480eb07d9be69b3e67649c2f7be39c8a3e1de","apps/web/public/assets/manor/classic/crops/44/mature.png","db83a5d32529558fed49db635c3480eb07d9be69b3e67649c2f7be39c8a3e1de","reviewed-ok","ready"
"44","legacy-44","丝瓜","6","withered","6","withered","37","state-character","Crop_44.swf/DefineSprite_37/1.png","d6a6f31b306ea0342f210da30b05bb6dc4cdfd731ac7353489f434a30c6b1bba","apps/web/public/assets/manor/classic/crops/44/withered.png","d6a6f31b306ea0342f210da30b05bb6dc4cdfd731ac7353489f434a30c6b1bba","reviewed-ok","ready"
"46","legacy-46","爱心果","0","seed","0","seed","2","state-character","Crop_46.swf/DefineSprite_2/1.png","db64a2423bcb9185ca003d386c22654cd570c0c817515db055cea33e28d4a10e","apps/web/public/assets/manor/classic/crops/46/seed.png","db64a2423bcb9185ca003d386c22654cd570c0c817515db055cea33e28d4a10e","reviewed-ok","ready"
"46","legacy-46","爱心果","1","sprout","1","sprout","8","state-character","Crop_46.swf/DefineSprite_8/1.png","dede75fb0d488862af9ed1a8ddd65418064d9c097cf652bd59f3f9b3d2aa2373","apps/web/public/assets/manor/classic/crops/46/sprout.png","dede75fb0d488862af9ed1a8ddd65418064d9c097cf652bd59f3f9b3d2aa2373","reviewed-ok","ready"
"46","legacy-46","爱心果","2","young","2","young","13","state-character","Crop_46.swf/DefineSprite_13/1.png","0eb613105e5af4ba9dc28b4e13bfc4cdd33a1976699aa0a61ab200a5dbe0292b","apps/web/public/assets/manor/classic/crops/46/young.png","0eb613105e5af4ba9dc28b4e13bfc4cdd33a1976699aa0a61ab200a5dbe0292b","reviewed-ok","ready"
"46","legacy-46","爱心果","3","growing","3","growing","19","state-character","Crop_46.swf/DefineSprite_19/1.png","0b3233bb296c31eba5b3b368612dadb062b9b78f8361a6a25b450e6eb82b2685","apps/web/public/assets/manor/classic/crops/46/growing.png","0b3233bb296c31eba5b3b368612dadb062b9b78f8361a6a25b450e6eb82b2685","reviewed-ok","ready"
"46","legacy-46","爱心果","4","pre_mature","4","pre_mature","21","state-character","Crop_46.swf/DefineSprite_21/1.png","ddc33905a6a963cc3974b4ba51bb42b0b210e8dc85a1e0c1a66b44984e408c43","apps/web/public/assets/manor/classic/crops/46/pre_mature.png","ddc33905a6a963cc3974b4ba51bb42b0b210e8dc85a1e0c1a66b44984e408c43","reviewed-ok","ready"
"46","legacy-46","爱心果","5","mature","5","mature","24","state-character","Crop_46.swf/DefineSprite_24/1.png","ff652594b539386e18b745435eb22f3d035f729169925bfbf59de58389ee06d1","apps/web/public/assets/manor/classic/crops/46/mature.png","ff652594b539386e18b745435eb22f3d035f729169925bfbf59de58389ee06d1","reviewed-ok","ready"
"46","legacy-46","爱心果","6","withered","6","withered","26","state-character","Crop_46.swf/DefineSprite_26/1.png","d6a6f31b306ea0342f210da30b05bb6dc4cdfd731ac7353489f434a30c6b1bba","apps/web/public/assets/manor/classic/crops/46/withered.png","d6a6f31b306ea0342f210da30b05bb6dc4cdfd731ac7353489f434a30c6b1bba","reviewed-ok","ready"
"72","legacy-72","榛子","0","seed","0","seed","2","state-character","Crop_72.swf/DefineSprite_2/1.png","fed5b2c8ff6ff82ab1975b57125333c8fb2706e7a8c5539afe1b2b4aeb8fb24c","apps/web/public/assets/manor/classic/crops/72/seed.png","fed5b2c8ff6ff82ab1975b57125333c8fb2706e7a8c5539afe1b2b4aeb8fb24c","reviewed-ok","ready"
"72","legacy-72","榛子","1","sprout","1","sprout","4","state-character","Crop_72.swf/DefineSprite_4/1.png","1bade46b1caf381bccf7409b0e2e286fb4e09103495dca5437675c61d326aabb","apps/web/public/assets/manor/classic/crops/72/sprout.png","1bade46b1caf381bccf7409b0e2e286fb4e09103495dca5437675c61d326aabb","reviewed-ok","ready"
"72","legacy-72","榛子","2","young","2","young","14","state-character","Crop_72.swf/DefineSprite_14/1.png","80533e74ffcbd3370b34129329f94eec63f11843bda6134f51c74590cbfe8f86","apps/web/public/assets/manor/classic/crops/72/young.png","80533e74ffcbd3370b34129329f94eec63f11843bda6134f51c74590cbfe8f86","reviewed-ok","ready"
"72","legacy-72","榛子","3","growing","3","growing","30","state-character","Crop_72.swf/DefineSprite_30/1.png","222c7e45b2515f00c4d7cd873cd02e526a6a4505506bf1a76a97e28131c4f64c","apps/web/public/assets/manor/classic/crops/72/growing.png","222c7e45b2515f00c4d7cd873cd02e526a6a4505506bf1a76a97e28131c4f64c","reviewed-ok","ready"
"72","legacy-72","榛子","4","pre_mature","4","pre_mature","33","state-character","Crop_72.swf/DefineSprite_33/1.png","431ee3ec2b1e3278d64ddacf8357972483262e431d9101e873adf7c51167cdbb","apps/web/public/assets/manor/classic/crops/72/pre_mature.png","431ee3ec2b1e3278d64ddacf8357972483262e431d9101e873adf7c51167cdbb","reviewed-ok","ready"
"72","legacy-72","榛子","5","mature","5","mature","38","state-character","Crop_72.swf/DefineSprite_38/1.png","7442997ed0393e6494168c396189178f0104618805cafd1814d399339492b0e6","apps/web/public/assets/manor/classic/crops/72/mature.png","7442997ed0393e6494168c396189178f0104618805cafd1814d399339492b0e6","reviewed-ok","ready"
"72","legacy-72","榛子","6","withered","6","withered","40","state-character","Crop_72.swf/DefineSprite_40/1.png","d6a6f31b306ea0342f210da30b05bb6dc4cdfd731ac7353489f434a30c6b1bba","apps/web/public/assets/manor/classic/crops/72/withered.png","d6a6f31b306ea0342f210da30b05bb6dc4cdfd731ac7353489f434a30c6b1bba","reviewed-ok","ready"
"23","legacy-23","石榴","0","seed","0","seed","2","state-character","Crop_23.swf/DefineSprite_2/1.png","db64a2423bcb9185ca003d386c22654cd570c0c817515db055cea33e28d4a10e","apps/web/public/assets/manor/classic/crops/23/seed.png","db64a2423bcb9185ca003d386c22654cd570c0c817515db055cea33e28d4a10e","reviewed-ok","ready"
"23","legacy-23","石榴","1","sprout","1","sprout","7","state-character","Crop_23.swf/DefineSprite_7/1.png","b3e46dccc64481297fe0cc06bd41aaf2e321f4b2a27d63c56593ee90e337a117","apps/web/public/assets/manor/classic/crops/23/sprout.png","b3e46dccc64481297fe0cc06bd41aaf2e321f4b2a27d63c56593ee90e337a117","reviewed-ok","ready"
"23","legacy-23","石榴","2","young","2","young","20","state-character","Crop_23.swf/DefineSprite_20/1.png","a641db51a9adaeb18fa064dff34f1c351bf95118921550cd450b136757b9f467","apps/web/public/assets/manor/classic/crops/23/young.png","a641db51a9adaeb18fa064dff34f1c351bf95118921550cd450b136757b9f467","reviewed-ok","ready"
"23","legacy-23","石榴","3","growing","3","growing","25","state-character","Crop_23.swf/DefineSprite_25/1.png","453fbf04e7487e7ca1c56dc0442fc869c25e032e746422b198135f8a11e46ee8","apps/web/public/assets/manor/classic/crops/23/growing.png","453fbf04e7487e7ca1c56dc0442fc869c25e032e746422b198135f8a11e46ee8","reviewed-ok","ready"
"23","legacy-23","石榴","4","pre_mature","4","pre_mature","33","state-character","Crop_23.swf/DefineSprite_33/1.png","cd3cf543b53546a7ac100b85b44582b438e7628652e51f7757cd659a639bcef8","apps/web/public/assets/manor/classic/crops/23/pre_mature.png","cd3cf543b53546a7ac100b85b44582b438e7628652e51f7757cd659a639bcef8","reviewed-ok","ready"
"23","legacy-23","石榴","5","mature","5","mature","41","state-character","Crop_23.swf/DefineSprite_41/1.png","2faced70e0f4b21e39974db21644eb7610571bdf7d9b812188da745b9c68c7b0","apps/web/public/assets/manor/classic/crops/23/mature.png","2faced70e0f4b21e39974db21644eb7610571bdf7d9b812188da745b9c68c7b0","reviewed-ok","ready"
"23","legacy-23","石榴","6","withered","6","withered","43","state-character","Crop_23.swf/DefineSprite_43/1.png","d6a6f31b306ea0342f210da30b05bb6dc4cdfd731ac7353489f434a30c6b1bba","apps/web/public/assets/manor/classic/crops/23/withered.png","d6a6f31b306ea0342f210da30b05bb6dc4cdfd731ac7353489f434a30c6b1bba","reviewed-ok","ready"
"106","legacy-106","郁金香","0","seed","0","seed","2","state-character","Crop_106.swf/DefineSprite_2/1.png","db64a2423bcb9185ca003d386c22654cd570c0c817515db055cea33e28d4a10e","apps/web/public/assets/manor/classic/crops/106/seed.png","db64a2423bcb9185ca003d386c22654cd570c0c817515db055cea33e28d4a10e","reviewed-ok","ready"
"106","legacy-106","郁金香","1","sprout","1","sprout","5","state-character","Crop_106.swf/DefineSprite_5/1.png","c883d09c78043deb784a05c562c1f6f523d4f7722f78dd7f5376829170a18d56","apps/web/public/assets/manor/classic/crops/106/sprout.png","c883d09c78043deb784a05c562c1f6f523d4f7722f78dd7f5376829170a18d56","reviewed-ok","ready"
"106","legacy-106","郁金香","2","young","2","young","9","state-character","Crop_106.swf/DefineSprite_9/1.png","9d941ddbbc543d9ad6450070293916b839ddb7d479e83d1b90cbfc91113c9681","apps/web/public/assets/manor/classic/crops/106/young.png","9d941ddbbc543d9ad6450070293916b839ddb7d479e83d1b90cbfc91113c9681","reviewed-ok","ready"
"106","legacy-106","郁金香","3","growing","3","growing","14","state-character","Crop_106.swf/DefineSprite_14/1.png","e3e7a8c6ff46cacf1c9ab119398d8292200c641f9e314e96b5a30f5cab09a1fb","apps/web/public/assets/manor/classic/crops/106/growing.png","e3e7a8c6ff46cacf1c9ab119398d8292200c641f9e314e96b5a30f5cab09a1fb","reviewed-ok","ready"
"106","legacy-106","郁金香","4","pre_mature","4","pre_mature","16","state-character","Crop_106.swf/DefineSprite_16/1.png","cab4c37f6bb58de8baaa4cafe71a726d5486c1d1e5d540992fe0a93331ae1f8c","apps/web/public/assets/manor/classic/crops/106/pre_mature.png","cab4c37f6bb58de8baaa4cafe71a726d5486c1d1e5d540992fe0a93331ae1f8c","reviewed-ok","ready"
"106","legacy-106","郁金香","5","mature","5","mature","18","state-character","Crop_106.swf/DefineSprite_18/1.png","7e566147822797a0b41160e86bd3fa36b09111ce16cad0fc94ad796548fb5615","apps/web/public/assets/manor/classic/crops/106/mature.png","7e566147822797a0b41160e86bd3fa36b09111ce16cad0fc94ad796548fb5615","reviewed-ok","ready"
"106","legacy-106","郁金香","6","withered","6","withered","20","state-character","Crop_106.swf/DefineSprite_20/1.png","d6a6f31b306ea0342f210da30b05bb6dc4cdfd731ac7353489f434a30c6b1bba","apps/web/public/assets/manor/classic/crops/106/withered.png","d6a6f31b306ea0342f210da30b05bb6dc4cdfd731ac7353489f434a30c6b1bba","reviewed-ok","ready"
"26","legacy-26","柚子","0","seed","0","seed","2","state-character","Crop_26.swf/DefineSprite_2/1.png","d5f26f7736b177045b4dbadea9e307affd08ea504cd8485fec90a89b946683e8","apps/web/public/assets/manor/classic/crops/26/seed.png","d5f26f7736b177045b4dbadea9e307affd08ea504cd8485fec90a89b946683e8","reviewed-ok","ready"
"26","legacy-26","柚子","1","sprout","1","sprout","4","state-character","Crop_26.swf/DefineSprite_4/1.png","2dfc956562954f028df7615d5e0db7a25372259d43be5a68e2ded4d0da353e1e","apps/web/public/assets/manor/classic/crops/26/sprout.png","2dfc956562954f028df7615d5e0db7a25372259d43be5a68e2ded4d0da353e1e","reviewed-ok","ready"
"26","legacy-26","柚子","2","young","2","young","9","state-character","Crop_26.swf/DefineSprite_9/1.png","eb5d45b22ff1b3991e6fdc1217a43b44c8b71aa1aa6f25a17ce5ddeb0e357be7","apps/web/public/assets/manor/classic/crops/26/young.png","eb5d45b22ff1b3991e6fdc1217a43b44c8b71aa1aa6f25a17ce5ddeb0e357be7","reviewed-ok","ready"
"26","legacy-26","柚子","3","growing","3","growing","12","state-character","Crop_26.swf/DefineSprite_12/1.png","c04db97c9f7634753a001bf80cc2db9f9212ebdedfed2239ddfb3f2e91f27e0a","apps/web/public/assets/manor/classic/crops/26/growing.png","c04db97c9f7634753a001bf80cc2db9f9212ebdedfed2239ddfb3f2e91f27e0a","reviewed-ok","ready"
"26","legacy-26","柚子","4","pre_mature","4","pre_mature","17","state-character","Crop_26.swf/DefineSprite_17/1.png","020a8f03c4eeb9225249e0d6fbade4b23de078ac9c3532288079c28884619845","apps/web/public/assets/manor/classic/crops/26/pre_mature.png","020a8f03c4eeb9225249e0d6fbade4b23de078ac9c3532288079c28884619845","reviewed-ok","ready"
"26","legacy-26","柚子","5","mature","5","mature","20","state-character","Crop_26.swf/DefineSprite_20/1.png","fb82309ff722a6162609fb2529f4a07d3cb5e9792fdcc9a79b8a6ac148a1c928","apps/web/public/assets/manor/classic/crops/26/mature.png","fb82309ff722a6162609fb2529f4a07d3cb5e9792fdcc9a79b8a6ac148a1c928","reviewed-ok","ready"
"26","legacy-26","柚子","6","withered","6","withered","22","state-character","Crop_26.swf/DefineSprite_22/1.png","d6a6f31b306ea0342f210da30b05bb6dc4cdfd731ac7353489f434a30c6b1bba","apps/web/public/assets/manor/classic/crops/26/withered.png","d6a6f31b306ea0342f210da30b05bb6dc4cdfd731ac7353489f434a30c6b1bba","reviewed-ok","ready"
"50","legacy-50","蘑菇","0","seed","0","seed","4","state-character","Crop_50.swf/DefineSprite_4/1.png","76d1ad53c45d8932b6fa012e9f34f4399b12fec6777b771824864f28f64e8d2c","apps/web/public/assets/manor/classic/crops/50/seed.png","76d1ad53c45d8932b6fa012e9f34f4399b12fec6777b771824864f28f64e8d2c","reviewed-ok","ready"
"50","legacy-50","蘑菇","1","sprout","1","sprout","6","state-character","Crop_50.swf/DefineSprite_6/1.png","4a6efab815607bda186d65f4d317eb21b05125d1dbdec9a25b9f4def4e8f652a","apps/web/public/assets/manor/classic/crops/50/sprout.png","4a6efab815607bda186d65f4d317eb21b05125d1dbdec9a25b9f4def4e8f652a","reviewed-ok","ready"
"50","legacy-50","蘑菇","2","young","2","young","11","state-character","Crop_50.swf/DefineSprite_11/1.png","883fdd31aff60f14ae83bd3a256f6374ab8c3ef034ee58cfa260eaa194ac6d7b","apps/web/public/assets/manor/classic/crops/50/young.png","883fdd31aff60f14ae83bd3a256f6374ab8c3ef034ee58cfa260eaa194ac6d7b","reviewed-ok","ready"
"50","legacy-50","蘑菇","3","growing","3","growing","18","state-character","Crop_50.swf/DefineSprite_18/1.png","ca620490796199500e04351520c08474168358d465ddb16d8fad5e61f2b611a2","apps/web/public/assets/manor/classic/crops/50/growing.png","ca620490796199500e04351520c08474168358d465ddb16d8fad5e61f2b611a2","reviewed-ok","ready"
"50","legacy-50","蘑菇","4","pre_mature","4","pre_mature","18","state-character","Crop_50.swf/DefineSprite_18/1.png","ca620490796199500e04351520c08474168358d465ddb16d8fad5e61f2b611a2","apps/web/public/assets/manor/classic/crops/50/pre_mature.png","ca620490796199500e04351520c08474168358d465ddb16d8fad5e61f2b611a2","reviewed-ok","ready"
"50","legacy-50","蘑菇","5","mature","5","mature","23","state-character","Crop_50.swf/DefineSprite_23/1.png","f051b5c2fed59de7d71bf559b539e8424d280df55c1175eccc9d4c262b4a962f","apps/web/public/assets/manor/classic/crops/50/mature.png","f051b5c2fed59de7d71bf559b539e8424d280df55c1175eccc9d4c262b4a962f","reviewed-ok","ready"
"50","legacy-50","蘑菇","6","withered","6","withered","25","state-character","Crop_50.swf/DefineSprite_25/1.png","bc6356b37ef5e5c05f68aa45d71293c46835cf7799ede3a2f07c0ad42bf2eeb8","apps/web/public/assets/manor/classic/crops/50/withered.png","bc6356b37ef5e5c05f68aa45d71293c46835cf7799ede3a2f07c0ad42bf2eeb8","reviewed-ok","ready"
"27","legacy-27","菠萝","0","seed","0","seed","2","state-character","Crop_27.swf/DefineSprite_2/1.png","00f8ac9abb7d3c731fbb32c590337aa06e656822244bc7046763761e80d89307","apps/web/public/assets/manor/classic/crops/27/seed.png","00f8ac9abb7d3c731fbb32c590337aa06e656822244bc7046763761e80d89307","reviewed-ok","ready"
"27","legacy-27","菠萝","1","sprout","1","sprout","4","state-character","Crop_27.swf/DefineSprite_4/1.png","db843828bbf2e24c84a12c0fb68353a7445d6b721bc0fde335231e1fc5e7efc4","apps/web/public/assets/manor/classic/crops/27/sprout.png","db843828bbf2e24c84a12c0fb68353a7445d6b721bc0fde335231e1fc5e7efc4","reviewed-ok","ready"
"27","legacy-27","菠萝","2","young","2","young","6","state-character","Crop_27.swf/DefineSprite_6/1.png","259863037698fd06585f7f80fab1691c5d17f9433b1f24bfcf7536eec3301534","apps/web/public/assets/manor/classic/crops/27/young.png","259863037698fd06585f7f80fab1691c5d17f9433b1f24bfcf7536eec3301534","reviewed-ok","ready"
"27","legacy-27","菠萝","3","growing","3","growing","10","state-character","Crop_27.swf/DefineSprite_10/1.png","ded3e1ed7e05468b105d8ba8085f3650bf292cbad4295deac2991a17eb16368a","apps/web/public/assets/manor/classic/crops/27/growing.png","ded3e1ed7e05468b105d8ba8085f3650bf292cbad4295deac2991a17eb16368a","reviewed-ok","ready"
"27","legacy-27","菠萝","4","pre_mature","4","pre_mature","13","state-character","Crop_27.swf/DefineSprite_13/1.png","5d6d200603b4b2a1c86d996f5b390a48ffa05177a2a53b980bb43aa9c838e346","apps/web/public/assets/manor/classic/crops/27/pre_mature.png","5d6d200603b4b2a1c86d996f5b390a48ffa05177a2a53b980bb43aa9c838e346","reviewed-ok","ready"
"27","legacy-27","菠萝","5","mature","5","mature","16","state-character","Crop_27.swf/DefineSprite_16/1.png","e3c565a4a5a2a68df98f553eb2fadc113dca4bc8c764c1edf78bb5ccc54e2f0f","apps/web/public/assets/manor/classic/crops/27/mature.png","e3c565a4a5a2a68df98f553eb2fadc113dca4bc8c764c1edf78bb5ccc54e2f0f","reviewed-ok","ready"
"27","legacy-27","菠萝","6","withered","6","withered","18","state-character","Crop_27.swf/DefineSprite_18/1.png","d6a6f31b306ea0342f210da30b05bb6dc4cdfd731ac7353489f434a30c6b1bba","apps/web/public/assets/manor/classic/crops/27/withered.png","d6a6f31b306ea0342f210da30b05bb6dc4cdfd731ac7353489f434a30c6b1bba","reviewed-ok","ready"
"102","legacy-102","马蹄莲","0","seed","0","seed","2","state-character","Crop_102.swf/DefineSprite_2/1.png","db64a2423bcb9185ca003d386c22654cd570c0c817515db055cea33e28d4a10e","apps/web/public/assets/manor/classic/crops/102/seed.png","db64a2423bcb9185ca003d386c22654cd570c0c817515db055cea33e28d4a10e","reviewed-ok","ready"
"102","legacy-102","马蹄莲","1","sprout","1","sprout","4","state-character","Crop_102.swf/DefineSprite_4/1.png","04a186a09597d0da1def332caa87ad629dbe5e39a7f4a793655e4abb9ad238d7","apps/web/public/assets/manor/classic/crops/102/sprout.png","04a186a09597d0da1def332caa87ad629dbe5e39a7f4a793655e4abb9ad238d7","reviewed-ok","ready"
"102","legacy-102","马蹄莲","2","young","2","young","6","state-character","Crop_102.swf/DefineSprite_6/1.png","b3d25bcf31e31f2f7d59c45678a846a27848df346a8034760a114dd1ff2084d9","apps/web/public/assets/manor/classic/crops/102/young.png","b3d25bcf31e31f2f7d59c45678a846a27848df346a8034760a114dd1ff2084d9","reviewed-ok","ready"
"102","legacy-102","马蹄莲","3","growing","3","growing","8","state-character","Crop_102.swf/DefineSprite_8/1.png","27d07acc00c8dae2916f51d6ab8bbe08558398183dd92893d7554920e36be993","apps/web/public/assets/manor/classic/crops/102/growing.png","27d07acc00c8dae2916f51d6ab8bbe08558398183dd92893d7554920e36be993","reviewed-ok","ready"
"102","legacy-102","马蹄莲","4","pre_mature","4","pre_mature","10","state-character","Crop_102.swf/DefineSprite_10/1.png","382060da55a54f857eba69f80d00548680bd9386d3c4643ed1962fadc92738cf","apps/web/public/assets/manor/classic/crops/102/pre_mature.png","382060da55a54f857eba69f80d00548680bd9386d3c4643ed1962fadc92738cf","reviewed-ok","ready"
"102","legacy-102","马蹄莲","5","mature","5","mature","12","state-character","Crop_102.swf/DefineSprite_12/1.png","f05df0eec031eca0c66a40edccfb4165c1dac5237b975cb86f5acd1939d86f74","apps/web/public/assets/manor/classic/crops/102/mature.png","f05df0eec031eca0c66a40edccfb4165c1dac5237b975cb86f5acd1939d86f74","reviewed-ok","ready"
"102","legacy-102","马蹄莲","6","withered","6","withered","14","state-character","Crop_102.swf/DefineSprite_14/1.png","d6a6f31b306ea0342f210da30b05bb6dc4cdfd731ac7353489f434a30c6b1bba","apps/web/public/assets/manor/classic/crops/102/withered.png","d6a6f31b306ea0342f210da30b05bb6dc4cdfd731ac7353489f434a30c6b1bba","reviewed-ok","ready"
"29","legacy-29","椰子","0","seed","0","seed","2","state-character","Crop_29.swf/DefineSprite_2/1.png","1e75b2a99aeaa14220763d25acf65fa0ff908743b2b909b7502163ac656336ca","apps/web/public/assets/manor/classic/crops/29/seed.png","1e75b2a99aeaa14220763d25acf65fa0ff908743b2b909b7502163ac656336ca","reviewed-ok","ready"
"29","legacy-29","椰子","1","sprout","1","sprout","4","state-character","Crop_29.swf/DefineSprite_4/1.png","493efc3a8544e05ea6b9451e7803a97381d8987bf9dfd19082c202989d63e30f","apps/web/public/assets/manor/classic/crops/29/sprout.png","493efc3a8544e05ea6b9451e7803a97381d8987bf9dfd19082c202989d63e30f","reviewed-ok","ready"
"29","legacy-29","椰子","2","young","2","young","6","state-character","Crop_29.swf/DefineSprite_6/1.png","8081c16e0afede24b9183583258c311e8db2827e64a8df9d0416d2954fe4c84b","apps/web/public/assets/manor/classic/crops/29/young.png","8081c16e0afede24b9183583258c311e8db2827e64a8df9d0416d2954fe4c84b","reviewed-ok","ready"
"29","legacy-29","椰子","3","growing","3","growing","10","state-character","Crop_29.swf/DefineSprite_10/1.png","9b25147e95614650dffa445126e1f98a8b4d87ad3a65f803342ea934ca24dc79","apps/web/public/assets/manor/classic/crops/29/growing.png","9b25147e95614650dffa445126e1f98a8b4d87ad3a65f803342ea934ca24dc79","reviewed-ok","ready"
"29","legacy-29","椰子","4","pre_mature","4","pre_mature","12","state-character","Crop_29.swf/DefineSprite_12/1.png","0cd94fd42f9fc0b4c763d13e74369df3f2ecbccd6642c754778e94782e8bb35c","apps/web/public/assets/manor/classic/crops/29/pre_mature.png","0cd94fd42f9fc0b4c763d13e74369df3f2ecbccd6642c754778e94782e8bb35c","reviewed-ok","ready"
"29","legacy-29","椰子","5","mature","5","mature","14","state-character","Crop_29.swf/DefineSprite_14/1.png","e5443af900cb231e444de1f717fbabc56af9ae11c98c08e89470a5b5d7785c34","apps/web/public/assets/manor/classic/crops/29/mature.png","e5443af900cb231e444de1f717fbabc56af9ae11c98c08e89470a5b5d7785c34","reviewed-ok","ready"
"29","legacy-29","椰子","6","withered","6","withered","16","state-character","Crop_29.swf/DefineSprite_16/1.png","d6a6f31b306ea0342f210da30b05bb6dc4cdfd731ac7353489f434a30c6b1bba","apps/web/public/assets/manor/classic/crops/29/withered.png","d6a6f31b306ea0342f210da30b05bb6dc4cdfd731ac7353489f434a30c6b1bba","reviewed-ok","ready"
"49","legacy-49","花生","0","seed","0","seed","2","state-character","Crop_49.swf/DefineSprite_2/1.png","db64a2423bcb9185ca003d386c22654cd570c0c817515db055cea33e28d4a10e","apps/web/public/assets/manor/classic/crops/49/seed.png","db64a2423bcb9185ca003d386c22654cd570c0c817515db055cea33e28d4a10e","reviewed-ok","ready"
"49","legacy-49","花生","1","sprout","1","sprout","6","state-character","Crop_49.swf/DefineSprite_6/1.png","2868b5e1df37130285c559a4760fdfdc12d6d73c71174774c125c6f0dec0eef9","apps/web/public/assets/manor/classic/crops/49/sprout.png","2868b5e1df37130285c559a4760fdfdc12d6d73c71174774c125c6f0dec0eef9","reviewed-ok","ready"
"49","legacy-49","花生","2","young","2","young","10","state-character","Crop_49.swf/DefineSprite_10/1.png","bea6316aaf62668e2b0fcf361cf503c65c27a22a2a4a487b26f7ea04a91e5f75","apps/web/public/assets/manor/classic/crops/49/young.png","bea6316aaf62668e2b0fcf361cf503c65c27a22a2a4a487b26f7ea04a91e5f75","reviewed-ok","ready"
"49","legacy-49","花生","3","growing","3","growing","16","state-character","Crop_49.swf/DefineSprite_16/1.png","dec00d86e6c8408c926bf48c3de51ba3dd67302fc8ef4bc27aa0bc7401e120ad","apps/web/public/assets/manor/classic/crops/49/growing.png","dec00d86e6c8408c926bf48c3de51ba3dd67302fc8ef4bc27aa0bc7401e120ad","reviewed-ok","ready"
"49","legacy-49","花生","4","pre_mature","4","pre_mature","21","state-character","Crop_49.swf/DefineSprite_21/1.png","23d83ddf5b9a4e7e709de5fbbb603d769c99fda5c24c13c1d763fb9437cdcdb8","apps/web/public/assets/manor/classic/crops/49/pre_mature.png","23d83ddf5b9a4e7e709de5fbbb603d769c99fda5c24c13c1d763fb9437cdcdb8","reviewed-ok","ready"
"49","legacy-49","花生","5","mature","5","mature","29","state-character","Crop_49.swf/DefineSprite_29/1.png","ba32f23d9f8c0ea73809607306d76ae6b5545619aa4ed805fab1ffe82a77d80e","apps/web/public/assets/manor/classic/crops/49/mature.png","ba32f23d9f8c0ea73809607306d76ae6b5545619aa4ed805fab1ffe82a77d80e","reviewed-ok","ready"
"49","legacy-49","花生","6","withered","6","withered","31","state-character","Crop_49.swf/DefineSprite_31/1.png","d6a6f31b306ea0342f210da30b05bb6dc4cdfd731ac7353489f434a30c6b1bba","apps/web/public/assets/manor/classic/crops/49/withered.png","d6a6f31b306ea0342f210da30b05bb6dc4cdfd731ac7353489f434a30c6b1bba","reviewed-ok","ready"
"69","legacy-69","莴笋","0","seed","0","seed","2","state-character","Crop_69.swf/DefineSprite_2/1.png","db64a2423bcb9185ca003d386c22654cd570c0c817515db055cea33e28d4a10e","apps/web/public/assets/manor/classic/crops/69/seed.png","db64a2423bcb9185ca003d386c22654cd570c0c817515db055cea33e28d4a10e","reviewed-ok","ready"
"69","legacy-69","莴笋","1","sprout","1","sprout","11","state-character","Crop_69.swf/DefineSprite_11/1.png","a28f43c6cad8e35b8e00aff5f0ecc2892be56c51d3e9da116fb61947627aa090","apps/web/public/assets/manor/classic/crops/69/sprout.png","a28f43c6cad8e35b8e00aff5f0ecc2892be56c51d3e9da116fb61947627aa090","reviewed-ok","ready"
"69","legacy-69","莴笋","2","young","2","young","16","state-character","Crop_69.swf/DefineSprite_16/1.png","cdc4ec084c6cf8d0e407c4f56c057f24e8ab4f7dcafbd852733e136c07711221","apps/web/public/assets/manor/classic/crops/69/young.png","cdc4ec084c6cf8d0e407c4f56c057f24e8ab4f7dcafbd852733e136c07711221","reviewed-ok","ready"
"69","legacy-69","莴笋","3","growing","3","growing","28","state-character","Crop_69.swf/DefineSprite_28/1.png","924aecd4b5c6aa1be5450d7c22c15637c01c0dbda46226ced130d6f01ac61b92","apps/web/public/assets/manor/classic/crops/69/growing.png","924aecd4b5c6aa1be5450d7c22c15637c01c0dbda46226ced130d6f01ac61b92","reviewed-ok","ready"
"69","legacy-69","莴笋","4","pre_mature","4","pre_mature","31","state-character","Crop_69.swf/DefineSprite_31/1.png","d223136476ca8cdda01c575a67aae7db3d8adf3aeb63bdcb4366ca17667be7a7","apps/web/public/assets/manor/classic/crops/69/pre_mature.png","d223136476ca8cdda01c575a67aae7db3d8adf3aeb63bdcb4366ca17667be7a7","reviewed-ok","ready"
"69","legacy-69","莴笋","5","mature","5","mature","33","state-character","Crop_69.swf/DefineSprite_33/1.png","d7726e966091b6662838a1b168c5c88d7dcf7d33cb80553bb07258ae3314fb76","apps/web/public/assets/manor/classic/crops/69/mature.png","d7726e966091b6662838a1b168c5c88d7dcf7d33cb80553bb07258ae3314fb76","reviewed-ok","ready"
"69","legacy-69","莴笋","6","withered","6","withered","35","state-character","Crop_69.swf/DefineSprite_35/1.png","d6a6f31b306ea0342f210da30b05bb6dc4cdfd731ac7353489f434a30c6b1bba","apps/web/public/assets/manor/classic/crops/69/withered.png","d6a6f31b306ea0342f210da30b05bb6dc4cdfd731ac7353489f434a30c6b1bba","reviewed-ok","ready"
"114","legacy-114","蓝玫瑰","0","seed","0","seed","2","state-character","Crop_114.swf/DefineSprite_2/1.png","db64a2423bcb9185ca003d386c22654cd570c0c817515db055cea33e28d4a10e","apps/web/public/assets/manor/classic/crops/114/seed.png","db64a2423bcb9185ca003d386c22654cd570c0c817515db055cea33e28d4a10e","reviewed-ok","ready"
"114","legacy-114","蓝玫瑰","1","sprout","1","sprout","4","state-character","Crop_114.swf/DefineSprite_4/1.png","3a5f3f765b85969fd5d347b0d9eca6281a9138162f4de6029007cb911e371d36","apps/web/public/assets/manor/classic/crops/114/sprout.png","3a5f3f765b85969fd5d347b0d9eca6281a9138162f4de6029007cb911e371d36","reviewed-ok","ready"
"114","legacy-114","蓝玫瑰","2","young","2","young","16","state-character","Crop_114.swf/DefineSprite_16/1.png","445ad62ed8f9cee87652fdf58a51e869241b99051c31a9c35eba5d222db0e93c","apps/web/public/assets/manor/classic/crops/114/young.png","445ad62ed8f9cee87652fdf58a51e869241b99051c31a9c35eba5d222db0e93c","reviewed-ok","ready"
"114","legacy-114","蓝玫瑰","3","growing","3","growing","23","state-character","Crop_114.swf/DefineSprite_23/1.png","c5964463fd61691a4149af25b606c06c149abf7df2e5bd24097fddc6bb72cbf7","apps/web/public/assets/manor/classic/crops/114/growing.png","c5964463fd61691a4149af25b606c06c149abf7df2e5bd24097fddc6bb72cbf7","reviewed-ok","ready"
"114","legacy-114","蓝玫瑰","4","pre_mature","4","pre_mature","32","state-character","Crop_114.swf/DefineSprite_32/1.png","654ac819d1021bca4cf0d41d2f3f08d112197bb79c46f210dcd60bec221a11fb","apps/web/public/assets/manor/classic/crops/114/pre_mature.png","654ac819d1021bca4cf0d41d2f3f08d112197bb79c46f210dcd60bec221a11fb","reviewed-ok","ready"
"114","legacy-114","蓝玫瑰","5","mature","5","mature","61","state-character","Crop_114.swf/DefineSprite_61/1.png","c7a31431338e34ca50da18e96f85d047b6817f3bc98ad3089223a2dd4fbe57fd","apps/web/public/assets/manor/classic/crops/114/mature.png","c7a31431338e34ca50da18e96f85d047b6817f3bc98ad3089223a2dd4fbe57fd","reviewed-ok","ready"
"114","legacy-114","蓝玫瑰","6","withered","6","withered","63","state-character","Crop_114.swf/DefineSprite_63/1.png","d6a6f31b306ea0342f210da30b05bb6dc4cdfd731ac7353489f434a30c6b1bba","apps/web/public/assets/manor/classic/crops/114/withered.png","d6a6f31b306ea0342f210da30b05bb6dc4cdfd731ac7353489f434a30c6b1bba","reviewed-ok","ready"
"31","legacy-31","葫芦","0","seed","0","seed","2","state-character","Crop_31.swf/DefineSprite_2/1.png","db64a2423bcb9185ca003d386c22654cd570c0c817515db055cea33e28d4a10e","apps/web/public/assets/manor/classic/crops/31/seed.png","db64a2423bcb9185ca003d386c22654cd570c0c817515db055cea33e28d4a10e","reviewed-ok","ready"
"31","legacy-31","葫芦","1","sprout","1","sprout","5","state-character","Crop_31.swf/DefineSprite_5/1.png","b4bd5bccc0b16042a7a8c6b6d635179f183b2c11f90761af0a2f012781bf25d7","apps/web/public/assets/manor/classic/crops/31/sprout.png","b4bd5bccc0b16042a7a8c6b6d635179f183b2c11f90761af0a2f012781bf25d7","reviewed-ok","ready"
"31","legacy-31","葫芦","2","young","2","young","12","state-character","Crop_31.swf/DefineSprite_12/1.png","fda8666f49399105c48d4abcfc82187c2036d4a40077bd7b459a92ea0b2d6db5","apps/web/public/assets/manor/classic/crops/31/young.png","fda8666f49399105c48d4abcfc82187c2036d4a40077bd7b459a92ea0b2d6db5","reviewed-ok","ready"
"31","legacy-31","葫芦","3","growing","3","growing","22","state-character","Crop_31.swf/DefineSprite_22/1.png","b0e2550d60ed9babf259750759130bfb0827a77ae3843efbbc7b4971d199d60e","apps/web/public/assets/manor/classic/crops/31/growing.png","b0e2550d60ed9babf259750759130bfb0827a77ae3843efbbc7b4971d199d60e","reviewed-ok","ready"
"31","legacy-31","葫芦","4","pre_mature","4","pre_mature","27","state-character","Crop_31.swf/DefineSprite_27/1.png","1bafc4c4bab45af0de3119c7b4ee211799e5a9a78ce2c810c144379e5e4e99a7","apps/web/public/assets/manor/classic/crops/31/pre_mature.png","1bafc4c4bab45af0de3119c7b4ee211799e5a9a78ce2c810c144379e5e4e99a7","reviewed-ok","ready"
"31","legacy-31","葫芦","5","mature","5","mature","30","state-character","Crop_31.swf/DefineSprite_30/1.png","867385716189c33ca9cf50b0e198e501edf69dddab3b524a45f8c506146dc2f4","apps/web/public/assets/manor/classic/crops/31/mature.png","867385716189c33ca9cf50b0e198e501edf69dddab3b524a45f8c506146dc2f4","reviewed-ok","ready"
"31","legacy-31","葫芦","6","withered","6","withered","32","state-character","Crop_31.swf/DefineSprite_32/1.png","d6a6f31b306ea0342f210da30b05bb6dc4cdfd731ac7353489f434a30c6b1bba","apps/web/public/assets/manor/classic/crops/31/withered.png","d6a6f31b306ea0342f210da30b05bb6dc4cdfd731ac7353489f434a30c6b1bba","reviewed-ok","ready"
"45","legacy-45","猕猴桃","0","seed","0","seed","2","state-character","Crop_45.swf/DefineSprite_2/1.png","a77fab6c0fcd82551067c06ec011cd0597c5ad7783e81a80ac4a9b6e760de1ce","apps/web/public/assets/manor/classic/crops/45/seed.png","a77fab6c0fcd82551067c06ec011cd0597c5ad7783e81a80ac4a9b6e760de1ce","reviewed-ok","ready"
"45","legacy-45","猕猴桃","1","sprout","1","sprout","5","state-character","Crop_45.swf/DefineSprite_5/1.png","88d75f181c007f64e9b8d3c92e0242e7b1f30adb491c16811924f977657f1930","apps/web/public/assets/manor/classic/crops/45/sprout.png","88d75f181c007f64e9b8d3c92e0242e7b1f30adb491c16811924f977657f1930","reviewed-ok","ready"
"45","legacy-45","猕猴桃","2","young","2","young","13","state-character","Crop_45.swf/DefineSprite_13/1.png","0fb9ca335d8888f1254c8a98f02f45d7772f87720edffe0288d3a3389d64054d","apps/web/public/assets/manor/classic/crops/45/young.png","0fb9ca335d8888f1254c8a98f02f45d7772f87720edffe0288d3a3389d64054d","reviewed-ok","ready"
"45","legacy-45","猕猴桃","3","growing","3","growing","23","state-character","Crop_45.swf/DefineSprite_23/1.png","f72b2ccd0e5eac144a06fb6d8f67a3557f9ef213c6e6775021993b9221df7f24","apps/web/public/assets/manor/classic/crops/45/growing.png","f72b2ccd0e5eac144a06fb6d8f67a3557f9ef213c6e6775021993b9221df7f24","reviewed-ok","ready"
"45","legacy-45","猕猴桃","4","pre_mature","4","pre_mature","35","state-character","Crop_45.swf/DefineSprite_35/1.png","d768af2095873d0779002fe3b4d485fa2597ad5def5b0d05c6b80ff6dd8252af","apps/web/public/assets/manor/classic/crops/45/pre_mature.png","d768af2095873d0779002fe3b4d485fa2597ad5def5b0d05c6b80ff6dd8252af","reviewed-ok","ready"
"45","legacy-45","猕猴桃","5","mature","5","mature","39","state-character","Crop_45.swf/DefineSprite_39/1.png","15f39a9bea34dc4cfb97dd9b1c577deb89aa1ce1a3c3c6803fdb3e31949d79ce","apps/web/public/assets/manor/classic/crops/45/mature.png","15f39a9bea34dc4cfb97dd9b1c577deb89aa1ce1a3c3c6803fdb3e31949d79ce","reviewed-ok","ready"
"45","legacy-45","猕猴桃","6","withered","6","withered","41","state-character","Crop_45.swf/DefineSprite_41/1.png","d6a6f31b306ea0342f210da30b05bb6dc4cdfd731ac7353489f434a30c6b1bba","apps/web/public/assets/manor/classic/crops/45/withered.png","d6a6f31b306ea0342f210da30b05bb6dc4cdfd731ac7353489f434a30c6b1bba","reviewed-ok","ready"
"54","legacy-54","梨","0","seed","0","seed","7","state-character","Crop_54.swf/DefineSprite_7/1.png","b02d72490ec6acfc3a22d7344cfc929019dccb62a682f35c4b6f61d656e435a8","apps/web/public/assets/manor/classic/crops/54/seed.png","b02d72490ec6acfc3a22d7344cfc929019dccb62a682f35c4b6f61d656e435a8","reviewed-ok","ready"
"54","legacy-54","梨","1","sprout","1","sprout","10","state-character","Crop_54.swf/DefineSprite_10/1.png","0dc65e8a8650d4489e950f2cdfc38e3904e8a6a25fadac74337db60e800ae88f","apps/web/public/assets/manor/classic/crops/54/sprout.png","0dc65e8a8650d4489e950f2cdfc38e3904e8a6a25fadac74337db60e800ae88f","reviewed-ok","ready"
"54","legacy-54","梨","2","young","2","young","16","state-character","Crop_54.swf/DefineSprite_16/1.png","1af9e22b1240c8ba60a06cdfd4186b10a15902d400284acb275c75fa1ac0b5eb","apps/web/public/assets/manor/classic/crops/54/young.png","1af9e22b1240c8ba60a06cdfd4186b10a15902d400284acb275c75fa1ac0b5eb","reviewed-ok","ready"
"54","legacy-54","梨","3","growing","3","growing","19","state-character","Crop_54.swf/DefineSprite_19/1.png","6408ff3829f5b56a11654ce13b3225aa0485651710133210661c146417ac0fd3","apps/web/public/assets/manor/classic/crops/54/growing.png","6408ff3829f5b56a11654ce13b3225aa0485651710133210661c146417ac0fd3","reviewed-ok","ready"
"54","legacy-54","梨","4","pre_mature","4","pre_mature","22","state-character","Crop_54.swf/DefineSprite_22/1.png","326583ae5a98b3b1bb7fdf3ec28b0fd69175ae33358766203bea142a310f9268","apps/web/public/assets/manor/classic/crops/54/pre_mature.png","326583ae5a98b3b1bb7fdf3ec28b0fd69175ae33358766203bea142a310f9268","reviewed-ok","ready"
"54","legacy-54","梨","5","mature","5","mature","25","state-character","Crop_54.swf/DefineSprite_25/1.png","155da430f0ee8089c6d0caa8568e5fe49f4fb46751546d2d46e75afcb172746b","apps/web/public/assets/manor/classic/crops/54/mature.png","155da430f0ee8089c6d0caa8568e5fe49f4fb46751546d2d46e75afcb172746b","reviewed-ok","ready"
"54","legacy-54","梨","6","withered","6","withered","27","state-character","Crop_54.swf/DefineSprite_27/1.png","d6a6f31b306ea0342f210da30b05bb6dc4cdfd731ac7353489f434a30c6b1bba","apps/web/public/assets/manor/classic/crops/54/withered.png","d6a6f31b306ea0342f210da30b05bb6dc4cdfd731ac7353489f434a30c6b1bba","reviewed-ok","ready"
"101","legacy-101","薰衣草","0","seed","0","seed","2","state-character","Crop_101.swf/DefineSprite_2/1.png","db64a2423bcb9185ca003d386c22654cd570c0c817515db055cea33e28d4a10e","apps/web/public/assets/manor/classic/crops/101/seed.png","db64a2423bcb9185ca003d386c22654cd570c0c817515db055cea33e28d4a10e","reviewed-ok","ready"
"101","legacy-101","薰衣草","1","sprout","1","sprout","5","state-character","Crop_101.swf/DefineSprite_5/1.png","9f993b260c4865d50061ed22973f6af7a1b4cb634cdc80102dfb059c1d3f3287","apps/web/public/assets/manor/classic/crops/101/sprout.png","9f993b260c4865d50061ed22973f6af7a1b4cb634cdc80102dfb059c1d3f3287","reviewed-ok","ready"
"101","legacy-101","薰衣草","2","young","2","young","10","state-character","Crop_101.swf/DefineSprite_10/1.png","6e5ee59c459afd3b038004615ed78bb455345adfd6b1548470c7d027251f7810","apps/web/public/assets/manor/classic/crops/101/young.png","6e5ee59c459afd3b038004615ed78bb455345adfd6b1548470c7d027251f7810","reviewed-ok","ready"
"101","legacy-101","薰衣草","3","growing","3","growing","13","state-character","Crop_101.swf/DefineSprite_13/1.png","e2b2545cd28917d367f1b75fcaf82ccaf6efd1d310327b4fc2b6fd4fd8ecb421","apps/web/public/assets/manor/classic/crops/101/growing.png","e2b2545cd28917d367f1b75fcaf82ccaf6efd1d310327b4fc2b6fd4fd8ecb421","reviewed-ok","ready"
"101","legacy-101","薰衣草","4","pre_mature","4","pre_mature","16","state-character","Crop_101.swf/DefineSprite_16/1.png","43c3d97cba591bb0cbb9bfccbbad0f6a54795705285b4643a525148048b6bd46","apps/web/public/assets/manor/classic/crops/101/pre_mature.png","43c3d97cba591bb0cbb9bfccbbad0f6a54795705285b4643a525148048b6bd46","reviewed-ok","ready"
"101","legacy-101","薰衣草","5","mature","5","mature","31","state-character","Crop_101.swf/DefineSprite_31/1.png","1ed534ea3a0230dbf5f7338345dd7f306af719f10590431c0545e05311da7b46","apps/web/public/assets/manor/classic/crops/101/mature.png","1ed534ea3a0230dbf5f7338345dd7f306af719f10590431c0545e05311da7b46","reviewed-ok","ready"
"101","legacy-101","薰衣草","6","withered","6","withered","33","state-character","Crop_101.swf/DefineSprite_33/1.png","d6a6f31b306ea0342f210da30b05bb6dc4cdfd731ac7353489f434a30c6b1bba","apps/web/public/assets/manor/classic/crops/101/withered.png","d6a6f31b306ea0342f210da30b05bb6dc4cdfd731ac7353489f434a30c6b1bba","reviewed-ok","ready"
"33","legacy-33","火龙果","0","seed","0","seed","2","state-character","Crop_33.swf/DefineSprite_2/1.png","6f8cad3ac94041f61aa5440f3f65e8fec3ebe76b174c5463f236cf44ee883424","apps/web/public/assets/manor/classic/crops/33/seed.png","6f8cad3ac94041f61aa5440f3f65e8fec3ebe76b174c5463f236cf44ee883424","reviewed-ok","ready"
"33","legacy-33","火龙果","1","sprout","1","sprout","4","state-character","Crop_33.swf/DefineSprite_4/1.png","e02e1dc6a878f7a070bbb9fc32e8ec491535c9101132b3c233524d6a8a5d8e2c","apps/web/public/assets/manor/classic/crops/33/sprout.png","e02e1dc6a878f7a070bbb9fc32e8ec491535c9101132b3c233524d6a8a5d8e2c","reviewed-ok","ready"
"33","legacy-33","火龙果","2","young","2","young","6","state-character","Crop_33.swf/DefineSprite_6/1.png","75f64276185f929a5ffd92e966c5bf0aa2073f74c1bea867fc6c218734127bca","apps/web/public/assets/manor/classic/crops/33/young.png","75f64276185f929a5ffd92e966c5bf0aa2073f74c1bea867fc6c218734127bca","reviewed-ok","ready"
"33","legacy-33","火龙果","3","growing","3","growing","13","state-character","Crop_33.swf/DefineSprite_13/1.png","1fafe190e0eaf98b154664fca793194611eda8b5903bc04644475f3960229288","apps/web/public/assets/manor/classic/crops/33/growing.png","1fafe190e0eaf98b154664fca793194611eda8b5903bc04644475f3960229288","reviewed-ok","ready"
"33","legacy-33","火龙果","4","pre_mature","4","pre_mature","16","state-character","Crop_33.swf/DefineSprite_16/1.png","73ec5fe5ac547338b06b37d38b6daa49c24afff7b8d630e0c14dd946587cb913","apps/web/public/assets/manor/classic/crops/33/pre_mature.png","73ec5fe5ac547338b06b37d38b6daa49c24afff7b8d630e0c14dd946587cb913","reviewed-ok","ready"
"33","legacy-33","火龙果","5","mature","5","mature","18","state-character","Crop_33.swf/DefineSprite_18/1.png","da67128b427966de8d12763fc983bd5e0adad7e6e1df045c62935830c0c8c90e","apps/web/public/assets/manor/classic/crops/33/mature.png","da67128b427966de8d12763fc983bd5e0adad7e6e1df045c62935830c0c8c90e","reviewed-ok","ready"
"33","legacy-33","火龙果","6","withered","6","withered","20","state-character","Crop_33.swf/DefineSprite_20/1.png","d6a6f31b306ea0342f210da30b05bb6dc4cdfd731ac7353489f434a30c6b1bba","apps/web/public/assets/manor/classic/crops/33/withered.png","d6a6f31b306ea0342f210da30b05bb6dc4cdfd731ac7353489f434a30c6b1bba","reviewed-ok","ready"
"55","legacy-55","枇杷","0","seed","0","seed","2","state-character","Crop_55.swf/DefineSprite_2/1.png","db64a2423bcb9185ca003d386c22654cd570c0c817515db055cea33e28d4a10e","apps/web/public/assets/manor/classic/crops/55/seed.png","db64a2423bcb9185ca003d386c22654cd570c0c817515db055cea33e28d4a10e","reviewed-ok","ready"
"55","legacy-55","枇杷","1","sprout","1","sprout","4","state-character","Crop_55.swf/DefineSprite_4/1.png","f6f2538540a3e957a018607e4b9997df84b014965f624134bb305fabd5ddcc39","apps/web/public/assets/manor/classic/crops/55/sprout.png","f6f2538540a3e957a018607e4b9997df84b014965f624134bb305fabd5ddcc39","reviewed-ok","ready"
"55","legacy-55","枇杷","2","young","2","young","16","state-character","Crop_55.swf/DefineSprite_16/1.png","35b18968a7fa47f2c96d4ff3f2c44acd8b8cd389af913ae77df74060065f375c","apps/web/public/assets/manor/classic/crops/55/young.png","35b18968a7fa47f2c96d4ff3f2c44acd8b8cd389af913ae77df74060065f375c","reviewed-ok","ready"
"55","legacy-55","枇杷","3","growing","3","growing","26","state-character","Crop_55.swf/DefineSprite_26/1.png","90c777a5ac4bac55d273557ba6ce0aef8c21acffca1958bcf33a78825271598d","apps/web/public/assets/manor/classic/crops/55/growing.png","90c777a5ac4bac55d273557ba6ce0aef8c21acffca1958bcf33a78825271598d","reviewed-ok","ready"
"55","legacy-55","枇杷","4","pre_mature","4","pre_mature","40","state-character","Crop_55.swf/DefineSprite_40/1.png","38dcdddf59f7fb6d2cc05c300b78542540b781a46acb38355416e34d4d2a09e3","apps/web/public/assets/manor/classic/crops/55/pre_mature.png","38dcdddf59f7fb6d2cc05c300b78542540b781a46acb38355416e34d4d2a09e3","reviewed-ok","ready"
"55","legacy-55","枇杷","5","mature","5","mature","50","state-character","Crop_55.swf/DefineSprite_50/1.png","27cea8191e62845046e14e35d945fc39f34c85e7cafd05353ce020b331f62643","apps/web/public/assets/manor/classic/crops/55/mature.png","27cea8191e62845046e14e35d945fc39f34c85e7cafd05353ce020b331f62643","reviewed-ok","ready"
"55","legacy-55","枇杷","6","withered","6","withered","52","state-character","Crop_55.swf/DefineSprite_52/1.png","d6a6f31b306ea0342f210da30b05bb6dc4cdfd731ac7353489f434a30c6b1bba","apps/web/public/assets/manor/classic/crops/55/withered.png","d6a6f31b306ea0342f210da30b05bb6dc4cdfd731ac7353489f434a30c6b1bba","reviewed-ok","ready"
"107","legacy-107","仙人掌","0","seed","0","seed","2","state-character","Crop_107.swf/DefineSprite_2/1.png","db64a2423bcb9185ca003d386c22654cd570c0c817515db055cea33e28d4a10e","apps/web/public/assets/manor/classic/crops/107/seed.png","db64a2423bcb9185ca003d386c22654cd570c0c817515db055cea33e28d4a10e","reviewed-ok","ready"
"107","legacy-107","仙人掌","1","sprout","1","sprout","7","state-character","Crop_107.swf/DefineSprite_7/1.png","d282cdac04a7f63b7226c89a10723a188ce665779793fa83425883e6a19f0e9d","apps/web/public/assets/manor/classic/crops/107/sprout.png","d282cdac04a7f63b7226c89a10723a188ce665779793fa83425883e6a19f0e9d","reviewed-ok","ready"
"107","legacy-107","仙人掌","2","young","2","young","10","state-character","Crop_107.swf/DefineSprite_10/1.png","01fd3a50e1687bb530538eb58ccad00275bbea1a081bea4bb51bbe472c6e4d5b","apps/web/public/assets/manor/classic/crops/107/young.png","01fd3a50e1687bb530538eb58ccad00275bbea1a081bea4bb51bbe472c6e4d5b","reviewed-ok","ready"
"107","legacy-107","仙人掌","3","growing","3","growing","12","state-character","Crop_107.swf/DefineSprite_12/1.png","8d802ec0150d5acf153a48456b333554cb24e1421344608ad235103875136617","apps/web/public/assets/manor/classic/crops/107/growing.png","8d802ec0150d5acf153a48456b333554cb24e1421344608ad235103875136617","reviewed-ok","ready"
"107","legacy-107","仙人掌","4","pre_mature","4","pre_mature","15","state-character","Crop_107.swf/DefineSprite_15/1.png","e9704574deefc670361c65f4ada7c1888a78384ba4d79f3f254fb49571f8fa60","apps/web/public/assets/manor/classic/crops/107/pre_mature.png","e9704574deefc670361c65f4ada7c1888a78384ba4d79f3f254fb49571f8fa60","reviewed-ok","ready"
"107","legacy-107","仙人掌","5","mature","5","mature","19","state-character","Crop_107.swf/DefineSprite_19/1.png","a08ba866d2f2d2e9837e9ea49ffe0f89fe2670f52f913718300aac22168b4b66","apps/web/public/assets/manor/classic/crops/107/mature.png","a08ba866d2f2d2e9837e9ea49ffe0f89fe2670f52f913718300aac22168b4b66","reviewed-ok","ready"
"107","legacy-107","仙人掌","6","withered","6","withered","21","state-character","Crop_107.swf/DefineSprite_21/1.png","d6a6f31b306ea0342f210da30b05bb6dc4cdfd731ac7353489f434a30c6b1bba","apps/web/public/assets/manor/classic/crops/107/withered.png","d6a6f31b306ea0342f210da30b05bb6dc4cdfd731ac7353489f434a30c6b1bba","reviewed-ok","ready"
"34","legacy-34","樱桃","0","seed","0","seed","2","state-character","Crop_34.swf/DefineSprite_2/1.png","cb51dbcd865348ba9a053a38402d622a65a49ff70551da81bd843294342f58e6","apps/web/public/assets/manor/classic/crops/34/seed.png","cb51dbcd865348ba9a053a38402d622a65a49ff70551da81bd843294342f58e6","reviewed-ok","ready"
"34","legacy-34","樱桃","1","sprout","1","sprout","4","state-character","Crop_34.swf/DefineSprite_4/1.png","cc31c6ebdd086822d03ae0cea022c7c7dbecb019272337b305e96295e6db4182","apps/web/public/assets/manor/classic/crops/34/sprout.png","cc31c6ebdd086822d03ae0cea022c7c7dbecb019272337b305e96295e6db4182","reviewed-ok","ready"
"34","legacy-34","樱桃","2","young","2","young","6","state-character","Crop_34.swf/DefineSprite_6/1.png","5546fa7acd08df1e9a97d3e74fd1b809e35d0c8302f6b981a4b2be3cc31c8ed8","apps/web/public/assets/manor/classic/crops/34/young.png","5546fa7acd08df1e9a97d3e74fd1b809e35d0c8302f6b981a4b2be3cc31c8ed8","reviewed-ok","ready"
"34","legacy-34","樱桃","3","growing","3","growing","8","state-character","Crop_34.swf/DefineSprite_8/1.png","93d5aec654d2dbd97096b56c0acef13f73b2357cb6faa1eae57497c53948bcbc","apps/web/public/assets/manor/classic/crops/34/growing.png","93d5aec654d2dbd97096b56c0acef13f73b2357cb6faa1eae57497c53948bcbc","reviewed-ok","ready"
"34","legacy-34","樱桃","4","pre_mature","4","pre_mature","12","state-character","Crop_34.swf/DefineSprite_12/1.png","058880c1a11074e4cc5890f31a17a401fed2df4fb0ff02f1a6b3a8560622de3d","apps/web/public/assets/manor/classic/crops/34/pre_mature.png","058880c1a11074e4cc5890f31a17a401fed2df4fb0ff02f1a6b3a8560622de3d","reviewed-ok","ready"
"34","legacy-34","樱桃","5","mature","5","mature","16","state-character","Crop_34.swf/DefineSprite_16/1.png","94a1a19fde9f7a14cc811a520cc7299a9e23c7b2a04ae1cb847aac7959deba43","apps/web/public/assets/manor/classic/crops/34/mature.png","94a1a19fde9f7a14cc811a520cc7299a9e23c7b2a04ae1cb847aac7959deba43","reviewed-ok","ready"
"34","legacy-34","樱桃","6","withered","6","withered","18","state-character","Crop_34.swf/DefineSprite_18/1.png","d6a6f31b306ea0342f210da30b05bb6dc4cdfd731ac7353489f434a30c6b1bba","apps/web/public/assets/manor/classic/crops/34/withered.png","d6a6f31b306ea0342f210da30b05bb6dc4cdfd731ac7353489f434a30c6b1bba","reviewed-ok","ready"
"108","legacy-108","铃兰","0","seed","0","seed","2","state-character","Crop_108.swf/DefineSprite_2/1.png","db64a2423bcb9185ca003d386c22654cd570c0c817515db055cea33e28d4a10e","apps/web/public/assets/manor/classic/crops/108/seed.png","db64a2423bcb9185ca003d386c22654cd570c0c817515db055cea33e28d4a10e","reviewed-ok","ready"
"108","legacy-108","铃兰","1","sprout","1","sprout","4","state-character","Crop_108.swf/DefineSprite_4/1.png","1b7a6f972211a08390833b6bec012097729322c698b321e98a18e00a9cede6b4","apps/web/public/assets/manor/classic/crops/108/sprout.png","1b7a6f972211a08390833b6bec012097729322c698b321e98a18e00a9cede6b4","reviewed-ok","ready"
"108","legacy-108","铃兰","2","young","2","young","9","state-character","Crop_108.swf/DefineSprite_9/1.png","2c11243a593b2a362750c5d699790d3269d6d4c1bd365cdf907b6a59c2f08be7","apps/web/public/assets/manor/classic/crops/108/young.png","2c11243a593b2a362750c5d699790d3269d6d4c1bd365cdf907b6a59c2f08be7","reviewed-ok","ready"
"108","legacy-108","铃兰","3","growing","3","growing","13","state-character","Crop_108.swf/DefineSprite_13/1.png","1ba6fb873b18103083d7182c61ce3024494add4270cd59452fb5d89a9ff0e50c","apps/web/public/assets/manor/classic/crops/108/growing.png","1ba6fb873b18103083d7182c61ce3024494add4270cd59452fb5d89a9ff0e50c","reviewed-ok","ready"
"108","legacy-108","铃兰","4","pre_mature","4","pre_mature","17","state-character","Crop_108.swf/DefineSprite_17/1.png","df4909f5288b6cca3ab10677345962af08e1767064e88b0f1db3cfbf435e7a54","apps/web/public/assets/manor/classic/crops/108/pre_mature.png","df4909f5288b6cca3ab10677345962af08e1767064e88b0f1db3cfbf435e7a54","reviewed-ok","ready"
"108","legacy-108","铃兰","5","mature","5","mature","31","state-character","Crop_108.swf/DefineSprite_31/1.png","f09b270b4bd65c35441911c65a421c6d4cea8510de8f6afd8a49fcc3990157a3","apps/web/public/assets/manor/classic/crops/108/mature.png","f09b270b4bd65c35441911c65a421c6d4cea8510de8f6afd8a49fcc3990157a3","reviewed-ok","ready"
"108","legacy-108","铃兰","6","withered","6","withered","33","state-character","Crop_108.swf/DefineSprite_33/1.png","d6a6f31b306ea0342f210da30b05bb6dc4cdfd731ac7353489f434a30c6b1bba","apps/web/public/assets/manor/classic/crops/108/withered.png","d6a6f31b306ea0342f210da30b05bb6dc4cdfd731ac7353489f434a30c6b1bba","reviewed-ok","ready"
"35","legacy-35","荔枝","0","seed","0","seed","2","state-character","Crop_35.swf/DefineSprite_2/1.png","1e75b2a99aeaa14220763d25acf65fa0ff908743b2b909b7502163ac656336ca","apps/web/public/assets/manor/classic/crops/35/seed.png","1e75b2a99aeaa14220763d25acf65fa0ff908743b2b909b7502163ac656336ca","reviewed-ok","ready"
"35","legacy-35","荔枝","1","sprout","1","sprout","5","state-character","Crop_35.swf/DefineSprite_5/1.png","e3bbfce089d2c3b80f6d6b9221386230369ff04e497bc035083dcf57cd0d68f1","apps/web/public/assets/manor/classic/crops/35/sprout.png","e3bbfce089d2c3b80f6d6b9221386230369ff04e497bc035083dcf57cd0d68f1","reviewed-ok","ready"
"35","legacy-35","荔枝","2","young","2","young","11","state-character","Crop_35.swf/DefineSprite_11/1.png","e2be1f666818e4515dafaa51b4b234e7bc8f679541c0b3aeb88ccd1d8b167ee9","apps/web/public/assets/manor/classic/crops/35/young.png","e2be1f666818e4515dafaa51b4b234e7bc8f679541c0b3aeb88ccd1d8b167ee9","reviewed-ok","ready"
"35","legacy-35","荔枝","3","growing","3","growing","19","state-character","Crop_35.swf/DefineSprite_19/1.png","daba592e31bcaaffe30e14406038509e4a44ed16bb8dead5fe23acd898b6b76a","apps/web/public/assets/manor/classic/crops/35/growing.png","daba592e31bcaaffe30e14406038509e4a44ed16bb8dead5fe23acd898b6b76a","reviewed-ok","ready"
"35","legacy-35","荔枝","4","pre_mature","4","pre_mature","30","state-character","Crop_35.swf/DefineSprite_30/1.png","de8a9a63d9e99599911b8eb26b4eb8c9a206c0f13b715ca61f282d3298dbe4f6","apps/web/public/assets/manor/classic/crops/35/pre_mature.png","de8a9a63d9e99599911b8eb26b4eb8c9a206c0f13b715ca61f282d3298dbe4f6","reviewed-ok","ready"
"35","legacy-35","荔枝","5","mature","5","mature","43","state-character","Crop_35.swf/DefineSprite_43/1.png","6c65fd0000c1cf4129f6022a8b2c5c0641009a97a3c1b23d8810e243b45d2e22","apps/web/public/assets/manor/classic/crops/35/mature.png","6c65fd0000c1cf4129f6022a8b2c5c0641009a97a3c1b23d8810e243b45d2e22","reviewed-ok","ready"
"35","legacy-35","荔枝","6","withered","6","withered","45","state-character","Crop_35.swf/DefineSprite_45/1.png","3b8740077b01607fba3cecfc38060fcca8e4e257161581c52be0a1ad233ddea7","apps/web/public/assets/manor/classic/crops/35/withered.png","3b8740077b01607fba3cecfc38060fcca8e4e257161581c52be0a1ad233ddea7","reviewed-ok","ready"
"38","legacy-38","木瓜","0","seed","0","seed","2","state-character","Crop_38.swf/DefineSprite_2/1.png","db64a2423bcb9185ca003d386c22654cd570c0c817515db055cea33e28d4a10e","apps/web/public/assets/manor/classic/crops/38/seed.png","db64a2423bcb9185ca003d386c22654cd570c0c817515db055cea33e28d4a10e","reviewed-ok","ready"
"38","legacy-38","木瓜","1","sprout","1","sprout","7","state-character","Crop_38.swf/DefineSprite_7/1.png","93d465319f56c2d3c47d38133891d77d4c3a8377121a9fa106f818768626bba2","apps/web/public/assets/manor/classic/crops/38/sprout.png","93d465319f56c2d3c47d38133891d77d4c3a8377121a9fa106f818768626bba2","reviewed-ok","ready"
"38","legacy-38","木瓜","2","young","2","young","9","state-character","Crop_38.swf/DefineSprite_9/1.png","1e715a495b6ac5eb3176b7f80625ca9443e7c28a5d27c2ef272ca07e6a68a822","apps/web/public/assets/manor/classic/crops/38/young.png","1e715a495b6ac5eb3176b7f80625ca9443e7c28a5d27c2ef272ca07e6a68a822","reviewed-ok","ready"
"38","legacy-38","木瓜","3","growing","3","growing","12","state-character","Crop_38.swf/DefineSprite_12/1.png","cdf179dab74135c81da4d99eb0ff60b40f561ea6ee98659b6e215d0337e4240e","apps/web/public/assets/manor/classic/crops/38/growing.png","cdf179dab74135c81da4d99eb0ff60b40f561ea6ee98659b6e215d0337e4240e","reviewed-ok","ready"
"38","legacy-38","木瓜","4","pre_mature","4","pre_mature","17","state-character","Crop_38.swf/DefineSprite_17/1.png","14b73fbe089091cac2f4fe25ff32507bcefc265c68bf875b33164a5efc9630f6","apps/web/public/assets/manor/classic/crops/38/pre_mature.png","14b73fbe089091cac2f4fe25ff32507bcefc265c68bf875b33164a5efc9630f6","reviewed-ok","ready"
"38","legacy-38","木瓜","5","mature","5","mature","20","state-character","Crop_38.swf/DefineSprite_20/1.png","93d147a5e6342fb37129cada8928a0f6b4a8beffbb53d2f5cac8155b3f94d9bc","apps/web/public/assets/manor/classic/crops/38/mature.png","93d147a5e6342fb37129cada8928a0f6b4a8beffbb53d2f5cac8155b3f94d9bc","reviewed-ok","ready"
"38","legacy-38","木瓜","6","withered","6","withered","22","state-character","Crop_38.swf/DefineSprite_22/1.png","d6a6f31b306ea0342f210da30b05bb6dc4cdfd731ac7353489f434a30c6b1bba","apps/web/public/assets/manor/classic/crops/38/withered.png","d6a6f31b306ea0342f210da30b05bb6dc4cdfd731ac7353489f434a30c6b1bba","reviewed-ok","ready"
"53","legacy-53","桂圆","0","seed","0","seed","4","state-character","Crop_53.swf/DefineSprite_4/1.png","e3f005e702d31df0fb0572a854f16196cd3b7934ee0c0aae53154fbb4ac8d39e","apps/web/public/assets/manor/classic/crops/53/seed.png","e3f005e702d31df0fb0572a854f16196cd3b7934ee0c0aae53154fbb4ac8d39e","reviewed-ok","ready"
"53","legacy-53","桂圆","1","sprout","1","sprout","6","state-character","Crop_53.swf/DefineSprite_6/1.png","a3cb509de1e67f1589b4862b035d028cc3136ec3244d6146b36c4b998dd83f1d","apps/web/public/assets/manor/classic/crops/53/sprout.png","a3cb509de1e67f1589b4862b035d028cc3136ec3244d6146b36c4b998dd83f1d","reviewed-ok","ready"
"53","legacy-53","桂圆","2","young","2","young","13","state-character","Crop_53.swf/DefineSprite_13/1.png","b623c15c6a0dc7d8dd0dc184feb43a5de1370183ecc53865eda534ee99e174cc","apps/web/public/assets/manor/classic/crops/53/young.png","b623c15c6a0dc7d8dd0dc184feb43a5de1370183ecc53865eda534ee99e174cc","reviewed-ok","ready"
"53","legacy-53","桂圆","3","growing","3","growing","17","state-character","Crop_53.swf/DefineSprite_17/1.png","ce1355de161bbe7a841e8425e4c52f585f7950df7c973c760857adfde717945a","apps/web/public/assets/manor/classic/crops/53/growing.png","ce1355de161bbe7a841e8425e4c52f585f7950df7c973c760857adfde717945a","reviewed-ok","ready"
"53","legacy-53","桂圆","4","pre_mature","4","pre_mature","27","state-character","Crop_53.swf/DefineSprite_27/1.png","ef898b4bc232b495dad2a5afdb930859e44f3f1c96608859b7b9b640303f7f5d","apps/web/public/assets/manor/classic/crops/53/pre_mature.png","ef898b4bc232b495dad2a5afdb930859e44f3f1c96608859b7b9b640303f7f5d","reviewed-ok","ready"
"53","legacy-53","桂圆","5","mature","5","mature","42","state-character","Crop_53.swf/DefineSprite_42/1.png","6237691e2db36dbf5f8706fc0bf6caf2fb2bba47ca32633aacd4fe190bb91351","apps/web/public/assets/manor/classic/crops/53/mature.png","6237691e2db36dbf5f8706fc0bf6caf2fb2bba47ca32633aacd4fe190bb91351","reviewed-ok","ready"
"53","legacy-53","桂圆","6","withered","6","withered","44","state-character","Crop_53.swf/DefineSprite_44/1.png","d6a6f31b306ea0342f210da30b05bb6dc4cdfd731ac7353489f434a30c6b1bba","apps/web/public/assets/manor/classic/crops/53/withered.png","d6a6f31b306ea0342f210da30b05bb6dc4cdfd731ac7353489f434a30c6b1bba","reviewed-ok","ready"
"39","legacy-39","杨桃","0","seed","0","seed","2","state-character","Crop_39.swf/DefineSprite_2/1.png","1e75b2a99aeaa14220763d25acf65fa0ff908743b2b909b7502163ac656336ca","apps/web/public/assets/manor/classic/crops/39/seed.png","1e75b2a99aeaa14220763d25acf65fa0ff908743b2b909b7502163ac656336ca","reviewed-ok","ready"
"39","legacy-39","杨桃","1","sprout","1","sprout","4","state-character","Crop_39.swf/DefineSprite_4/1.png","2a72906be308f11f258968589d278f3207836ecf40c21492a392895be98b31e1","apps/web/public/assets/manor/classic/crops/39/sprout.png","2a72906be308f11f258968589d278f3207836ecf40c21492a392895be98b31e1","reviewed-ok","ready"
"39","legacy-39","杨桃","2","young","2","young","8","state-character","Crop_39.swf/DefineSprite_8/1.png","3de1dd60d58ae5b8f2ecfb4f83fe30e46e76d9553850d48e971b32371a846c84","apps/web/public/assets/manor/classic/crops/39/young.png","3de1dd60d58ae5b8f2ecfb4f83fe30e46e76d9553850d48e971b32371a846c84","reviewed-ok","ready"
"39","legacy-39","杨桃","3","growing","3","growing","12","state-character","Crop_39.swf/DefineSprite_12/1.png","2f4e193dcbe0a9b2f023ec9464877d54567d79667a6b441290e517dc41fb4bfb","apps/web/public/assets/manor/classic/crops/39/growing.png","2f4e193dcbe0a9b2f023ec9464877d54567d79667a6b441290e517dc41fb4bfb","reviewed-ok","ready"
"39","legacy-39","杨桃","4","pre_mature","4","pre_mature","20","state-character","Crop_39.swf/DefineSprite_20/1.png","b5f4fcde5f21d074846e62e0b09faf3c18a8661e5c076f9617a2883860e3c2e2","apps/web/public/assets/manor/classic/crops/39/pre_mature.png","b5f4fcde5f21d074846e62e0b09faf3c18a8661e5c076f9617a2883860e3c2e2","reviewed-ok","ready"
"39","legacy-39","杨桃","5","mature","5","mature","25","state-character","Crop_39.swf/DefineSprite_25/1.png","3f020574b588050ccc677a5b0269c928a66de05746f55eff4008615b12443e9f","apps/web/public/assets/manor/classic/crops/39/mature.png","3f020574b588050ccc677a5b0269c928a66de05746f55eff4008615b12443e9f","reviewed-ok","ready"
"39","legacy-39","杨桃","6","withered","6","withered","27","state-character","Crop_39.swf/DefineSprite_27/1.png","3b8740077b01607fba3cecfc38060fcca8e4e257161581c52be0a1ad233ddea7","apps/web/public/assets/manor/classic/crops/39/withered.png","3b8740077b01607fba3cecfc38060fcca8e4e257161581c52be0a1ad233ddea7","reviewed-ok","ready"
"92","legacy-92","稀世琉璃果","0","seed","0","seed","2","state-character","Crop_92.swf/DefineSprite_2/1.png","3e05b58d589296c2b2b0e0c0f9f454dacfe31443075ea39ed93854e4a967a0c8","apps/web/public/assets/manor/classic/crops/92/seed.png","3e05b58d589296c2b2b0e0c0f9f454dacfe31443075ea39ed93854e4a967a0c8","reviewed-ok","ready"
"92","legacy-92","稀世琉璃果","1","sprout","1","sprout","10","state-character","Crop_92.swf/DefineSprite_10/1.png","6c449f6a262f1ec9efae4cbefe83bce975511796a54cf7e018f489bf5bec183f","apps/web/public/assets/manor/classic/crops/92/sprout.png","6c449f6a262f1ec9efae4cbefe83bce975511796a54cf7e018f489bf5bec183f","reviewed-ok","ready"
"92","legacy-92","稀世琉璃果","2","young","2","young","22","state-character","Crop_92.swf/DefineSprite_22/1.png","1cd129dda75c03c3cbec0213d4d55192427421b9caec1ec66fd5da54d51b277c","apps/web/public/assets/manor/classic/crops/92/young.png","1cd129dda75c03c3cbec0213d4d55192427421b9caec1ec66fd5da54d51b277c","reviewed-ok","ready"
"92","legacy-92","稀世琉璃果","3","growing","3","growing","42","state-character","Crop_92.swf/DefineSprite_42/1.png","2a76d46b11844654fccde953369c791553e576a86ffed655a3805732054785e1","apps/web/public/assets/manor/classic/crops/92/growing.png","2a76d46b11844654fccde953369c791553e576a86ffed655a3805732054785e1","reviewed-ok","ready"
"92","legacy-92","稀世琉璃果","4","pre_mature","4","pre_mature","46","state-character","Crop_92.swf/DefineSprite_46/1.png","0b15a057b96ce94c4b0177a48cb79420de375394b293ef9dcdc2ddc54ceb207f","apps/web/public/assets/manor/classic/crops/92/pre_mature.png","0b15a057b96ce94c4b0177a48cb79420de375394b293ef9dcdc2ddc54ceb207f","reviewed-ok","ready"
"92","legacy-92","稀世琉璃果","5","mature","5","mature","50","state-character","Crop_92.swf/DefineSprite_50/1.png","7259814317b980068beb5c2ff69cb35605798ecd45c4c7ce45be8ac304a8cef5","apps/web/public/assets/manor/classic/crops/92/mature.png","7259814317b980068beb5c2ff69cb35605798ecd45c4c7ce45be8ac304a8cef5","reviewed-ok","ready"
"92","legacy-92","稀世琉璃果","6","withered","6","withered","52","state-character","Crop_92.swf/DefineSprite_52/1.png","b32bd0c6892535e296147513ae858a8024e2b382e75375e2a1ab20cb411d04fd","apps/web/public/assets/manor/classic/crops/92/withered.png","b32bd0c6892535e296147513ae858a8024e2b382e75375e2a1ab20cb411d04fd","reviewed-ok","ready"
"93","legacy-93","炫舞之星","0","seed","0","seed","2","state-character","Crop_93.swf/DefineSprite_2/1.png","767bee1be0450fe3c37021f8ba580392552705ebe1b1a37cf53e3376c16c244a","apps/web/public/assets/manor/classic/crops/93/seed.png","767bee1be0450fe3c37021f8ba580392552705ebe1b1a37cf53e3376c16c244a","reviewed-ok","ready"
"93","legacy-93","炫舞之星","1","sprout","1","sprout","4","state-character","Crop_93.swf/DefineSprite_4/1.png","9d73d80a78db1436f6bbf1a2c37160fbc346c459c3a4b4e3cca535de0f4c6ac8","apps/web/public/assets/manor/classic/crops/93/sprout.png","9d73d80a78db1436f6bbf1a2c37160fbc346c459c3a4b4e3cca535de0f4c6ac8","reviewed-ok","ready"
"93","legacy-93","炫舞之星","2","young","2","young","6","state-character","Crop_93.swf/DefineSprite_6/1.png","735cb816d33613f7e4af672b6d82616407b4ae0bd41f51f27978dde9e710ed28","apps/web/public/assets/manor/classic/crops/93/young.png","735cb816d33613f7e4af672b6d82616407b4ae0bd41f51f27978dde9e710ed28","reviewed-ok","ready"
"93","legacy-93","炫舞之星","3","growing","3","growing","8","state-character","Crop_93.swf/DefineSprite_8/1.png","2bfb3417df0cf773df540c72438615b966c6881f0c00c9dca54d699f6586e78c","apps/web/public/assets/manor/classic/crops/93/growing.png","2bfb3417df0cf773df540c72438615b966c6881f0c00c9dca54d699f6586e78c","reviewed-ok","ready"
"93","legacy-93","炫舞之星","4","pre_mature","4","pre_mature","13","state-character","Crop_93.swf/DefineSprite_13/1.png","b2ec2b513e2f91535a1f858c7bec587e296f29abfb4c5b8e86bd201dcd253532","apps/web/public/assets/manor/classic/crops/93/pre_mature.png","b2ec2b513e2f91535a1f858c7bec587e296f29abfb4c5b8e86bd201dcd253532","reviewed-ok","ready"
"93","legacy-93","炫舞之星","5","mature","5","mature","22","state-character","Crop_93.swf/DefineSprite_22/1.png","1d20f8280f823c40e886fea321395fc2f5356598cef38a116eccef5c7c0889e3","apps/web/public/assets/manor/classic/crops/93/mature.png","1d20f8280f823c40e886fea321395fc2f5356598cef38a116eccef5c7c0889e3","reviewed-ok","ready"
"93","legacy-93","炫舞之星","6","withered","6","withered","24","state-character","Crop_93.swf/DefineSprite_24/1.png","6e486355d330b8df77b0a6942df478b9640c5f33559b75cdcc95c9d545fafe70","apps/web/public/assets/manor/classic/crops/93/withered.png","6e486355d330b8df77b0a6942df478b9640c5f33559b75cdcc95c9d545fafe70","reviewed-ok","ready"
"94","legacy-94","海洋之心","0","seed","0","seed","2","state-character","Crop_94.swf/DefineSprite_2/1.png","63d91c842dfdf168857643db3b8685f0475b20a9648df33d293f6f11466553d5","apps/web/public/assets/manor/classic/crops/94/seed.png","63d91c842dfdf168857643db3b8685f0475b20a9648df33d293f6f11466553d5","reviewed-ok","ready"
"94","legacy-94","海洋之心","1","sprout","1","sprout","24","state-character","Crop_94.swf/DefineSprite_24/1.png","fdc61f80392b4932ea0e1a1069a3efe839fb95a7da3c512e024400807b40fa1c","apps/web/public/assets/manor/classic/crops/94/sprout.png","fdc61f80392b4932ea0e1a1069a3efe839fb95a7da3c512e024400807b40fa1c","reviewed-ok","ready"
"94","legacy-94","海洋之心","2","young","2","young","53","state-character","Crop_94.swf/DefineSprite_53/1.png","27b68b618fb47b6afacf1314848115615bfe0059fc1ddaf800690d667bf0d59b","apps/web/public/assets/manor/classic/crops/94/young.png","27b68b618fb47b6afacf1314848115615bfe0059fc1ddaf800690d667bf0d59b","reviewed-ok","ready"
"94","legacy-94","海洋之心","3","growing","3","growing","80","state-character","Crop_94.swf/DefineSprite_80/1.png","a34ffcd514eff135f3ccb07c1d2b125ec5ce04e15e2b28505168f881edd0225a","apps/web/public/assets/manor/classic/crops/94/growing.png","a34ffcd514eff135f3ccb07c1d2b125ec5ce04e15e2b28505168f881edd0225a","reviewed-ok","ready"
"94","legacy-94","海洋之心","4","pre_mature","4","pre_mature","219","state-character","Crop_94.swf/DefineSprite_219/1.png","8a1ebd51059b1bbcfc1abd16ca326abea2b37c8dccf167b8ad92a7109f79a142","apps/web/public/assets/manor/classic/crops/94/pre_mature.png","8a1ebd51059b1bbcfc1abd16ca326abea2b37c8dccf167b8ad92a7109f79a142","reviewed-ok","ready"
"94","legacy-94","海洋之心","5","mature","5","mature","401","state-character","Crop_94.swf/DefineSprite_401/1.png","9173a9f9d24c2c79bd306fe198068a9cb653feb258161d2776feb8152ccfa2e3","apps/web/public/assets/manor/classic/crops/94/mature.png","9173a9f9d24c2c79bd306fe198068a9cb653feb258161d2776feb8152ccfa2e3","reviewed-ok","ready"
"94","legacy-94","海洋之心","6","withered","6","withered","403","state-character","Crop_94.swf/DefineSprite_403/1.png","6f522b72d439f9558f8aaaeb5825698c5fcc8dbeb9b5e93e88dec2af9025c0f2","apps/web/public/assets/manor/classic/crops/94/withered.png","6f522b72d439f9558f8aaaeb5825698c5fcc8dbeb9b5e93e88dec2af9025c0f2","reviewed-ok","ready"
"42","legacy-42","柠檬","0","seed","0","seed","2","state-character","Crop_42.swf/DefineSprite_2/1.png","d14d8a9caa21adee5a1afbbdf23c0c28a01608f9fdb6e13e78b54baaaafde48b","apps/web/public/assets/manor/classic/crops/42/seed.png","d14d8a9caa21adee5a1afbbdf23c0c28a01608f9fdb6e13e78b54baaaafde48b","reviewed-ok","ready"
"42","legacy-42","柠檬","1","sprout","1","sprout","4","state-character","Crop_42.swf/DefineSprite_4/1.png","780a0f7b27d90f7e5e9f5c8493fbb4ae4e131643a0fe263bcd61dbc2debb4454","apps/web/public/assets/manor/classic/crops/42/sprout.png","780a0f7b27d90f7e5e9f5c8493fbb4ae4e131643a0fe263bcd61dbc2debb4454","reviewed-ok","ready"
"42","legacy-42","柠檬","2","young","2","young","17","state-character","Crop_42.swf/DefineSprite_17/1.png","cf0c81c4f47e1fecbf247b7f4d5d28cdcbec7101ba80d06cb7e1bb29973adcf8","apps/web/public/assets/manor/classic/crops/42/young.png","cf0c81c4f47e1fecbf247b7f4d5d28cdcbec7101ba80d06cb7e1bb29973adcf8","reviewed-ok","ready"
"42","legacy-42","柠檬","3","growing","3","growing","38","state-character","Crop_42.swf/DefineSprite_38/1.png","1330248afdb710e3a53232b8fb1caacc91a41eb6eaa0cdefa89230d517e9365d","apps/web/public/assets/manor/classic/crops/42/growing.png","1330248afdb710e3a53232b8fb1caacc91a41eb6eaa0cdefa89230d517e9365d","reviewed-ok","ready"
"42","legacy-42","柠檬","4","pre_mature","4","pre_mature","50","state-character","Crop_42.swf/DefineSprite_50/1.png","c93ccea7c181391efe1a677ff177ce28125dd6accedd3500c170c2dcec9bf23c","apps/web/public/assets/manor/classic/crops/42/pre_mature.png","c93ccea7c181391efe1a677ff177ce28125dd6accedd3500c170c2dcec9bf23c","reviewed-ok","ready"
"42","legacy-42","柠檬","5","mature","5","mature","55","state-character","Crop_42.swf/DefineSprite_55/1.png","726443886b86e66cf237d86d05369a97d12cf8fe5474953a666b8a8ef4b72138","apps/web/public/assets/manor/classic/crops/42/mature.png","726443886b86e66cf237d86d05369a97d12cf8fe5474953a666b8a8ef4b72138","reviewed-ok","ready"
"42","legacy-42","柠檬","6","withered","6","withered","57","state-character","Crop_42.swf/DefineSprite_57/1.png","d6a6f31b306ea0342f210da30b05bb6dc4cdfd731ac7353489f434a30c6b1bba","apps/web/public/assets/manor/classic/crops/42/withered.png","d6a6f31b306ea0342f210da30b05bb6dc4cdfd731ac7353489f434a30c6b1bba","reviewed-ok","ready"
"57","legacy-57","芒果","0","seed","0","seed","4","state-character","Crop_57.swf/DefineSprite_4/1.png","e28464d2a3228f462239825a3e64657383835fc9de665a64ab23d78a7ce212ff","apps/web/public/assets/manor/classic/crops/57/seed.png","e28464d2a3228f462239825a3e64657383835fc9de665a64ab23d78a7ce212ff","reviewed-ok","ready"
"57","legacy-57","芒果","1","sprout","1","sprout","7","state-character","Crop_57.swf/DefineSprite_7/1.png","98131ae76bc16f60f53388d62cc6724420c168aa8dbcf35d5fe020ab8ab71fa8","apps/web/public/assets/manor/classic/crops/57/sprout.png","98131ae76bc16f60f53388d62cc6724420c168aa8dbcf35d5fe020ab8ab71fa8","reviewed-ok","ready"
"57","legacy-57","芒果","2","young","2","young","11","state-character","Crop_57.swf/DefineSprite_11/1.png","ef21c5a36608687524ae327aac4ccbb5b30f22d4ad44b0ec1b03101a649e9a5a","apps/web/public/assets/manor/classic/crops/57/young.png","ef21c5a36608687524ae327aac4ccbb5b30f22d4ad44b0ec1b03101a649e9a5a","reviewed-ok","ready"
"57","legacy-57","芒果","3","growing","3","growing","14","state-character","Crop_57.swf/DefineSprite_14/1.png","c344f62e3f4fd3061988c095a85ea4e1f32fc10404d5a636792048a8ce42b1af","apps/web/public/assets/manor/classic/crops/57/growing.png","c344f62e3f4fd3061988c095a85ea4e1f32fc10404d5a636792048a8ce42b1af","reviewed-ok","ready"
"57","legacy-57","芒果","4","pre_mature","4","pre_mature","17","state-character","Crop_57.swf/DefineSprite_17/1.png","0ec75f3735b6168b3201673c883c8ab1aa9a4d09bbe382c55e83a5ddca12d723","apps/web/public/assets/manor/classic/crops/57/pre_mature.png","0ec75f3735b6168b3201673c883c8ab1aa9a4d09bbe382c55e83a5ddca12d723","reviewed-ok","ready"
"57","legacy-57","芒果","5","mature","5","mature","25","state-character","Crop_57.swf/DefineSprite_25/1.png","6a04a68d6627aa30356423fc4c3e6c2e60b4dd1fc374fb870439b124aeb69de3","apps/web/public/assets/manor/classic/crops/57/mature.png","6a04a68d6627aa30356423fc4c3e6c2e60b4dd1fc374fb870439b124aeb69de3","reviewed-ok","ready"
"57","legacy-57","芒果","6","withered","6","withered","27","state-character","Crop_57.swf/DefineSprite_27/1.png","d6a6f31b306ea0342f210da30b05bb6dc4cdfd731ac7353489f434a30c6b1bba","apps/web/public/assets/manor/classic/crops/57/withered.png","d6a6f31b306ea0342f210da30b05bb6dc4cdfd731ac7353489f434a30c6b1bba","reviewed-ok","ready"
"125","legacy-125","太阳花","0","seed","0","seed","2","state-character","Crop_125.swf/DefineSprite_2/1.png","1bf85e7aefb17edcbbd101c0c45d5abbf2a7e25056ca440a2ada73fedc7adc5e","apps/web/public/assets/manor/classic/crops/125/seed.png","1bf85e7aefb17edcbbd101c0c45d5abbf2a7e25056ca440a2ada73fedc7adc5e","reviewed-ok","ready"
"125","legacy-125","太阳花","1","sprout","1","sprout","7","state-character","Crop_125.swf/DefineSprite_7/1.png","81d5c63228a86d9b13266a499faac5e8549db6f83b8aa2eb5f2613567d2c1ac0","apps/web/public/assets/manor/classic/crops/125/sprout.png","81d5c63228a86d9b13266a499faac5e8549db6f83b8aa2eb5f2613567d2c1ac0","reviewed-ok","ready"
"125","legacy-125","太阳花","2","young","2","young","16","state-character","Crop_125.swf/DefineSprite_16/1.png","45d3a65e88e152d9cf04b202664e9b31f8dfed47bf895beb86e261409cacfbf3","apps/web/public/assets/manor/classic/crops/125/young.png","45d3a65e88e152d9cf04b202664e9b31f8dfed47bf895beb86e261409cacfbf3","reviewed-ok","ready"
"125","legacy-125","太阳花","3","growing","3","growing","23","state-character","Crop_125.swf/DefineSprite_23/1.png","a699a3d7dcbb79b3f8cd75f82a7681a3070d0c8edd09d36c585d53b6a7865e4d","apps/web/public/assets/manor/classic/crops/125/growing.png","a699a3d7dcbb79b3f8cd75f82a7681a3070d0c8edd09d36c585d53b6a7865e4d","reviewed-ok","ready"
"125","legacy-125","太阳花","4","pre_mature","4","pre_mature","36","state-character","Crop_125.swf/DefineSprite_36/1.png","6938a888b6e8b04c1822e583cbc591fe466d127d6323a1169d9ee4fc0857e690","apps/web/public/assets/manor/classic/crops/125/pre_mature.png","6938a888b6e8b04c1822e583cbc591fe466d127d6323a1169d9ee4fc0857e690","reviewed-ok","ready"
"125","legacy-125","太阳花","5","mature","5","mature","48","state-character","Crop_125.swf/DefineSprite_48/1.png","a5f549fe409ed97599d7e0e15b33c85d5afc0be9a62173e930b2a75ddfa8e3eb","apps/web/public/assets/manor/classic/crops/125/mature.png","a5f549fe409ed97599d7e0e15b33c85d5afc0be9a62173e930b2a75ddfa8e3eb","reviewed-ok","ready"
"125","legacy-125","太阳花","6","withered","6","withered","50","state-character","Crop_125.swf/DefineSprite_50/1.png","6e486355d330b8df77b0a6942df478b9640c5f33559b75cdcc95c9d545fafe70","apps/web/public/assets/manor/classic/crops/125/withered.png","6e486355d330b8df77b0a6942df478b9640c5f33559b75cdcc95c9d545fafe70","reviewed-ok","ready"
"48","legacy-48","杨梅","0","seed","0","seed","2","state-character","Crop_48.swf/DefineSprite_2/1.png","a77859d654afa00395552a1090d7fec9dbebb7561894ee3357108e9896f90351","apps/web/public/assets/manor/classic/crops/48/seed.png","a77859d654afa00395552a1090d7fec9dbebb7561894ee3357108e9896f90351","reviewed-ok","ready"
"48","legacy-48","杨梅","1","sprout","1","sprout","4","state-character","Crop_48.swf/DefineSprite_4/1.png","8bfc4ed5a590fd9acd7ead0292a7c1a9fc09e43e3457a6f48e55c0fc3d31d990","apps/web/public/assets/manor/classic/crops/48/sprout.png","8bfc4ed5a590fd9acd7ead0292a7c1a9fc09e43e3457a6f48e55c0fc3d31d990","reviewed-ok","ready"
"48","legacy-48","杨梅","2","young","2","young","16","state-character","Crop_48.swf/DefineSprite_16/1.png","c5f5612857272a4bc52ae8d97d2088aa8d05dfd91e1f63f5d2cebdc1f26171c4","apps/web/public/assets/manor/classic/crops/48/young.png","c5f5612857272a4bc52ae8d97d2088aa8d05dfd91e1f63f5d2cebdc1f26171c4","reviewed-ok","ready"
"48","legacy-48","杨梅","3","growing","3","growing","20","state-character","Crop_48.swf/DefineSprite_20/1.png","0fad7296a4430c5af1309a523b55a26e3b635446335e2263e2833ed8f872e9a7","apps/web/public/assets/manor/classic/crops/48/growing.png","0fad7296a4430c5af1309a523b55a26e3b635446335e2263e2833ed8f872e9a7","reviewed-ok","ready"
"48","legacy-48","杨梅","4","pre_mature","4","pre_mature","27","state-character","Crop_48.swf/DefineSprite_27/1.png","0fe861c8e0f138da2561a622ea814f98a13bac88f0a5de318fed8a5f259b0a5f","apps/web/public/assets/manor/classic/crops/48/pre_mature.png","0fe861c8e0f138da2561a622ea814f98a13bac88f0a5de318fed8a5f259b0a5f","reviewed-ok","ready"
"48","legacy-48","杨梅","5","mature","5","mature","28","state-character","Crop_48.swf/DefineSprite_28/1.png","464f103e0d37337f93fb8766249abf462e927139bc20eaffc532ad57f60fb33b","apps/web/public/assets/manor/classic/crops/48/mature.png","464f103e0d37337f93fb8766249abf462e927139bc20eaffc532ad57f60fb33b","reviewed-ok","ready"
"48","legacy-48","杨梅","6","withered","6","withered","30","state-character","Crop_48.swf/DefineSprite_30/1.png","d6a6f31b306ea0342f210da30b05bb6dc4cdfd731ac7353489f434a30c6b1bba","apps/web/public/assets/manor/classic/crops/48/withered.png","d6a6f31b306ea0342f210da30b05bb6dc4cdfd731ac7353489f434a30c6b1bba","reviewed-ok","ready"
"58","legacy-58","榴莲","0","seed","0","seed","2","state-character","Crop_58.swf/DefineSprite_2/1.png","1785471f90b8e5d444a09771bc47476aad2eb50266090c0701bd7269e714f830","apps/web/public/assets/manor/classic/crops/58/seed.png","1785471f90b8e5d444a09771bc47476aad2eb50266090c0701bd7269e714f830","reviewed-ok","ready"
"58","legacy-58","榴莲","1","sprout","1","sprout","6","state-character","Crop_58.swf/DefineSprite_6/1.png","158795711bd3e5b0d118a1030b4200da5e3e3dc80072fc5e93a43e99e0c83ae5","apps/web/public/assets/manor/classic/crops/58/sprout.png","158795711bd3e5b0d118a1030b4200da5e3e3dc80072fc5e93a43e99e0c83ae5","reviewed-ok","ready"
"58","legacy-58","榴莲","2","young","2","young","9","state-character","Crop_58.swf/DefineSprite_9/1.png","58494b6c40a46e038b69b63c6a544e0c1c479bf98fc9da2d7f274bed88eaf50a","apps/web/public/assets/manor/classic/crops/58/young.png","58494b6c40a46e038b69b63c6a544e0c1c479bf98fc9da2d7f274bed88eaf50a","reviewed-ok","ready"
"58","legacy-58","榴莲","3","growing","3","growing","12","state-character","Crop_58.swf/DefineSprite_12/1.png","52376130eda0bfc03c2dac3f616308eee0c2ee54e350249ac378dc47925e937e","apps/web/public/assets/manor/classic/crops/58/growing.png","52376130eda0bfc03c2dac3f616308eee0c2ee54e350249ac378dc47925e937e","reviewed-ok","ready"
"58","legacy-58","榴莲","4","pre_mature","4","pre_mature","16","state-character","Crop_58.swf/DefineSprite_16/1.png","6788adfb1d0edd7f90c2429650c1e03a1a81d717dfdeb5746120ec5d53f0db89","apps/web/public/assets/manor/classic/crops/58/pre_mature.png","6788adfb1d0edd7f90c2429650c1e03a1a81d717dfdeb5746120ec5d53f0db89","reviewed-ok","ready"
"58","legacy-58","榴莲","5","mature","5","mature","23","state-character","Crop_58.swf/DefineSprite_23/1.png","c32c2083958d979d8b80822a477c0141a845397e3355ae394f52af71b67cb47b","apps/web/public/assets/manor/classic/crops/58/mature.png","c32c2083958d979d8b80822a477c0141a845397e3355ae394f52af71b67cb47b","reviewed-ok","ready"
"58","legacy-58","榴莲","6","withered","6","withered","25","state-character","Crop_58.swf/DefineSprite_25/1.png","d6a6f31b306ea0342f210da30b05bb6dc4cdfd731ac7353489f434a30c6b1bba","apps/web/public/assets/manor/classic/crops/58/withered.png","d6a6f31b306ea0342f210da30b05bb6dc4cdfd731ac7353489f434a30c6b1bba","reviewed-ok","ready"
"56","legacy-56","哈密瓜","0","seed","0","seed","2","state-character","Crop_56.swf/DefineSprite_2/1.png","fddeab2cfb58dccc7f9e786ec26d04bbb8e3b91f0f2d97df20f56b67d432e734","apps/web/public/assets/manor/classic/crops/56/seed.png","fddeab2cfb58dccc7f9e786ec26d04bbb8e3b91f0f2d97df20f56b67d432e734","reviewed-ok","ready"
"56","legacy-56","哈密瓜","1","sprout","1","sprout","4","state-character","Crop_56.swf/DefineSprite_4/1.png","daf017c74d4d6b88c9de9c1f01d019b05ff46db619adf888f09abc5ede5c7838","apps/web/public/assets/manor/classic/crops/56/sprout.png","daf017c74d4d6b88c9de9c1f01d019b05ff46db619adf888f09abc5ede5c7838","reviewed-ok","ready"
"56","legacy-56","哈密瓜","2","young","2","young","12","state-character","Crop_56.swf/DefineSprite_12/1.png","e8e203013fb06813d85fe3fb0ed76d0c78a81fb910b14fab2875b58abe631b82","apps/web/public/assets/manor/classic/crops/56/young.png","e8e203013fb06813d85fe3fb0ed76d0c78a81fb910b14fab2875b58abe631b82","reviewed-ok","ready"
"56","legacy-56","哈密瓜","3","growing","3","growing","16","state-character","Crop_56.swf/DefineSprite_16/1.png","893032425e8a5b8bdcaa290540111a79524f81e86c45886623ffce7d5447ff60","apps/web/public/assets/manor/classic/crops/56/growing.png","893032425e8a5b8bdcaa290540111a79524f81e86c45886623ffce7d5447ff60","reviewed-ok","ready"
"56","legacy-56","哈密瓜","4","pre_mature","4","pre_mature","20","state-character","Crop_56.swf/DefineSprite_20/1.png","fab877cdf9f03188adf05fc47b3f1a1e3b1dda6f858d19d7659b5f2d9f32bd19","apps/web/public/assets/manor/classic/crops/56/pre_mature.png","fab877cdf9f03188adf05fc47b3f1a1e3b1dda6f858d19d7659b5f2d9f32bd19","reviewed-ok","ready"
"56","legacy-56","哈密瓜","5","mature","5","mature","24","state-character","Crop_56.swf/DefineSprite_24/1.png","173cb2ccfbb8d77e1976e515a536236104fa7ef6d3f476b52529ddda31d09075","apps/web/public/assets/manor/classic/crops/56/mature.png","173cb2ccfbb8d77e1976e515a536236104fa7ef6d3f476b52529ddda31d09075","reviewed-ok","ready"
"56","legacy-56","哈密瓜","6","withered","6","withered","26","state-character","Crop_56.swf/DefineSprite_26/1.png","3b8740077b01607fba3cecfc38060fcca8e4e257161581c52be0a1ad233ddea7","apps/web/public/assets/manor/classic/crops/56/withered.png","3b8740077b01607fba3cecfc38060fcca8e4e257161581c52be0a1ad233ddea7","reviewed-ok","ready"
"79","legacy-79","番石榴","0","seed","0","seed","6","state-character","Crop_79.swf/DefineSprite_6/1.png","f829bd965ce77489803807dcb768c795d7be514520bf887d8cba4f836c9e106a","apps/web/public/assets/manor/classic/crops/79/seed.png","f829bd965ce77489803807dcb768c795d7be514520bf887d8cba4f836c9e106a","reviewed-ok","ready"
"79","legacy-79","番石榴","1","sprout","1","sprout","9","state-character","Crop_79.swf/DefineSprite_9/1.png","233558a386c2bc7f10591db65825acfc9c9f55854ce701be32c67680bd5a2e97","apps/web/public/assets/manor/classic/crops/79/sprout.png","233558a386c2bc7f10591db65825acfc9c9f55854ce701be32c67680bd5a2e97","reviewed-ok","ready"
"79","legacy-79","番石榴","2","young","2","young","11","state-character","Crop_79.swf/DefineSprite_11/1.png","bb88928f27a0a901a1612f66a02c8c73e732ddd5153508e6c66c87f47e768a9f","apps/web/public/assets/manor/classic/crops/79/young.png","bb88928f27a0a901a1612f66a02c8c73e732ddd5153508e6c66c87f47e768a9f","reviewed-ok","ready"
"79","legacy-79","番石榴","3","growing","3","growing","13","state-character","Crop_79.swf/DefineSprite_13/1.png","6de967303563adec581201d783076a72c0a70e06955ff580bbc20931f2d1b244","apps/web/public/assets/manor/classic/crops/79/growing.png","6de967303563adec581201d783076a72c0a70e06955ff580bbc20931f2d1b244","reviewed-ok","ready"
"79","legacy-79","番石榴","4","pre_mature","4","pre_mature","16","state-character","Crop_79.swf/DefineSprite_16/1.png","b041377f02a26d2baa23f4b06b375379e482c24d263232ef1e764032df94bee9","apps/web/public/assets/manor/classic/crops/79/pre_mature.png","b041377f02a26d2baa23f4b06b375379e482c24d263232ef1e764032df94bee9","reviewed-ok","ready"
"79","legacy-79","番石榴","5","mature","5","mature","18","state-character","Crop_79.swf/DefineSprite_18/1.png","4e6a6a5cb744df73ba8f0cf49880cf25b76702d4394d0a516f7d30944bac4559","apps/web/public/assets/manor/classic/crops/79/mature.png","4e6a6a5cb744df73ba8f0cf49880cf25b76702d4394d0a516f7d30944bac4559","reviewed-ok","ready"
"79","legacy-79","番石榴","6","withered","6","withered","20","state-character","Crop_79.swf/DefineSprite_20/1.png","3b8740077b01607fba3cecfc38060fcca8e4e257161581c52be0a1ad233ddea7","apps/web/public/assets/manor/classic/crops/79/withered.png","3b8740077b01607fba3cecfc38060fcca8e4e257161581c52be0a1ad233ddea7","reviewed-ok","ready"
"75","legacy-75","桑葚","0","seed","0","seed","2","state-character","Crop_75.swf/DefineSprite_2/1.png","1e75b2a99aeaa14220763d25acf65fa0ff908743b2b909b7502163ac656336ca","apps/web/public/assets/manor/classic/crops/75/seed.png","1e75b2a99aeaa14220763d25acf65fa0ff908743b2b909b7502163ac656336ca","reviewed-ok","ready"
"75","legacy-75","桑葚","1","sprout","1","sprout","11","state-character","Crop_75.swf/DefineSprite_11/1.png","e651ed17b7c552d181356b9805201dc6d1a4606e0fae04974a7c10a7c3405776","apps/web/public/assets/manor/classic/crops/75/sprout.png","e651ed17b7c552d181356b9805201dc6d1a4606e0fae04974a7c10a7c3405776","reviewed-ok","ready"
"75","legacy-75","桑葚","2","young","2","young","16","state-character","Crop_75.swf/DefineSprite_16/1.png","50ccb0b9e2b8bfe6a40c6d76c61adf24c56e0f08e80869ff407ff8c3a4eb6d67","apps/web/public/assets/manor/classic/crops/75/young.png","50ccb0b9e2b8bfe6a40c6d76c61adf24c56e0f08e80869ff407ff8c3a4eb6d67","reviewed-ok","ready"
"75","legacy-75","桑葚","3","growing","3","growing","20","state-character","Crop_75.swf/DefineSprite_20/1.png","6d51f96230d2a8d94800cf0b3fd1910cca6d1bfe5b08370d1b1eca3afe7d9322","apps/web/public/assets/manor/classic/crops/75/growing.png","6d51f96230d2a8d94800cf0b3fd1910cca6d1bfe5b08370d1b1eca3afe7d9322","reviewed-ok","ready"
"75","legacy-75","桑葚","4","pre_mature","4","pre_mature","24","state-character","Crop_75.swf/DefineSprite_24/1.png","1d130298d4e72b61b67079833f558168ed172f364cbfe119d575d5127d152c20","apps/web/public/assets/manor/classic/crops/75/pre_mature.png","1d130298d4e72b61b67079833f558168ed172f364cbfe119d575d5127d152c20","reviewed-ok","ready"
"75","legacy-75","桑葚","5","mature","5","mature","39","state-character","Crop_75.swf/DefineSprite_39/1.png","c1acdd21e809cd25bcc006f8e2a9836c80d104d1604133318ac86c058c642652","apps/web/public/assets/manor/classic/crops/75/mature.png","c1acdd21e809cd25bcc006f8e2a9836c80d104d1604133318ac86c058c642652","reviewed-ok","ready"
"75","legacy-75","桑葚","6","withered","6","withered","41","state-character","Crop_75.swf/DefineSprite_41/1.png","3b8740077b01607fba3cecfc38060fcca8e4e257161581c52be0a1ad233ddea7","apps/web/public/assets/manor/classic/crops/75/withered.png","3b8740077b01607fba3cecfc38060fcca8e4e257161581c52be0a1ad233ddea7","reviewed-ok","ready"
"77","legacy-77","蓝莓","0","seed","0","seed","3","state-character","Crop_77.swf/DefineSprite_3/1.png","58b49f759a42ac629e896a6787393133a543d6d32e6ae9fa9c482b42a3799728","apps/web/public/assets/manor/classic/crops/77/seed.png","58b49f759a42ac629e896a6787393133a543d6d32e6ae9fa9c482b42a3799728","reviewed-ok","ready"
"77","legacy-77","蓝莓","1","sprout","1","sprout","10","state-character","Crop_77.swf/DefineSprite_10/1.png","d9fc1786f36ff483b98d34122430c95691173d046597aa6fd55ec9cfca0ae3c2","apps/web/public/assets/manor/classic/crops/77/sprout.png","d9fc1786f36ff483b98d34122430c95691173d046597aa6fd55ec9cfca0ae3c2","reviewed-ok","ready"
"77","legacy-77","蓝莓","2","young","2","young","15","state-character","Crop_77.swf/DefineSprite_15/1.png","4f9d2e132617cf050fc27ac9b07709f802391734ffc935d23bc29cb120836cd3","apps/web/public/assets/manor/classic/crops/77/young.png","4f9d2e132617cf050fc27ac9b07709f802391734ffc935d23bc29cb120836cd3","reviewed-ok","ready"
"77","legacy-77","蓝莓","3","growing","3","growing","21","state-character","Crop_77.swf/DefineSprite_21/1.png","0000f7f5708d77ad76261eaba5b46b024b1ed08580b905846cff3ca88b68d999","apps/web/public/assets/manor/classic/crops/77/growing.png","0000f7f5708d77ad76261eaba5b46b024b1ed08580b905846cff3ca88b68d999","reviewed-ok","ready"
"77","legacy-77","蓝莓","4","pre_mature","4","pre_mature","26","state-character","Crop_77.swf/DefineSprite_26/1.png","4f76a7318fca6e1bbcd088a0d354841046dc74f2f70499c5f0794800628e7562","apps/web/public/assets/manor/classic/crops/77/pre_mature.png","4f76a7318fca6e1bbcd088a0d354841046dc74f2f70499c5f0794800628e7562","reviewed-ok","ready"
"77","legacy-77","蓝莓","5","mature","5","mature","31","state-character","Crop_77.swf/DefineSprite_31/1.png","ad913dc953c96a84f945150f443f0a7d85b735949d62f56b21176c3ed3c2caf9","apps/web/public/assets/manor/classic/crops/77/mature.png","ad913dc953c96a84f945150f443f0a7d85b735949d62f56b21176c3ed3c2caf9","reviewed-ok","ready"
"77","legacy-77","蓝莓","6","withered","6","withered","33","state-character","Crop_77.swf/DefineSprite_33/1.png","cf073777cbc71b94e578098c3e139b7b255f65e041b8c8c1728cfd5a5153fb3e","apps/web/public/assets/manor/classic/crops/77/withered.png","cf073777cbc71b94e578098c3e139b7b255f65e041b8c8c1728cfd5a5153fb3e","reviewed-ok","ready"
"76","legacy-76","山竹","0","seed","0","seed","6","state-character","Crop_76.swf/DefineSprite_6/1.png","9e2beea178a319b56ef9374db2cab1e338b4629fcd40a168167b5be7b0b5b611","apps/web/public/assets/manor/classic/crops/76/seed.png","9e2beea178a319b56ef9374db2cab1e338b4629fcd40a168167b5be7b0b5b611","reviewed-ok","ready"
"76","legacy-76","山竹","1","sprout","1","sprout","8","state-character","Crop_76.swf/DefineSprite_8/1.png","287eb54108ef53e536f41aa6e842d33623f2c11a443e39ed81c0449b83ae99e7","apps/web/public/assets/manor/classic/crops/76/sprout.png","287eb54108ef53e536f41aa6e842d33623f2c11a443e39ed81c0449b83ae99e7","reviewed-ok","ready"
"76","legacy-76","山竹","2","young","2","young","10","state-character","Crop_76.swf/DefineSprite_10/1.png","9c82a9e32c4961ab1bea1f19407e5003d3f272f9fdb85080fada135ae9a05cd3","apps/web/public/assets/manor/classic/crops/76/young.png","9c82a9e32c4961ab1bea1f19407e5003d3f272f9fdb85080fada135ae9a05cd3","reviewed-ok","ready"
"76","legacy-76","山竹","3","growing","3","growing","12","state-character","Crop_76.swf/DefineSprite_12/1.png","b55d57b067fcbbbc44af217b2bbb9c7e551f8e17b5d713ab00b417680640663b","apps/web/public/assets/manor/classic/crops/76/growing.png","b55d57b067fcbbbc44af217b2bbb9c7e551f8e17b5d713ab00b417680640663b","reviewed-ok","ready"
"76","legacy-76","山竹","4","pre_mature","4","pre_mature","15","state-character","Crop_76.swf/DefineSprite_15/1.png","f5fbbfec29f5ec17e21c7bebe3534b962ddbbe7cd9d378a1a940b3e578070289","apps/web/public/assets/manor/classic/crops/76/pre_mature.png","f5fbbfec29f5ec17e21c7bebe3534b962ddbbe7cd9d378a1a940b3e578070289","reviewed-ok","ready"
"76","legacy-76","山竹","5","mature","5","mature","18","state-character","Crop_76.swf/DefineSprite_18/1.png","9218af005a49db8066cd9cbe711505b9d01dcdd681ade10a323b4d53e40f9823","apps/web/public/assets/manor/classic/crops/76/mature.png","9218af005a49db8066cd9cbe711505b9d01dcdd681ade10a323b4d53e40f9823","reviewed-ok","ready"
"76","legacy-76","山竹","6","withered","6","withered","20","state-character","Crop_76.swf/DefineSprite_20/1.png","cf073777cbc71b94e578098c3e139b7b255f65e041b8c8c1728cfd5a5153fb3e","apps/web/public/assets/manor/classic/crops/76/withered.png","cf073777cbc71b94e578098c3e139b7b255f65e041b8c8c1728cfd5a5153fb3e","reviewed-ok","ready"
"80","legacy-80","月柿","0","seed","0","seed","2","state-character","Crop_80.swf/DefineSprite_2/1.png","b86109a53c1dff6f41b3d50e721499ff1b218012d866033303793bc41d1f9804","apps/web/public/assets/manor/classic/crops/80/seed.png","b86109a53c1dff6f41b3d50e721499ff1b218012d866033303793bc41d1f9804","reviewed-ok","ready"
"80","legacy-80","月柿","1","sprout","1","sprout","4","state-character","Crop_80.swf/DefineSprite_4/1.png","0889fd63bf7cf3202af749d8149b02d9f824038bac0660f5e4840c7efa541730","apps/web/public/assets/manor/classic/crops/80/sprout.png","0889fd63bf7cf3202af749d8149b02d9f824038bac0660f5e4840c7efa541730","reviewed-ok","ready"
"80","legacy-80","月柿","2","young","2","young","15","state-character","Crop_80.swf/DefineSprite_15/1.png","50c811a28fb3e3826b2d733531ea573bfa8d72b1b684cba948ae02adf9c7dd1c","apps/web/public/assets/manor/classic/crops/80/young.png","50c811a28fb3e3826b2d733531ea573bfa8d72b1b684cba948ae02adf9c7dd1c","reviewed-ok","ready"
"80","legacy-80","月柿","3","growing","3","growing","22","state-character","Crop_80.swf/DefineSprite_22/1.png","c999c34820ce33cee25194f6875cfb484a85215af59b0bf6fac14384c0ee7fe7","apps/web/public/assets/manor/classic/crops/80/growing.png","c999c34820ce33cee25194f6875cfb484a85215af59b0bf6fac14384c0ee7fe7","reviewed-ok","ready"
"80","legacy-80","月柿","4","pre_mature","4","pre_mature","28","state-character","Crop_80.swf/DefineSprite_28/1.png","10ec031ec45599305036e3fb0102f402134c4bf5eecc6dfb51bbb915cc6ab19d","apps/web/public/assets/manor/classic/crops/80/pre_mature.png","10ec031ec45599305036e3fb0102f402134c4bf5eecc6dfb51bbb915cc6ab19d","reviewed-ok","ready"
"80","legacy-80","月柿","5","mature","5","mature","32","state-character","Crop_80.swf/DefineSprite_32/1.png","b8f974c21c1489a41c6f9353301353d16a2992ea78761bf56416f3c22286afa1","apps/web/public/assets/manor/classic/crops/80/mature.png","b8f974c21c1489a41c6f9353301353d16a2992ea78761bf56416f3c22286afa1","reviewed-ok","ready"
"80","legacy-80","月柿","6","withered","6","withered","34","state-character","Crop_80.swf/DefineSprite_34/1.png","d6a6f31b306ea0342f210da30b05bb6dc4cdfd731ac7353489f434a30c6b1bba","apps/web/public/assets/manor/classic/crops/80/withered.png","d6a6f31b306ea0342f210da30b05bb6dc4cdfd731ac7353489f434a30c6b1bba","reviewed-ok","ready"
"63","legacy-63","苦瓜","0","seed","0","seed","2","state-character","Crop_63.swf/DefineSprite_2/1.png","db64a2423bcb9185ca003d386c22654cd570c0c817515db055cea33e28d4a10e","apps/web/public/assets/manor/classic/crops/63/seed.png","db64a2423bcb9185ca003d386c22654cd570c0c817515db055cea33e28d4a10e","reviewed-ok","ready"
"63","legacy-63","苦瓜","1","sprout","1","sprout","8","state-character","Crop_63.swf/DefineSprite_8/1.png","c42b4efd6d36fe5f016186cd763824be53843ac8756cda7a556ffee9c4745efc","apps/web/public/assets/manor/classic/crops/63/sprout.png","c42b4efd6d36fe5f016186cd763824be53843ac8756cda7a556ffee9c4745efc","reviewed-ok","ready"
"63","legacy-63","苦瓜","2","young","2","young","18","state-character","Crop_63.swf/DefineSprite_18/1.png","6584088904382ff9ce7755c159a47cbe2adbc045b3467c91feedbac34f7532fa","apps/web/public/assets/manor/classic/crops/63/young.png","6584088904382ff9ce7755c159a47cbe2adbc045b3467c91feedbac34f7532fa","reviewed-ok","ready"
"63","legacy-63","苦瓜","3","growing","3","growing","25","state-character","Crop_63.swf/DefineSprite_25/1.png","453ae0370bd173761b671e85d5236cde4325da11183b44203a1ccfe59cda5382","apps/web/public/assets/manor/classic/crops/63/growing.png","453ae0370bd173761b671e85d5236cde4325da11183b44203a1ccfe59cda5382","reviewed-ok","ready"
"63","legacy-63","苦瓜","4","pre_mature","4","pre_mature","31","state-character","Crop_63.swf/DefineSprite_31/1.png","722c57ac44a9771c4780fc6d9f998d78cb543ada9b91573849465ba606d85f48","apps/web/public/assets/manor/classic/crops/63/pre_mature.png","722c57ac44a9771c4780fc6d9f998d78cb543ada9b91573849465ba606d85f48","reviewed-ok","ready"
"63","legacy-63","苦瓜","5","mature","5","mature","38","state-character","Crop_63.swf/DefineSprite_38/1.png","a7d99f8190ae3c757ee05cd0f8d8c6892ee1666fe418d42596e5354f5b143e63","apps/web/public/assets/manor/classic/crops/63/mature.png","a7d99f8190ae3c757ee05cd0f8d8c6892ee1666fe418d42596e5354f5b143e63","reviewed-ok","ready"
"63","legacy-63","苦瓜","6","withered","6","withered","40","state-character","Crop_63.swf/DefineSprite_40/1.png","d6a6f31b306ea0342f210da30b05bb6dc4cdfd731ac7353489f434a30c6b1bba","apps/web/public/assets/manor/classic/crops/63/withered.png","d6a6f31b306ea0342f210da30b05bb6dc4cdfd731ac7353489f434a30c6b1bba","reviewed-ok","ready"
"68","legacy-68","冬瓜","0","seed","0","seed","2","state-character","Crop_68.swf/DefineSprite_2/1.png","db64a2423bcb9185ca003d386c22654cd570c0c817515db055cea33e28d4a10e","apps/web/public/assets/manor/classic/crops/68/seed.png","db64a2423bcb9185ca003d386c22654cd570c0c817515db055cea33e28d4a10e","reviewed-ok","ready"
"68","legacy-68","冬瓜","1","sprout","1","sprout","7","state-character","Crop_68.swf/DefineSprite_7/1.png","45269922bf4d0fe5d894e65fb709d80d8d8381d148cfcbb524da3a1b03eb885e","apps/web/public/assets/manor/classic/crops/68/sprout.png","45269922bf4d0fe5d894e65fb709d80d8d8381d148cfcbb524da3a1b03eb885e","reviewed-ok","ready"
"68","legacy-68","冬瓜","2","young","2","young","17","state-character","Crop_68.swf/DefineSprite_17/1.png","77f45a6d74bb38a58f28c6fbe8ccc54d87e8f609ae41d6dd173dc3c050f6ce2f","apps/web/public/assets/manor/classic/crops/68/young.png","77f45a6d74bb38a58f28c6fbe8ccc54d87e8f609ae41d6dd173dc3c050f6ce2f","reviewed-ok","ready"
"68","legacy-68","冬瓜","3","growing","3","growing","26","state-character","Crop_68.swf/DefineSprite_26/1.png","4fda40fda016788256b743087957a95f4fc847eaf2aad2a1bae1bb6c34d8c508","apps/web/public/assets/manor/classic/crops/68/growing.png","4fda40fda016788256b743087957a95f4fc847eaf2aad2a1bae1bb6c34d8c508","reviewed-ok","ready"
"68","legacy-68","冬瓜","4","pre_mature","4","pre_mature","34","state-character","Crop_68.swf/DefineSprite_34/1.png","72b1666dbac5b48a444d5a0c47608c2492fe363e28be55b7dfbc30a5b950230e","apps/web/public/assets/manor/classic/crops/68/pre_mature.png","72b1666dbac5b48a444d5a0c47608c2492fe363e28be55b7dfbc30a5b950230e","reviewed-ok","ready"
"68","legacy-68","冬瓜","5","mature","5","mature","42","state-character","Crop_68.swf/DefineSprite_42/1.png","56d9259dab6d9fe5b56ab2d192960eacf10bf9ad8292465c9ae87200103452c0","apps/web/public/assets/manor/classic/crops/68/mature.png","56d9259dab6d9fe5b56ab2d192960eacf10bf9ad8292465c9ae87200103452c0","reviewed-ok","ready"
"68","legacy-68","冬瓜","6","withered","6","withered","44","state-character","Crop_68.swf/DefineSprite_44/1.png","3b8740077b01607fba3cecfc38060fcca8e4e257161581c52be0a1ad233ddea7","apps/web/public/assets/manor/classic/crops/68/withered.png","3b8740077b01607fba3cecfc38060fcca8e4e257161581c52be0a1ad233ddea7","reviewed-ok","ready"
"78","legacy-78","杏子","0","seed","0","seed","3","state-character","Crop_78.swf/DefineSprite_3/1.png","89531976d18f1d89fd9517d82209f549257eb8cb9d9b024519fe805a845638d0","apps/web/public/assets/manor/classic/crops/78/seed.png","89531976d18f1d89fd9517d82209f549257eb8cb9d9b024519fe805a845638d0","reviewed-ok","ready"
"78","legacy-78","杏子","1","sprout","1","sprout","6","state-character","Crop_78.swf/DefineSprite_6/1.png","42b87ece238d7d9b074ce2cf5ea70ea3e69af2a5bfe16b7ca194a49d17a1f0ac","apps/web/public/assets/manor/classic/crops/78/sprout.png","42b87ece238d7d9b074ce2cf5ea70ea3e69af2a5bfe16b7ca194a49d17a1f0ac","reviewed-ok","ready"
"78","legacy-78","杏子","2","young","2","young","10","state-character","Crop_78.swf/DefineSprite_10/1.png","3df08279ae6d041350d36cbf4086b4767692689b2de8797a47d5e64a17470253","apps/web/public/assets/manor/classic/crops/78/young.png","3df08279ae6d041350d36cbf4086b4767692689b2de8797a47d5e64a17470253","reviewed-ok","ready"
"78","legacy-78","杏子","3","growing","3","growing","14","state-character","Crop_78.swf/DefineSprite_14/1.png","c9f703644b587670d1e6d936cc6987f410ae620cbf4e7875ffc37ec7ff344adc","apps/web/public/assets/manor/classic/crops/78/growing.png","c9f703644b587670d1e6d936cc6987f410ae620cbf4e7875ffc37ec7ff344adc","reviewed-ok","ready"
"78","legacy-78","杏子","4","pre_mature","4","pre_mature","15","state-character","Crop_78.swf/DefineSprite_15/1.png","0907d40c031fd500b7d7b49010beef857d7b4013981ff5da566aea7bf815804b","apps/web/public/assets/manor/classic/crops/78/pre_mature.png","0907d40c031fd500b7d7b49010beef857d7b4013981ff5da566aea7bf815804b","reviewed-ok","ready"
"78","legacy-78","杏子","5","mature","5","mature","18","state-character","Crop_78.swf/DefineSprite_18/1.png","0443131ba6c1dae3dabb120c7595043d1ef82ab0800c9aa945de8855aee25105","apps/web/public/assets/manor/classic/crops/78/mature.png","0443131ba6c1dae3dabb120c7595043d1ef82ab0800c9aa945de8855aee25105","reviewed-ok","ready"
"78","legacy-78","杏子","6","withered","6","withered","20","state-character","Crop_78.swf/DefineSprite_20/1.png","d6a6f31b306ea0342f210da30b05bb6dc4cdfd731ac7353489f434a30c6b1bba","apps/web/public/assets/manor/classic/crops/78/withered.png","d6a6f31b306ea0342f210da30b05bb6dc4cdfd731ac7353489f434a30c6b1bba","reviewed-ok","ready"
"74","legacy-74","金桔","0","seed","0","seed","10","state-character","Crop_74.swf/DefineSprite_10/1.png","a4f0f87ef2fdd4ecf86b05e37ab588cc5232a45ab7833aa88a90402c679eae11","apps/web/public/assets/manor/classic/crops/74/seed.png","a4f0f87ef2fdd4ecf86b05e37ab588cc5232a45ab7833aa88a90402c679eae11","reviewed-ok","ready"
"74","legacy-74","金桔","1","sprout","1","sprout","12","state-character","Crop_74.swf/DefineSprite_12/1.png","fafb1606be46151e5d9d7cfbbc51731ecb95c22718a938fc31d431bddbcbe06f","apps/web/public/assets/manor/classic/crops/74/sprout.png","fafb1606be46151e5d9d7cfbbc51731ecb95c22718a938fc31d431bddbcbe06f","reviewed-ok","ready"
"74","legacy-74","金桔","2","young","2","young","15","state-character","Crop_74.swf/DefineSprite_15/1.png","549ffb544600c92432c0b608448385e7f117a1a2faf1de70d6d835a20acaed60","apps/web/public/assets/manor/classic/crops/74/young.png","549ffb544600c92432c0b608448385e7f117a1a2faf1de70d6d835a20acaed60","reviewed-ok","ready"
"74","legacy-74","金桔","3","growing","3","growing","18","state-character","Crop_74.swf/DefineSprite_18/1.png","f1248624cb90d12cbc15dc1c38adb6daed7db49e6894262682e5084142cd496c","apps/web/public/assets/manor/classic/crops/74/growing.png","f1248624cb90d12cbc15dc1c38adb6daed7db49e6894262682e5084142cd496c","reviewed-ok","ready"
"74","legacy-74","金桔","4","pre_mature","4","pre_mature","21","state-character","Crop_74.swf/DefineSprite_21/1.png","be1354c118f9ee184ce7124c7aedf0ac6cbb744f06a5d4fd7e86161448ec8257","apps/web/public/assets/manor/classic/crops/74/pre_mature.png","be1354c118f9ee184ce7124c7aedf0ac6cbb744f06a5d4fd7e86161448ec8257","reviewed-ok","ready"
"74","legacy-74","金桔","5","mature","5","mature","22","state-character","Crop_74.swf/DefineSprite_22/1.png","be4a343e77d45c44a046a5aaf8204143fbb657c3a9d19cd26f98b056bb686789","apps/web/public/assets/manor/classic/crops/74/mature.png","be4a343e77d45c44a046a5aaf8204143fbb657c3a9d19cd26f98b056bb686789","reviewed-ok","ready"
"74","legacy-74","金桔","6","withered","6","withered","24","state-character","Crop_74.swf/DefineSprite_24/1.png","d6a6f31b306ea0342f210da30b05bb6dc4cdfd731ac7353489f434a30c6b1bba","apps/web/public/assets/manor/classic/crops/74/withered.png","d6a6f31b306ea0342f210da30b05bb6dc4cdfd731ac7353489f434a30c6b1bba","reviewed-ok","ready"
"83","legacy-83","红毛丹","0","seed","0","seed","4","state-character","Crop_83.swf/DefineSprite_4/1.png","7821bd6e255fb23a647b97bee975ba5c3b1e7d8e01b55f93d668abbc9313c233","apps/web/public/assets/manor/classic/crops/83/seed.png","7821bd6e255fb23a647b97bee975ba5c3b1e7d8e01b55f93d668abbc9313c233","reviewed-ok","ready"
"83","legacy-83","红毛丹","1","sprout","1","sprout","7","state-character","Crop_83.swf/DefineSprite_7/1.png","6669be933542f0c898c41132c2934e3fb85f840922c749b2e4d7be55e2a925d0","apps/web/public/assets/manor/classic/crops/83/sprout.png","6669be933542f0c898c41132c2934e3fb85f840922c749b2e4d7be55e2a925d0","reviewed-ok","ready"
"83","legacy-83","红毛丹","2","young","2","young","12","state-character","Crop_83.swf/DefineSprite_12/1.png","ba4e634e3439615c82811a1f695d419c8e69cae0ab2fc71739c45d6226eaa043","apps/web/public/assets/manor/classic/crops/83/young.png","ba4e634e3439615c82811a1f695d419c8e69cae0ab2fc71739c45d6226eaa043","reviewed-ok","ready"
"83","legacy-83","红毛丹","3","growing","3","growing","14","state-character","Crop_83.swf/DefineSprite_14/1.png","81d77ed89b8ac08ec45695aff2baac489469b729f687cdd9673fc11ed5e49f3f","apps/web/public/assets/manor/classic/crops/83/growing.png","81d77ed89b8ac08ec45695aff2baac489469b729f687cdd9673fc11ed5e49f3f","reviewed-ok","ready"
"83","legacy-83","红毛丹","4","pre_mature","4","pre_mature","18","state-character","Crop_83.swf/DefineSprite_18/1.png","a797bc1309dee3bb465b3cf826650367a7064171a767a292c7167cdd1da9c130","apps/web/public/assets/manor/classic/crops/83/pre_mature.png","a797bc1309dee3bb465b3cf826650367a7064171a767a292c7167cdd1da9c130","reviewed-ok","ready"
"83","legacy-83","红毛丹","5","mature","5","mature","38","state-character","Crop_83.swf/DefineSprite_38/1.png","2d8a597ef71585c041a648402e14f4df881205cf321e437b9eadccff8bde4e89","apps/web/public/assets/manor/classic/crops/83/mature.png","2d8a597ef71585c041a648402e14f4df881205cf321e437b9eadccff8bde4e89","reviewed-ok","ready"
"83","legacy-83","红毛丹","6","withered","6","withered","40","state-character","Crop_83.swf/DefineSprite_40/1.png","d6a6f31b306ea0342f210da30b05bb6dc4cdfd731ac7353489f434a30c6b1bba","apps/web/public/assets/manor/classic/crops/83/withered.png","d6a6f31b306ea0342f210da30b05bb6dc4cdfd731ac7353489f434a30c6b1bba","reviewed-ok","ready"
"84","legacy-84","芭蕉","0","seed","0","seed","9","state-character","Crop_84.swf/DefineSprite_9/1.png","fe437f334eb2c8f1b47893257a5eaf98bb5613a0e0d75647780904612d1964d3","apps/web/public/assets/manor/classic/crops/84/seed.png","fe437f334eb2c8f1b47893257a5eaf98bb5613a0e0d75647780904612d1964d3","reviewed-ok","ready"
"84","legacy-84","芭蕉","1","sprout","1","sprout","15","state-character","Crop_84.swf/DefineSprite_15/1.png","05fca733eac0c3af185d77105428b392699d2731021350d679439389f91f7f6e","apps/web/public/assets/manor/classic/crops/84/sprout.png","05fca733eac0c3af185d77105428b392699d2731021350d679439389f91f7f6e","reviewed-ok","ready"
"84","legacy-84","芭蕉","2","young","2","young","21","state-character","Crop_84.swf/DefineSprite_21/1.png","f380092ac7bd9535bf73ab88c0393ce42cdf916f3b3b9d65ca84ceb38ee32940","apps/web/public/assets/manor/classic/crops/84/young.png","f380092ac7bd9535bf73ab88c0393ce42cdf916f3b3b9d65ca84ceb38ee32940","reviewed-ok","ready"
"84","legacy-84","芭蕉","3","growing","3","growing","49","state-character","Crop_84.swf/DefineSprite_49/1.png","981622d5fecc5fe8f8b2171d509f9ffd5020859cc22e91c6fa30ce84bfffefc6","apps/web/public/assets/manor/classic/crops/84/growing.png","981622d5fecc5fe8f8b2171d509f9ffd5020859cc22e91c6fa30ce84bfffefc6","reviewed-ok","ready"
"84","legacy-84","芭蕉","4","pre_mature","4","pre_mature","64","state-character","Crop_84.swf/DefineSprite_64/1.png","cb602b67e7cfb25e3a6142b8615d4feaf40934bede70b6078f08be7033961a9a","apps/web/public/assets/manor/classic/crops/84/pre_mature.png","cb602b67e7cfb25e3a6142b8615d4feaf40934bede70b6078f08be7033961a9a","reviewed-ok","ready"
"84","legacy-84","芭蕉","5","mature","5","mature","69","state-character","Crop_84.swf/DefineSprite_69/1.png","7cde9eb6962b3474ed3db2480ca4a22055da154db2a8c49b3c85b6d59f685494","apps/web/public/assets/manor/classic/crops/84/mature.png","7cde9eb6962b3474ed3db2480ca4a22055da154db2a8c49b3c85b6d59f685494","reviewed-ok","ready"
"84","legacy-84","芭蕉","6","withered","6","withered","71","state-character","Crop_84.swf/DefineSprite_71/1.png","6e486355d330b8df77b0a6942df478b9640c5f33559b75cdcc95c9d545fafe70","apps/web/public/assets/manor/classic/crops/84/withered.png","6e486355d330b8df77b0a6942df478b9640c5f33559b75cdcc95c9d545fafe70","reviewed-ok","ready"
"85","legacy-85","番荔枝","0","seed","0","seed","7","state-character","Crop_85.swf/DefineSprite_7/1.png","6e30b4460f9e72c78aef29e78d75463885bae1d4378a2ecd7aa003d47e904c22","apps/web/public/assets/manor/classic/crops/85/seed.png","6e30b4460f9e72c78aef29e78d75463885bae1d4378a2ecd7aa003d47e904c22","reviewed-ok","ready"
"85","legacy-85","番荔枝","1","sprout","1","sprout","15","state-character","Crop_85.swf/DefineSprite_15/1.png","d6d6a139de88b4199ef15a8f89ccbe3519314827062c9938a88c2bf7d910963c","apps/web/public/assets/manor/classic/crops/85/sprout.png","d6d6a139de88b4199ef15a8f89ccbe3519314827062c9938a88c2bf7d910963c","reviewed-ok","ready"
"85","legacy-85","番荔枝","2","young","2","young","16","state-character","Crop_85.swf/DefineSprite_16/1.png","35045c2884d8683991c343f25dd8130246fc6196689ea1408a194321183bf193","apps/web/public/assets/manor/classic/crops/85/young.png","35045c2884d8683991c343f25dd8130246fc6196689ea1408a194321183bf193","reviewed-ok","ready"
"85","legacy-85","番荔枝","3","growing","3","growing","17","state-character","Crop_85.swf/DefineSprite_17/1.png","c0f87c22caae82c4a2fc56acd297e92b6f028d0e09464d032435247797e6a001","apps/web/public/assets/manor/classic/crops/85/growing.png","c0f87c22caae82c4a2fc56acd297e92b6f028d0e09464d032435247797e6a001","reviewed-ok","ready"
"85","legacy-85","番荔枝","4","pre_mature","4","pre_mature","23","state-character","Crop_85.swf/DefineSprite_23/1.png","9f71360da0526cdb56c33deae7b3a42e4b87c8858589fe53a2dcc9e1a81efdbe","apps/web/public/assets/manor/classic/crops/85/pre_mature.png","9f71360da0526cdb56c33deae7b3a42e4b87c8858589fe53a2dcc9e1a81efdbe","reviewed-ok","ready"
"85","legacy-85","番荔枝","5","mature","5","mature","27","state-character","Crop_85.swf/DefineSprite_27/1.png","ce63d0ec7a002355b8010da0cb027d8668f1127aa1f542e2ff853cd597c7848a","apps/web/public/assets/manor/classic/crops/85/mature.png","ce63d0ec7a002355b8010da0cb027d8668f1127aa1f542e2ff853cd597c7848a","reviewed-ok","ready"
"85","legacy-85","番荔枝","6","withered","6","withered","29","state-character","Crop_85.swf/DefineSprite_29/1.png","c243d1572c39b48b1047154380647f17fe63634a5c21cafabd4f2cdafb2ea8bc","apps/web/public/assets/manor/classic/crops/85/withered.png","c243d1572c39b48b1047154380647f17fe63634a5c21cafabd4f2cdafb2ea8bc","reviewed-ok","ready"
"86","legacy-86","橄榄","0","seed","0","seed","3","state-character","Crop_86.swf/DefineSprite_3/1.png","8ecd2f1aef5ad89582bec9cf9868b9b7b21727c149a6bc1b0e11c63310ebccfe","apps/web/public/assets/manor/classic/crops/86/seed.png","8ecd2f1aef5ad89582bec9cf9868b9b7b21727c149a6bc1b0e11c63310ebccfe","reviewed-ok","ready"
"86","legacy-86","橄榄","1","sprout","1","sprout","5","state-character","Crop_86.swf/DefineSprite_5/1.png","77588e8966b3c1e049c2cd6e86de56a369053e2fb1d27177e0f4fb3c297c6b13","apps/web/public/assets/manor/classic/crops/86/sprout.png","77588e8966b3c1e049c2cd6e86de56a369053e2fb1d27177e0f4fb3c297c6b13","reviewed-ok","ready"
"86","legacy-86","橄榄","2","young","2","young","18","state-character","Crop_86.swf/DefineSprite_18/1.png","fba995e0a072382a0b88cca9a0df02b8e7240777c886e18694246ba9df734385","apps/web/public/assets/manor/classic/crops/86/young.png","fba995e0a072382a0b88cca9a0df02b8e7240777c886e18694246ba9df734385","reviewed-ok","ready"
"86","legacy-86","橄榄","3","growing","3","growing","25","state-character","Crop_86.swf/DefineSprite_25/1.png","2e1ee2ba1cb599a8f1121f74b9be4b7ec19f70d6fab7147cc85b09a1f2f9d7da","apps/web/public/assets/manor/classic/crops/86/growing.png","2e1ee2ba1cb599a8f1121f74b9be4b7ec19f70d6fab7147cc85b09a1f2f9d7da","reviewed-ok","ready"
"86","legacy-86","橄榄","4","pre_mature","4","pre_mature","38","state-character","Crop_86.swf/DefineSprite_38/1.png","f17cf1a48743002b66aec97a6c8e06c610dfafce9cc240efa6a4f77ab55d33ac","apps/web/public/assets/manor/classic/crops/86/pre_mature.png","f17cf1a48743002b66aec97a6c8e06c610dfafce9cc240efa6a4f77ab55d33ac","reviewed-ok","ready"
"86","legacy-86","橄榄","5","mature","5","mature","47","state-character","Crop_86.swf/DefineSprite_47/1.png","7a5c8dcfdf2b896b091204e2f9b97d0f6da1da3ea652e9a96bb9a6fda06746d3","apps/web/public/assets/manor/classic/crops/86/mature.png","7a5c8dcfdf2b896b091204e2f9b97d0f6da1da3ea652e9a96bb9a6fda06746d3","reviewed-ok","ready"
"86","legacy-86","橄榄","6","withered","6","withered","49","state-character","Crop_86.swf/DefineSprite_49/1.png","d6a6f31b306ea0342f210da30b05bb6dc4cdfd731ac7353489f434a30c6b1bba","apps/web/public/assets/manor/classic/crops/86/withered.png","d6a6f31b306ea0342f210da30b05bb6dc4cdfd731ac7353489f434a30c6b1bba","reviewed-ok","ready"
"87","legacy-87","百香果","0","seed","0","seed","10","state-character","Crop_87.swf/DefineSprite_10/1.png","0324ce5948270d8d9ec8fc71040aeb07ee08d604ceaf3a1b2aa703a31ca43a4b","apps/web/public/assets/manor/classic/crops/87/seed.png","0324ce5948270d8d9ec8fc71040aeb07ee08d604ceaf3a1b2aa703a31ca43a4b","reviewed-ok","ready"
"87","legacy-87","百香果","1","sprout","1","sprout","16","state-character","Crop_87.swf/DefineSprite_16/1.png","194f0b59907c9c5d49dc50efc32638e82f6fb40ddbf479109dc823dceea566df","apps/web/public/assets/manor/classic/crops/87/sprout.png","194f0b59907c9c5d49dc50efc32638e82f6fb40ddbf479109dc823dceea566df","reviewed-ok","ready"
"87","legacy-87","百香果","2","young","2","young","19","state-character","Crop_87.swf/DefineSprite_19/1.png","2aad6bdb0f9da5c47c957453e4df6167dee368313c28150ee6515bbf661bc850","apps/web/public/assets/manor/classic/crops/87/young.png","2aad6bdb0f9da5c47c957453e4df6167dee368313c28150ee6515bbf661bc850","reviewed-ok","ready"
"87","legacy-87","百香果","3","growing","3","growing","40","state-character","Crop_87.swf/DefineSprite_40/1.png","e54f30823e4bcbeb7a13bf264f3812001874b60cb6e495ccc1297ee539ab4e46","apps/web/public/assets/manor/classic/crops/87/growing.png","e54f30823e4bcbeb7a13bf264f3812001874b60cb6e495ccc1297ee539ab4e46","reviewed-ok","ready"
"87","legacy-87","百香果","4","pre_mature","4","pre_mature","60","state-character","Crop_87.swf/DefineSprite_60/1.png","51ae5b998d43bec4d83540f253177d01a9147e99890f424ce491095ce08c7f05","apps/web/public/assets/manor/classic/crops/87/pre_mature.png","51ae5b998d43bec4d83540f253177d01a9147e99890f424ce491095ce08c7f05","reviewed-ok","ready"
"87","legacy-87","百香果","5","mature","5","mature","82","state-character","Crop_87.swf/DefineSprite_82/1.png","003f60da9ab30757e0afc5a9ae1e33b19093d99b7cb4e2ba10e858c1d4146c8d","apps/web/public/assets/manor/classic/crops/87/mature.png","003f60da9ab30757e0afc5a9ae1e33b19093d99b7cb4e2ba10e858c1d4146c8d","reviewed-ok","ready"
"87","legacy-87","百香果","6","withered","6","withered","84","state-character","Crop_87.swf/DefineSprite_84/1.png","6e486355d330b8df77b0a6942df478b9640c5f33559b75cdcc95c9d545fafe70","apps/web/public/assets/manor/classic/crops/87/withered.png","6e486355d330b8df77b0a6942df478b9640c5f33559b75cdcc95c9d545fafe70","reviewed-ok","ready"
