"source_id","name","set_name","item_type","item_type_name","extraction_policy","integration_policy","selected_source_kind","source_origin_file","source_origin_sha256","source_export_file","source_export_sha256","width","height","visible_pixels","visible_x","visible_y","visible_width","visible_height","swf_display_rect","swf_content_outline_rect","preview_file","preview_sha256","thumbnail_file","thumbnail_sha256","known_issue","automated_status","visual_review_status"
"11","春日风车背景","荷兰葵花系列","1","background","extract-swf","default","swf-stage-frame","module/nc/farm/diy/11.swf","b4540e29b1097a554386b6c90f2e56f7677dd521222321e6dd6a30f0b0fd598e","stage-frame/11.swf/1.png","2d6834acd5b9486be6a5ff31688604be23ff73d8d3aa8bc316acb4194e70d942","1024","768","786432","0","0","1024","768","0,0,20480,15360","0.0,0.0,20480.0,15360.0","module/nc/farm/diy/11.jpg","c13f61d3f088aeed1c60c62c591425d8fb292d264bfb317779b8693d85bcf8f9","module/nc/farm/diy/11b.jpg","4e035ffd1e7066ce173c7434b36a392dd460a8c2c9df12ac449c984296d3edcd","","ready-for-visual-review","reviewed-ok"
"12","绿顶小木屋","荷兰葵花系列","2","house","extract-swf","default","swf-content-frame","module/nc/farm/diy/12.swf","7bc4ac0e3c5aed64d07928502f39ae0ac8ab98655a267b8e4b06560f4faf5410","content-frame/12.swf.png","45fdd231de9c337b26e1f6fd6a32c0b66966bc3b1ad2c4be3e42d4bc30750eb2","253","176","27879","1","1","235","173","0,0,11000,8000","-618.887451171875,-2361.1142578125,5018.196750916157,3460.2421875","module/nc/farm/diy/12.jpg","87bd2157ff0ad6fde23466c0e12bc77df4e37ec998987eac0df312e05f935cff","module/nc/farm/diy/12b.jpg","5d1204d290285b5e03554535ad01d1975e906b22d07b24cc3c1cf73d11f11095","","ready-for-visual-review","reviewed-ok"
"13","爱心木栅栏","荷兰葵花系列","3","fence","extract-swf","default","swf-content-frame","module/nc/farm/diy/13.swf","0ca62a2d5fe517c8adafd20617503a28b0ae82b77ed2dee086df46373f01ccc8","content-frame/13.swf.png","696f20bd2b361c08e735e6dc9212d52324aa4f927291dad0271c5a3fb8e4d3f5","557","246","10967","1","1","555","244","0,0,11000,8000","220.10888671875,42.611328125,11081.86019897461,4873.0517578125","module/nc/farm/diy/13.jpg","c2488c31ed22c11569b7093722efc7232d9e340a5b48a0e9b0b87f7a230bf34e","module/nc/farm/diy/13b.jpg","9762479c4a26137f62ab3dc824398290591dbd0ef67144af44be2d55993005a6","","ready-for-visual-review","reviewed-ok"
"14","木制小狗窝","荷兰葵花系列","4","doghouse","extract-swf","deferred-validation","swf-content-frame","module/nc/farm/diy/14.swf","e8d4e2510948fc31a5ecfafa873680b58ff27fe6f5962b760dbc4ac9ee7d692a","content-frame/14.swf.png","a40627dd71dd0ad24a970e80eb6e2e5d2a243a2f133095c00db58d687f6cb013","430","146","11572","1","0","428","144","0,0,11000,8000","-64.4,-860.1071428571429,8547.603412373861,2865.416497494994","module/nc/farm/diy/14.jpg","82fd286daefba0795c9a14ed800268be64eb897771230124ab16a92d752f31f0","module/nc/farm/diy/14b.jpg","3f3d9840828563f4d5f9d30508296291c38e1172b3ce30aa4856bca3edabcc17","","ready-for-visual-review","reviewed-with-note"
"16","圣诞快乐","圣诞快乐","1","background","extract-swf","default","swf-stage-frame","module/nc/farm/diy/16.swf","587baae28847159869a5d91239d58dbf93a63526e3e56c544c341104a7e8335e","stage-frame/16.swf/1.png","2b66afc0b49bf49689bc814c6ca438cb743a47c00705af21ef053ad1941853d3","500","500","250000","0","0","500","500","0,0,10000,10000","-840.0,-462.94390418209997,24480.0,18502.9439041821","module/nc/farm/diy/16.jpg","874fe0aea013b4564fdf69c0c4ee0970d409128305aaeb99f1e206e0b49f6ac4","module/nc/farm/diy/16b.jpg","f8e04de802472c44e91ede997c682df5c5cfc0bc5b1f9d8766aeb95fdc37560b","","ready-for-visual-review","reviewed-ok"
"17","圣诞雪屋","圣诞快乐","2","house","extract-swf","default","swf-content-frame","module/nc/farm/diy/17.swf","0c58a57e2ffdfa455ea0bd2fe5d509f669e8bcd42735bf3996b0d1d03dca79ac","content-frame/17.swf.png","5fb54ec989e3d1f3a3a9221812434bc0848888ac5ffbbf91d19d50a29203c401","261","252","32288","4","1","255","250","0,0,2000,2000","-660.022321084105,-3344.0,5162.423873531256,4983.93603515625","module/nc/farm/diy/17.jpg","b1f043c55d6af7df22087847907ba8224bc5b7bfbbb7c7e48a635e61a84e4adb","module/nc/farm/diy/17b.jpg","95c13b76fd4f5bbe73a4cd7e9cbfc00823012f23ea4609be9cc8e42f27629f8f","","ready-for-visual-review","reviewed-ok"
"18","小院围墙","圣诞快乐","3","fence","extract-swf","default","swf-content-frame","module/nc/farm/diy/18.swf","83746551e5ddb71d6843d315ac5203fcec8c1d8f074d05d44b47e754a31cf8d3","content-frame/18.swf.png","0293ce7cb50daee9c089173b7a7b169e6c730902ea12db8ac7191ed6588958d5","569","234","16371","1","0","567","232","0,0,12000,6000","19.9423828125,8.586531836073846,11325.73974609375,4619.790193287405","module/nc/farm/diy/18.jpg","9cd1191c11284428657d181c98154a343ec7740a10703dc2c9716f1103117860","module/nc/farm/diy/18b.jpg","c31bf20cfea548a5fcd1d84de36416c7bff57655bb4f3c6c6d51c3199e498f0f","","ready-for-visual-review","reviewed-ok"
"19","圣诞狗窝","圣诞快乐","4","doghouse","extract-swf","default","swf-content-frame","module/nc/farm/diy/19.swf","5d027db60d3dbd4d5470042fa8917da596137dd6586ad96d5149e94318695d2d","content-frame/19.swf.png","8ef0caf6060b58a0e016d5ff6ee6670ea005868539c6d721f9416f7e8aba48b5","109","100","4421","6","0","99","99","0,0,2000,2000","-392.7512437810945,-1489.99999918637,2125.7755598905173,1959.99999918637","module/nc/farm/diy/19.jpg","434a4d30f183226fb04d3dc252eadb747d1bb56642593ddd796e00e86b37272c","module/nc/farm/diy/19b.jpg","258fd07de5b293bcfbc9effd27cd940bb95e0ea0bee2d3108fd1ada950939fd6","","ready-for-visual-review","reviewed-ok"
"21","春天的故事","春天的故事","1","background","blocked-missing-source","excluded","blocked-missing-source","","","","","","","0","","","","","","","module/nc/farm/diy/21.jpg","1d4ed12ce0e35c44bcf749fa8f2184d3a35d8ccea0529393c0e00d6a19a182b8","module/nc/farm/diy/21b.jpg","bae0b2e2f01aa1f77921b7970b456cb1f6af465b74b1b72f4a05e08c089c0fdb","missing-swf-and-full-image","blocked-missing-source","blocked-missing-source"
"22","春天小屋","春天的故事","2","house","extract-swf","default","swf-content-frame","module/nc/farm/diy/22.swf","ab6daf304dfaf2e3b0d924b037f9cd20bb0371a13d5406f1e99a41705ef9beb1","content-frame/22.swf.png","c669e04d881b6b86db26ec25b5a2e0ddf3999b9d0674fa47ff056cc1fc9d4ee6","171","159","18799","1","0","169","158","0,0,2000,2000","-170.37394485809727,-2200.7225646972656,3375.703636694806,3138.043065651176","module/nc/farm/diy/22.jpg","5def784fdc712f6e1d9912013fc1b742ad19888faa97fe7794c0b7b0ea3dc7d7","module/nc/farm/diy/22b.jpg","c5a9ad17f3b556de8a4b460862507ee9bf430a3615276b7f9eeb8fe0ae23f6f1","","ready-for-visual-review","reviewed-ok"
"23","春天围墙","春天的故事","3","fence","extract-swf","default","swf-content-frame","module/nc/farm/diy/23.swf","e5108eccbe75f8666db8da65299ccbc754a1e02d2c7362d51ab8389aad5be997","content-frame/23.swf.png","6a0680db6bcec5a7d7266e5c528b61c6defda30b79377e11365cf8597ebc723d","565","231","13290","1","1","563","229","0,0,2000,2000","0.228515625,39.654296875,11240.492813201721,4569.80712890625","module/nc/farm/diy/23.jpg","f9c9a1b6eda5d2f99ee1aa27d53099903a9e3309dcd0c0718ab07dfe36ba7822","module/nc/farm/diy/23b.jpg","744aa94db130f622305f4b52c37e3f718d872deff71f9e1431f8fa065ee9e38b","","ready-for-visual-review","reviewed-ok"
"24","春天狗窝","春天的故事","4","doghouse","extract-swf","default","swf-content-frame","module/nc/farm/diy/24.swf","a50d75f17f9d5fa96d833dc6f7faebafaeb43e4594317dbd110789aac66fe761","content-frame/24.swf.png","8a83a04293b3f23e1920b1fc580d7d395e5ff64976fd1b442bd47d87b2691a07","80","74","3932","1","1","74","72","0,0,2000,2000","-72.22680412371133,-909.0,1543.7731958762888,1437.8054054054055","module/nc/farm/diy/24.jpg","143feb0d37fd1b941813ecdc86e771fdfda26baa28a8455a2838a07837bf0673","module/nc/farm/diy/24b.jpg","faedcac81b23a81a63f8d19ce5ac244f78bec1c58f8c398fb5e382b92eebb3a0","","ready-for-visual-review","reviewed-ok"
"26","新年快乐","新年快乐","1","background","use-full-image","default","full-image","module/nc/farm/diy/26f.jpg","f755c8175d1f052a1c7cdc67dfcb1d98103a4ef3283e28943c294a48f475ca7f","module/nc/farm/diy/26f.jpg","f755c8175d1f052a1c7cdc67dfcb1d98103a4ef3283e28943c294a48f475ca7f","1034","806","833404","0","0","1034","806","","","module/nc/farm/diy/26.jpg","234639f7c09f1c96b03a54154f1db821c4135488d966a86caae39524ba071926","module/nc/farm/diy/26b.jpg","1f0f4a2c0d57f64977aef8b0101845a642cf83e89e78630da2455a6c95279207","","ready-for-visual-review","reviewed-ok"
"27","新年小屋","新年快乐","2","house","extract-swf","default","swf-content-frame","module/nc/farm/diy/27.swf","fb4277e0b6feba77d70b47294a065c73014af294ff3df0bfe1ab7f0e7bbbe0f8","content-frame/27.swf.png","ec9258559f032707c05c59b41a58cbb4170c85a8ea7fc2b07475ebad3a732096","166","167","19113","0","0","164","166","0,0,2000,2000","-420.2773742675781,-2439.609375,3261.6490831877054,3290.9381905781856","module/nc/farm/diy/27.jpg","403aee3e3d9e231b6cd8c8b31e0af24234fb2ec409863195658b83c48afa7c6b","module/nc/farm/diy/27b.jpg","db92f9db598e1af71f04183b0fac001e0e318de0568311e54217b2a2f66bd380","","ready-for-visual-review","reviewed-ok"
"28","新年围墙","新年快乐","3","fence","extract-swf","default","swf-content-frame","module/nc/farm/diy/28.swf","bda90104c030b6ef15dd84d2a9a36aee353e786a58bf19e961b6b5a3e7d3c074","content-frame/28.swf.png","51cd384b1084e607f42c7de2d2e5b4a3398a1823d77567b23a6fa3ebeb599c61","571","231","11168","0","0","571","230","0,0,2000,2000","-0.5203976999036968,-190.4934844970703,11376.084148920607,4575.72472365359","module/nc/farm/diy/28.jpg","2af98b14dbc597ee1c55513f743b2e2d1417361181d7890fdc468c9423758658","module/nc/farm/diy/28b.jpg","9e5c51bca4cf8d60bf928e28e4217bb1f479c10e6993e8d580cef5e6525cbade","","ready-for-visual-review","reviewed-ok"
"29","新年狗窝","新年快乐","4","doghouse","extract-swf","default","swf-content-frame","module/nc/farm/diy/29.swf","165800e580ef680c2f9f00d74e27f6e1909063a6d091c2a3a32d97900ec6eac3","content-frame/29.swf.png","17bcad65f78c331f40a9b0256e2643b5a884db5e9cbc4b786452d6ec10b76cbb","80","75","4123","1","0","74","73","0,0,2000,2000","-22.22604810577078,-810.0395060221354,1543.820308095401,1440.8063490859022","module/nc/farm/diy/29.jpg","faeafe3b892a8d94b83b8d73a5d5486f86e50a61b2296ec1065dc58a604eb284","module/nc/farm/diy/29b.jpg","88b1e09d4ed314694083480f361d76b97c4e21174282b6fcd1ab7f4e21c3f8c9","","ready-for-visual-review","reviewed-ok"
"31","夏日海滩","夏日海滩","1","background","use-full-image","default","full-image","module/nc/farm/diy/31f.jpg","3b4da348e2966c040ba4e4a23abf217d2153612f1f08d9726a7d807d20c01d04","module/nc/farm/diy/31f.jpg","3b4da348e2966c040ba4e4a23abf217d2153612f1f08d9726a7d807d20c01d04","1024","768","786432","0","0","1024","768","","","module/nc/farm/diy/31.jpg","d7221baee454cf723756107601fc3d9dbeeca5fd654468a530dcf5ce59f69fe8","module/nc/farm/diy/31b.jpg","f85db4fa4dc6f57f1a1c4240b3e22a7a4c5c7c9c0432173e4428239c7819926a","","ready-for-visual-review","reviewed-ok"
"32","海滩别墅","夏日海滩","2","house","extract-swf","default","swf-content-frame","module/nc/farm/diy/32.swf","752001996ca643306b5a1a465f697eed6f1ad98816d6addbf6b5485c6c4815a2","content-frame/32.swf.png","2cd0c8c745fe762290124e29f74b9459cad3386db0af264a19d3b285db5c0f6e","219","190","28881","1","1","216","187","0,0,2000,2000","-749.8946620734163,-2259.8233032226562,4337.651713844066,3747.9876857127956","module/nc/farm/diy/32.jpg","cfd38683ed49964ce8fd4be399e3137e6973ca0801d430da2495c92e72747f92","module/nc/farm/diy/32b.jpg","5e3edb7da134ce3c6b40fad34277e15a55f906988ed96b0242537002800bf048","","ready-for-visual-review","reviewed-ok"
"33","海滩栅栏","夏日海滩","3","fence","extract-swf","default","swf-content-frame","module/nc/farm/diy/33.swf","b623d8943c9314ba1708f82473330ade8153cdf1acbdd4c6743f83b00efabd7a","content-frame/33.swf.png","570a2761dbb229326c8d071a5bd961121d404909f3b4e7d1102b804d6cfaeca5","542","253","10674","1","1","539","244","0,0,2000,2000","0.537109375,-200.5354766845703,10787.462890625,5005.66047668457","module/nc/farm/diy/33.jpg","15107688a7b453811cb28b93e9fbeb7436a8736dc0abb503c0ce9a96e48cab2b","module/nc/farm/diy/33b.jpg","a0f873b904cc172971a0c0d91805854c4678203dd704e3a2beee21273326736e","","ready-for-visual-review","reviewed-ok"
"34","海滩狗窝","夏日海滩","4","doghouse","extract-swf","default","swf-content-frame","module/nc/farm/diy/34.swf","7356668b64f13c4c19be380a5f0b219cccb852658b5904da91ef072b73930fae","content-frame/34.swf.png","9ae3aae96826b1554330dbb59f1714a2d3b0fce24480efd3bf385cc20c92e64b","79","69","3023","1","1","75","67","0,0,2000,2000","-121.0,-880.0,1521.0,1333.0","module/nc/farm/diy/34.jpg","a8681996164b74ae707d988909db26ca31c50a08185598e0ac46ccd04600a8fd","module/nc/farm/diy/34b.jpg","912f1c6761167d8f7d0179bdf926942cb3acaa75e5ae0e1244ce3f514669c3c5","","ready-for-visual-review","reviewed-ok"
"41","浓情原野","青春草原套装","1","background","extract-swf","default","swf-stage-frame","module/nc/farm/diy/41.swf","4be2c861d65b42979a4bcec0a0588809f79c1f3a5b28c3117f1b55674e5e4467","stage-frame/41.swf/1.png","62cea92f2fe4d4e136b564a1d6d3041b66deb30c62ebaa7ea3a12eee087515cd","1024","768","786432","0","0","1024","768","0,0,20480,15360","0.0,0.0,20480.0,15360.0","module/nc/farm/diy/41.jpg","1c2668f9bc51aef187bd85e38289ae63a8a0a5e073f631748b74d8f875617feb","module/nc/farm/diy/41b.jpg","ca7c01ae2e516c73f9c0f3bc0faa0935f7bdf190942b33d41bc2379ea6219f4d","","ready-for-visual-review","reviewed-ok"
"42","温情蒙古包","青春草原套装","2","house","extract-swf","default","swf-content-frame","module/nc/farm/diy/42.swf","ea98545bbf05dfc541c23999bac7529094a5cfa053ec5ddd35058a787b767066","content-frame/42.swf.png","879f13c2b5fe3a54d2dc047e4c24ddc053732e52f2b53a7c2463d20bc50395b2","222","207","25331","1","1","219","205","0,0,11000,8000","-482.0,-2328.5377358490564,4383.62962962963,4095.5377358490564","module/nc/farm/diy/42.jpg","1b7b4a85d00c77c3a4091c0e9ac2dc623afa1bfd8464935957d107d4b8010826","module/nc/farm/diy/42b.jpg","602746b73753af4f3422526f473ddd22e601b9689d31fcc26b7a598af2a2e30e","","ready-for-visual-review","reviewed-ok"
"43","怡情围毡","青春草原套装","3","fence","extract-swf","default","swf-content-frame","module/nc/farm/diy/43.swf","8012b805f7a3bc0f988a3b4ab185f8450f9b9e60e621c6c5c89894970027db65","content-frame/43.swf.png","86db933d322de6d10984e95ed527cbedd77df4ca05d271f4438d744caa97553e","554","257","9968","1","1","551","254","0,0,11000,8000","65.29034423828125,-174.2936248779297,11028.709655761719,5081.29362487793","module/nc/farm/diy/43.jpg","94de1f0990bc54a7307eb84250ad1acd8bf5e2adba6cba7293c4609292170603","module/nc/farm/diy/43b.jpg","f24748ab5c273d016732a35d667c236f02d26aa588094d5fc7154dd63d2d2be3","","ready-for-visual-review","reviewed-ok"
"44","风情獒窝","青春草原套装","4","doghouse","extract-swf","default","swf-content-frame","module/nc/farm/diy/44.swf","831f76bc6d24a4f9ba668de05cae0308507c7944a14d6a828d93255a87457f0d","content-frame/44.swf.png","a74ceeb5fba626ae80571909840c4c8da1a25eb5aaed42764ce5abb7195af467","84","71","3797","1","1","81","68","0,0,11000,8000","15.0,-1022.2272727272727,1632.5,1359.4343733189887","module/nc/farm/diy/44.jpg","7e7d431f112c68c2a1096043296e5d5364d90f1af6fcf81aa4d7a0f95dc75975","module/nc/farm/diy/44b.jpg","3bdb4fe429905868d9374f174b4bd3f58b6a61737d2dade454fbd5b7b2cfac5c","","ready-for-visual-review","reviewed-ok"
"45","魔幻乐园背景","魔幻乐园套装","1","background","extract-swf","default","swf-stage-frame","module/nc/farm/diy/45.swf","94f84057eb53693390fe7b6f664c4e2ff75bad3d9b3f345d3ffea9e00884bec8","stage-frame/45.swf/1.png","6722efc6afbd4f9441f3c68388d498f31e15e450915ad65904bc0879712bbf3b","1024","768","786432","0","0","1024","768","0,0,20480,15360","-390.0,-582.9688568115234,20939.0,18898.721130371094","module/nc/farm/diy/45.jpg","30d89ca65a7813859aaff7a04e9a2f94b5be69244a3bdf23bf41f58bb77f7db1","module/nc/farm/diy/45b.jpg","85b90b2c56267e4b96abc8069a968e905585d745f4c0531cd33585b4d5cf36aa","","ready-for-visual-review","reviewed-ok"
"46","蘑菇小屋","魔幻乐园套装","2","house","extract-swf","default","swf-content-frame","module/nc/farm/diy/46.swf","bd58df22a17d1f3ccf7b2b621a58c498384c99443ea2a62cbd78a910a8112f78","content-frame/46.swf.png","92244ab5bf21ed6acdf0e91c7ac0f1e04caff911364e1d8a0a63f2f2baac9d8f","270","143","26298","1","1","268","141","0,0,11000,8000","-1034.0,-1452.455782312925,5356.775280898876,2812.4557823129253","module/nc/farm/diy/46.jpg","194d9552c93b66f3e45aeb936e92acbdcc810f38a8a97a34047912e35b248606","module/nc/farm/diy/46b.jpg","28d491440d72291dd8c6f11809215ce7919a0cce2df339146bb5aa686694c17c","","ready-for-visual-review","reviewed-ok"
"47","迷幻栅栏","魔幻乐园套装","3","fence","extract-swf","default","swf-content-frame","module/nc/farm/diy/47.swf","5ee4371ba9c68dc5cf10a464ba43e3fdadd51a35597051a10d38953b43d68bf5","content-frame/47.swf.png","42e8935f266d57abec471468d18d2f665112e2e06b160d411d5e96e80a315ab9","561","231","6715","1","1","559","229","0,0,11000,8000","-1035.0,-121.0,11178.0,4574.0","module/nc/farm/diy/47.jpg","0372de1c9a5a93572a56a531848840197f807d49003b75c0912465902683a866","module/nc/farm/diy/47b.jpg","d42eaa956f3a7046d795994b3ad8ca8f2a322d86da5e8c0b710bb4ade3fc27ea","","ready-for-visual-review","reviewed-ok"
"48","迷你狗窝","魔幻乐园套装","4","doghouse","extract-swf","default","swf-content-frame","module/nc/farm/diy/48.swf","e1ef8161e379439ea6174f11ff0bf3bb3ad4aaee8ef7a94a7e1d57f64f876372","content-frame/48.swf.png","b737213516640e8262204768639dbf7194a0449900ba421764463bbe8840cb7f","54","43","1699","1","1","52","41","0,0,11000,8000","300.1373134328358,-532.0,1034.537385362345,806.0","module/nc/farm/diy/48.jpg","ec55ba17b4ce893188a779e8396618b5ab938d6c010cc5469b34f699650975ef","module/nc/farm/diy/48b.jpg","5979b7f4cda6220055d481da351fd70d17a1cc0e8629e6ec161649086bb0c50d","","ready-for-visual-review","reviewed-ok"
"49","欧洲田园风光","欧洲田园风光","1","background","extract-swf","default","swf-stage-frame","module/nc/farm/diy/49.swf","39e91fe44438dbbac72d89f1be80d36bb0cf68102ef934d77d85f1c052e06364","stage-frame/49.swf/1.png","d369afab3a44909e723f5f2a9b66509de7b4436ff3d5368171752cb5506ec8b5","1036","803","830303","0","0","1036","802","0,0,20720,16060","-771.5317821297795,-57.712400359302904,23073.469320939854,16759.860648484482","module/nc/farm/diy/49.jpg","4d470e4650c3d69e55617ef161719a0580e52465cc29ce162da8faa20c072976","module/nc/farm/diy/49b.jpg","cadaf6c48a19d40eb8e0ff9d2ea12a1661b4abe36f9c31fa8960abe7068978e2","","ready-for-visual-review","reviewed-ok"
"50","欧式简装别墅","欧洲田园风光","2","house","extract-swf","default","swf-content-frame","module/nc/farm/diy/50.swf","90200948d38c8bca95a3a4ec272a21f74b555ad73abb4c0906d9fd6de9c031d2","content-frame/50.swf.png","a73d0c52deba2991435dcb236d140e6c09f0369b13a73a5774f4fecf831aaf57","274","198","28665","1","1","272","196","0,0,20720,16060","-1042.0,-2407.0,5431.0,3909.0","module/nc/farm/diy/50.jpg","a8835aa6f1d8c13d193180d5a6892d8f3989230c3f5fbd128b7bb3731d80d877","module/nc/farm/diy/50b.jpg","a670c21a6581020493d02fa2671a0297deaeffc5897fb6fbe6f4b6aad92cd85d","","ready-for-visual-review","reviewed-ok"
"51","欧式栅栏","欧洲田园风光","3","fence","extract-swf","default","swf-content-frame","module/nc/farm/diy/51.swf","68df2815148ed566f7e2a30bc11d5dc8625a6ce1f5182232f75e92bba7478643","content-frame/51.swf.png","7a4f2fc909b2a0344244269b2b15b968df98bbcdb5d3cdbbee0fb547d4d5c2bf","1064","698","33298","1","1","1062","696","0,0,20720,16060","-7840.475204467773,364.2729034423828,21233.441250155895,13908.480758666992","module/nc/farm/diy/51.jpg","92174b91c632011f1a6e9f10adf185ebfe58db0d4fa472a96b5c60227ecd7668","module/nc/farm/diy/51b.jpg","619904dea1e6a5d6521063cab452ccfcbdc689528b1b119c4ce464baa4010100","","ready-for-visual-review","reviewed-ok"
"52","欧洲风情小狗窝","欧洲田园风光","4","doghouse","extract-swf","default","swf-content-frame","module/nc/farm/diy/52.swf","a693a058957ec422c61b97f07f396b7417aef8f82db00f448436c57d9bcc79c2","content-frame/52.swf.png","4c5834ae2a1f7e3823bdb54dbf1bc66a35436e1666f598ffa9b2c88df32cc3bb","67","68","3130","2","1","64","66","0,0,20720,16060","-258.0,-996.0,1300.0,1310.0","module/nc/farm/diy/52.jpg","5e451eb3ebd64e3e5dbd4dd7f8ff8587f799fc7f978f254bea7e15d41daec30c","module/nc/farm/diy/52b.jpg","244984ec622e00362e52a1487c23919afd958d47b7ad5f16df1c309a1596d1de","","ready-for-visual-review","reviewed-ok"
"53","阿尔卑斯山风光","阿尔卑斯山风光","1","background","extract-swf","default","swf-stage-frame","module/nc/farm/diy/53.swf","2d440164b3d31791ca74744349a31a9578f9471a91957db6fa948b82a0091266","stage-frame/53.swf/1.png","ee7f3eb10f280fce4b84fae4cf32d2ecf5b4f3a1a7492715f185034e8c9cf99b","1036","803","826592","0","0","1036","803","0,0,20720,16060","-4165.0,-4166.0,29162.0,23875.0","module/nc/farm/diy/53.jpg","262a36efced2a69f5161de27eafd7e545083595a13382cd9dfd1e7d2be14d96b","module/nc/farm/diy/53b.jpg","7df7cf0362cec9a0a7abbd2ad684a630b07de4e28537a5553351c11e496629aa","","ready-for-visual-review","reviewed-ok"
"54","山脚下小屋","阿尔卑斯山风光","2","house","extract-swf","deferred-validation","swf-content-frame","module/nc/farm/diy/54.swf","649f24e05242aaede287c55c547ea89e80687de0429b53d4aa2e0343660fcd56","content-frame/54.swf.png","279a6187d780344a448469dd5ce785437e0a7e302a48ac5406294bf5878817ee","240","212","28590","1","1","238","210","0,0,2800,4520","-839.0,-1988.0,4760.0,4192.0","module/nc/farm/diy/54.jpg","b6016f79f32805e7844248b09a9cf66be24b841168299c86bdf09e36d8d48a6f","module/nc/farm/diy/54b.jpg","edfe9006a89d52c2aee27242bfc1c1022b0f0be2bae4df85492a5c9bf02dcc19","","ready-for-visual-review","reviewed-with-note"
"55","阿尔卑斯特产栅栏","阿尔卑斯山风光","3","fence","extract-swf","default","swf-content-frame","module/nc/farm/diy/55.swf","2e07ef15574f54a60657bc0182071da3035f5a465d9318a4a5bc2f9e59f17ce4","content-frame/55.swf.png","b5d8b6dc398501966a967733aaa06f30d82571b1b65d53240b511fee5583d820","383","394","39209","1","1","381","392","0,0,2800,4520","1503.0,-3946.929909172742,7607.374618530273,7839.047829094618","module/nc/farm/diy/55.jpg","cd89fb4d690eadf4a53525d37222fedfb30c83f2036d307b1c6c2891988b586e","module/nc/farm/diy/55b.jpg","a44fea2abfe1e7a16ac17de57f47e5f801bdc96784bb0ad0f3eaddd0b4bc704e","","ready-for-visual-review","reviewed-ok"
"56","阿尔卑斯特产狗屋","阿尔卑斯山风光","4","doghouse","extract-swf","default","swf-content-frame","module/nc/farm/diy/56.swf","c23582858a68a5793e6657e6be7691bd70aaa5239074c382e7535951cbea5292","content-frame/56.swf.png","de4d3f274b6332c4766687628610ff16c73148a7391f308aa25c6ebb6ec37bbf","85","90","4175","1","1","81","87","0,0,2800,4520","199.0,-1157.0,1648.0,1741.0","module/nc/farm/diy/56.jpg","2af9427c481ac5dba76e1d06784e2f09547a6e98d4a576cc268e6461015b14d3","module/nc/farm/diy/56b.jpg","92dc5e34c2d99de42699dfe00406049e6235f5b26d9f9030cd1422d310f32361","","ready-for-visual-review","reviewed-ok"
"57","地中海风情","地中海套装","1","background","extract-swf","default","swf-stage-frame","module/nc/farm/diy/57.swf","571723b662dc1c8162d6c39eb2d9e870ea338bb091ace41916cfaff48b8a91d2","stage-frame/57.swf/1.png","8db71af4e5ac8f65e18b5dfb94b1b385844521077e1cb21061f427e8eadb1fb3","1024","768","786432","0","0","1024","768","0,0,20480,15360","0.0,0.0,20480.0,15360.0","module/nc/farm/diy/57.jpg","e4d2aa5e32dab4d09ec0523065b2ec8e7c05ca646a751fca4789c3bd18f17232","module/nc/farm/diy/57b.jpg","a70194b943ca8a26ecc98da10cf1f64bdc6d9d3175e895c098dd2fe72f9cc56d","","ready-for-visual-review","reviewed-ok"
"58","迷情蓝堡","地中海套装","2","house","extract-swf","default","swf-content-frame","module/nc/farm/diy/58.swf","9fafad7400c59dd1f3b734db618dfb08c03f960795451d389ae8f161d5bf7d1a","content-frame/58.swf.png","28375cb5bf5b03566d4a5201d8d08baf66f9eb6a02e092f0f925aae5df8723f0","216","238","33729","0","0","215","237","0,0,11000,8000","340.54347229003906,-2375.754284733942,4260.508651733398,4711.898717193248","module/nc/farm/diy/58.jpg","1b0c0c3bdc883b4f57929c936bf764e88aecdc625106f36bb18c9c64339a10e0","module/nc/farm/diy/58b.jpg","2e04990439e108b9d04e240f4a7b6c9a41d25105ba13d53d4b83d37f6e21c2d3","","ready-for-visual-review","reviewed-ok"
"59","白沙围廊","地中海套装","3","fence","extract-swf","default","swf-content-frame","module/nc/farm/diy/59.swf","8e5ca05291de84a036736799781e9d94f2be805a2184a807a11998d19ffeaeef","content-frame/59.swf.png","74336645e9d077f22d769210dea7801f671e56a907525798f6d97ab4ce63ce0c","560","225","12948","1","1","558","223","0,0,4000,4000","26.22052001953125,65.89230404260023,11141.908447265625,4451.587342532985","module/nc/farm/diy/59.jpg","caee4bf7b3679401ae88c5a686f60c3096612d771ec87bca01d10d49efe9d7b2","module/nc/farm/diy/59b.jpg","39502fe63aeb6a54245ea40df0aa76abc102f81b59edaeaae5173a5c3b91ea6b","","ready-for-visual-review","reviewed-ok"
"60","贝鲁特犬舍","地中海套装","4","doghouse","extract-swf","default","swf-content-frame","module/nc/farm/diy/60.swf","cbb2173641df04244d62d5d9ad9d98463d1ae8de8dac0531ea906f249fcff18b","content-frame/60.swf.png","0cbec6b948d78fa6310debc73e83f6424e61ee1911ccf43c0c5c2c1c3357ae92","76","75","4418","1","1","75","73","0,0,11000,8000","528.0,-1007.6381181989398,1477.2210540771484,1446.3870500837054","module/nc/farm/diy/60.jpg","5b3d5efe6efdfefd93e4ab9eef1f55d52ebf56caad1b13fe9c943605521919d0","module/nc/farm/diy/60b.jpg","af70a265d180fec5b9d6497ce530e7cbdf1e87d5b7a19b5e960180564af08e37","","ready-for-visual-review","reviewed-ok"
"61","仙踪林背景","仙踪林套装","1","background","extract-swf","default","swf-stage-frame","module/nc/farm/diy/61.swf","813e74f6c1b7de060d5d7c94825d68cf9f989588a2447a6bbdb2559609fc586c","stage-frame/61.swf/1.png","5bac23c13b736e0aa45810ee50e816d8e627f24ecd41f907d628aec594ebf195","1024","768","785408","0","1","1024","767","0,0,20480,15360","0.0,10.0,20800.0,15360.0","module/nc/farm/diy/61.jpg","0cd53b091e370237b244643749063c605b8741ca8caba30b56fe8650a6a5c257","module/nc/farm/diy/61b.jpg","9613c2b7587bf1ae25999fef1d03cc4b868d5241122808977b7a520cd7341e67","","ready-for-visual-review","reviewed-ok"
"62","豪华别墅","仙踪林套装","2","house","extract-swf","default","swf-content-frame","module/nc/farm/diy/62.swf","93bea12c2de8b23cb935604d6bb9d0597f50f535c96cab2bfdf79c330b4b492e","content-frame/62.swf.png","d2912b033e66db6e15eb6abe0c228b004e846e57688d52559dfa4591f2fb9962","331","217","47723","7","4","319","211","0,0,11000,8000","-984.0,-2314.0,6577.152099609375,4289.447021484375","module/nc/farm/diy/62.jpg","b0c4e5d9ad931becc85da8e4e1e72d963573ccc991d2cb99ba276efbc4c6c60a","module/nc/farm/diy/62b.jpg","302e7cc40e96e8c70a77323aaa16567ff8a2030f8ab04d663fe1cad86dbb2a36","","ready-for-visual-review","reviewed-ok"
"63","木制栅栏","仙踪林套装","3","fence","extract-swf","default","swf-content-frame","module/nc/farm/diy/63.swf","e83fb3977c3352a62c89d2f2305b237aacf4d63f0a1734993403fd0bfe906da7","content-frame/63.swf.png","72cfb02f99f9c5d7a084d4b5c47f5c0a2e64dbc9430189dd03d6e5e5c62c04b1","531","155","2776","1","1","528","152","0,0,11000,8000","73.8583984375,-96.44874726183916,10566.1416015625,3040.4487472618393","module/nc/farm/diy/63.jpg","14307115f9e3b716f28b46f51f24f1df5b975f151623e71cf199233f6f27aaf1","module/nc/farm/diy/63b.jpg","1efd33b699faf3bcb059e11e89609c2b321a31fcef91b475cc143b0b7f27e8a4","","ready-for-visual-review","reviewed-ok"
"64","豪华狗窝","仙踪林套装","4","doghouse","extract-swf","default","swf-content-frame","module/nc/farm/diy/64.swf","2571d5799bece5decbddbfd7e669544d1e47e25d83eea3498b5feae11adb29aa","content-frame/64.swf.png","21bc875e62dfd0206ff4493532be5761cb07f0ffa01b27af046e1a47866bfa4e","70","60","2144","9","4","54","52","0,0,11000,8000","-201.0,-665.0,1340.0039672851562,1148.5748291015625","module/nc/farm/diy/64.jpg","02385743d99244a35bc23741a3390e7a9429e725403d56d09ffb8a8d5047a4c1","module/nc/farm/diy/64b.jpg","6c7b7a77d75e3ada4dc29412c519245b5740a5e0c447edbc10b0d38ddcb6fa98","","ready-for-visual-review","reviewed-ok"
"65","水果熟啦背景","入秋套装","1","background","extract-swf","default","swf-stage-frame","module/nc/farm/diy/65.swf","b434e5a90eedb1186c1ed8b2ddde42d045d5d5aa49febac0b5620e545049c770","stage-frame/65.swf/1.png","c1b2ed30ad63cd63dd2391feb80a7a47d9b676e892c820212482b3dea17b1ff1","1024","768","786432","0","0","1024","768","0,0,20480,15360","0.0,0.0,20720.0,16060.0","module/nc/farm/diy/65.jpg","1f827f33288265d8f95b4aa81a90cf46e9dc8d71e5a44897ad6baf9941aece7c","module/nc/farm/diy/65b.jpg","0c121ab0139822dc8de23884ecfb4411779a5b04768f9ef18bc5c859f04afa26","","ready-for-visual-review","reviewed-ok"
"66","动漫小屋","入秋套装","2","house","extract-swf","deferred-validation","swf-content-frame","module/nc/farm/diy/66.swf","e6f24249cf5d92e4dc6b5db788e573f09851630dead9fd4f499daa8d18aef506","content-frame/66.swf.png","691f612509447cc083a656538db4956902b233fe211308c755fa209854bcf5e9","274","231","30794","1","1","272","229","0,0,20480,15360","-74.0,-3161.4825174825173,5432.0,4565.482517482517","module/nc/farm/diy/66.jpg","50766c1dbd5718bd18075255c4a32dbc118e3aa78c6f051c8f123c1ab2682adf","module/nc/farm/diy/66b.jpg","5faeea0fdf0b6223eda18d9a71a52cb57ac8c18c344a1f3ba2b7521646bc43a9","","ready-for-visual-review","reviewed-with-note"
"67","铅笔栅栏","入秋套装","3","fence","extract-swf","default","swf-content-frame","module/nc/farm/diy/67.swf","0f180ceb879e5a09aacbdae2215bd4456de43811459fdee1cd860a9c1615735d","content-frame/67.swf.png","5f91c870a9f81739859cc0462ffcac6380662351191f5d00b7c96d84dc5fd3c2","534","232","17529","1","1","532","230","0,0,20480,15360","-160.0,-120.0,10632.0,4584.0","module/nc/farm/diy/67.jpg","aa12dc48516f5e68bf8559562a30f34f0f7bfd6d07943a47bc50e701f7c40ba4","module/nc/farm/diy/67b.jpg","b8e9472a1a891e10652f4ac64de9c10d6e0c45d18b78cd99362c3b914db0f15f","","ready-for-visual-review","reviewed-ok"
"68","可爱狗窝","入秋套装","4","doghouse","extract-swf","default","swf-content-frame","module/nc/farm/diy/68.swf","907444df37a44e2b3f8d118038c8da64b57ce19a9427de12cf749429c7821d2a","content-frame/68.swf.png","c84180318b224adb3eacf2a74040c3c9b908d6b4d6b972947e9c9ad37b6962b1","99","76","4063","1","1","97","73","0,0,20480,15360","-80.04545454545455,-950.0,1927.0676767676766,1460.0526315789473","module/nc/farm/diy/68.jpg","b014423eda8a621c097cd78acf5ed501577d91906c85ea80490da794a12d5ce3","module/nc/farm/diy/68b.jpg","4d7c943b37454174976f70ab99e025e27f1afab5e679d3ee845994f43c25b9bf","","ready-for-visual-review","reviewed-ok"
"69","荷塘夜色背景","水墨荷塘套装","1","background","extract-swf","default","swf-stage-frame","module/nc/farm/diy/69.swf","b75b6c29a19c25e99502955000eb33d001b8ba80baa3277f83a32c803450ecbd","stage-frame/69.swf/1.png","bea187900bf7636a0f07ca5a580eda8ed188a7791fdd21b3a9de57f2920c984b","1024","786","804864","0","0","1024","786","0,0,20480,15720","0.0,9.0,20480.0,15720.0","module/nc/farm/diy/69.jpg","ca5898965b0a5e87a6d6324d050a175c5fdcab7f0062de93edbcbcb6020ac523","module/nc/farm/diy/69b.jpg","1f06a82c6ef79e4ae1d7ebcbe7b996380a8d7b5c12265d0a3cbd9d7d9b3df719","","ready-for-visual-review","reviewed-ok"
"70","两楼小屋","水墨荷塘套装","2","house","extract-swf","default","swf-content-frame","module/nc/farm/diy/70.swf","9acfb5d62b14d6bbff4035c718d8a6dc8f84f03aeedd5acb88531ed38e6f9148","content-frame/70.swf.png","d5ca7b0c8285739e4f1cbc4d9c929dfae1bd762547e83807e09cd04610008bbf","257","258","46506","1","3","255","253","0,0,20480,15360","360.0,-1961.0,5099.0,5119.0","module/nc/farm/diy/70.jpg","40b2d7125413202fd4cfa8e93b9dfa7ae5437bdf40a5a60fa60a207662bc8231","module/nc/farm/diy/70b.jpg","b26e87b67e3b8f99f7e909449b5db97425de3cc0209bfa5cc5faf47e1123e194","","ready-for-visual-review","reviewed-ok"
"71","石柱栅栏","水墨荷塘套装","3","fence","extract-swf","default","swf-content-frame","module/nc/farm/diy/71.swf","f9e72f8a14f4502e0597b217a226ca7b4588e5ac7ed181f63b87bf0ed14aca38","content-frame/71.swf.png","84933502104e7d11e4b3ecafcbec425ebd55dcbebc20a9f9b4b927576ffa66ee","581","219","9528","1","1","579","217","0,0,20480,15360","-270.1109313964844,581.0535125732422,11570.170288085938,4330.946487426758","module/nc/farm/diy/71.jpg","2c091e34fe702d791071719eab6bf52c511ffb9878832257ec29f02463afa520","module/nc/farm/diy/71b.jpg","7d381f99a7b4f9594b590f666b18f98307f2c7d56f7ab0a17ca43eca5d94e0bf","","ready-for-visual-review","reviewed-ok"
"72","复古狗窝","水墨荷塘套装","4","doghouse","extract-swf","default","swf-content-frame","module/nc/farm/diy/72.swf","0a376d42ca6eb3d932251b1d80509685438dab32654e55c1f688a8d572caf9dc","content-frame/72.swf.png","a7596430be46cc76799e681e60868c443d1bd3c49524170dea114cc67f00eb2e","84","82","4164","1","1","80","80","0,0,20480,15360","98.68682861328125,-1355.0,1632.61962890625,1596.5482482910156","module/nc/farm/diy/72.jpg","4bbc4e45730e7bc091fbcf92911f330660d61d3b3a706660afc2bbde8005adcc","module/nc/farm/diy/72b.jpg","c301972de2d2da187db07a9edb4da6f0bcbfb6d143586af9424c54d9d1e022d3","","ready-for-visual-review","reviewed-ok"
"73","月光狂想背景","月光狂想背景","1","background","extract-swf","default","swf-stage-frame","module/nc/farm/diy/73.swf","84b1ebc1b6f93faec0aaa1700892fb7bc39afb09c1cfba20cf1bbd0756ab5d5d","stage-frame/73.swf/1.png","64991285197c20e98f4dd9ee9bb9f9d3b74e0449d3ede66404c79d944197b3fa","1024","768","786432","0","0","1024","768","0,0,20480,15360","9.0,0.0,20480.0,15360.0","module/nc/farm/diy/73.jpg","d7107d116923b8ce6ae5fcee4761903b15a1f2359430c93266a82f86242718b4","module/nc/farm/diy/73b.jpg","fc946950ad1237c8fcb75e49906c014143fbbde37e84f6a03c99dc571f7d20ff","","ready-for-visual-review","reviewed-ok"
"74","精灵小屋","精灵小屋","2","house","extract-swf","default","swf-content-frame","module/nc/farm/diy/74.swf","721b9b6e6fbfcc8c662d47148a1332d8accf12932f2d2cf971b1c77f78c66b39","content-frame/74.swf.png","75997fea2553bfd9a42958a6f840aefb60787ddfddb92f8f4c2a787e79c24f25","287","281","36720","1","1","285","279","0,0,20480,15360","686.0,-2446.0,5684.0,5572.686630249023","module/nc/farm/diy/74.jpg","e8d7f71d34c07d16d4416fa3f5e60b141157db5eab1a9b74d97860a5bbb8e9f2","module/nc/farm/diy/74b.jpg","8af3275df2dfae91d7add5db880341a612f31ba8f8c143b61579afe63d22404f","","ready-for-visual-review","reviewed-ok"
"75","月下连桩","月下连桩","3","fence","extract-swf","default","swf-content-frame","module/nc/farm/diy/75.swf","997885ac9d820667fa886fcba4e977aefa0727575d9274893dc0373156ed4511","content-frame/75.swf.png","ad55e0d52e9d3a68866a1ff33ab00445bc8acba50ba8e95d0c41ffd2b423802a","570","241","10820","1","1","568","239","0,0,20480,15360","-518.4083700124174,213.8519928175956,11350.767558556981,4762.420256992005","module/nc/farm/diy/75.jpg","bb4d73ff55cc5841a729751a43bf53f523741811c16cc267b924fe8cb9c8bf8d","module/nc/farm/diy/75b.jpg","a7a2c8ef8bc3155a3b8181d7ea188063e74e4b4fccbcf5e97b1f8a43181790b9","","ready-for-visual-review","reviewed-ok"
"76","光影狗窝","光影狗窝","4","doghouse","extract-swf","deferred-validation","swf-content-frame","module/nc/farm/diy/76.swf","af3de8adf060bca3391298561b8a3702ad325a400a1422896d9be926b30d2fb6","content-frame/76.swf.png","9e31680fbeb5dd463196d3de4aef5325dded1e3b9ce3ff0a569170c73dbb0396","146","98","5232","1","1","144","96","0,0,20480,15360","280.0,-1180.0,2880.0,1920.0","module/nc/farm/diy/76.jpg","e241c73012f2aef3829f90bdcdd326ed59d98d9104ed7d9de7f310acc0344afd","module/nc/farm/diy/76b.jpg","d9691304b4b11bad0e5853cfc984b9e41366d7fe5b78d55eac64f1cc7fb90af4","","ready-for-visual-review","reviewed-with-note"
"77","操场背景","回归学校套装","1","background","extract-swf","default","swf-stage-frame","module/nc/farm/diy/77.swf","bbd5d29793766fa244178ff06532b01eaabbf7d66a49e3e39d9b279b700ba25b","stage-frame/77.swf/1.png","b6c96fb2dd2bb7327a58e0c8ddd18b3ec6ecbdefdc81bda3e57a97f7bd59ad0b","1036","803","830148","0","1","1036","802","0,0,20720,16060","-582.7734660211011,18.0,21708.237661477844,17188.554914054224","module/nc/farm/diy/77.jpg","829e69a271529cd8c14b4feb0ab2e13b0d7487a2fda03324ee518e070d1d3b73","module/nc/farm/diy/77b.jpg","625965137af8f8c3ccb69dea885cd9483ae8b6a45f56d8e8ad08843dba8a7796","","ready-for-visual-review","reviewed-ok"
"78","教学大楼","回归学校套装","2","house","extract-swf","default","swf-content-frame","module/nc/farm/diy/78.swf","b6c21e311ca9988df72945719f66ed8c20f30308ad401705bd8af0a2dbd3e344","content-frame/78.swf.png","c9acbedbf89a599a098917cdf5dd30bb06813e656ba6240a61708225ae351fab","166","157","19111","1","1","164","155","0,0,3280,3100","1191.0,-1230.0,3279.0,3099.0","module/nc/farm/diy/78.jpg","13dded638a0c319866208523ad932ceb1b50780d26edc1a6b7419f8b46431f79","module/nc/farm/diy/78b.jpg","49477dc6a82cf384ac497b187001e8015a453b29a3aeb60991b151f8de8748cb","","ready-for-visual-review","reviewed-ok"
"79","树木栅栏","回归学校套装","3","fence","extract-swf","default","swf-content-frame","module/nc/farm/diy/79.swf","6d8ddac5444ae1af83c69e0385294777d84a1d8247969dfaa02af74bae048e28","content-frame/79.swf.png","b6319abe5b0b3914e7147a054d8fdb4056c0bf6be5be04a503a1f16c6cba2560","488","224","11512","1","1","486","222","0,0,11200,4600","1449.57035415237,-510.1219476193798,9717.0246928447,4425.91540465063","module/nc/farm/diy/79.jpg","78da0ba34ab344a31c056a5bfbb560867b18cfe20011181b75ede0763386bde3","module/nc/farm/diy/79b.jpg","fbf29faeda3ed660b911fe486bac3047a3c28a24e67a3ff8151a9f2a87e38af1","","ready-for-visual-review","reviewed-ok"
"80","平顶狗窝","回归学校套装","4","doghouse","extract-swf","default","swf-content-frame","module/nc/farm/diy/80.swf","d308de815c85d38927dd0a7cbe30affa1871a8961b53a880bd9ced1e89cc7eae","content-frame/80.swf.png","fb00e20c16f1451ead8a2941809d08faf8c2ab8317dd54bc6f7b355988fa65b4","63","57","2529","1","1","61","55","0,0,1800,1400","543.0,-171.0,1208.0,1087.0","module/nc/farm/diy/80.jpg","a965e9bd58abda2b104fc5190c02ae5111eb988563723c25eb39134ae3cc6702","module/nc/farm/diy/80b.jpg","c9cb05c3cb4846de246c09276561c0b8003f00b12b4024cc72d7986b87417550","","ready-for-visual-review","reviewed-ok"
"81","大自然背景","熊猫套装","1","background","extract-swf","default","swf-stage-frame","module/nc/farm/diy/81.swf","7cd4104f5b8eaa804e074f32a7affa556d7ce9164825f07d81c18ac07767faa4","stage-frame/81.swf/1.png","e2a8b99037d54baa42d9af849f4e0fce84a112a0cdff95daa3a472965052433b","1036","803","831908","0","0","1036","803","0,0,20720,16060","0.0,0.0,20720.0,16060.0","module/nc/farm/diy/81.jpg","af9b3842f8a7a64f458f038a4064ef22209181a50d1e117706670ecb890493fd","module/nc/farm/diy/81b.jpg","788d9f3383d6fd32df165e9dee89924c9241ee24e947e944dee064720b8f8e5b","","ready-for-visual-review","reviewed-ok"
"82","树制小屋","熊猫套装","2","house","extract-swf","default","swf-content-frame","module/nc/farm/diy/82.swf","a14953fc1f8b24be573552295510a7ea7c275d9d2bb5468a9e4efe7a7a3af24c","content-frame/82.swf.png","522d6afe786cc876358c8e13f2c7f93e9946c209c2420e8e741e86d5d6ab637b","166","157","18706","1","1","164","155","0,0,3280,3100","1175.110294117647,-1886.0,3278.049705882353,3098.0","module/nc/farm/diy/82.jpg","c7ccbe1bc396b596e013a32c6fe6e45e6f12bfb54050a6173cdd49fd293134c4","module/nc/farm/diy/82b.jpg","cf4788eb13c863dfbd0c5aa7e789369d15a29bd6d82bd2cde89719b1d874e0c0","","ready-for-visual-review","reviewed-ok"
"83","木制栅栏","熊猫套装","3","fence","extract-swf","default","swf-content-frame","module/nc/farm/diy/83.swf","73b1d1293ab11db05f70080316287666434a13c4a126d5d1c8dd7d9ee5be2024","content-frame/83.swf.png","14ef311f41adc5390f349ff2777b288a7f63a44a657d4e2df9e9e38f42c4cb61","556","232","10947","1","1","554","230","0,0,11200,4600","6.40869140625E-4,-54.0,11076.396453857422,4587.7396240234375","module/nc/farm/diy/83.jpg","b9a387e0791399399a7f02dc6b6b7f1aa191cff18cb735c349e62b38525dc328","module/nc/farm/diy/83b.jpg","cd8a02debe5875002735884cc567889cb0fd7275b3b7c69448c349161b404999","","ready-for-visual-review","reviewed-ok"
"84","树桩狗窝","熊猫套装","4","doghouse","extract-swf","default","swf-content-frame","module/nc/farm/diy/84.swf","a4d53b0365fe415053c44d28b42ebe61c3d4bcd5a09a98a3fc385216650d41f2","content-frame/84.swf.png","56f1856c15c61820ba57b297101b4728b8efb982220e445d495559a3ac081d34","86","70","3566","1","1","84","68","0,0,1800,1400","197.78947368421052,-685.0,1664.398932112891,1347.0","module/nc/farm/diy/84.jpg","ed1f1c29496304d3b48c1436a2e9b72efcdd1b0b03f5bc2e63d62ccb1b84ee5a","module/nc/farm/diy/84b.jpg","1bfca9769632f2af54e27e9d3d6ddb27ceda57b943dea996e2f91edb563fe93b","","ready-for-visual-review","reviewed-ok"
"85","甜心广场背景","甜心农场套装","1","background","extract-swf","default","swf-stage-frame","module/nc/farm/diy/85.swf","82afd91803ae9343e6613903c208f9d9873fd4476c0fa8c2f0a26e1d514ed460","stage-frame/85.swf/1.png","9afdd9254d657be981446f97d3f475e6b3e6d06f43305133aaf6bac15b51eb3f","1036","803","831908","0","0","1036","803","0,0,20720,16060","-820.0,0.0,21540.0,16060.0","module/nc/farm/diy/85.jpg","0efa2654f3099c80f7ff07b066733aea3ad2164e4b6a042b3286accbef4408ce","module/nc/farm/diy/85b.jpg","480a36b04399f8471cd6775907ace2399ddcec1faefa36906a9749b549688cff","","ready-for-visual-review","reviewed-ok"
"86","糖果小屋","甜心农场套装","2","house","extract-swf","default","swf-content-frame","module/nc/farm/diy/86.swf","3dce24ea5dcfd54a6e4eeffc2d1e709dcf1cd58f0b4678f2698c7dd468758b80","content-frame/86.swf.png","6aed8669e232f057a511f8763d7c801b93ee1727023e40a99e9f0253a1e89926","251","198","28490","1","1","249","196","0,0,11000,8000","-207.0,-1396.0,4980.0,3920.0","module/nc/farm/diy/86.jpg","e2babc4c6a90b629c92931c10997e0082556bae9097cd4857dd4eddfcae38ea4","module/nc/farm/diy/86b.jpg","b8c8e229d0c8fad2a403c7d4d3bcb486e7935b08a68af026186d96d395a90fb0","","ready-for-visual-review","reviewed-ok"
"87","棒棒糖栅栏","甜心农场套装","3","fence","extract-swf","default","swf-content-frame","module/nc/farm/diy/87.swf","5e269d44f3e7b84d2022b59cc2c422375330b24ba31a89c13ba901df8edb6e47","content-frame/87.swf.png","6a72c2be4d4457cca374fd4bc2be4081da0a43a6cbc5a8daa60740878f4d2e71","590","238","6629","1","1","587","236","0,0,11000,8000","-1060.0,-297.0,11758.0,4718.0","module/nc/farm/diy/87.jpg","40b62d30bd11a91e6b3c26829f5b5589d635b082683036e848a591c01fec9247","module/nc/farm/diy/87b.jpg","7067e44705bbe4ae7704fa5aa0b232ea531d89c1c8cd3e3fe4ef71f943560da0","","ready-for-visual-review","reviewed-ok"
"88","甜点狗窝","甜心农场套装","4","doghouse","extract-swf","default","swf-content-frame","module/nc/farm/diy/88.swf","14e47479cde57fbb21624a1a944e5d10f097f3ae40d250f3a972db5bca4ceb6d","content-frame/88.swf.png","6c46d498814a0df91f8e1e87e4d3d39ea6a3cbea384e69586be35976cb99e765","83","46","1579","1","1","79","43","0,0,11000,8000","460.0,-350.1607142857143,1601.0,861.1607142857142","module/nc/farm/diy/88.jpg","d9f48cc1e7893adadca03a0774c3f55527867b6d8d64e9f81b63aad50a46c96e","module/nc/farm/diy/88b.jpg","d6fb1e7333a0edef3c392c96a9c755e31cca01b249d75517bccb4adad90790b9","","ready-for-visual-review","reviewed-ok"
"89","鹊桥相间背景","浪漫七夕套装","1","background","extract-swf","deferred-validation","swf-stage-frame","module/nc/farm/diy/89.swf","955499de00e8e281bb932fda48c16e0708f801ee2344c44cb844b1b0011b81da","stage-frame/89.swf/1.png","e79c27181700626dbe66b0b0ae2637b4edd324bbfacde836d9c753b2f8780e47","1036","803","831908","0","0","1036","803","0,0,20720,16060","0.0,0.0,20720.0,16060.0","module/nc/farm/diy/89.jpg","879ae9b0bdf72a32955da919ef47d8863fdea9083503e2bbc1e45ffc94c661c1","module/nc/farm/diy/89b.jpg","a24b52c6d44a1bb41c4ff11a10395cf58bab8e0b8890faa2cefc4bb876b0926e","","ready-for-visual-review","reviewed-with-note"
"90","望月楼","浪漫七夕套装","2","house","extract-swf","default","swf-content-frame","module/nc/farm/diy/90.swf","b5d2a51e8c1b24cfb825a89c47d29c0beadc89a41fdf5ba157cd105c305179ce","content-frame/90.swf.png","48f9f7fc6bc57e34ea69489f7e99429414e2a0c32a875d59e098522a351fb2e4","182","165","15551","1","1","180","162","0,0,3280,3100","-355.0,-2250.482051282051,3598.0,3245.482051282051","module/nc/farm/diy/90.jpg","8766753d7a333df6b4bfd3e9bd270e9a9253ac573bbe90f0b007acc250572ba2","module/nc/farm/diy/90b.jpg","9017726b10c745ee37579248850c823a84ffe95fb601c01a245bf1a1866e514b","","ready-for-visual-review","reviewed-ok"
"91","矮围墙","浪漫七夕套装","3","fence","extract-swf","default","swf-content-frame","module/nc/farm/diy/91.swf","d1e8ffa7297a4838e9a4747e64770fb5fd69e16898c91c2e9226510362fa677e","content-frame/91.swf.png","16c8fc279cdcd64560fd0998268fbe2651c36445a41cb5a1d48a15b27dcfca76","584","193","31754","1","1","582","191","0,0,11200,4600","-440.0,-545.0,11632.0,3817.0","module/nc/farm/diy/91.jpg","e2c8f393394b33edc022970368b1bfb0786cb0484c27c334a54a21ff3dad93d1","module/nc/farm/diy/91b.jpg","13b607c9adcc07d449c98758c46f52dbfafdbbd1d0d9323ce43df534d5726570","","ready-for-visual-review","reviewed-ok"
"92","狗亭","浪漫七夕套装","4","doghouse","extract-swf","default","swf-content-frame","module/nc/farm/diy/92.swf","e67ecde70a9b058fb77a592e9de263471b541db8929233cd93c42c85d8da82f7","content-frame/92.swf.png","b86bcc86c0dcf8d234be7222ea45569db2781cc0b5f2d97e2416dbd1b8695884","87","76","3860","1","1","84","73","0,0,1800,1400","52.0,-1052.0,1688.0,1472.0","module/nc/farm/diy/92.jpg","8d12b74a95b9933d3649ccc4759833ac76483daa0c337429905480c54ce2b252","module/nc/farm/diy/92b.jpg","ac0ab04b3369ac9720929b156709d62c028efd59387cded382af855f0d4f0872","","ready-for-visual-review","reviewed-ok"
"93","厮守终生背景","相爱永远套装","1","background","extract-swf","deferred-validation","swf-stage-frame","module/nc/farm/diy/93.swf","3aa87ac92a0170432086aadb8551ca0278674010f9678a789fc441ea34bb8714","stage-frame/93.swf/1.png","edd5c416f5f4e0a5677cd1d90bb1201b6896b1c846e630dd19061a0cc782b5cc","1036","803","830872","0","1","1036","802","0,0,20720,16060","9.0,19.0,20720.0,16060.0","module/nc/farm/diy/93.jpg","ca25ed985cb9efe7b8a9d135eabab17725801f0b8057a7dfaa62aabf09f908fe","module/nc/farm/diy/93b.jpg","23522d4ab14d3b05e5d004d14f147f8b2dd4efc584e4c3e7ff127f3b03ea1a70","","ready-for-visual-review","reviewed-with-note"
"94","浪漫满屋","相爱永远套装","2","house","extract-swf","default","swf-content-frame","module/nc/farm/diy/94.swf","243a4c79f06f5ac5e2ca4e2a180e82e15967052799fcc1061fc78b0f385a35a2","content-frame/94.swf.png","c3b70f0d3d8b47a9fb2a486d6625d6911dfc985d33f9d61718fd3bb54672eaf3","171","204","24013","1","1","168","202","0,0,3280,3100","-44.0,-3489.0,3367.0,4035.4285714285716","module/nc/farm/diy/94.jpg","344b30b2ae0401976db880b5862a7eed628d2830a15eebd859b31c19d67d2962","module/nc/farm/diy/94b.jpg","70c81b9e001ca1b48a80e70e1a7e0289314579fd2fd67a723121ce74e7057b24","","ready-for-visual-review","reviewed-ok"
"95","浪漫栅栏","相爱永远套装","3","fence","extract-swf","default","swf-content-frame","module/nc/farm/diy/95.swf","7d55908ac26e23de74dc06983c019d011ff9111d9de377ec2e8c10436beed8f6","content-frame/95.swf.png","f246185bab5d3f32eac9580526a4c31a9a01ecb1cd5f48bdd154a644cbf2173a","561","236","13658","0","0","561","236","0,0,11200,4600","-51.85355577970806,-384.1450499572189,11173.234885634038,4673.145049957219","module/nc/farm/diy/95.jpg","f0cd6121bda74bc2b520d0174dcbba01de8ed9a62b3619f03bb5fd4b681613cf","module/nc/farm/diy/95b.jpg","08f5d4fada8c68b7eb7d6db894091391f27d84a83004fa680ea4eac97f1f55e9","source-files-reused-by-402","ready-for-visual-review","reviewed-ok"
"96","粉色狗窝","相爱永远套装","4","doghouse","extract-swf","default","swf-content-frame","module/nc/farm/diy/96.swf","7717c502ae4ce298ba44bba86b74cd941150d9a29e3c44f1344cde566cf61a02","content-frame/96.swf.png","f3897bb8055e2819527b390199e31fd262b6d7d6da928527d069df49e2720c2b","75","63","2963","1","1","73","61","0,0,1800,1400","-80.0,-769.0,1460.0,1218.0","module/nc/farm/diy/96.jpg","955d8dc22265740fd25850af5fd589aa40907cba36e9e96c9d5f109b0db76302","module/nc/farm/diy/96b.jpg","9e8cbcad7020b250c7a6088c363a925573e0461cf2fef36d46aeb98088645350","","ready-for-visual-review","reviewed-ok"
"97","狮子座背景","梦幻星空套装","1","background","extract-swf","default","swf-stage-frame","module/nc/farm/diy/97.swf","217c0d655982300b0613d93330441bb303c08a2b52542a64cdaa86df34a0d341","stage-frame/97.swf/1.png","0e6efe37f8c65258f040c319aa75b613cdc5561a81a9912b3f6d238f8c02578f","1036","803","831105","1","0","1035","803","0,0,20720,16060","12.0,1.0,20720.0,16060.0","module/nc/farm/diy/97.jpg","fe8a503302c04af10cd603385ab964311a28e96a37f7ac39cf1825dfd837fba0","module/nc/farm/diy/97b.jpg","8aaa80f17ce12539a555e1ba00481991c8023b3cf57b165cad019f5cbd260bef","","ready-for-visual-review","reviewed-ok"
"98","豪华城堡","梦幻星空套装","2","house","extract-swf","default","swf-content-frame","module/nc/farm/diy/98.swf","0d0fc506600331078995b7d19e7c9bf3bb7056a78e7e724ee8f60f05e2c62f54","content-frame/98.swf.png","760add46de2e0affa32ce961bb73d4dcacb9cbfc39bec6110ff40102ffda8fdf","182","171","19176","1","1","180","169","0,0,3280,3100","185.0,-1134.0,3587.0,3367.0","module/nc/farm/diy/98.jpg","958f705629389567edfe8be8beafabf5df50512b3ccd003174bff2531e87816a","module/nc/farm/diy/98b.jpg","ade2185cfd60ee7efa60d69e035fa73dfe389356471b00976569814618bd29d2","","ready-for-visual-review","reviewed-ok"
"99","铁栅栏","梦幻星空套装","3","fence","extract-swf","default","swf-content-frame","module/nc/farm/diy/99.swf","a9206153d819fce07a7f1b49f6730b0079e4cbf37e2cacee3a51eda3565bf412","content-frame/99.swf.png","16b1558a78a254a402c1a08c280a7f3baeca2ad705c13ed14bbf56bf140b0e3d","517","241","13215","4","4","512","236","0,0,11200,4600","388.921142578125,-674.814688303098,10294.078857421875,4775.814688303098","module/nc/farm/diy/99.jpg","353c49a4cffbf28ec9cd08670b34b00fffba0bb5acd4d5f3c9bc40f9385df921","module/nc/farm/diy/99b.jpg","0a9315ac6467ad708940fd31114cfcb574754cad25cd1b86fbc2f150e3f2a1a3","","ready-for-visual-review","reviewed-ok"
"100","看门狗窝","梦幻星空套装","4","doghouse","extract-swf","default","swf-content-frame","module/nc/farm/diy/100.swf","460894b3cf3badee3ba09cadeab712b0e4a97bbf3cc91962c7cf38055632aa74","content-frame/100.swf.png","32ba719c07814edcd1e21aa9453c9d1060e092bcadb2301eb21648b1df4ec650","61","59","1869","1","1","59","57","0,0,1800,1400","520.0,-520.0,1180.0,1139.0","module/nc/farm/diy/100.jpg","27519303378b8878af0afdf9d2f3134ab4746b6a6c0136432cd46ceb2a8557aa","module/nc/farm/diy/100b.jpg","93551de9e39e9a7350d6d54d55046e9b7d1fcc75bd2b3d158b1b666e91ff8e61","","ready-for-visual-review","reviewed-ok"
"201","沙漠背景","沙漠套装","1","background","extract-swf","default","swf-stage-frame","module/nc/farm/diy/201.swf","6b7db4fb766da3f36ccdcb75ba0d1354d710928a6e312815153b33afa6b77434","stage-frame/201.swf/1.png","21b0848c5908305fcfa2b4d3666bb6c6bc455d5b7a6e1c9e8a43ddad981cd20e","1036","803","831908","0","0","1036","803","0,0,20720,16060","0.0,9.0,20720.0,16060.0","module/nc/farm/diy/201.jpg","282cab9a00a5b839bac30252589a108ca3908e15a39a3533a64632f0d1c56779","module/nc/farm/diy/201b.jpg","0d913d6835683d17891f601dddda2c9444e751cf707560e52be4ca9cc40d6c8c","","ready-for-visual-review","reviewed-ok"
"202","沙漠小屋","沙漠套装","2","house","extract-swf","default","swf-content-frame","module/nc/farm/diy/202.swf","755dda3bf99f908e11ae3fa887f029d12e096962239c3a4c99dac667875c51f2","content-frame/202.swf.png","3a22d26fa0858bc79ba88813523b222dff21a0e23a62eff782cfa45180a2dffe","185","184","24124","1","1","183","182","0,0,3280,3100","306.0,-806.8783783783783,3654.0,3629.8783783783783","module/nc/farm/diy/202.jpg","b54b1e864e064981e07f19c6daeda48cefe08d8a6aaa7c06aa84b0c238e59805","module/nc/farm/diy/202b.jpg","4bd65325fbc3aa44e49aaf9787aaf9293b1f0b1fb1c31aef697e24e1607c3c63","","ready-for-visual-review","reviewed-ok"
"203","沙漠栅栏","沙漠套装","3","fence","extract-swf","default","swf-content-frame","module/nc/farm/diy/203.swf","46a5d5296fbb4f5a29f780acbed4b6d9b503fef144341e5d021b02226f39e79c","content-frame/203.swf.png","8bebe23f534b128da5993f995a7a35afb0a3aa018ff6cf02e4e869f2a76012bd","551","235","14335","1","1","549","233","0,0,11200,4600","302.0,-152.0,10975.0,4653.970276008493","module/nc/farm/diy/203.jpg","151fc3154a768b7365cf7852a78c9245c55e9b975db887ed87be29c52c2fbe49","module/nc/farm/diy/203b.jpg","aa1de137ed634d66559cf75a9e41f7972cd4915b78b6c18fed8d6c44d1a580d1","","ready-for-visual-review","reviewed-ok"
"204","沙漠狗窝","沙漠套装","4","doghouse","extract-swf","default","swf-content-frame","module/nc/farm/diy/204.swf","b710f6a539513e9672546d81148d32aec72b7bb6045eac61cad427fa49b2d0d3","content-frame/204.swf.png","4cb5018766d5ce2aa529e7c380b40a252aa413ab597f027e4ce8bb4d54c235cd","95","85","5315","1","1","93","82","0,0,1800,1400","472.0,-401.0,1849.0,1641.328125","module/nc/farm/diy/204.jpg","835c28644736920f76305184df141e44041326cd4535774aa55d1d1106d50258","module/nc/farm/diy/204b.jpg","1575cf91ef1581c8fe4d67d71cd9c8b16665c46a58e3e87ff942e36dd1635d22","","ready-for-visual-review","reviewed-ok"
"205","都市霓虹背景","都市霓虹套装","1","background","extract-swf","default","swf-stage-frame","module/nc/farm/diy/205.swf","83f5f23b60d85a3899c77a8c4f9f5dd699414aa062af34a560f40753381a29ad","stage-frame/205.swf/1.png","43fd4fa5948c26b6bc356cd6acadf6ee9b170c3e213856be8cbb20958f8f2ac6","1036","803","831908","0","0","1036","803","0,0,20720,16060","0.0,0.0,20720.0,16060.0","module/nc/farm/diy/205.jpg","ee21e202160c35a115c6dff72e79e8bf5319383f2cd3c81810cd47e9acfe96e1","module/nc/farm/diy/205b.jpg","3b5c4637b638c40363034fee341fc1ae014a2160066eb0383b6334c7b43fbf06","","ready-for-visual-review","reviewed-ok"
"206","玻璃花房","都市霓虹套装","2","house","extract-swf","default","swf-content-frame","module/nc/farm/diy/206.swf","4a2bdf80a680407c9723ac244bb8cad06815a7b24040b2fee11e63098150f913","content-frame/206.swf.png","147ff5a1297f32cdc35cb669b9d8c680156e61f695aeaa440617eb64fbd90b9a","187","161","19666","1","1","185","159","0,0,3280,3100","900.0,-533.0,3685.0,3173.0","module/nc/farm/diy/206.jpg","f9e19d11eb0ac886a11fb902a2edbc28932d8dd313877a4f29385b15cb8d4c2f","module/nc/farm/diy/206b.jpg","14b7aa98fb65852816920f89e81c0727bc753bca67e7c46bd3174fd8e7ca5efa","","ready-for-visual-review","reviewed-ok"
"207","白金花栏","都市霓虹套装","3","fence","extract-swf","default","swf-content-frame","module/nc/farm/diy/207.swf","ba9026a83769bbfa1e8ddcc593b6bc687b77e49a0b0b6ad64be4d288e13a09a1","content-frame/207.swf.png","08cbd5cbbd80ed680dd4ad3d08189f648a83a44e71e56963aecc5bbb14657850","549","241","9452","1","1","547","239","0,0,11200,4600","47.8,-316.60911392318116,10930.005897456595,4773.753115762406","module/nc/farm/diy/207.jpg","6803437951e8fcd68650c43a07ec2db93d16c944b15b9408a5c9b164b30c40ee","module/nc/farm/diy/207b.jpg","70d85aa9f487e0c756c2962b8f6a34c414a8c28af46df24c376b366b67cd0e55","","ready-for-visual-review","reviewed-ok"
"208","花亭小窝","都市霓虹套装","4","doghouse","extract-swf","default","swf-content-frame","module/nc/farm/diy/208.swf","99b52127fd6943a054f1fe004d9fdb5ac9eb2db6f6025fee14d438a1d740f187","content-frame/208.swf.png","a4c9727079c8a1c38c594951f08e58fcfdb08cd7128fced6d3c2e6babad90542","73","70","3818","1","1","71","68","0,0,1800,1400","472.0,-603.0,1401.0,1356.0","module/nc/farm/diy/208.jpg","3e7cc1698a36b189dd8b9e1005eecc3237d95f7fb5de83d63e7d5f801e95e469","module/nc/farm/diy/208b.jpg","86f61464442cbb031dcc2144210a3c6a361469136580f13b8e95a0d67fae6835","","ready-for-visual-review","reviewed-ok"
"209","入学啦背景","校友套装","1","background","extract-swf","default","swf-stage-frame","module/nc/farm/diy/209.swf","bbc575204d711b34c21a965f8ba798881a7e5ca417471d429d9adbf1ea00f5fc","stage-frame/209.swf/1.png","4825d3690cbd78bd92d0fad9327d5451ee0eb7b57d40199c160aba27a75463a2","1036","803","830070","0","1","1035","802","0,0,20720,16060","-11.0,19.0,20720.0,16060.0","module/nc/farm/diy/209.jpg","8215e950662e35d1330bf744c7277e0672c0378e41deadbaecb8977542320239","module/nc/farm/diy/209b.jpg","4ae3813d74caca7c273be4c590d5afc75b64052e183bad8fdf287e26869bb2f9","","ready-for-visual-review","reviewed-ok"
"210","校友教学楼","校友套装","2","house","extract-swf","default","swf-content-frame","module/nc/farm/diy/210.swf","20bc33bb287284127774e9e383e22d058c9529b946dea9edbc7868d5343ffbf6","content-frame/210.swf.png","2b01f956244db67b86e49e27eef6d39f9876971422a7d6b0d0420b2a0ea94936","201","200","26319","6","7","189","188","0,0,11000,8000","-40.0,-1082.0,3976.0,3959.0","module/nc/farm/diy/210.jpg","ef80afc1d13ea2b6b7868ff91fc07efc502a263a62a189f53f687620beaeb1ad","module/nc/farm/diy/210b.jpg","52f86eb24486653e99f16e83493b79f2a5108420497a737a1da248d07a807a9c","","ready-for-visual-review","reviewed-ok"
"211","红旗飘飘","校友套装","3","fence","extract-swf","default","swf-content-frame","module/nc/farm/diy/211.swf","bd465e8c71a798727b3ef7ec0b2f9bf6f029039ba0f4a201d35707aea1ebadca","content-frame/211.swf.png","8c00d364c41336947d847fe67cd36d652cee38310e9a0453e5e83e62cfd9d316","461","248","1403","16","14","431","226","0,0,11000,8000","1462.0,-554.0,9178.0,4910.0","module/nc/farm/diy/211.jpg","4e80efe27e1cb6af357183f1be7555264614ec1e3c6de850a465a541f9c43f75","module/nc/farm/diy/211b.jpg","fe3ae9e92ec5b2a08ff3cdf8a8e36de606d7f5a627b19af2144f4c4aadb230ed","","ready-for-visual-review","reviewed-ok"
"212","门卫室","校友套装","4","doghouse","extract-swf","default","swf-content-frame","module/nc/farm/diy/212.swf","2a8e1c5d8a0298d60502a109ea8632a089a6fcb66f3ba97182f8e580331bb85b","content-frame/212.swf.png","4e138ff75921da7ae4eb1042974b906b55f2047054400f73014a7a48ef7aa89b","66","65","2244","3","4","59","57","0,0,11000,8000","760.0,-620.0,1261.0,1250.0","module/nc/farm/diy/212.jpg","bbc2bb283f29b80e61ff745fc01ee8c3fb89e02e8400b21cba0266eb16c9470a","module/nc/farm/diy/212b.jpg","8ef3deddaf5339cbf6684c6fdd9d400fc33e55150ab6afd7a3818b1d59c62405","","ready-for-visual-review","reviewed-ok"
"213","碧草云天背景","碧草云天套装","1","background","extract-swf","deferred-validation","swf-stage-frame","module/nc/farm/diy/213.swf","38ab8c95ea5337e686377aba27ccd108ba185534a9f0aff9fe80e693c766982d","stage-frame/213.swf/1.png","d8d7596b1fd5dbc5ea196012cc5ff7fe531333127ad29449def282c4273141bf","1036","803","831908","0","0","1036","803","0,0,20720,16060","0.0,0.0,20720.0,16842.0","module/nc/farm/diy/213.jpg","a56f296662b2db0767617e5b18d502d679f06cbf3d55637470c863eb50437141","module/nc/farm/diy/213b.jpg","4a0efcd2c43681985e86e970a3607d46a851bcad79fded11b9db9fde8e047e62","","ready-for-visual-review","reviewed-with-note"
"214","风情木屋","碧草云天套装","2","house","extract-swf","default","swf-content-frame","module/nc/farm/diy/214.swf","eb382775285c63a3aa0f88eac5363d97956e52c207f48444ebcce29d94f38b64","content-frame/214.swf.png","b5ba95b98bb339ce57eef0eca243ee69cba8ab1031ec3bd01d77af74c1de4add","196","167","22221","1","1","194","165","0,0,3880,3120","0.0,-1580.0,3880.0,3300.0","module/nc/farm/diy/214.jpg","4738a4b83b6c5f8614f4e479e8fa22f41677e73a285ecc7bb4c39e1c713e4258","module/nc/farm/diy/214b.jpg","93e2dcda8e12902f182a6155dfa8fec419e90e63132f924a3ace31ad50b0fb8b","","ready-for-visual-review","reviewed-ok"
"215","积木栅栏","碧草云天套装","3","fence","extract-swf","default","swf-content-frame","module/nc/farm/diy/215.swf","2d504bf7d04d37381b4fa7a830cc95f2485b1e2097ffca89823b4d14161b7ad0","content-frame/215.swf.png","245d4b7b682845eba2c0f5dcc89f8636aaca5b0d570f567ec29ac89af9607739","537","280","13635","1","1","534","278","0,0,20000,16000","-64.0,-508.1308898925781,10694.0,5557.133880615234","module/nc/farm/diy/215.jpg","3b148721ef7d272763574107ad032e1ec617ed59ae77a0dca2c74a82f7c46c47","module/nc/farm/diy/215b.jpg","6966ac04605658e33dd948043ce8890dd085d4c446f062268af8db82701d3f40","","ready-for-visual-review","reviewed-ok"
"216","简约狗窝","碧草云天套装","4","doghouse","extract-swf","default","swf-content-frame","module/nc/farm/diy/216.swf","c9bbecb181ec271b7abd2b071b11e0da157c83bd2dba94f4a9e6fc53e43c72ad","content-frame/216.swf.png","80ad8fe5a405bcfca4564ab7d0fa2f7a85e162c47952acf3b3cf1e3d9a884ba9","80","74","3886","1","1","78","71","0,0,20000,16000","0.0,-900.0,1560.0,1440.0","module/nc/farm/diy/216.jpg","2e9417a93cd6e6491ab6336708a1817c482ca868234b6b0b443b18b8fe7c607d","module/nc/farm/diy/216b.jpg","07d8a1135f37bcb7aea1cfca2eb7cf69445ce91969f20c50ee63b3c84c7c3718","","ready-for-visual-review","reviewed-ok"
"225","乡间小路","小镇风情套装","1","background","extract-swf","default","swf-stage-frame","module/nc/farm/diy/225.swf","e89b349189b777ab01bf38ca25237f2ffa50afbd52cc7e8c18239ba72b5ed59a","stage-frame/225.swf/1.png","a53d8641f42100afa0a28f1fc0aede45b6c359e8a7456fc53156e3f4ec4f4553","1036","803","831908","0","0","1036","803","0,0,20720,16060","0.0,0.0,20720.0,16060.0","module/nc/farm/diy/225.jpg","3e31ce78dbce12e854ac8bf834c30d77d115f664cb54f38524904e52e7d9aaa5","module/nc/farm/diy/225b.jpg","2220836a86a460de89476030ba479d24e7c3863d0ac74e92a3750d21004261d3","","ready-for-visual-review","reviewed-ok"
"226","烟囱小屋","小镇风情套装","2","house","extract-swf","default","swf-content-frame","module/nc/farm/diy/226.swf","25771a1852b434baa1302550889c7cfc80fbb8746d29221d61db6da3b956f462","content-frame/226.swf.png","530584b44441f54dc091df0cd6c911c33d4fb81f8667308f031ead9534a0746b","210","222","30781","2","1","207","220","0,0,20720,16060","47.0,-2413.0,4160.0,4400.0","module/nc/farm/diy/226.jpg","31f19ecbac5b8661f81fd5427f8c818710f9b36126eac8844eab5705ce904b63","module/nc/farm/diy/226b.jpg","22cad0c9feabae30a6c279cd53c6a82062a318a3240f16155afa71e2ff5a1d26","","ready-for-visual-review","reviewed-ok"
"227","休闲躺椅","小镇风情套装","3","fence","extract-swf","default","swf-content-frame","module/nc/farm/diy/227.swf","fb62c28742d3df9b23241fdc7461c13f4f3cc6432b60f869407a92eac8b1cc1f","content-frame/227.swf.png","06769eea04ea6eed038a6ff66abc954c5c693f20702b68b1aaa22bfb04bab7ce","446","211","10514","2","2","442","207","0,0,20720,16060","2237.0,-282.0,8867.0,4162.0","module/nc/farm/diy/227.jpg","30071e46e9aba2f463c3432b456318848bca594dd4ed6973fa4d8052a03dab56","module/nc/farm/diy/227b.jpg","f887b491e562f6cfb25553a2f5ae5ee2ff0bfd3917c699bba4b599948678be46","","ready-for-visual-review","reviewed-ok"
"228","黑瓦狗窝","小镇风情套装","4","doghouse","extract-swf","default","swf-content-frame","module/nc/farm/diy/228.swf","4961fdc502a250db8d2a4e65d692a51e5525b49028a0648c79cd6c243b871d65","content-frame/228.swf.png","2d14c80aad5bc97326d9ac413411c85c196e63e8ed1e4645aa18501c97c39ae0","83","84","4619","1","1","81","82","0,0,20720,16060","170.0,-970.0,1620.0,1640.0","module/nc/farm/diy/228.jpg","ea02dbeedc4874479d3ead42c3013b2a29aa8c79113fec6300d144faa73fdd80","module/nc/farm/diy/228b.jpg","f637535b274f64f74d88e95a5775d55e2b63ccdc164c8fcd0473dd0643628572","","ready-for-visual-review","reviewed-ok"
"229","蓝色海洋","去海边吧套装","1","background","extract-swf","default","swf-stage-frame","module/nc/farm/diy/229.swf","0b3f0b1bc43e5b7e43b086dc0049235511006026b18ac86c58487ad0104e7e02","stage-frame/229.swf/1.png","7ad2ebafff8a877d92bc9f77cf029d979529feff5f7caffd348efd2a4b591dc8","1036","803","830872","0","1","1036","802","0,0,20720,16060","0.0,0.0,20729.0,16069.0","module/nc/farm/diy/229.jpg","df3855c5343356e894f3215c6397de413ad20b41eb466147ea682610a4bbac3b","module/nc/farm/diy/229b.jpg","a1bd7e16665fb144767452f518ac51e32a532c45d8f63cc118a3c3ca27f5df67","","ready-for-visual-review","reviewed-ok"
"230","红瓦小屋","去海边吧套装","2","house","extract-swf","default","swf-content-frame","module/nc/farm/diy/230.swf","64a1d89a7a1b05283463b4d85755043b74581559684b5a3dcf522c19f62ddfdf","content-frame/230.swf.png","7081f0e08ebaf49acd69f4f265ddb48b92bf52effa866e285425d22f4592cb54","327","220","37836","1","1","325","218","0,0,11000,8000","-160.0,-2160.0,6500.0,4360.0","module/nc/farm/diy/230.jpg","3285695c2b07f661f377af9fec9790f1b068fb5393dd8e0b2bde9d2a1d70de14","module/nc/farm/diy/230b.jpg","1ab8e7e50986d0fbfc2a0fc4df0551e8023a9e224cf3735cdcab3490dd9c3c6d","","ready-for-visual-review","reviewed-ok"
"231","木桩阑珊","去海边吧套装","3","fence","extract-swf","default","swf-content-frame","module/nc/farm/diy/231.swf","d3a947dd0eec17e23c9045a7793d428d1b73e31310fbb96e78f6d1f12602e9da","content-frame/231.swf.png","be2f3cbfbd5186dca83083f20f4ff8649ef62219cb918c51aa0cd376635e94bb","511","221","3370","3","1","503","217","0,0,20720,16060","100.0,20.0,10180.0,4380.0","module/nc/farm/diy/231.jpg","a035f965a3047cfe52c902a9144fc48b79dcb348f877fe7d01b797aba50a6425","module/nc/farm/diy/231b.jpg","a8a8b185560dd7fd65f4d9888764183d8849afa342ad6f0672df288a02fa90ac","","ready-for-visual-review","reviewed-ok"
"232","红瓦狗窝","去海边吧套装","4","doghouse","extract-swf","default","swf-content-frame","module/nc/farm/diy/232.swf","efe52b802ef10b0879e4c408bbbdf55b919806b193b8eaf4e1b6e9122c59c055","content-frame/232.swf.png","d684dbd2cc91865e77a01f937d4e62fa503cc918a99b3ea72520d28ad10c79cc","89","116","5088","2","1","86","114","0,0,20720,16060","163.0,-1721.0,1740.0,2280.0","module/nc/farm/diy/232.jpg","ff055d739f6c915a1a0e8139ebb4cf72cd380c054292037c099d808435a7a9e7","module/nc/farm/diy/232b.jpg","661333d1f4273448e670565a9a8ce41bee821e9cf7a848d842af3a1c9dbcb48c","","ready-for-visual-review","reviewed-ok"
"233","浓情绿野背景","浓情绿野套装","1","background","extract-swf","default","swf-stage-frame","module/nc/farm/diy/233.swf","35fb2bab1fa193ea0fc722916347db1e51fdf16923206f57d17666f9a85573ed","stage-frame/233.swf/1.png","36b96274f5370d2849e446eb46cadfb8670bdcb6d5317c1ddfd3478db613e2c6","1036","803","830070","0","0","1035","802","0,0,20720,16060","0.0,0.0,20720.0,16060.0","module/nc/farm/diy/233.jpg","46d58c1936ac77d4248c662f9e989916b4e557d38ddd163d5110071f6f0bb0b1","module/nc/farm/diy/233b.jpg","dd18d4024cb00ae87e1331c13513c1c4e527a64bc9ed88547a8dd11ea965356f","","ready-for-visual-review","reviewed-ok"
"234","尚品小屋","浓情绿野套装","2","house","extract-swf","default","swf-content-frame","module/nc/farm/diy/234.swf","081b1fdf191674c025d9edcaebe492c36994dab902b4c1f47646fb10d19440f9","content-frame/234.swf.png","87844f308a931ac4e9ec8c445d23fac6a66a711a7af0ed228082a16510bdc28c","295","304","31300","40","43","216","218","0,0,5200,4000","-1240.0,-2999.0,5860.0,6040.0","module/nc/farm/diy/234.jpg","1241f97d430e06e37934a06b5e03d271335f3d886b4c24afbddc998b983c3f90","module/nc/farm/diy/234b.jpg","61eeb728201091b687466bd4fb8ea22698525b8c3bb42e13b771c0ed2310f2fd","","ready-for-visual-review","reviewed-ok"
"235","云白排桩","浓情绿野套装","3","fence","extract-swf","default","swf-content-frame","module/nc/farm/diy/235.swf","1d0f58a74a4f0974dfe296c6e9d5df9d145a8dfb352b494be1034c606f269ea3","content-frame/235.swf.png","5f864a56f309ac0af1713a73144a726a815bb6bbc22ee95d9b7364de3a53d3d9","626","264","27975","1","1","619","262","0,0,11000,8000","-1473.0,-919.0,12477.200134277344,5225.0","module/nc/farm/diy/235.jpg","8866d0ab82edd0675d2cf95db7e33e38c52ff6da54b99188eb5603d706002cbb","module/nc/farm/diy/235b.jpg","8c7eb881f32d9ff0329587541f5d67bf9d86cb0c3ab5458828a0866cf16dfbca","","ready-for-visual-review","reviewed-ok"
"236","名雅小窝","浓情绿野套装","4","doghouse","extract-swf","default","swf-content-frame","module/nc/farm/diy/236.swf","a50093cdc5d54e098a848069b947bf909a1554e8387cc25debe281bb13988bfd","content-frame/236.swf.png","70283f3bfc8bee59176947be624631f64269ab678aa4c2df82dfdcfd3c4bb47d","100","94","5862","1","1","98","92","0,0,4000,4000","-120.0,-1320.0,1960.0,1840.0","module/nc/farm/diy/236.jpg","006b77dd940434ed4fb9bf15b14a97d63e8a8ca5f25dad8f74c2e5c6213564b4","module/nc/farm/diy/236b.jpg","8214cb53a72d9e5eea01a7bc7fa9e4650ab48f2376c00bfe5d4b6d787cae4f6e","","ready-for-visual-review","reviewed-ok"
"237","圣诞背景","圣诞节题套装","1","background","extract-swf","default","swf-stage-frame","module/nc/farm/diy/237.swf","4a4b46e9bc9b071f942f253db6d5ac45c0feb7558e94517fd18ab5bc3ebb6099","stage-frame/237.swf/1.png","a421390dfff3a2190f3960351b0df429d734567215667e5e1024706fd4874bd8","1036","803","830070","0","0","1035","802","0,0,20720,16060","0.0,0.0,20720.0,16060.0","module/nc/farm/diy/237.jpg","7fcbf5472e3373e4bb5f225fe010677d634321e728937c921176de11a4aad430","module/nc/farm/diy/237b.jpg","1e7f5bed1892ac3267fde7864b7a227dae246c50ac1cbc3806375930b38473fb","","ready-for-visual-review","reviewed-ok"
"238","圣诞小屋","圣诞节套装","2","house","extract-swf","default","swf-content-frame","module/nc/farm/diy/238.swf","2e8aeb6dc87fe2772856c69a86159327760b299063c835aadaf1b9df5a61ca65","content-frame/238.swf.png","d9d1b1c08e0e42fa1c7e6054489d76c98f8b0fb98d7d21f133d47bbbc752966b","283","214","51611","1","1","281","212","0,0,11000,8000","-1160.0,-1400.0,5620.0,4240.0","module/nc/farm/diy/238.jpg","039952a84ccb4154cfc8cdd0d35e15c87666ef05b54d62d915d48a87212020d9","module/nc/farm/diy/238b.jpg","2adfdbb7d03052239c2c07c9db0248854f34adf9dec1de9395d27ffb2fdb01aa","","ready-for-visual-review","reviewed-ok"
"239","圣诞红栏","圣诞节套装","3","fence","extract-swf","default","swf-content-frame","module/nc/farm/diy/239.swf","58c48b38fbd810f987acd9b94e1e5a9fb24b27bbb19487bf625d8464c12acaa9","content-frame/239.swf.png","3b66f305a4cf11d73e252a56e28348b4188479cbfdb9e4eead3f18b20ba11d9a","437","343","32137","1","3","435","334","0,0,11000,8000","1728.0,-1389.0,8686.0,6819.531494140625","module/nc/farm/diy/239.jpg","5fa5ac3d1bd8a2e5c67e81718a55250c8469d25932894bef9d4954da75a01bc4","module/nc/farm/diy/239b.jpg","0e6d1665e408778d6d737b8543990c726294cfd98cecfe310242be3b61b75bc4","","ready-for-visual-review","reviewed-ok"
"240","圣诞小窝","圣诞节套装","4","doghouse","extract-swf","default","swf-content-frame","module/nc/farm/diy/240.swf","cf3784aa06508a75aa68459e2f14ea89e109742d1bb6b7d6e7e35533b6e710e4","content-frame/240.swf.png","e05f5a1630cf4c06243bcec0617f827cdc718252f8cfaec640603929850ca685","102","102","4551","7","12","87","76","0,0,4000,4000","-80.0,-1280.0,2000.0,2000.0","module/nc/farm/diy/240.jpg","1fac6056802510ab6bcf4017e92fb83993156db980381aaadca6be1fd5e9aef4","module/nc/farm/diy/240b.jpg","de297718039cfbffcafaeacc000e547ffd1461afd5a78b6c3820fca91f8000fd","","ready-for-visual-review","reviewed-ok"
"241","新年快乐背景","新年快乐套装","1","background","extract-swf","default","swf-stage-frame","module/nc/farm/diy/241.swf","e52163cdc82ee600d0551586917ee16c9fb6c93ff9457c92dc757ea3d73dcfa8","stage-frame/241.swf/1.png","c783ee30581099dc8791e00c7b760b00e3917e664af5bd5f2b10dac6e5d0cec1","1036","803","831908","0","0","1036","803","0,0,20720,16060","0.0,0.0,20720.0,16060.0","module/nc/farm/diy/241.jpg","99cb1d4a7cc38e641c6e7da27cb7fb6d32511c4f33be6f6de613c9b3f03b8004","module/nc/farm/diy/241b.jpg","f00a852b5a3e874bc3e4739bd2b8414cf8373d58cdd71a77f5e620ac71be4245","","ready-for-visual-review","reviewed-ok"
"242","春雪小屋","新年快乐套装","2","house","extract-swf","default","swf-content-frame","module/nc/farm/diy/242.swf","8fb9f20b46c930990aec6ba73a12e7616737ec749c50bbbd845a06ccc94f49e8","content-frame/242.swf.png","a4fa9014c231e4937e1ec22ec1241d94f48cd14ea2717ce9f6c8bfcdf5b35816","288","243","46738","1","1","286","241","0,0,20720,16060","-921.0,-1786.0,5720.0,4820.0","module/nc/farm/diy/242.jpg","ce4fc9eafc27f6c1893bd2c014f68c623f80abaa775049d30b4e1e0e96a92e3b","module/nc/farm/diy/242b.jpg","519520ae059bbf2804e26be750c3ba0433a5e687207521103d38caea7712c35e","","ready-for-visual-review","reviewed-ok"
"243","春雪红栏","新年快乐套装","3","fence","extract-swf","default","swf-content-frame","module/nc/farm/diy/243.swf","71b4ba361dfd5494ede56a27f071ff5e8acefea73eb9cfe3ff118b162d34afdc","content-frame/243.swf.png","1ed47d7aafc1154f8adbb5aadc994a0efdc737287726284b7dc0416aa3ae97e1","544","375","23186","1","3","541","370","0,0,20720,16060","-720.0,-2185.0,10834.0,7451.500549316406","module/nc/farm/diy/243.jpg","e0a13402578f8c288d6fd877799b4fa9e385efdd3fa698379955ca066567acb7","module/nc/farm/diy/243b.jpg","66b1f2138ef9bdd37d63927bcd4dc3d6d13620cc5c0302898212b5524c1df36f","","ready-for-visual-review","reviewed-ok"
"244","春雪小窝","新年快乐套装","4","doghouse","extract-swf","default","swf-content-frame","module/nc/farm/diy/244.swf","95acd5da3af61285b01eb6d7eb93453f297852e70a98d4be59977a4aea6efe25","content-frame/244.swf.png","0e421b932e257258c0725ac250773417b067742a0f83f54c3c10e88f53d167d9","130","107","9927","1","1","128","105","0,0,20720,16060","-704.0,-1053.0,2560.0,2100.0","module/nc/farm/diy/244.jpg","17bcd3e210b17ee3f91feda59d00b8070cea23c96b2d45d00797c61281083fa9","module/nc/farm/diy/244b.jpg","cc36c83f11a5c930b1aea1226c4b1aad8d6e8b7f686398b01d37bb709dcf71d4","","ready-for-visual-review","reviewed-ok"
"245","世博家园背景","世博主题套装","1","background","extract-swf","default","swf-stage-frame","module/nc/farm/diy/245.swf","35d08d7ba7e6a5197df84cb86f45127302c1d70d99d4ee38f620cc929500a223","stage-frame/245.swf/1.png","31fb4959d9b6cd9677cfeb477d775db35083a0c122035c2dff0ca9abfb9c2dd9","1036","803","831908","0","0","1036","803","0,0,20720,16060","0.0,0.0,20720.0,16060.0","module/nc/farm/diy/245.jpg","4927b7522fc7e6332bd4f8af166246fc8c00d908b1b93f8aaa28401151597e05","module/nc/farm/diy/245b.jpg","0560d15e02340a3981f94b87bb94d71a991c0a96c9d95407651ff195a47eddb1","","ready-for-visual-review","reviewed-ok"
"246","中国馆小屋","世博主题套装","2","house","extract-swf","default","swf-content-frame","module/nc/farm/diy/246.swf","e81a9c85b3f6ad0c15e6255843670e93c1eed523c4dac71d3242ee67f2d867f1","content-frame/246.swf.png","ac965cb789d89a83a8562cda41c2c1516ca5961e714ffcc065f1333de922cb6b","276","190","26981","6","5","269","181","0,0,20720,16060","-1110.0,-1160.0,5480.0,3760.0","module/nc/farm/diy/246.jpg","30900612a6e7c61bb2ba1d115ec50b14a6befeaecfada43e3cc451e4f511b1ed","module/nc/farm/diy/246b.jpg","c0889e9399ac3f126052c52ec90197fc099474d59e980a5e103ebcd16617efe7","","ready-for-visual-review","reviewed-ok"
"247","绿草红栏","世博主题套装","3","fence","extract-swf","default","swf-content-frame","module/nc/farm/diy/247.swf","44ed4ead9e2edf6a8e1163bdd63b27b5c75316cb396a1e8d0b3abbf2cce79786","content-frame/247.swf.png","0325c4f768e38be384403dd4fd7e5eadb55a14d4cd0292acf99f49a79afc2681","569","327","16864","21","23","528","275","0,0,20720,16060","-560.0,-500.0,11338.0,6499.0","module/nc/farm/diy/247.jpg","60e67ef732f4d44e5bc6092044006fce5c18c936157584c62e6189eb0bfb18e0","module/nc/farm/diy/247b.jpg","345ba75a0f18debf6cbf4cf99881d8acc1f4b3a181b1ca70394414a14861cb34","","ready-for-visual-review","reviewed-ok"
"248","红乐小窝","世博主题套装","4","doghouse","extract-swf","default","swf-content-frame","module/nc/farm/diy/248.swf","7fb5a1a6e372741feef584a21ee340f61b23641a6eadea72347432e0af9eb097","content-frame/248.swf.png","fd0cacf73140bd6b5b2648f29f827a632b9cfbe3c4d10fc6a072cd4737457134","113","78","4244","10","5","102","65","0,0,20720,16060","-750.0,-590.0,2219.0,1519.0","module/nc/farm/diy/248.jpg","c87afd61f439b7e97b88907f359f4b75ed18961500b80ff068bff6ad8e249047","module/nc/farm/diy/248b.jpg","a73272f6c944944fa9ec3b74d2e5ccb8584520517b76be1143973616125a6e9b","","ready-for-visual-review","reviewed-ok"
"249","虎年新春背景","虎年新春","1","background","extract-swf","default","swf-stage-frame","module/nc/farm/diy/249.swf","6a5e16961023ee00fb8d5af5339ccd7f855430558b3fbaa98cbb6738b3091808","stage-frame/249.swf/1.png","a818617544961607e4caf3cd11f7878e105504d6f7229c9625d23fa8705fc2b4","1036","803","830872","0","1","1036","802","0,0,20720,16060","0.0,19.0,20720.0,16060.0","module/nc/farm/diy/249.jpg","e2cc8b49b75ae8b9209485c9bfdb3ed0cf07d5f4c87fc7eebf387877e78edf8b","module/nc/farm/diy/249b.jpg","a6a080258dd573c9bdd777a71c9303dbd9321b1daf3673429b1f9f8deb3efdcc","","ready-for-visual-review","reviewed-ok"
"250","虎年大屋","虎年新春","2","house","extract-swf","default","swf-content-frame","module/nc/farm/diy/250.swf","8b997e5029caf4fc574e740f39d16330b7ec6caf30bb31ff5855e75c21350d7d","content-frame/250.swf.png","0ee8829d2d8bad5d826aa51994be04c124154f080fa56dfb4fbd17a2294bae0b","299","261","40462","1","1","297","259","0,0,20720,16060","-969.0,-2222.0,5939.0,5179.0","module/nc/farm/diy/250.jpg","3cabf66445473099b3ef3e34f159dd262a464d662cb00302ae5b381a26a651e7","module/nc/farm/diy/250b.jpg","a0e8d7f666b46b69ac34e01c628e91ca3e6f93c6aed337f54ef12153877b1f7d","","ready-for-visual-review","reviewed-ok"
"251","新年红栏","虎年新春","3","fence","extract-swf","default","swf-content-frame","module/nc/farm/diy/251.swf","823e2d4820c1aacf0aff296056c931802112282de2246dfe9d46238bec1957e6","content-frame/251.swf.png","730e7251b4f27307d522fae8a711a136ab2a26a5876c4c8e196f0b85de444524","552","279","19345","1","1","550","277","0,0,20720,16060","-872.1219512195122,-500.0,10990.35724533716,5534.730606488011","module/nc/farm/diy/251.jpg","7cf4daf36ecac36304e918417d40707276c37b64fbac6b02f829f7e72fdc6f5a","module/nc/farm/diy/251b.jpg","415b012d4444978d835f4e3b1ac9834e43e5681ad024548413141253d569e54b","","ready-for-visual-review","reviewed-ok"
"252","新春狗窝","虎年新春","4","doghouse","extract-swf","default","swf-content-frame","module/nc/farm/diy/252.swf","b514e0b203d9466bd5c819065069415bca7a021f8189f776c3288ed77e16f9a7","content-frame/252.swf.png","3c30859d7c38118523dae373c060a6b463435fd1a0c6a2637a4366de124e3da6","112","118","6986","1","1","110","116","0,0,20720,16060","-602.0,-1644.0,2200.0,2320.0","module/nc/farm/diy/252.jpg","9e319861211d9786d4e1d1cddc6c53d268a049d195e177a59fa7bec711cfad4e","module/nc/farm/diy/252b.jpg","b23bfd8d013cf50c032fae49fc17aa7f2ac94dc1456584b27f2c111e038d2f4f","","ready-for-visual-review","reviewed-ok"
"253","董衣草之恋背景","董衣草之恋套装","1","background","extract-swf","default","swf-stage-frame","module/nc/farm/diy/253.swf","22234f3df4db9d36eb4b92141cb924680427a8217887a751bd0b1f28f53f43e1","stage-frame/253.swf/1.png","461fcc577d83692bf458de4a61f9d9f0c3938ac88114ea3187b8c1c3945c8a8d","1036","803","830070","0","0","1035","802","0,0,20720,16060","0.0,0.0,20720.0,16060.0","module/nc/farm/diy/253.jpg","4c283e6f957510fcaf1170741421a368bc0b2ab3e8bd7f16f415b33c7e645558","module/nc/farm/diy/253b.jpg","22326f542eeb7f2c1dc207745f6c9c0a7f45622798c1d9d899158136b61d5bc5","","ready-for-visual-review","reviewed-ok"
"254","董衣草之恋大屋","董衣草之恋套装","2","house","extract-swf","default","swf-content-frame","module/nc/farm/diy/254.swf","e200694a6fe199d2d200d3436f0f10141341ec9935f6238698ffedefe3b5b522","content-frame/254.swf.png","e9d1b495b5ac15dfb21a8284ceed07599c3bd3ab2ae227b0b1218dba9c36caa3","262","210","25597","22","7","216","194","0,0,5200,4000","-660.0,-1800.0,5200.0,4160.0","module/nc/farm/diy/254.jpg","1cc3dbc85f69b1f8498d551ab2846680eb2f96fbd9c00b579062bf8f38b7eb19","module/nc/farm/diy/254b.jpg","8a6517bfe484955df1a034530d560f64265afb169401091456ae4242aa2e2698","","ready-for-visual-review","reviewed-ok"
"255","董衣草之恋红栏","董衣草之恋套装","3","fence","extract-swf","default","swf-content-frame","module/nc/farm/diy/255.swf","7fb900cb2d884b0b9d291802d699e958c2b2e3486c5d8be859bb544c58da2291","content-frame/255.swf.png","123d893dad7e65ef1afa71c7a62501609d45764f3adeeeeb70193a0da899a1c3","586","283","30890","22","3","497","270","0,0,11000,8000","960.0,-440.0,11680.0,5620.0","module/nc/farm/diy/255.jpg","d944e763c55a5426e822cd18ed046ff71e94ade081fb9abde87860decc62a7ad","module/nc/farm/diy/255b.jpg","7596e7161c594487197e62fb48d83a96bb958103d66c2de524388f79f9e5612d","","ready-for-visual-review","reviewed-ok"
"256","董衣草之恋狗窝","董衣草之恋套装","4","doghouse","extract-swf","default","swf-content-frame","module/nc/farm/diy/256.swf","9f7e447ddf7d2da41ef5ebdbb2d527929440639780a354cf58228db07aa51cca","content-frame/256.swf.png","b9f6c7e9f6761163341e5f3f47dbc1ff61701ce2ab5558a9bfa6db90c2db2c16","108","96","3444","14","13","80","70","0,0,4000,4000","-140.0,-1140.0,2120.0,1880.0","module/nc/farm/diy/256.jpg","b4b47eb06e88f10c92f14eecf960f7f873d6d2ca8bb08d1098439a4eabf3f8ea","module/nc/farm/diy/256b.jpg","0e7223ab32c54f48377b1c17cb53c737ebd1e22d1bb9ec15874ae23e33248ac8","","ready-for-visual-review","reviewed-ok"
"257","熊猫宝贝背景","熊猫宝贝套装","1","background","extract-swf","default","swf-stage-frame","module/nc/farm/diy/257.swf","8160139c5640249b8048ae85d27caa9f8520f8a540ceef1f3c33eaa6d4552cd1","stage-frame/257.swf/1.png","ca42397e020a15819877e2907d151f9454bc806e549918101451b81390a10585","1036","803","831908","0","0","1036","803","0,0,20720,16060","0.0,0.0,20720.0,16060.0","module/nc/farm/diy/257.jpg","4e26ebc583e9a479b56723441f3138172039427ec403e7475961c917a95b271b","module/nc/farm/diy/257b.jpg","b626bc47534d96ab329397a9574974b415c7abfa03bbb1a951638f3bcb4d9c7e","","ready-for-visual-review","reviewed-ok"
"258","熊猫宝贝大屋","熊猫宝贝套装","2","house","extract-swf","default","swf-content-frame","module/nc/farm/diy/258.swf","8b30c6190f9501013dafdab85a95f086e2981cfb2301c6b9f85894870cc30917","content-frame/258.swf.png","5884f389bd8024ec9ed9a3745344a9852cba50020de3dd9eff6a01586ceb4152","232","263","38735","1","1","230","261","0,0,11000,8000","-340.0,-2469.0,4600.0,5220.0","module/nc/farm/diy/258.jpg","9395c9a3aba9179eee1bfc8b1ca596a1caeca146c5bea904168318795d0b8588","module/nc/farm/diy/258b.jpg","24d9da4d6c19b8d3968caf6ffcce6ec5a4c7dca32526b8d52565fd12bfff3266","","ready-for-visual-review","reviewed-ok"
"259","熊猫宝贝红栏","熊猫宝贝套装","3","fence","extract-swf","default","swf-content-frame","module/nc/farm/diy/259.swf","d1106a0d6aac2425e74a1b205f6fd2c2f3b5f91cfa3352f707b45865be78de23","content-frame/259.swf.png","6fbab8863cddcf3df640771a5446fe733ff61e1f0617298d4f03680fcb1c9ee0","475","248","13565","1","1","473","246","0,0,11000,8000","316.0,-1140.0,9460.0,4920.0","module/nc/farm/diy/259.jpg","78377e6c8397cd76fa895b4b619ca4a704af2c32f23697d2ec61f3bcdac361eb","module/nc/farm/diy/259b.jpg","067689a9481872fbd1bf9e34c1395da4a22eea532cfde763ac30313885f93ed7","","ready-for-visual-review","reviewed-ok"
"260","熊猫宝贝狗窝","熊猫宝贝套装","4","doghouse","extract-swf","default","swf-content-frame","module/nc/farm/diy/260.swf","f24e0f2fac867223c8bb6834591a46b90088eb15bf492ec1f1eb3ee7d9df7343","content-frame/260.swf.png","d0dac2315e32c40d492665cfd431fa2ce8a2a19f7a64d7733decf6dc8005be84","116","92","7085","1","1","114","90","0,0,20000,16000","-340.0,-1080.0,2280.0,1800.0","module/nc/farm/diy/260.jpg","477e14970a4fd6c61c4248c8c5aa41a4944cd7432a96ae9d241ed5582224ac33","module/nc/farm/diy/260b.jpg","89a78303084ceed6044ea47899a5f8a9aa811a165881e8b8dc2ff56548cc7e36","","ready-for-visual-review","reviewed-ok"
"261","公益背景","公益套装","1","background","extract-swf","default","swf-stage-frame","module/nc/farm/diy/261.swf","aebe86a79839707ae9a19ab0bb2273a7b26297d40a3c026944e2c55e0fca779a","stage-frame/261.swf/1.png","bab30d9c55aeb90b79e0fa511e0bb7a8d114cea435ca4725acff6f5e45e28446","1036","803","831908","0","0","1036","803","0,0,20720,16060","0.0,0.0,20720.0,16079.0","module/nc/farm/diy/261.jpg","4dd0c3f6dffbe99b026c29a014ab0d76d364b4721bb157387830243534675798","module/nc/farm/diy/261b.jpg","c1483d92732fb3567eceaf23dbbbdc9da8a344a4949e9d5b403fcb3dbb7c1aa3","","ready-for-visual-review","reviewed-ok"
"262","公益大屋","公益套装","2","house","extract-swf","default","swf-content-frame","module/nc/farm/diy/262.swf","127ce3892c40e75f3d7d1776f609fbe3a76561ef3e5bda20103fcc3fa1c46697","content-frame/262.swf.png","0d16ef0568bbfe6628e3ad9e2bd2730ba58d246485b8ba07c0d73f4b11fc4e32","257","263","38552","0","1","257","262","0,0,20720,16060","-742.0,-2271.0,5094.664055570734,5202.443542480469","module/nc/farm/diy/262.jpg","8fd28c754f4a3188a23762e920cda958d23857a8a23e82435e3b2f95103f36d0","module/nc/farm/diy/262b.jpg","cb3304f9acbee2039052c646bc2a1b8e00122262f6a189f0fd9eaf9d19c163fa","","ready-for-visual-review","reviewed-ok"
"263","公益围栏","公益套装","3","fence","extract-swf","default","swf-content-frame","module/nc/farm/diy/263.swf","20f8bf757a477b6fd2e39884cdb0d78e4b4f86e6b8407da014701de403d3de57","content-frame/263.swf.png","e8056170d12378b53ea9279ae9f1c8e4d39bb461e303a2e6c3c37548dde51c29","462","284","18158","1","1","459","281","0,0,20720,16060","145.9180908203125,-694.7043279679656,9186.087090526838,5633.244473953367","module/nc/farm/diy/263.jpg","84983bd1ac01195630dccd329709dffa59965b814c2258551c769a61c7b70468","module/nc/farm/diy/263b.jpg","bdc2b0d4582dc310c6b65c6b4acdff9ca822be61a96571ba2ede3e9462d3633a","","ready-for-visual-review","reviewed-ok"
"264","公益狗窝","公益套装","4","doghouse","extract-swf","default","swf-content-frame","module/nc/farm/diy/264.swf","0d713d33abf8bd7bd91204693627a0f69b717d19a3f58eed168bc4b381b49cca","content-frame/264.swf.png","474110f108d3d15fa9f57c06be802a32ee04f62ce0588bc83366599977e055da","97","93","5352","1","1","95","91","0,0,20720,16060","-24.0,-933.0,1900.0,1820.0","module/nc/farm/diy/264.jpg","ccd590e33a4b485ee601622521d93a6781070bb7baf0cc74d9f52ea5e26e4cea","module/nc/farm/diy/264b.jpg","f360f555f46fb3e80eb2a62d43c3356ac93ece0789333983b4afaa01936babf0","","ready-for-visual-review","reviewed-ok"
"265","三亚背景","三亚套装","1","background","extract-swf","default","swf-stage-frame","module/nc/farm/diy/265.swf","58d48f35b567a0e921b078d86916322466c54b4160f6392e79e03b74c10e7721","stage-frame/265.swf/1.png","43abe04b22f3266ee6a06ce1ba863f036db260e45b582af2e680c6ec19f297ee","1036","803","830070","0","0","1035","802","0,0,20720,16060","0.0,0.0,20720.0,16060.0","module/nc/farm/diy/265.jpg","4ac1ff8afd27323f4143fb7a5f21f67d7a082d1843b91c1eaa73c7748559d381","module/nc/farm/diy/265b.jpg","1a75e1460af445b0b79b82487da6183f0cd85c7a9f94c41498118848f189023b","","ready-for-visual-review","reviewed-ok"
"266","三亚大屋","三亚套装","2","house","extract-swf","default","swf-content-frame","module/nc/farm/diy/266.swf","8f87eb4e5045c7deaf338ffaa6a48d51f71f0b200cfba04598c5a2412f32d085","content-frame/266.swf.png","a4b6fc2c047e5f68def0c69c3a6067d747276f1e1d3ae6383474b45e903ff271","392","294","50936","33","40","331","237","0,0,5200,4000","-1561.0,-2353.0,7800.0,5840.0","module/nc/farm/diy/266.jpg","b4b6de36478c8c2af3f5145d7f93d3c0e47d7ec8ab431d0762b91002b416595e","module/nc/farm/diy/266b.jpg","f42025c4ec91e5146695e3a49be5d8dda9c0c10373e3c7c8b16d161fef3e237d","","ready-for-visual-review","reviewed-ok"
"267","三亚围栏","三亚套装","3","fence","extract-swf","default","swf-content-frame","module/nc/farm/diy/267.swf","1e6a07ca1c94260fc600008fd1f1cd35f6ef05096b9a51a99bbe9e1054094d33","content-frame/267.swf.png","0d35b7015d99a3be9f9275e5c3e3e949e617b3e19d73502d36f185a51e1c7db2","526","402","24833","81","113","431","284","0,0,11000,8000","1166.0,-2753.0,10480.0,8000.0","module/nc/farm/diy/267.jpg","e75f8f677043f4962bfb3dd871f44bc0e913df0fe907d745faa49fc79df9e1d8","module/nc/farm/diy/267b.jpg","5308ec01b7273961159c05ada46147c62b28095016a4ed23c6dbafb993600f13","","ready-for-visual-review","reviewed-ok"
"268","三亚狗窝","三亚套装","4","doghouse","extract-swf","default","swf-content-frame","module/nc/farm/diy/268.swf","2b2747e1ee3bc679da5e40279d7e3d3a98e0295f5ad70b5bea62f61e332f4f0c","content-frame/268.swf.png","8e1b803628e804ff86749b815572514775e8e7f0f8baf4461bb16aad63006518","102","102","5479","1","9","91","92","0,0,4000,4000","-280.0,-1353.0,2000.0,2000.0","module/nc/farm/diy/268.jpg","e519d49dd21b0f2c488ef6fec03b8d5e22c5455d6d19211b37a2b553a52d62ce","module/nc/farm/diy/268b.jpg","2bc1bb11114ec1197b9f3ee85fda43e782a2e3a67f3e60a2a89bc63e31156350","","ready-for-visual-review","reviewed-ok"
"269","绿色背景","农场绿色装扮","1","background","extract-swf","default","swf-stage-frame","module/nc/farm/diy/269.swf","20968b39de4ddeaa5627294c917e8651fddb82c854a69f2b0e1894aedb5e59a9","stage-frame/269.swf/1.png","ae586195c8cecb6517964d0bbd72cdc68796846348b13546f855f4537116167a","1036","803","829836","0","0","1036","801","0,0,20720,16060","-79.0,-40.0,21000.0,16060.0","module/nc/farm/diy/269.jpg","b337d393db64d6d6ec8f4728fc7c5a634b8b2a0cab5a657455e5db0d3dc1202d","module/nc/farm/diy/269b.jpg","5ff58ae77038dbc3028467f2dc4b30ec78f83a92d52445c024340ad4aadc75f3","","ready-for-visual-review","reviewed-ok"
"270","绿色大屋","农场绿色装扮","2","house","extract-swf","default","swf-content-frame","module/nc/farm/diy/270.swf","0b84a7a129c7376781d493d42ff6ff8636fcd2c18f5e6c4d9fc8ce19bd89b938","content-frame/270.swf.png","3a0bd3fdee9cb343318112c740694b3f071ed42f6947d14017ccefa66054d759","237","196","29078","1","1","235","194","0,0,4700,3880","-420.0,-1700.0,4700.0,3880.0","module/nc/farm/diy/270.jpg","94fb625aa114da947c8de5419198a69aa44ad023b3f815188dd9f054af3b5678","module/nc/farm/diy/270b.jpg","d31cdaff7d7b7c01312f8f8838be90ffc9cacb031e1c9492e78cdb6c5a61bdce","","ready-for-visual-review","reviewed-ok"
"271","绿色围栏","农场绿色装扮","3","fence","extract-swf","default","swf-content-frame","module/nc/farm/diy/271.swf","c98a31d46c8ca20b6d84cb86fc4bb8daf27cf99bbcb37d3bbad7c6092f3fb09a","content-frame/271.swf.png","d835e8d2c594f340f488135c98c85fec9095a2d1c671bd76234f5ce9cc192348","326","164","5691","1","2","322","161","0,0,11000,8000","3240.0,-380.0,6480.0,3240.0","module/nc/farm/diy/271.jpg","7a2326dfd2e5005ab48bbfd7bf35304fb480c52bd7ae5dc490c80018a5a3c33f","module/nc/farm/diy/271b.jpg","ccc0f1045c5ab8a2f5fa3a9a837e2fbf5f1c0ef56aeccbc5de495f1e05cea160","","ready-for-visual-review","reviewed-ok"
"272","绿色狗窝","农场绿色装扮","4","doghouse","extract-swf","default","swf-content-frame","module/nc/farm/diy/272.swf","59159ba9cd129c34c8eaba69b914912d730a3d22e0ba8c824589e81563b046da","content-frame/272.swf.png","abafe003408390ca652e596e10d8a823e13c1ecf5691ee93c350cf2b5d699f2b","119","91","6126","1","1","117","89","0,0,11000,8000","180.0,-1220.0,2340.0,1780.0","module/nc/farm/diy/272.jpg","5e3fb7145f3353f73bd919706a4a9d8b2423a1c27d63470318d936849a8b2e0c","module/nc/farm/diy/272b.jpg","8ad67d54fcd66e5e311a246817ebf3be59bd404a3b9eaecee3df6fe384010fbe","","ready-for-visual-review","reviewed-ok"
"273","心相印背景","心心相印套装","1","background","extract-swf","default","swf-stage-frame","module/nc/farm/diy/273.swf","ed566e93e9c25e027f9a35c9077df26f57ab624a695de9527b9a79fc4c4ca235","stage-frame/273.swf/1.png","c8f41ca3bd51230583f83b85a74251cf72d180159613de256dc977d823dd29f2","1036","803","830070","0","0","1035","802","0,0,20720,16060","0.0,0.0,20720.0,16060.0","module/nc/farm/diy/273.jpg","804d1529eeb0502cb19e211a50aa613e75f36802d9635c1709b003c09e58a037","module/nc/farm/diy/273b.jpg","b00082aafdcbf1a0d489b12190719528c30f9c76f49869ea11bea2e5d89fb211","","ready-for-visual-review","reviewed-ok"
"274","心相印大屋","心心相印套装","2","house","extract-swf","default","swf-content-frame","module/nc/farm/diy/274.swf","be8dedd5577f222486c0042bd77c0d3f6ce0f0103c61416c1af50ef48746afb6","content-frame/274.swf.png","51e8c9cc9e50c6e31c3246e6a09589d418783cfe7ad8cf29e08b62131873db4c","336","307","38558","35","19","258","268","0,0,5200,4000","-794.0,-2863.0,6680.0,6100.0","module/nc/farm/diy/274.jpg","b26c719180601e66bb3c1d4e3f1b2790d945f85eff4531fe4cae1b47e97dde6e","module/nc/farm/diy/274b.jpg","d9ee1d906406dc3dabb803fd0887ebe6f476a368dcbcfa1dc8e146f3e5d17254","","ready-for-visual-review","reviewed-ok"
"275","心相印围栏","心心相印套装","3","fence","extract-swf","default","swf-content-frame","module/nc/farm/diy/275.swf","7df87794da30e8f0283ab66db1e910ba9c2d45eed805df0d744af88e8a29ac69","content-frame/275.swf.png","9072c8043bfc8ef2e0b377220065595e4414aad1ea238499631037b72f504fcd","398","172","24155","1","1","395","169","0,0,11000,8000","3148.0,286.0,7901.0,3388.0","module/nc/farm/diy/275.jpg","a14bf545d542ab749dd38e1ff0bca477ecd7e24ac92b4b6f9b4f875e8fc96fef","module/nc/farm/diy/275b.jpg","7472944e83d50e5f88e6f2c0d46eda04d523c90681ff2e8fa5dc4337d52d0f30","","ready-for-visual-review","reviewed-ok"
"276","心相印狗窝","心心相印套装","4","doghouse","extract-swf","default","swf-content-frame","module/nc/farm/diy/276.swf","eabc925f3e4cef6797120fbea6395a483f8f49024dda8c62ead7adc756dceeb2","content-frame/276.swf.png","14bad7ec139816c8b2fac03b02676b645a64ce0ca8d577afc35ca3d0ce6f3bda","121","96","7074","5","1","115","94","0,0,4000,4000","-540.0,-1213.0,2380.0,1880.0","module/nc/farm/diy/276.jpg","f2e93a196a453ae4f0fadc43705e7a2d6eb4859df11adc606281bf5aba818170","module/nc/farm/diy/276b.jpg","7243d9c0e24e5a6ed0ace93727d67d9984d2833197cb70fc78ceb71aa0dd758a","","ready-for-visual-review","reviewed-ok"
"277","QQ返利背景","QQ返利套装","1","background","extract-swf","default","swf-stage-frame","module/nc/farm/diy/277.swf","4e2fb30dee4befbc7737a62bf87ab9515023bf9e5945bbbcae7fed509a39bed2","stage-frame/277.swf/1.png","f148cabf2a072d2e94c2e93756b0c7ff3c53e50040e7e8ff2801eb4f3d8c0b91","1036","803","823620","0","0","1036","795","0,0,20720,16060","-58.0,-159.0,20958.0,16057.0","module/nc/farm/diy/277.jpg","a2feeb4d127d0bb4195a8c958ebbe6d931d43039eeb02f8b3f053743122544d9","module/nc/farm/diy/277b.jpg","eb3b07c8217ef0aaf6007d4aa401c22ec8cc8cdf8c65aefe1859593e94911bd5","","ready-for-visual-review","reviewed-ok"
"278","QQ返利小屋","QQ返利套装","2","house","extract-swf","default","swf-content-frame","module/nc/farm/diy/278.swf","fbb456b13954475625a32e8dd45ef5f98a3e31c3f076d1610e7a5a814995e187","content-frame/278.swf.png","8009dee1ba9d72da42bbfb16d5f7542b68da73a4f9e0641ad2da425f2a5073a5","290","220","38312","1","1","283","218","0,0,11000,8000","-860.0,-1600.0,5760.0,4360.0","module/nc/farm/diy/278.jpg","4fa807620c26c2d25c72701ca68c4d7721dfe6c3f9221cedb3c3a414ea337505","module/nc/farm/diy/278b.jpg","8300aefb068293fd30a1d043479c4d41862f99d46278ba4d8e86c7ddc57e5f95","","ready-for-visual-review","reviewed-ok"
"279","QQ返利围栏","QQ返利套装","3","fence","extract-swf","default","swf-content-frame","module/nc/farm/diy/279.swf","9cc7199eadeb552b435b111d15c08c4fcd3385ef3a394086042a62f247eb0917","content-frame/279.swf.png","874b3b31397848edd9d1e54fb3626c4a098c4fd3bd654b3fcf640035e21a3009","469","249","4366","1","1","466","245","0,0,11000,8000","420.3333333333333,-660.0,9328.666666666666,4938.0","module/nc/farm/diy/279.jpg","46345e33a36283e87d7831e9dd2c3f7b9cd0626be46a14e205908d503f7a5f8d","module/nc/farm/diy/279b.jpg","5067a073adda07fe1143b3f602fa57978aeccb0cab43a116e23f6cfd1c798d1a","","ready-for-visual-review","reviewed-ok"
"280","QQ返利狗窝","QQ返利套装","4","doghouse","extract-swf","default","swf-content-frame","module/nc/farm/diy/280.swf","e17934849c95000892498d044adc2f3dbffc89d20d8eff5816a677cd7fe35f56","content-frame/280.swf.png","9e61e799ef08500758ee12ae213f34a3114ec5cb21e1f9dc7b93b13f744a6729","121","103","6421","1","2","104","99","0,0,11000,8000","-428.0,-1342.0,2373.0,2013.0","module/nc/farm/diy/280.jpg","af1421558c39634a83ec53e5b9510c94103fa78b733249ed87d2905fc2abadb4","module/nc/farm/diy/280b.jpg","911b5c9bfc2797ad9da65414c6a1cde279d3b9d90f436597a4703399c62d83b4","","ready-for-visual-review","reviewed-ok"
"400","新年快乐","新年快乐","1","background","extract-swf","default","swf-stage-frame","module/nc/farm/diy/400.swf","efb8b3fe8bb0757a85531119a7653647ec712e455d319bba05481702e3845a42","stage-frame/400.swf/1.png","4e3406731cb0f46bac0d16f0e3385745412cecdfdc1806d9f5ed63435fd26b54","1024","800","819200","0","0","1024","800","0,0,20480,16000","0.0,0.0,20480.0,16000.0","module/nc/farm/diy/400.jpg","b439dcc4062c5d202ebaa38016615b3f0f73fb3ce2354bf0a58451b62c670bce","module/nc/farm/diy/400b.jpg","1d593dd5364827f9ffb14c105de877602a1a1995da7e9cbe8d0f3db77024cb45","","ready-for-visual-review","reviewed-ok"
"401","新年小屋","新年快乐","2","house","extract-swf","default","swf-content-frame","module/nc/farm/diy/401.swf","e0438d5354655168623c1fafbc5434916fd53335496b952d8dadb5afcca6f12b","content-frame/401.swf.png","63475770947045b5b4127cb2896db1e760364ed7db954c9a7a7bd24d045e4cee","318","372","60955","2","1","315","370","0,0,2000,2000","-420.0,-4580.0,6320.0,7400.0","module/nc/farm/diy/401.jpg","8d07eb8db5d75f80169574a52fc1d7913f7be550e14aba77eb94d5953fa5ae4c","module/nc/farm/diy/401b.jpg","7b3b6cb2f9b2abe7e603ab6e3b8c16a9894fc83df3571f039afdad960e98c693","","ready-for-visual-review","reviewed-ok"
"402","新年围墙","新年快乐","3","fence","blocked-conflicting-source","excluded","blocked-conflicting-source","","","","","","","0","","","","","0,0,11200,4600","-51.85355577970806,-384.1450499572189,11173.234885634038,4673.145049957219","module/nc/farm/diy/402.jpg","f0cd6121bda74bc2b520d0174dcbba01de8ed9a62b3619f03bb5fd4b681613cf","module/nc/farm/diy/402b.jpg","08f5d4fada8c68b7eb7d6db894091391f27d84a83004fa680ea4eac97f1f55e9","conflicts-with-config-name-duplicates-95","blocked-conflicting-source","blocked-conflicting-source"
"403","新年狗窝","新年快乐","4","doghouse","extract-swf","default","swf-content-frame","module/nc/farm/diy/403.swf","1e1a2155e2c348bae2290aed06a91c8f6bf1a74a978db0ea2638684028c1f495","content-frame/403.swf.png","9d667f18d0e84ed3b3ec4d2c3810f1f0c213bf9e8d7743531fd0ef2377357302","122","122","6906","8","16","109","91","0,0,2000,2000","-140.0,-2160.0,2400.0,2400.0","module/nc/farm/diy/403.jpg","56bac346227c2062ebb45bc12f8e09ed695f9967aabc4f7283d7d208a1f043a4","module/nc/farm/diy/403b.jpg","774aec07dc11509a914c01673b54affad11a9d01d8c955492fb9da4f38c57ccb","","ready-for-visual-review","reviewed-ok"
"404","简单世界","简单世界","1","background","extract-swf","default","swf-stage-frame","module/nc/farm/diy/404.swf","71178dba8afa800e960982b40565e4a545c378d5e4b6895b336c487380e064f8","stage-frame/404.swf/1.png","74c16d9fd8ebfbe3d498ae35272721af48ed52bf0a9750bdf11cc8f1eac7e437","1049","812","851788","0","0","1049","812","0,0,20980,16240","0.0,0.0,20980.0,16240.0","module/nc/farm/diy/404.jpg","6f4412afe84af0d35b8ffa2701e727e0db23fd00d6870f729f3a8089d5ef5745","module/nc/farm/diy/404b.jpg","025c0604be524d2bee7633debfa912ffaa03cbf42bd4347f42ffd72021b3e1c7","","ready-for-visual-review","reviewed-ok"
"405","简单小屋","简单世界","2","house","extract-swf","default","swf-content-frame","module/nc/farm/diy/405.swf","d82629294627af34a0e460109f42bbc20562cc59d02732244f70e234e6ce0d87","content-frame/405.swf.png","f81d2504f3dab186d0e3b0833773bc01b6ea01d674bebeda9eee08eaf1b6542b","150","232","21650","5","11","133","217","0,0,2000,2000","1600.0,-2460.0,2960.0,4600.0","module/nc/farm/diy/405.jpg","b68663f4ab3ccd0881272f96c2b1fe7df2ec0a2bfc4f451f3ae0e96cc9fe9918","module/nc/farm/diy/405b.jpg","7d6bc0a59e02a3d3e0b410d6a6f298df332e68840a49a25646f8f1750eea702c","","ready-for-visual-review","reviewed-ok"
"406","简单围墙","简单世界","3","fence","extract-swf","default","swf-content-frame","module/nc/farm/diy/406.swf","1b4895b6396b61956ab5c87bdf5889dab5e7e5a06e3d0a24c294e20932a03e2d","content-frame/406.swf.png","43d055d88353dd72b96be45524314c789aa38167faa7dea90e75f7390d4c0fab","370","181","7494","1","1","368","179","0,0,2000,2000","1879.0,-88.0,7360.0,3580.0","module/nc/farm/diy/406.jpg","db47335636d287a3db5412ac8d2d781bb3bb1d00e94658513e1e5e8e3653c2b8","module/nc/farm/diy/406b.jpg","63380cbe037161b3e21e3b1c92539b8ca22466933f0523419f248c8049ea6b07","","ready-for-visual-review","reviewed-ok"
"407","简单狗窝","简单世界","4","doghouse","extract-swf","default","swf-content-frame","module/nc/farm/diy/407.swf","d9c101116e74f2381bd5f50ad63bfe6580a73f7eec1911bb5ab6f255654b30eb","content-frame/407.swf.png","1ad9b379608f0ce14999ceb7eb6bbcd6fcada628fc3afd0e0374a6cfaadf62bd","86","107","4245","5","9","80","93","0,0,2000,2000","280.0,-1340.0,1680.0,2100.0","module/nc/farm/diy/407.jpg","fdea041696c47a0e0f335fe37269b12f220d407c1fc5009623a9e5dbf21deead","module/nc/farm/diy/407b.jpg","8b9eb0d9e9a374c53917ded908e7ba6f18a50afda4f5fc142e27d456de2bc0e2","","ready-for-visual-review","reviewed-ok"
"408","桃花源记","桃花源记","1","background","extract-swf","default","swf-stage-frame","module/nc/farm/diy/408.swf","08112f112e38d4cb801a8c81e0914e6258432789e4ef7944c044fd31126e371e","stage-frame/408.swf/1.png","649295f7f23c3ee71959b4a4f7bf0e51fca3841fb349a7c55aed673127218d20","1024","800","819200","0","0","1024","800","0,0,20480,16000","0.0,0.0,20480.0,16000.0","module/nc/farm/diy/408.jpg","b0d9613e171912086a8f552d9ceb6ce80adba8e5fe6535bdfc45504401edb273","module/nc/farm/diy/408b.jpg","095c0cc690272b76bfc8e816aaea0ff77d8653ba8039255536cf82e695e9de8a","","ready-for-visual-review","reviewed-ok"
"409","桃花小屋","桃花源记","2","house","extract-swf","deferred-validation","swf-content-frame","module/nc/farm/diy/409.swf","52f023870234bac353199646fc73968efac9e6d8a288683ed657e88499f8747f","content-frame/409.swf.png","3766dc2aac27f0244f01e22975972cf81e5edb99b851f81cb07ad654fe742a21","449","1168","76546","1","1","447","1166","0,0,2000,2000","-360.0,-1373.0,8936.435760498047,23306.400497436523","module/nc/farm/diy/409.jpg","712d78dd8de21401556d8ea9b0aa7ab89f15ef2fd212578164fd98a6cb10473b","module/nc/farm/diy/409b.jpg","caa18ffa12217b4db257dfd4d07c8c5b9f967a01f710df65045fbb876c2eb87a","","ready-for-visual-review","reviewed-with-note"
"410","桃花围墙","桃花源记","3","fence","extract-swf","default","swf-content-frame","module/nc/farm/diy/410.swf","be42917f9f480b4e33381128a02019a8e87c598d012ca5aa0c100f809f913e94","content-frame/410.swf.png","01b123992ba0b8755b4fafd211aae8f10cb67af59fd24f82aef9c156a5af66cc","902","565","12839","5","3","880","551","0,0,2000,2000","-5680.0,180.0,18000.0,11260.0","module/nc/farm/diy/410.jpg","186d1d9242318212925721eeec3af8eb6f16518a110f59659f0cc596a7c584f2","module/nc/farm/diy/410b.jpg","ca655f62322448845f4470fc129bd97f6db4271acd55cc8d24f6f7aca0d83141","","ready-for-visual-review","reviewed-ok"
"411","桃花狗窝","桃花源记","4","doghouse","extract-swf","default","swf-content-frame","module/nc/farm/diy/411.swf","4a34d9f4a82988e161783eef375faa127cb512d9a6a0ef855802c41fa362a55a","content-frame/411.swf.png","54cc60496b7f62e438decfd1930c370b75e3ac5b8c127019ee8da86b76f4d96c","142","142","9900","2","9","139","119","0,0,2000,2000","719.0,-1780.0,2800.0,2800.0","module/nc/farm/diy/411.jpg","fefcf96f6f6bd98dd106d09848ebde1b3537367e6d31e9a3447de8fc13dbf75b","module/nc/farm/diy/411b.jpg","488b525ae3503a991fe4c79e193427583f236927bad49cece17ac875da78f06e","","ready-for-visual-review","reviewed-ok"
"412","星际地面","天外来客","1","background","extract-swf","default","swf-stage-frame","module/nc/farm/diy/412.swf","1b717e6d7efa5f948c2b6483e5603878787bd3a210c3713ccaa248677b92d8e7","stage-frame/412.swf/1.png","da079f4dbab26ed986a93d842ededb433e3ef49edfd4d8d05aeed539022504fd","1024","800","819200","0","0","1024","800","0,0,20480,16000","0.0,0.0,20480.0,16000.0","module/nc/farm/diy/412.jpg","bd355b90f5c635761e367f51a7ab596d0eb8aa7ab9bff63139a73aa64ee7f760","module/nc/farm/diy/412b.jpg","e0e62acf233d6994736500cee240701ff9d6b762e73f2f168592a9d2720dc0b0","","ready-for-visual-review","reviewed-ok"
"413","天外来客","天外来客","2","house","extract-swf","default","swf-content-frame","module/nc/farm/diy/413.swf","5c816cbbf07f3e00f818251faf458b5cd2b37c20b454e657d90793297be53058","content-frame/413.swf.png","cd2a8607fe31b5b464355f19ed3abf2d20ad7891fe88eb4567615a7f8e2d7dc6","280","296","50229","1","1","278","294","0,0,2000,2000","2438.0,-1513.0,5560.0,5880.0","module/nc/farm/diy/413.jpg","b174c4542ee5fe0f193fed8bb035b7663577a04b8f626325f9b16aeb2e39d750","module/nc/farm/diy/413b.jpg","c67fa31a117a9e3dcf4c8dfd7214c7e532a95ae9e1c5eec282becc6104b2e4e5","","ready-for-visual-review","reviewed-ok"
"414","外星栅栏","天外来客","3","fence","extract-swf","default","swf-content-frame","module/nc/farm/diy/414.swf","2b0d86fa616d384cf795ca387b6d9443d6b62c17a403cdd8a2a8b0f0139c6fa8","content-frame/414.swf.png","4f45eb779750c67385baba59fb241d6521e45dac289ce7d60f8d719d57da21d8","1026","802","48704","1","2","891","573","0,0,2000,2000","-4821.0,-1020.0,20480.0,16000.0","module/nc/farm/diy/414.jpg","5dc7e0153dc4f58517efd649fafacccb8893fe4d9a16eb76d5557c1b04366e51","module/nc/farm/diy/414b.jpg","4e2102fc67ba1b6996cf71dee190c3e4ec16d39309d48bfe4d61654babe85bb9","","ready-for-visual-review","reviewed-ok"
"415","蛋壳狗窝","天外来客","4","doghouse","extract-swf","default","swf-content-frame","module/nc/farm/diy/415.swf","59e428fee8305775737e4d6188a42e7a2fe2a3e0efd9b45db3807c26e90bc2c0","content-frame/415.swf.png","2e99adc410a269a75118596f3adc419e500be3a10f7b78d7457156b46fc86400","142","142","10387","23","6","102","135","0,0,2000,2000","1159.0,-1160.0,2800.0,2800.0","module/nc/farm/diy/415.jpg","b2447a181674bfd371dd5eef7edf267096c19eb1cfc8e2b20daa5c0f7ce4c00b","module/nc/farm/diy/415b.jpg","a81d95379c4a10c8bfde5d861185e3648423b223aa1bdd8fb27a223398a24d2d","","ready-for-visual-review","reviewed-ok"
"416","冰天雪地","雪山飞狐","1","background","extract-swf","default","swf-stage-frame","module/nc/farm/diy/416.swf","2ecc8e6370eab382eff57365f5a8d7d1bfc381dc47656d1b5e95103fd17c0cda","stage-frame/416.swf/1.png","408bdd976f328af1f06e30762f575550716a0b2d13e94935e867fed36459a831","1024","800","819200","0","0","1024","800","0,0,20480,16000","0.0,0.0,20480.0,16000.0","module/nc/farm/diy/416.jpg","989f942dcf76fc2c1eb5db5a72df8927fb99fcf23328304669e085961d65b68a","module/nc/farm/diy/416b.jpg","9a32f870e6d086eee255f2b79f084c4771be116f32beb890631a714286a84cd6","","ready-for-visual-review","reviewed-ok"
"417","雪原小屋","雪山飞狐","2","house","extract-swf","default","swf-content-frame","module/nc/farm/diy/417.swf","7c549e5681633e9a2eb604ad46627543e7b892649efb80b3e2fdcea3a4ed8355","content-frame/417.swf.png","1985c0cdf503959e9fcbf37c6acd87652a1e346404f8a9ffe5e4f8c7f9b6d100","291","250","46609","1","1","289","248","0,0,2000,2000","116.0,-2640.0,5780.0,4960.0","module/nc/farm/diy/417.jpg","adcf057056d2a0461d23fb0ec2b64ef3df7359e07d80ac5a265798ac5ae188e2","module/nc/farm/diy/417b.jpg","64807449053932c08d18ff3d373a72797d98d0fedb2ab0a2ba6f240511701d91","","ready-for-visual-review","reviewed-ok"
"418","木质栅栏","雪山飞狐","3","fence","extract-swf","default","swf-content-frame","module/nc/farm/diy/418.swf","71d4a9fb1f29bd178e3ad122b6efe1f4ae466f5ff6a67c34f23515ab1e1010a3","content-frame/418.swf.png","5d604e2b5f88e67dd5100a71a5b4ddf98fad9f940894ef4b683deed210a8ce27","555","230","10925","1","1","553","228","0,0,11200,4600","-287.8751220703125,-422.7689208984375,11050.619094848633,4556.508544921875","module/nc/farm/diy/418.jpg","996c7dd7996fae0eedf03c3658d4dedc2ccdd611ac6511269b1ffa73350ed261","module/nc/farm/diy/418b.jpg","f7959412114c6f3ae844ffbac0a12f8ba9a0e6fd6491c5fafb9fd37c783455b6","","ready-for-visual-review","reviewed-ok"
"419","别墅狗窝","雪山飞狐","4","doghouse","extract-swf","default","swf-content-frame","module/nc/farm/diy/419.swf","3982a5adca30e4bf2e7a72e24235e16cdc197cd11134e50ef5bee04993730a95","content-frame/419.swf.png","d53894627e9858e44aeaa8e3fa74c6ffc56f9b98ed8c572ce48a2aa02082f15a","122","118","9578","1","1","120","116","0,0,2000,2000","260.0,-2460.0,2400.0,2320.0","module/nc/farm/diy/419.jpg","63813a8339c24e70a16bce7f124e92aa91569a8f3dea90c05edcf44456a74b70","module/nc/farm/diy/419b.jpg","8d83c8f583b376d45c31fdb50581bc21aaacace1488ea39b291eff7c1136e422","","ready-for-visual-review","reviewed-ok"
