"source_file","area","category","entity_id","extension","bytes","sha256","processing_status","current_target"
"module/index.htm","index.htm","other","",".htm","1","36a9e7f1c95b82ffb99743e0c5c4ce95d83c9a430aac59f84ef3cbfab6145068","inventoried",""
"module/loading_v_13.swf","loading_v_13.swf","other","",".swf","16635","9a19e89c723a47be64fe403b2827d06dc6bb3f8d9b5826e2b840ccd8690134b7","inventoried",""
"module/mc_ini.xml","mc_ini.xml","other","",".xml","37160","8ac5d45defc81d9d9d30b662ea1ac280eddc49182ccd74b06d96cf6be55ac94e","inventoried",""
"module/mc/farm/diy/up_p1.jpg","mc","pasture-decoration","",".jpg","8138","7546aabf17c3f66af933d414e186d7cd4af7fcd520b87b192ae608aa7674cc91","inventoried",""
"module/mc/farm/diy/up_p2.jpg","mc","pasture-decoration","",".jpg","7880","f4dd0bc1d34111121e7f01f1b9c983dbebf0c0feff9b151ec6f691fa8c8bb94a","inventoried",""
"module/mc/farm/diy/up_p3.jpg","mc","pasture-decoration","",".jpg","5137","a528f715dab5e820be6f63c62d109568b2ed3e09af41427a0bdd8b4fc8c25f95","inventoried",""
"module/mc/farm/diy/up_p4.jpg","mc","pasture-decoration","",".jpg","7156","0c3728583f962e6ecadbbb0204641d345a2e3fdc4a00940535b1b8fc26745c25","inventoried",""
"module/mc/farm/diy/up_p5.jpg","mc","pasture-decoration","",".jpg","7477","377703f3be19168fd6030fc37c06d75d2d268105d871ef13a3e19d781e3b07ec","inventoried",""
"module/mc/farm/diy/up_p6.jpg","mc","pasture-decoration","",".jpg","7531","1b00b140afbd00c36c2198bcda9e9233d8231b79c2ef3b201aecf3ed1a5f9ad1","inventoried",""
"module/mc/farm/diy/up_p7.jpg","mc","pasture-decoration","",".jpg","8312","0fdbccfe3f8548145ad10f025621753b4bf1d02c5c6509d6515ddc16c515f751","inventoried",""
"module/mc/farm/diy/up_p8.jpg","mc","pasture-decoration","",".jpg","8831","da1da152b38a2176c0d748d6e927766a03f9bea62421618754caed839a53f45a","inventoried",""
"module/mc/farm/diy/up_w1.jpg","mc","pasture-decoration","",".jpg","6722","bd2d4e89a57e8022750afd104324f84ee398a6526edfb953be0a7513f8f31bd6","inventoried",""
"module/mc/farm/diy/up_w2.jpg","mc","pasture-decoration","",".jpg","7452","b21f931c0c9e999f47e2ace7f1ac3dc05559f4aad08c60d0d3f57b8127bcbfca","inventoried",""
"module/mc/farm/diy/up_w3.jpg","mc","pasture-decoration","",".jpg","7958","2903865732aa71dd4c5094803f22d6656c1dd083f91d7c63dffd91e5c016ffd7","inventoried",""
"module/mc/farm/diy/up_w4.jpg","mc","pasture-decoration","",".jpg","7445","447161aa6b0c681b226e650261081767ddcc51dc2e931c5716363dfaab3afa8d","inventoried",""
"module/mc/farm/diy/up_w5.jpg","mc","pasture-decoration","",".jpg","8207","cda332e27aaa8f1f066bd5633a79542c5f910f8c90a234ad518bc8c1f3427a72","inventoried",""
"module/mc/farm/diy/up_w6.jpg","mc","pasture-decoration","",".jpg","8445","b3d66d369bb06be91445f1e7fbbb172f054c1282100617c7b0cc43e4332754fe","inventoried",""
"module/mc/farm/diy/up_w7.jpg","mc","pasture-decoration","",".jpg","9512","58cd90b50e67adaf12555409def1a726299553187b7f0532d65abbe130fd258c","inventoried",""
"module/mc/farm/diy/up_w8.jpg","mc","pasture-decoration","",".jpg","8640","b726b77c62bb7222a0e5af1c91afe4095330dbc8f7f2484b1c9e4936c4b0ac84","inventoried",""
"module/mc/farm/diy/z1_101_1.swf","mc","pasture-decoration","",".swf","165379","dd19802f60790182aafc860602d71467f0bb3dde8bc9c2ec6e732afabbbb1b2e","inventoried",""
"module/mc/farm/diy/z2_102_0.swf","mc","pasture-decoration","",".swf","36","d3f906d3b59d44ca1be26df9c10b012720abe3ab6025de3197b0675cf05451f4","inventoried",""
"module/mc/farm/diy/z2_102_1.swf","mc","pasture-decoration","",".swf","17538","fd4e14c0ecf116ca3bae87a08a01c670460322dca9e3a6de3de433647e6050fa","inventoried",""
"module/mc/farm/diy/z2_102_2.swf","mc","pasture-decoration","",".swf","21755","412aa4605e445794cc0c6d42ddc7bd7b7d8e0165292be030fab53e6b000228cd","inventoried",""
"module/mc/farm/diy/z2_102_3.swf","mc","pasture-decoration","",".swf","23983","df835a7aaa81ab59d9d597b8e10a203eeafe2245b70fe9aae6bd482fc12c6b98","inventoried",""
"module/mc/farm/diy/z2_102_4.swf","mc","pasture-decoration","",".swf","25353","652bb686865bd25f37c4d1fc8e21d3e879795f6ade802d5289922e0b5f254295","inventoried",""
"module/mc/farm/diy/z2_102_5.swf","mc","pasture-decoration","",".swf","38275","38853c37e021697d5bf6a4adc3bc08ca8d961ec5b7af626f04cb4e1f823c91eb","inventoried",""
"module/mc/farm/diy/z2_102_6.swf","mc","pasture-decoration","",".swf","24772","52e8e66b2f7d3244127a28aed11b2c9c59de8214aa8fa63b2484f9646aef7967","inventoried",""
"module/mc/farm/diy/z2_102_7.swf","mc","pasture-decoration","",".swf","28101","ea0a120512fd5e207d6bf9944ca3a02f3a7b41a0b3fca36f314c2aa7e8382daa","inventoried",""
"module/mc/farm/diy/z2_102_8.swf","mc","pasture-decoration","",".swf","28001","61c354d79abc54bd04ee78e7321ffc3ee210b064026d7428857137effdd1a9c1","inventoried",""
"module/mc/farm/diy/z3_103_0.swf","mc","pasture-decoration","",".swf","36","d3f906d3b59d44ca1be26df9c10b012720abe3ab6025de3197b0675cf05451f4","inventoried",""
"module/mc/farm/diy/z3_103_1.swf","mc","pasture-decoration","",".swf","22669","f894207c1b2aa4a496136c27bb85047646637fd142f9e9c188e91007e59a3711","inventoried",""
"module/mc/farm/diy/z3_103_2.swf","mc","pasture-decoration","",".swf","18743","4772b76919a6b5f01f7712d7eed1b23323f7267ff13f7d76f698ff5ae0ac7cf0","inventoried",""
"module/mc/farm/diy/z3_103_3.swf","mc","pasture-decoration","",".swf","21383","a6369e2da6a4c9f1ae3b7ae31bbe97db3f2656539898ad608b473252a514a6a2","inventoried",""
"module/mc/farm/diy/z3_103_4.swf","mc","pasture-decoration","",".swf","22190","af9902ed472d1659248f3b55da15161241a1ec80dd09f18c9aeff08bcf892d9c","inventoried",""
"module/mc/farm/diy/z3_103_5.swf","mc","pasture-decoration","",".swf","26083","6da6ad215b73c3b5ada83c2da8d13cb58e3120d0924d292f74d3c2c328bcf223","inventoried",""
"module/mc/farm/diy/z3_103_6.swf","mc","pasture-decoration","",".swf","24941","9facfab87b153e0f3871cc90cbdfbbdced9fcce34f26fa508308b6839e0a2b25","inventoried",""
"module/mc/farm/diy/z3_103_7.swf","mc","pasture-decoration","",".swf","29142","51f9ae8873af4139fa46a6c9962cf3d2ecc5ed0bbac5849822550bec693ef1a5","inventoried",""
"module/mc/farm/diy/z3_103_8.swf","mc","pasture-decoration","",".swf","32061","d423cd406e8cee5ca82a4140d88ca89e86361ba24caab8a703d1d66aefc7de41","inventoried",""
"module/mc/farm/diy/z4_104_1.swf","mc","pasture-decoration","",".swf","18097","f403076722acaa69304abf6b81631caf6a49026a9420f5d04a2210a6bee2ecdd","inventoried",""
"module/mc/main/animal/a1001.swf","mc","pasture-animal","1001",".swf","30137","91cabf6c79a619f515a4179dd7a502bafb6629de128cccec1c2c04a878dc80af","mapped-not-extracted",""
"module/mc/main/animal/a1002.swf","mc","pasture-animal","1002",".swf","37144","7c07631c609a24e91d967eb0d6ce2f2e6a2f7edee56b85af41f1af50f21228b2","mapped-not-extracted",""
"module/mc/main/animal/a1003.swf","mc","pasture-animal","1003",".swf","39845","26e56a7df4ed420fcd0f369a5f83af704e752d92aadcba882437d402905ced9a","mapped-not-extracted",""
"module/mc/main/animal/a1004.swf","mc","pasture-animal","1004",".swf","64774","5b9ef1d1f1e079a57f9b0f3d27359ff868bbfbbbc5c970e644c4dfd8c483f1db","mapped-not-extracted",""
"module/mc/main/animal/a1005.swf","mc","pasture-animal","1005",".swf","54710","5d2d22ce2ec2deefb51a746d417c0248f8530313fe9719ee3e0f3673f7d5fdad","mapped-not-extracted",""
"module/mc/main/animal/a1006.swf","mc","pasture-animal","1006",".swf","30619","2b58902aa467766cce58457de21ef3fadc70a767348e7e59db5d12856289a51e","mapped-not-extracted",""
"module/mc/main/animal/a1007.swf","mc","pasture-animal","1007",".swf","83475","f5aaa79c4ab96413e102a4505e2557ebd36fdfc7208025be5e737ee305374d09","mapped-not-extracted",""
"module/mc/main/animal/a1008.swf","mc","pasture-animal","1008",".swf","44405","f235b467734b9cc572bdddac99a08ebf44c534ac69eee8a3bf5d61a5c6be8aa2","mapped-not-extracted",""
"module/mc/main/animal/a1009.swf","mc","pasture-animal","1009",".swf","83685","8f57ce585a119a344ea2643752db881bc418406572d910e0bba6459e39e21c7c","mapped-not-extracted",""
"module/mc/main/animal/a1010.swf","mc","pasture-animal","1010",".swf","88282","d4ebfb19f3300835469f39543d8765302e4bf36450d321e5329427994c2196e8","mapped-not-extracted",""
"module/mc/main/animal/a1011.swf","mc","pasture-animal","1011",".swf","74623","c32ec46ab78056bbb61780a47616a99332495e64609b73e07c547ec1a0fb25ac","mapped-not-extracted",""
"module/mc/main/animal/a1012.swf","mc","pasture-animal","1012",".swf","23801","35effb060bd8fb1e2a467177a68adab1c465116e6ef69dcbbc175262e4c51374","mapped-not-extracted",""
"module/mc/main/animal/a1013.swf","mc","pasture-animal","1013",".swf","25698","782543409e2279faacbd5b8d41167b165d6b437ffa5f5d28e1ad44012a62c756","mapped-not-extracted",""
"module/mc/main/animal/a1014.swf","mc","pasture-animal","1014",".swf","46905","db5274b7ec2b2e5122fa1482f0248da732a8e78dbdb701423eec93732c53ef34","mapped-not-extracted",""
"module/mc/main/animal/a1015.swf","mc","pasture-animal","1015",".swf","30554","d7bfca00643862013d293f1fb85cd02a6a4fb124229fbd2e54350f332b829c34","mapped-not-extracted",""
"module/mc/main/animal/a1016.swf","mc","pasture-animal","1016",".swf","42243","390260bcb4b367fed0dac7872b569c48e875d7cdb93396de56ece5d44eaf3bdf","mapped-not-extracted",""
"module/mc/main/animal/a1017.swf","mc","pasture-animal","1017",".swf","33761","63b7c8bbd53a9c0b635e92dc230d404a188dca248d0b857dc8edbd1ad836170a","mapped-not-extracted",""
"module/mc/main/animal/a1018.swf","mc","pasture-animal","1018",".swf","40104","1f565f60624f65b4fe0a2eceade47a886b51257e6bde37dd99171c3df98b74e7","mapped-not-extracted",""
"module/mc/main/animal/a1019.swf","mc","pasture-animal","1019",".swf","28148","3bd8e2bc8bd990d7d8aa5f1494ffc19858da07c0971b10cf77d220960c19894e","mapped-not-extracted",""
"module/mc/main/animal/a1501.swf","mc","pasture-animal","1501",".swf","33661","6930f4c33276858f96078efd384a391f7cbc832fb6f7fd8e5c75f7c2f936e9e8","mapped-not-extracted",""
"module/mc/main/animal/a1502.swf","mc","pasture-animal","1502",".swf","65725","480a278fe701e3bc6431ea5cb25b9e1721edafb4ea3c326f6df04b9798e6492b","mapped-not-extracted",""
"module/mc/main/animal/a1503.swf","mc","pasture-animal","1503",".swf","24701","dd414eb20b78d8e4878b032aee99169abba60afba78b1963127708698b6666d1","mapped-not-extracted",""
"module/mc/main/animal/a1504.swf","mc","pasture-animal","1504",".swf","50887","33e2afd7a87505aefb2c9946edae29a8b2900f5b5da2436623d9f029b27e45b5","mapped-not-extracted",""
"module/mc/main/animal/a1505.swf","mc","pasture-animal","1505",".swf","57053","99dbc4ba20460ae40211a493ced32a0485a05fe2981e08222d1d063ceffd5cf7","mapped-not-extracted",""
"module/mc/main/animal/a1507.swf","mc","pasture-animal","1507",".swf","66269","9d07824ca19d007b7852d23c6c9901ac85773a312868372d896f3091730102cb","mapped-not-extracted",""
"module/mc/main/animal/a1508.swf","mc","pasture-animal","1508",".swf","73357","6c95011da5b329f1afbc512a4854a011eec63467eafac249280a60f62d0d3e5b","mapped-not-extracted",""
"module/mc/main/animal/a1509.swf","mc","pasture-animal","1509",".swf","92610","21faa2b445db838d4f989ee71ee59cb0f76843280610b47329bc20d938821711","mapped-not-extracted",""
"module/mc/main/animal/a1510.swf","mc","pasture-animal","1510",".swf","83394","3a91f59d5c3d3f76f2ca4cf1735c3b633ce0fb7093c3f3bc3efcea1defc3313d","mapped-not-extracted",""
"module/mc/main/animal/a1511.swf","mc","pasture-animal","1511",".swf","35891","82ddbdeb0cb4277ddbbbfa656622fcf2d73fdc8b09f521a4b6ffd77aab55505d","mapped-not-extracted",""
"module/mc/main/animal/a1512.swf","mc","pasture-animal","1512",".swf","42312","bd264db0eab62fba5f23b794438c2c29c27d2c30990a9de50da17b08a7dd0f58","mapped-not-extracted",""
"module/mc/main/animal/a1513.swf","mc","pasture-animal","1513",".swf","41871","5fe7701b7e19627dd7a13916f3ebbbf132ee5ceb6f7c27cabaaa63233eae48d4","mapped-not-extracted",""
"module/mc/main/animal/a1514.swf","mc","pasture-animal","1514",".swf","30425","e3c3002716f015d5c462732f22adfdd4f3da7e24752a8d52a39705622c4edde8","mapped-not-extracted",""
"module/mc/main/animal/a1515.swf","mc","pasture-animal","1515",".swf","35211","acece3d0d1993d69bd54606fde59bea66aeaff4b40194c4a1b2782cf05407e72","mapped-not-extracted",""
"module/mc/main/animal/a1516.swf","mc","pasture-animal","1516",".swf","32888","ab38bd2695836ddfd69329487571c453ed17dca87f77f95b1fe7f24fb6365c2e","mapped-not-extracted",""
"module/mc/main/animal/a1517.swf","mc","pasture-animal","1517",".swf","26442","2b64434b1ba2c4a6a2e3cd945a56d14aef761809b2684c26ade0221db1d7c421","mapped-not-extracted",""
"module/mc/main/commonui_v_5.swf","mc","pasture-ui","",".swf","36531","d3fae7f4ea8c254e2eb964120763b0b9db2976d95b03b4d358ebf949aa547d6f","inventoried",""
"module/mc/main/farmui1_v_12.swf","mc","pasture-ui","",".swf","228555","dce7b57ce96c3e1a4920f12e287ea416db8ef222fc62e610da7cb4ea2cfa8a0c","inventoried",""
"module/mc/main/farmui2_v_5.swf","mc","pasture-ui","",".swf","107394","0f540572ab6b6229d84faef0a30306fceb3d4b90677a285c3335905ca3dc214e","inventoried",""
"module/mc/main/outswf/help.swf","mc","pasture-ui","",".swf","48865","9269e078c8ea19d0b71305b7ddad566a8d4383f78cda233732c69411a0bbb394","inventoried",""
"module/mc/main/shopui_v_2.swf","mc","pasture-ui","",".swf","159963","8ae852c744181fa1ee4dfc78537ebcd77be3df524195c5650c01ec4aabc56f0f","inventoried",""
"module/mc/main/shopui2_v_9.swf","mc","pasture-ui","",".swf","220161","235c3599b8f3b1496bd13f8db4c2e4280384096bcb0dd1cbc3f2bc37b469a53f","inventoried",""
"module/mc/main/shopui3_v_8.swf","mc","pasture-ui","",".swf","211622","5040849eaf411b616a731b876232f5f901357c3ae882519235f9101b71943366","inventoried",""
"module/mc/main/sound/animal/1/s1001.swf","mc","pasture-sound","",".swf","2495","52f3c03ca46ddc8bd4d7daed6cbc240654ebb6ff0fe8b1c0e203be6a4332975d","inventoried",""
"module/mc/main/sound/animal/1/s1002.swf","mc","pasture-sound","",".swf","1285","adfc5b24d3ea61df192fa64f44fa678f7f71f76a0407faa43e3745b519bdd81d","inventoried",""
"module/mc/main/sound/animal/1/s1003.swf","mc","pasture-sound","",".swf","1755","87e9d8c90529e60055561d2b600d945061151f9c2670ca0d8df12ff5062c9528","inventoried",""
"module/mc/main/sound/animal/1/s1004.swf","mc","pasture-sound","",".swf","2231","05b6cd109bdbb17f810eeca95c1725d5b782029163b99b8f6f994409824218c7","inventoried",""
"module/mc/main/sound/animal/1/s1005.swf","mc","pasture-sound","",".swf","1057","f69c586e5d986996739bf7e65f41133a174326ea053f35f892638afea2e65f32","inventoried",""
"module/mc/main/sound/animal/1/s1006.swf","mc","pasture-sound","",".swf","2543","e2f8599b250e24da9618c47a4e9f11c471bde79aad1a0b4d49eff81d5ef2ea72","inventoried",""
"module/mc/main/sound/animal/1/s1008.swf","mc","pasture-sound","",".swf","1251","ff5c954f093f73cfe33624d6abd67c2ad18848382a13a2c053929d137000a919","inventoried",""
"module/mc/main/sound/animal/1/s1009.swf","mc","pasture-sound","",".swf","2617","d882842588b466fbbfce367fc0331bf53a040799ba7967c77d577a55cd0c1b9f","inventoried",""
"module/mc/main/sound/animal/1/s1011.swf","mc","pasture-sound","",".swf","1561","98618909e82970032630332240309aaba2fc6680f387028885a0d195d15b9e5e","inventoried",""
"module/mc/main/sound/animal/1/s1012.swf","mc","pasture-sound","",".swf","2222","56ba3f6674e48da6db26422988b5c5a1bc8dd1efafc30f53e2f28b3095d06904","inventoried",""
"module/mc/main/sound/animal/1/s1013.swf","mc","pasture-sound","",".swf","2625","89a94efc390638a98650dcba5a2e75319c39fe4eac88c69a9a43ef66047aac6f","inventoried",""
"module/mc/main/sound/animal/1/s1014.swf","mc","pasture-sound","",".swf","1958","be90bc52f93f9329e1636ae0500a9b51a067dc6c017273e3dd959079e62b1af3","inventoried",""
"module/mc/main/sound/animal/1/s1019.swf","mc","pasture-sound","",".swf","14378","ff203be0912dcaf834f9724fbb78059c2de1c03ab80fee095c3cb7c0d80b1b05","inventoried",""
"module/mc/main/sound/animal/1/s1501.swf","mc","pasture-sound","",".swf","2944","231102001cd74c3ba4d8b2abb6eff09670b19fa5917a0e4301f47fa4a41974e4","inventoried",""
"module/mc/main/sound/animal/1/s1502.swf","mc","pasture-sound","",".swf","2938","93431faf1124e8a1aab19d589e92d44800ef3d94b73b8862e62cbcda97056975","inventoried",""
"module/mc/main/sound/animal/1/s1503.swf","mc","pasture-sound","",".swf","1858","f62a75c252a06ea6db0c71e850d9ef276cf07c06d2847bc6a991d7e2e9aff1fe","inventoried",""
"module/mc/main/sound/animal/1/s1504.swf","mc","pasture-sound","",".swf","1930","5ccd82033c9653c65f6095111e065303bcd76d2531a359f61b5b3b8391397ef8","inventoried",""
"module/mc/main/sound/animal/1/s1505.swf","mc","pasture-sound","",".swf","2265","7315bdae76fa41228bcb88c8405708f0eddf848100ea65924cdf489497d7ab79","inventoried",""
"module/mc/main/sound/animal/1/s1507.swf","mc","pasture-sound","",".swf","2752","163b67fd5bec00389fe72279c523f778bacf094504eb95add64b5993823165de","inventoried",""
"module/mc/main/sound/animal/1/s1508.swf","mc","pasture-sound","",".swf","2091","53afd4a71d4d53c92e1bd2253aed1f636a2420890e221da29ceeb229cd141e47","inventoried",""
"module/mc/main/sound/animal/1/s1509.swf","mc","pasture-sound","",".swf","2092","ce566d2eb3049bdb4190aaac36e5bbe1a3ecd6507c44d8723a3add46329b25e1","inventoried",""
"module/mc/main/sound/animal/1/s1511.swf","mc","pasture-sound","",".swf","1538","c897e2f25a38fc996271bceb3dac269d725e3e9018c1750b955c04930922900b","inventoried",""
"module/mc/main/sound/animal/1/s1513.swf","mc","pasture-sound","",".swf","1879","bddcf624cbbb5a78e5d8b640d69efe5f606c4e07c510011cd6a5362d536c88d2","inventoried",""
"module/mc/main/sound/animal/1/s1514.swf","mc","pasture-sound","",".swf","3133","06bcb8cd5e600ebc3a8b1af98f39418aa333919173969d3ffc395a459bb69eff","inventoried",""
"module/mc/main/sound/animal/1/s1515.swf","mc","pasture-sound","",".swf","2496","db937c04963d26fc7055f98eaf4673734f1897ad5b9a4c5219d2551b7091ea90","inventoried",""
"module/mc/main/sound/animal/1/s1516.swf","mc","pasture-sound","",".swf","3995","9f9c654fca963cc6ee0732e24ab9508ae454fe74bc3c3f10d9cda3a5c53226d9","inventoried",""
"module/mc/main/sound/animal/1/s1517.swf","mc","pasture-sound","",".swf","11167","9eb9199d56e22bcc9f16b026aa2fcb940e741395b3a6169634b9deb35987a93c","inventoried",""
"module/mc/main/sound/animal/2/s1001.swf","mc","pasture-sound","",".swf","3050","1b15fc6915fdbb401938f7fb7ea70c2aa3917d5d1fecf2493fd086d930fdc453","inventoried",""
"module/mc/main/sound/animal/2/s1002.swf","mc","pasture-sound","",".swf","3245","4f96a3441afa62ef9e56d3d1db1534925b29171d20ce874630e082d49d64069e","inventoried",""
"module/mc/main/sound/animal/2/s1003.swf","mc","pasture-sound","",".swf","3197","3a940632e9cbaa746511487b039c8f8fd6cc6512d5a181b62e6db4f109a4bfd2","inventoried",""
"module/mc/main/sound/animal/2/s1004.swf","mc","pasture-sound","",".swf","3222","7d07a68739bc7c530e0094c03c42d30319b8d028423c896aa8b67b95bbf2224c","inventoried",""
"module/mc/main/sound/animal/2/s1005.swf","mc","pasture-sound","",".swf","3607","6d0d285ffe36d9037528aebecf77431f043485f496fb57774a5d68e210e92a95","inventoried",""
"module/mc/main/sound/animal/2/s1006.swf","mc","pasture-sound","",".swf","3576","92bb0aeb7930cf229faa01f112350d51f2e68e6dc288e2c55f34897d90303026","inventoried",""
"module/mc/main/sound/animal/2/s1007.swf","mc","pasture-sound","",".swf","3436","1ba1dd7f22c04a0ca37378f5bcaba59b26531aab297ca3b5e584b6eac9c7874e","inventoried",""
"module/mc/main/sound/animal/2/s1008.swf","mc","pasture-sound","",".swf","3295","10cd6ba58c93c0e68126309dc5c05fe70e0bc16a3798027d25f8e6535aedeb56","inventoried",""
"module/mc/main/sound/animal/2/s1009.swf","mc","pasture-sound","",".swf","3524","0445b0add2b188bec1378c839af1768ef3fcee02bcb8ce120ce5b29254c916c6","inventoried",""
"module/mc/main/sound/animal/2/s1011.swf","mc","pasture-sound","",".swf","2465","02407a91f6b56953d5577739e992fbf6c647111eb4d917b9902b1bb1ea6c2802","inventoried",""
"module/mc/main/sound/animal/2/s1012.swf","mc","pasture-sound","",".swf","2581","eba7f8c12494214a655e3ed4c4a4572d0725ab6094c6b9304d9f7b15bd48606b","inventoried",""
"module/mc/main/sound/animal/2/s1013.swf","mc","pasture-sound","",".swf","12373","340a3f2c6cf594c5ebf79c5036cd30b2a60611b35bea1bc42a1b9d2e2ad4d622","inventoried",""
"module/mc/main/sound/animal/2/s1014.swf","mc","pasture-sound","",".swf","24871","ef0714dee39adde13697e90af130aaa2ef096e4a25e3e471006552e4ae4bfa78","inventoried",""
"module/mc/main/sound/animal/2/s1015.swf","mc","pasture-sound","",".swf","3229","2ec50f576fc329ccea0afd95faf0943bb87c1a13cee658c52c120a6a986e965f","inventoried",""
"module/mc/main/sound/animal/2/s1016.swf","mc","pasture-sound","",".swf","3060","fe997c70d07bce4fdbc5e216e2666988f06f92eef94639b9ad235bb6c48d10fe","inventoried",""
"module/mc/main/sound/animal/2/s1018.swf","mc","pasture-sound","",".swf","2414","6d557458446388018fb60074e5db7925534f99add01e02a99a9641c2ff3d5b4d","inventoried",""
"module/mc/main/sound/animal/2/s1019.swf","mc","pasture-sound","",".swf","12634","5438a087f963960064d22a6218500d76f524c7f7bdd9566a35469df25a7388c3","inventoried",""
"module/mc/main/sound/animal/2/s1501.swf","mc","pasture-sound","",".swf","3373","6b306508421cdcdeaee7850f4ce683a4563abfdd289aaf16b7f1dc2ba2e489b4","inventoried",""
"module/mc/main/sound/animal/2/s1502.swf","mc","pasture-sound","",".swf","3316","25bf0ea036ab8100666e276a31230ad896a2b7e88e000f2ef37a4fb64738c8e2","inventoried",""
"module/mc/main/sound/animal/2/s1503.swf","mc","pasture-sound","",".swf","2538","ec746ed39c53117f6ce9367f01577a6a4c20685be39582f17da7199ddd8b3c25","inventoried",""
"module/mc/main/sound/animal/2/s1504.swf","mc","pasture-sound","",".swf","2863","fc86574f488d0c9123699931bfa8da717354ebe6ccc335f3bd511c149ba12b9f","inventoried",""
"module/mc/main/sound/animal/2/s1505.swf","mc","pasture-sound","",".swf","3660","a51561c3bd1f3ec34d9437ecbebdb8ea2847cdd47b16983e9746d94ec6dbd669","inventoried",""
"module/mc/main/sound/animal/2/s1507.swf","mc","pasture-sound","",".swf","3492","16204c4c43805a1d629c976e217a2e3c6be0f96904778aba4c7499d3164bb923","inventoried",""
"module/mc/main/sound/animal/2/s1508.swf","mc","pasture-sound","",".swf","2423","cb960753902929492ebf4fd061e0bc81aba0ef9a8d40138061c7a0cc42f5a449","inventoried",""
"module/mc/main/sound/animal/2/s1509.swf","mc","pasture-sound","",".swf","2655","4367843a17511ff5fcd89d556ae2b38a7b1b6b37c8a57f763e91b0b8f17b1b1e","inventoried",""
"module/mc/main/sound/animal/2/s1510.swf","mc","pasture-sound","",".swf","2623","91754986a9b4e2af4e51e43ad97b1c321a9e728f71fd27a111672ac6d7c57542","inventoried",""
"module/mc/main/sound/animal/2/s1511.swf","mc","pasture-sound","",".swf","2911","799232585dfeb71c6c36bf18c2ed03a41db000a7edce0169a054214629b033f2","inventoried",""
"module/mc/main/sound/animal/2/s1512.swf","mc","pasture-sound","",".swf","2855","fa5a1b2b0dd6b85dc06ba6e506cf0e65ef7d4e8950712cfadb9a3b08e35690ca","inventoried",""
"module/mc/main/sound/animal/2/s1513.swf","mc","pasture-sound","",".swf","3177","fed0c69e021cd4d8543f51db3944d86db03514dae447f169eb728becc1a1275c","inventoried",""
"module/mc/main/sound/animal/2/s1514.swf","mc","pasture-sound","",".swf","3431","fe7628601213fa8727221f803e4768f079a05f6a222fb7669ccbc23e8f017650","inventoried",""
"module/mc/main/sound/animal/2/s1515.swf","mc","pasture-sound","",".swf","2353","2ab865ea07f48867b94b44b131a54fcced3a585ea9b6157b2dd52110984c6a61","inventoried",""
"module/mc/main/sound/animal/2/s1516.swf","mc","pasture-sound","",".swf","2923","d5cbb4bdd2cd96427c1888ca82902c6ddbc3918a52122742bcd91a7826509364","inventoried",""
"module/mc/main/sound/animal/2/s1517.swf","mc","pasture-sound","",".swf","17567","7e4e6332245105d29acd3025f1e3bf3aed947116f7bb5658b8b812b77e28ed5f","inventoried",""
"module/mc/main/task.swf","mc","pasture-ui","",".swf","51565","306f7564b5c40a1eb2af8082a1b3fb95480a0fc70650eed16c4f920a419bf7f0","inventoried",""
"module/mc/main/upgrade_v_1.swf","mc","pasture-ui","",".swf","31535","545bc81a8a6681f7fba0d48486435b4c5b25cd490a41a0159866672cacc661f2","inventoried",""
"module/mc/Master_v_27.swf","mc","other","",".swf","180098","28e6ce07f7a01020e91f1b31e5dd8d04fe60418afaa5829d3375d885cc73bbef","inventoried",""
"module/nc_ini.xml","nc_ini.xml","other","",".xml","59024","d0126018ca929fe706dd7a5011fcf1912be5cb79d0d49876d34521c6d18750b3","inventoried",""
"module/nc/crops/Crop_1.swf","nc","farm-crop","1",".swf","19207","5db3f712ba43d327835c9be3944564e4c0cdf06a63b6f1714c4e8fa8e835db0e","mapped-not-extracted",""
"module/nc/crops/Crop_10.swf","nc","farm-crop","10",".swf","21467","a476747fc1830b9848f2c127fbee48bbf036770e09dd71a850a0e486fd2c02e6","integrated-source","assets/manor/classic/crop-pumpkin-*.png"
"module/nc/crops/Crop_101.swf","nc","farm-crop","101",".swf","20758","6a67569fafc483ba6d6db33efa0d43daf9497b59bfb80447dac323fed848484e","mapped-not-extracted",""
"module/nc/crops/Crop_102.swf","nc","farm-crop","102",".swf","18321","9f0b4300924750408a301cf88e7c318020d842f00b298e72b8d1c72b3561771b","mapped-not-extracted",""
"module/nc/crops/Crop_103.swf","nc","farm-crop","103",".swf","10990","cab62dd909af44661520dc273e9bd6d1ce6132a386bfb77f043e501ad9744255","mapped-not-extracted",""
"module/nc/crops/Crop_104.swf","nc","farm-crop","104",".swf","15737","72fdc5a3d3e3d69249b5b3b09ca3858cc91af8ceae7b87f7a82f8d926a0e63b5","mapped-not-extracted",""
"module/nc/crops/Crop_105.swf","nc","farm-crop","105",".swf","11876","49a95ea8a9a3ce17d8f17fdeab71f29f79b642ed735e154c776a5d23600e3402","mapped-not-extracted",""
"module/nc/crops/Crop_106.swf","nc","farm-crop","106",".swf","7039","d42c3ec885d320e6e8650f95e0af1990e25f71dc86e85b031315c6a222453970","mapped-not-extracted",""
"module/nc/crops/Crop_107.swf","nc","farm-crop","107",".swf","17906","25a57b4abef4536177c7ebc1d743f44b810be020587a04ab7c3d3d349b1f8387","mapped-not-extracted",""
"module/nc/crops/Crop_108.swf","nc","farm-crop","108",".swf","7318","0f2807343f7d572bcea2782862066d5e56830c4e8d88b2a5f341987c16095dcc","mapped-not-extracted",""
"module/nc/crops/Crop_109.swf","nc","farm-crop","109",".swf","19618","5ef65094dce3d626323f6960479223d3485d45763a42e9fbfcdc7f73e7a61048","mapped-not-extracted",""
"module/nc/crops/Crop_11.swf","nc","farm-crop","11",".swf","15888","001aaa0cfc53a63a1fb91be12666d99364466b332c83f68e1887814af6f6de7b","mapped-not-extracted",""
"module/nc/crops/Crop_111.swf","nc","farm-crop","111",".swf","19317","fb52ae4f4ff54b46faebc6177015521e751b6951c92bd82a43c5387b90cc6a77","mapped-not-extracted",""
"module/nc/crops/Crop_112.swf","nc","farm-crop","112",".swf","21411","1d7820778db3e04fc5cd748f64903e632e204e132cb69bef130cdeabff95c9cb","mapped-not-extracted",""
"module/nc/crops/Crop_113.swf","nc","farm-crop","113",".swf","16850","f5cef3583dfcfebafada1c56437474fc31379fcd0cfe808052e75c615d5f4763","mapped-not-extracted",""
"module/nc/crops/Crop_114.swf","nc","farm-crop","114",".swf","19865","40022f33821afd84bfe1c91854296daae8ac086f907d4f9a588832e8c4a23f96","mapped-not-extracted",""
"module/nc/crops/Crop_118.swf","nc","farm-crop","118",".swf","26257","cca324c4a413074864dab96a5e13697fa6161484f3552251456c34475da3ab03","mapped-not-extracted",""
"module/nc/crops/Crop_125.swf","nc","farm-crop","125",".swf","20402","59a8bd6ac41e8f9597c98cd386e4bbdd7091ab4edc75a7ac98b57456901038c5","mapped-not-extracted",""
"module/nc/crops/Crop_13.swf","nc","farm-crop","13",".swf","21770","86b5d94b0b4e908cae6e152028c31c04459f138b0ee61c078eaa3c1412982b42","mapped-not-extracted",""
"module/nc/crops/Crop_14.swf","nc","farm-crop","14",".swf","20285","dc3011fae5d92a0cbb9775df9c75c91402b9c9bb079a22b88c3878a7ba597e29","mapped-not-extracted",""
"module/nc/crops/Crop_15.swf","nc","farm-crop","15",".swf","18838","4b0db1e1faef1a76e2359a98f6887df117377c0e862fc3676d08331f4dccfec3","mapped-not-extracted",""
"module/nc/crops/Crop_18.swf","nc","farm-crop","18",".swf","23987","219b8d85ab6326df86c517db2b37e2abe525c6ff97289cc593b3ba403811c796","mapped-not-extracted",""
"module/nc/crops/Crop_19.swf","nc","farm-crop","19",".swf","15369","6d5d8c3e8b08da0c11fa7e90cea356a0de7c98ae0be1e2dd2bb9e4f96b90d4c2","mapped-not-extracted",""
"module/nc/crops/Crop_2.swf","nc","farm-crop","2",".swf","21061","286763aa13812e0a79a898b1241cb5012d83af6d0b4645555c59816d56fb1292","integrated-source","assets/manor/classic/crop-radish-*.png"
"module/nc/crops/Crop_23.swf","nc","farm-crop","23",".swf","17768","dcd459687f9709298d8a32409cae5a50482362fcd941eb2ca603dace0718eda2","mapped-not-extracted",""
"module/nc/crops/Crop_25.swf","nc","farm-crop","25",".swf","13138","98ec8cc3e3d4d51b446a4bb90acdb4568cfe11117daf4add30ca416f5ae7a101","mapped-not-extracted",""
"module/nc/crops/Crop_26.swf","nc","farm-crop","26",".swf","17722","b87d6e4df51a9637abf451f8f674eeacb44ad968317c6944cd40d8aa66adf563","mapped-not-extracted",""
"module/nc/crops/Crop_27.swf","nc","farm-crop","27",".swf","19336","7c59b7f2542f311e7178e08de963b41cfbaf23fecb305d6989dcbce69831a9db","mapped-not-extracted",""
"module/nc/crops/Crop_29.swf","nc","farm-crop","29",".swf","23909","ee3cece97dd34420e5cbd103b6179ad00ab28128b4e0678cef5261490fe5d8f1","mapped-not-extracted",""
"module/nc/crops/Crop_3.swf","nc","farm-crop","3",".swf","20460","9cee6652dd7945a7d7409206b96549a58434da9f1c479c10fcfb11a7c5b78dd0","integrated-source","assets/manor/classic/crop-carrot-*.png"
"module/nc/crops/Crop_31.swf","nc","farm-crop","31",".swf","18715","d45c3feecb5cd52823c21510dd1b1ffe5817b72b5425482fa9c01f63d041d537","mapped-not-extracted",""
"module/nc/crops/Crop_33.swf","nc","farm-crop","33",".swf","10964","b40e26a027f5fc423f8ca19c9f801535c24285a234cd7be950cc85c429829002","mapped-not-extracted",""
"module/nc/crops/Crop_34.swf","nc","farm-crop","34",".swf","21927","8b2b45ba47468be69315824c7f11737c7abe71290fb923365a4d19f43bfaa71d","mapped-not-extracted",""
"module/nc/crops/Crop_35.swf","nc","farm-crop","35",".swf","16722","c8aabaa1c365ca0e72a45c80608c3e49409366981823a0000b4cbd31b847d527","mapped-not-extracted",""
"module/nc/crops/Crop_38.swf","nc","farm-crop","38",".swf","10877","ef982d29acb7b1bac6fa9152831ea13e0d0d99db0569a02517f0d17948f44efb","mapped-not-extracted",""
"module/nc/crops/Crop_39.swf","nc","farm-crop","39",".swf","20935","0b2161151a4afb0b447bdea12dcd5dc2e8d86d5bcc55ab1cfe6c8831932f9310","mapped-not-extracted",""
"module/nc/crops/Crop_4.swf","nc","farm-crop","4",".swf","22002","71106f7045ac7218f4adcc15a552aa7196cf217c1fd9025c2daf1e30c7ec1396","integrated-source","assets/manor/classic/crop-corn-*.png"
"module/nc/crops/Crop_40.swf","nc","farm-crop","40",".swf","11647","dc82df3a4d89a499afc563a60a86b8b01145170630283643d85a12444b034bc6","mapped-not-extracted",""
"module/nc/crops/Crop_41.swf","nc","farm-crop","41",".swf","14104","9d272ed6380ead91ceaa2cee10c0deb861bf14660678ba5c2c1294864ab35427","mapped-not-extracted",""
"module/nc/crops/Crop_42.swf","nc","farm-crop","42",".swf","20698","0f16590ea823467cfd39fa8600997b59ce78c5b36fad7e6e1db71a77fe664a4b","mapped-not-extracted",""
"module/nc/crops/Crop_44.swf","nc","farm-crop","44",".swf","23079","0939de5c99ff7352e51546f64b7e72821ee3da211f5cd849d3aaa05ebdc201d6","mapped-not-extracted",""
"module/nc/crops/Crop_45.swf","nc","farm-crop","45",".swf","21790","629636c7226d9b03b587cfd0e6429669a89b6e0a65ff29609e66bb2bccbf3f49","mapped-not-extracted",""
"module/nc/crops/Crop_46.swf","nc","farm-crop","46",".swf","8096","3ad2ced131499b21b740c204cd199c2dc27f294c75e2b27298d2741dcbbd20d8","mapped-not-extracted",""
"module/nc/crops/Crop_47.swf","nc","farm-crop","47",".swf","12157","ea3a260d646384c04fc8e318276851f5b2a62f1068054c6418e7e48fb428f12b","mapped-not-extracted",""
"module/nc/crops/Crop_48.swf","nc","farm-crop","48",".swf","14437","9239200f5c094c161dbb489bd2ea1f0415791dd3d39d71adba116c7c346a6137","mapped-not-extracted",""
"module/nc/crops/Crop_49.swf","nc","farm-crop","49",".swf","16478","a4cda841f3b3f9cda9f8cfa65fdbbb933f6fc664b5dc4b12bc13a3c3eb5afb6f","mapped-not-extracted",""
"module/nc/crops/Crop_5.swf","nc","farm-crop","5",".swf","18604","83afaf01457945eae976d5fcd4213399af1feba2b35a3f16f470e576f309c09a","integrated-source","assets/manor/classic/crop-potato-*.png"
"module/nc/crops/Crop_50.swf","nc","farm-crop","50",".swf","17462","082e15f9f6d499c42ab9383af155dd7aaa11c81c548d6cd121468b9b9f0bcf93","mapped-not-extracted",""
"module/nc/crops/Crop_51.swf","nc","farm-crop","51",".swf","19180","6958ea07c6fcbf8b8690e3ecc356e746ee1717704513f4214528c51a7452c4a6","mapped-not-extracted",""
"module/nc/crops/Crop_53.swf","nc","farm-crop","53",".swf","15065","64b5591dd9dbcfb11c86e07d08046573a6997758d8cb4f2771895830865f5b28","mapped-not-extracted",""
"module/nc/crops/Crop_54.swf","nc","farm-crop","54",".swf","16048","afc94c92847ddb138dc14514de202806d06c2a35da4a7dc109255b40d2a038ee","mapped-not-extracted",""
"module/nc/crops/Crop_55.swf","nc","farm-crop","55",".swf","16820","eb6f9fc633362196332681c0f5d2a410919e245d81a95b1800667818aa668982","mapped-not-extracted",""
"module/nc/crops/Crop_56.swf","nc","farm-crop","56",".swf","13375","e7968f7772a27c222e3fc0c8747fb0ed8891843fcdf32f2f40fba550faf23b4d","mapped-not-extracted",""
"module/nc/crops/Crop_57.swf","nc","farm-crop","57",".swf","20432","c864c0000fe962f56da4eb8da86b04f6dcee90b68fa90da170d0007dd0ce1bfb","mapped-not-extracted",""
"module/nc/crops/Crop_58.swf","nc","farm-crop","58",".swf","19214","460941f81845d720a57b8d4a72e2e07eb5e5b6670b37ecf428358fd93258e752","mapped-not-extracted",""
"module/nc/crops/Crop_59.swf","nc","farm-crop","59",".swf","13663","7a232bb2e754cf06f7e11e87e0d079922cc1889cd53e0e818b81bac61929ac61","integrated-source","assets/manor/classic/crop-cabbage-*.png"
"module/nc/crops/Crop_6.swf","nc","farm-crop","6",".swf","20240","6549da88b0a75cb1131f2ad9345ae5909fe0b6334d4230b08d1c9c93489a231b","integrated-source","assets/manor/classic/crop-eggplant-*.png"
"module/nc/crops/Crop_60.swf","nc","farm-crop","60",".swf","25300","3e90f949b6d2fe83c9b37f505068510911a39c81b1d80a7a2de8f9e442bc95eb","integrated-source","assets/manor/classic/crop-rice-*.png"
"module/nc/crops/Crop_61.swf","nc","farm-crop","61",".swf","9306","691000296d70b72f77ff980998463d79fcfb3ce3d7d7b308ae967a0753270e67","integrated-source","assets/manor/classic/crop-wheat-*.png"
"module/nc/crops/Crop_62.swf","nc","farm-crop","62",".swf","8351","4e11b892c5638b75e575445ad4aff6b5eb8632c9e45dfd179f6c441e974ace99","mapped-not-extracted",""
"module/nc/crops/Crop_63.swf","nc","farm-crop","63",".swf","10504","328c081d95207e30c5ce959e6b1991dc5c5579896e0e5f70cbfef714a1c18ba5","mapped-not-extracted",""
"module/nc/crops/Crop_67.swf","nc","farm-crop","67",".swf","9121","c12c2753dbaf84c08681258013208ae72129b0a7408f8064dea6fb53d87b7403","mapped-not-extracted",""
"module/nc/crops/Crop_68.swf","nc","farm-crop","68",".swf","17898","ba10a632ada1f18c8ab4d2382be4bb82d2223a8234162d3b5ddbd5b5ab2df22e","mapped-not-extracted",""
"module/nc/crops/Crop_69.swf","nc","farm-crop","69",".swf","9549","cda238df0ae7b6aebc5241ce6d479b55684096ef8c75a50a64c69b970c79916f","mapped-not-extracted",""
"module/nc/crops/Crop_7.swf","nc","farm-crop","7",".swf","20165","65a28d639b747e3b30bc7ae19fbb058de2446e0bb9d74579fe47690f8f1aba37","integrated-source","assets/manor/classic/crop-tomato-*.png"
"module/nc/crops/Crop_70.swf","nc","farm-crop","70",".swf","12209","099956cabf8866ad1cd6393150ee1be9fc8862c0f18d2c70e92c079af3e3bc8d","mapped-not-extracted",""
"module/nc/crops/Crop_72.swf","nc","farm-crop","72",".swf","18685","3164fd2771ec5078d185bf89d931d9301a568ebee273da206468682201b4decd","mapped-not-extracted",""
"module/nc/crops/Crop_74.swf","nc","farm-crop","74",".swf","24545","01cc15daa104925641d66b84f707817b2f457bc73a7e1f9f277ff05f135855ae","mapped-not-extracted",""
"module/nc/crops/Crop_75.swf","nc","farm-crop","75",".swf","12360","2e19fc49c914f601f23d50b97f5e414c4b6f5289c85c1c2bfbd524f6e460d3f3","mapped-not-extracted",""
"module/nc/crops/Crop_76.swf","nc","farm-crop","76",".swf","21197","787e879218ee2d82d6c2974e3985a00bef7a67469a37ffe6f0f85e9bcdc79f1f","mapped-not-extracted",""
"module/nc/crops/Crop_77.swf","nc","farm-crop","77",".swf","15181","6d563de35c9abf8f4366cbc6e139ede0074165d668a864c09307d88484d88b0c","mapped-not-extracted",""
"module/nc/crops/Crop_78.swf","nc","farm-crop","78",".swf","12790","b4aafd1db3b220b989db660cf81a4bfcb19aca2387eaedfa7f5aa48b3967c0cd","mapped-not-extracted",""
"module/nc/crops/Crop_79.swf","nc","farm-crop","79",".swf","22586","7478abd5751b18155ffe818c8e3e21dbcf22f0d49a5630c535684f3c783f56e4","mapped-not-extracted",""
"module/nc/crops/Crop_8.swf","nc","farm-crop","8",".swf","20128","f2e48f9da158ee4cecb4d85a60a174909ca06461aa2fb72bb17a6a1ee42f2acb","integrated-source","assets/manor/classic/crop-pea-*.png"
"module/nc/crops/Crop_80.swf","nc","farm-crop","80",".swf","13571","0e05496cf42faf386eca6ee2fe16e7d6e6ba325723ca00112cc68cc53175fc07","mapped-not-extracted",""
"module/nc/crops/Crop_81.swf","nc","farm-crop","81",".swf","27753","ede8c718cb6687c14fc1596ec23f61bb5da760bd8718286eddd8168feb184fad","mapped-not-extracted",""
"module/nc/crops/Crop_82.swf","nc","farm-crop","82",".swf","17935","82aa366cbfcda30c17a8aedc0c3269c02dd0dd5c18536ed713f4b9a601d15703","mapped-not-extracted",""
"module/nc/crops/Crop_83.swf","nc","farm-crop","83",".swf","16098","e5c015f6678f5ba5ded348a74a7362ce69432c4df573a3454a6f87a7cb6c1087","mapped-not-extracted",""
"module/nc/crops/Crop_84.swf","nc","farm-crop","84",".swf","21563","07ae8acbc381a3b52a77ae2fb185a2973badffe26cd56707dce36b7c4da47374","mapped-not-extracted",""
"module/nc/crops/Crop_85.swf","nc","farm-crop","85",".swf","21438","f813e973c36bd172ffa929907322b0062da1e97e600bf7dbfe738821b8afcaa4","mapped-not-extracted",""
"module/nc/crops/Crop_86.swf","nc","farm-crop","86",".swf","20267","f079ac8336688a43c529d0345400ab979c8202d7b830f05ec8745b24dd7cca7f","mapped-not-extracted",""
"module/nc/crops/Crop_87.swf","nc","farm-crop","87",".swf","19309","fc7fa3e396e960b7226b86742970f16cc47396a95f68d427ccfb20fe43ff625b","mapped-not-extracted",""
"module/nc/crops/Crop_9.swf","nc","farm-crop","9",".swf","13563","ec39efb04f50d0b635c358df7faef5d7506d7881af90546e5c75ad14c61cf9ae","integrated-source","assets/manor/classic/crop-chili-*.png"
"module/nc/crops/Crop_92.swf","nc","farm-crop","92",".swf","8249","1d413ee117475b56bdcf3e2db3b7ffc6ce6495687b3c59979907dadd318aa4c7","mapped-not-extracted",""
"module/nc/crops/Crop_93.swf","nc","farm-crop","93",".swf","21346","227e15d1a808bfe9c925131ea0e1b30431e5a89e1922b70a6b68490f82e94894","mapped-not-extracted",""
"module/nc/crops/Crop_94.swf","nc","farm-crop","94",".swf","18551","f3ef14d3e546b4fc3a9b319b8a6432cb44d7a6580a8a4fa8dcc453c1f7d32c79","mapped-not-extracted",""
"module/nc/crops/Flowers.swf","nc","farm-crop-support","",".swf","26693","7471df8e8291946748d2ab6cca773c8d2c270590b0b6338595d80f3e1e5c7f8b","inventoried",""
"module/nc/crops/Seeds_2.swf","nc","farm-crop-support","",".swf","70087","893e5bedebe1e444e4ef302fb2bf1bd135f64977a6021e90cea464599378ff92","inventoried",""
"module/nc/crops/Seeds_3_v_9.swf","nc","farm-crop-support","",".swf","68068","8713b3bb003cd0b5fef9a5e6b5ab5d7fb433a3b5c752bf1173e177411981e0a3","inventoried",""
"module/nc/crops/Seeds.swf","nc","farm-crop-support","",".swf","68114","861499afd719253073e5f4f13147167366b2c93b573471c59193f27858ee01b6","inventoried",""
"module/nc/farm/diy/1.jpg","nc","farm-decoration","1",".jpg","1422","a7b4560a68863acf337410d96f15fcaa9ed6449f526b753f8ffb7f6570bc606b","mapped-not-extracted",""
"module/nc/farm/diy/1.swf","nc","farm-decoration","1",".swf","150668","24358d2f3ae29eb15822453d43f440bebd9a2bf3085fe28bb8136a36595f15e5","mapped-not-extracted",""
"module/nc/farm/diy/10.jpg","nc","farm-decoration","10",".jpg","6857","c8b920847ef7bee0d4279227d096ee1fd332644d9b8d0eb7a48cb48a072a2e51","mapped-not-extracted",""
"module/nc/farm/diy/10.swf","nc","farm-decoration","10",".swf","7608","f4ef8008845657efc3aea822bc729627f2995960652e3b4db0fe690941fef8e5","mapped-not-extracted",""
"module/nc/farm/diy/100.jpg","nc","farm-decoration","100",".jpg","5693","27519303378b8878af0afdf9d2f3134ab4746b6a6c0136432cd46ceb2a8557aa","mapped-not-extracted",""
"module/nc/farm/diy/100.swf","nc","farm-decoration","100",".swf","1084","460894b3cf3badee3ba09cadeab712b0e4a97bbf3cc91962c7cf38055632aa74","mapped-not-extracted",""
"module/nc/farm/diy/100b.jpg","nc","farm-decoration","100",".jpg","7027","93551de9e39e9a7350d6d54d55046e9b7d1fcc75bd2b3d158b1b666e91ff8e61","mapped-not-extracted",""
"module/nc/farm/diy/10b.jpg","nc","farm-decoration","10",".jpg","5291","c3dfe5e15d53ae43778f182812b1be14c98dbae2649e392abea69a6ef62aa736","mapped-not-extracted",""
"module/nc/farm/diy/11.jpg","nc","farm-decoration","11",".jpg","6480","c13f61d3f088aeed1c60c62c591425d8fb292d264bfb317779b8693d85bcf8f9","mapped-not-extracted",""
"module/nc/farm/diy/11.swf","nc","farm-decoration","11",".swf","74692","b4540e29b1097a554386b6c90f2e56f7677dd521222321e6dd6a30f0b0fd598e","mapped-not-extracted",""
"module/nc/farm/diy/11b.jpg","nc","farm-decoration","11",".jpg","4893","4e035ffd1e7066ce173c7434b36a392dd460a8c2c9df12ac449c984296d3edcd","mapped-not-extracted",""
"module/nc/farm/diy/11f.jpg","nc","farm-decoration","11",".jpg","118267","ae4571bcfbc3b0b2e4d5e6a5c70c4741ac7b5fc6e196bdec7e46e8a9612a5059","mapped-not-extracted",""
"module/nc/farm/diy/12.jpg","nc","farm-decoration","12",".jpg","7836","87bd2157ff0ad6fde23466c0e12bc77df4e37ec998987eac0df312e05f935cff","mapped-not-extracted",""
"module/nc/farm/diy/12.swf","nc","farm-decoration","12",".swf","16129","7bc4ac0e3c5aed64d07928502f39ae0ac8ab98655a267b8e4b06560f4faf5410","mapped-not-extracted",""
"module/nc/farm/diy/12b.jpg","nc","farm-decoration","12",".jpg","4847","5d1204d290285b5e03554535ad01d1975e906b22d07b24cc3c1cf73d11f11095","mapped-not-extracted",""
"module/nc/farm/diy/13.jpg","nc","farm-decoration","13",".jpg","1560","c2488c31ed22c11569b7093722efc7232d9e340a5b48a0e9b0b87f7a230bf34e","mapped-not-extracted",""
"module/nc/farm/diy/13.swf","nc","farm-decoration","13",".swf","4370","0ca62a2d5fe517c8adafd20617503a28b0ae82b77ed2dee086df46373f01ccc8","mapped-not-extracted",""
"module/nc/farm/diy/13b.jpg","nc","farm-decoration","13",".jpg","3266","9762479c4a26137f62ab3dc824398290591dbd0ef67144af44be2d55993005a6","mapped-not-extracted",""
"module/nc/farm/diy/14.jpg","nc","farm-decoration","14",".jpg","1854","82fd286daefba0795c9a14ed800268be64eb897771230124ab16a92d752f31f0","mapped-not-extracted",""
"module/nc/farm/diy/14.swf","nc","farm-decoration","14",".swf","5832","e8d4e2510948fc31a5ecfafa873680b58ff27fe6f5962b760dbc4ac9ee7d692a","mapped-not-extracted",""
"module/nc/farm/diy/14b.jpg","nc","farm-decoration","14",".jpg","4973","3f3d9840828563f4d5f9d30508296291c38e1172b3ce30aa4856bca3edabcc17","mapped-not-extracted",""
"module/nc/farm/diy/15.jpg","nc","farm-decoration","15",".jpg","2164","3188ed3d34c6ec6f0915997147c7f7b1361c5b8bf645ab4f76d04caf5a6a777f","mapped-not-extracted",""
"module/nc/farm/diy/15.swf","nc","farm-decoration","15",".swf","2820","9a6f6212169aa20568cd2b986fea785f0759771aa9c0edd08e381d5a06f9c4ed","mapped-not-extracted",""
"module/nc/farm/diy/15b.jpg","nc","farm-decoration","15",".jpg","4099","fe52e1fd45bcb4a5687211377b45c4b444374ab7f15cca3e5e42470deab19a5e","mapped-not-extracted",""
"module/nc/farm/diy/16.jpg","nc","farm-decoration","16",".jpg","2209","874fe0aea013b4564fdf69c0c4ee0970d409128305aaeb99f1e206e0b49f6ac4","mapped-not-extracted",""
"module/nc/farm/diy/16.swf","nc","farm-decoration","16",".swf","44580","587baae28847159869a5d91239d58dbf93a63526e3e56c544c341104a7e8335e","mapped-not-extracted",""
"module/nc/farm/diy/16b.jpg","nc","farm-decoration","16",".jpg","5770","f8e04de802472c44e91ede997c682df5c5cfc0bc5b1f9d8766aeb95fdc37560b","mapped-not-extracted",""
"module/nc/farm/diy/17.jpg","nc","farm-decoration","17",".jpg","2339","b1f043c55d6af7df22087847907ba8224bc5b7bfbbb7c7e48a635e61a84e4adb","mapped-not-extracted",""
"module/nc/farm/diy/17.swf","nc","farm-decoration","17",".swf","27935","0c58a57e2ffdfa455ea0bd2fe5d509f669e8bcd42735bf3996b0d1d03dca79ac","mapped-not-extracted",""
"module/nc/farm/diy/17b.jpg","nc","farm-decoration","17",".jpg","5860","95c13b76fd4f5bbe73a4cd7e9cbfc00823012f23ea4609be9cc8e42f27629f8f","mapped-not-extracted",""
"module/nc/farm/diy/18.jpg","nc","farm-decoration","18",".jpg","2233","9cd1191c11284428657d181c98154a343ec7740a10703dc2c9716f1103117860","mapped-not-extracted",""
"module/nc/farm/diy/18.swf","nc","farm-decoration","18",".swf","9547","83746551e5ddb71d6843d315ac5203fcec8c1d8f074d05d44b47e754a31cf8d3","mapped-not-extracted",""
"module/nc/farm/diy/18b.jpg","nc","farm-decoration","18",".jpg","9085","c31bf20cfea548a5fcd1d84de36416c7bff57655bb4f3c6c6d51c3199e498f0f","mapped-not-extracted",""
"module/nc/farm/diy/19.jpg","nc","farm-decoration","19",".jpg","2132","434a4d30f183226fb04d3dc252eadb747d1bb56642593ddd796e00e86b37272c","mapped-not-extracted",""
"module/nc/farm/diy/19.swf","nc","farm-decoration","19",".swf","9267","5d027db60d3dbd4d5470042fa8917da596137dd6586ad96d5149e94318695d2d","mapped-not-extracted",""
"module/nc/farm/diy/19b.jpg","nc","farm-decoration","19",".jpg","5262","258fd07de5b293bcfbc9effd27cd940bb95e0ea0bee2d3108fd1ada950939fd6","mapped-not-extracted",""
"module/nc/farm/diy/1b.jpg","nc","farm-decoration","1",".jpg","4014","ec8aaf23d60ac6fa2a8b42b51f51168cdf25f4061e2f359022035f679946bf98","mapped-not-extracted",""
"module/nc/farm/diy/2.jpg","nc","farm-decoration","2",".jpg","1858","ae8135810c6e229e3d4f07c05b25511dc735eb678ef0b4c55bc5ba6a8f0fcfc3","mapped-not-extracted",""
"module/nc/farm/diy/2.swf","nc","farm-decoration","2",".swf","8430","8962668c5d5fad391f9fc4c41ff788bbee5b3697d65516843090212d4c11c7ec","mapped-not-extracted",""
"module/nc/farm/diy/20.swf","nc","farm-decoration","20",".swf","19553","04810816819281db596458adc179b1973eab5c4affb76be47b04515d0e42f3b1","mapped-not-extracted",""
"module/nc/farm/diy/201.jpg","nc","farm-decoration","201",".jpg","1780","282cab9a00a5b839bac30252589a108ca3908e15a39a3533a64632f0d1c56779","mapped-not-extracted",""
"module/nc/farm/diy/201.swf","nc","farm-decoration","201",".swf","52681","6b7db4fb766da3f36ccdcb75ba0d1354d710928a6e312815153b33afa6b77434","mapped-not-extracted",""
"module/nc/farm/diy/201b.jpg","nc","farm-decoration","201",".jpg","5046","0d913d6835683d17891f601dddda2c9444e751cf707560e52be4ca9cc40d6c8c","mapped-not-extracted",""
"module/nc/farm/diy/202.jpg","nc","farm-decoration","202",".jpg","2066","b54b1e864e064981e07f19c6daeda48cefe08d8a6aaa7c06aa84b0c238e59805","mapped-not-extracted",""
"module/nc/farm/diy/202.swf","nc","farm-decoration","202",".swf","8085","755dda3bf99f908e11ae3fa887f029d12e096962239c3a4c99dac667875c51f2","mapped-not-extracted",""
"module/nc/farm/diy/202b.jpg","nc","farm-decoration","202",".jpg","5739","4bd65325fbc3aa44e49aaf9787aaf9293b1f0b1fb1c31aef697e24e1607c3c63","mapped-not-extracted",""
"module/nc/farm/diy/203.jpg","nc","farm-decoration","203",".jpg","1890","151fc3154a768b7365cf7852a78c9245c55e9b975db887ed87be29c52c2fbe49","mapped-not-extracted",""
"module/nc/farm/diy/203.swf","nc","farm-decoration","203",".swf","4633","46a5d5296fbb4f5a29f780acbed4b6d9b503fef144341e5d021b02226f39e79c","mapped-not-extracted",""
"module/nc/farm/diy/203b.jpg","nc","farm-decoration","203",".jpg","5261","aa1de137ed634d66559cf75a9e41f7972cd4915b78b6c18fed8d6c44d1a580d1","mapped-not-extracted",""
"module/nc/farm/diy/204.jpg","nc","farm-decoration","204",".jpg","1916","835c28644736920f76305184df141e44041326cd4535774aa55d1d1106d50258","mapped-not-extracted",""
"module/nc/farm/diy/204.swf","nc","farm-decoration","204",".swf","1860","b710f6a539513e9672546d81148d32aec72b7bb6045eac61cad427fa49b2d0d3","mapped-not-extracted",""
"module/nc/farm/diy/204b.jpg","nc","farm-decoration","204",".jpg","5310","1575cf91ef1581c8fe4d67d71cd9c8b16665c46a58e3e87ff942e36dd1635d22","mapped-not-extracted",""
"module/nc/farm/diy/205.jpg","nc","farm-decoration","205",".jpg","3560","ee21e202160c35a115c6dff72e79e8bf5319383f2cd3c81810cd47e9acfe96e1","mapped-not-extracted",""
"module/nc/farm/diy/205.swf","nc","farm-decoration","205",".swf","33783","83f5f23b60d85a3899c77a8c4f9f5dd699414aa062af34a560f40753381a29ad","mapped-not-extracted",""
"module/nc/farm/diy/205b.jpg","nc","farm-decoration","205",".jpg","11083","3b5c4637b638c40363034fee341fc1ae014a2160066eb0383b6334c7b43fbf06","mapped-not-extracted",""
"module/nc/farm/diy/206.jpg","nc","farm-decoration","206",".jpg","3186","f9e19d11eb0ac886a11fb902a2edbc28932d8dd313877a4f29385b15cb8d4c2f","mapped-not-extracted",""
"module/nc/farm/diy/206.swf","nc","farm-decoration","206",".swf","12407","4a2bdf80a680407c9723ac244bb8cad06815a7b24040b2fee11e63098150f913","mapped-not-extracted",""
"module/nc/farm/diy/206b.jpg","nc","farm-decoration","206",".jpg","9796","14b7aa98fb65852816920f89e81c0727bc753bca67e7c46bd3174fd8e7ca5efa","mapped-not-extracted",""
"module/nc/farm/diy/207.jpg","nc","farm-decoration","207",".jpg","3208","6803437951e8fcd68650c43a07ec2db93d16c944b15b9408a5c9b164b30c40ee","mapped-not-extracted",""
"module/nc/farm/diy/207.swf","nc","farm-decoration","207",".swf","5069","ba9026a83769bbfa1e8ddcc593b6bc687b77e49a0b0b6ad64be4d288e13a09a1","mapped-not-extracted",""
"module/nc/farm/diy/207b.jpg","nc","farm-decoration","207",".jpg","8168","70d85aa9f487e0c756c2962b8f6a34c414a8c28af46df24c376b366b67cd0e55","mapped-not-extracted",""
"module/nc/farm/diy/208.jpg","nc","farm-decoration","208",".jpg","2811","3e7cc1698a36b189dd8b9e1005eecc3237d95f7fb5de83d63e7d5f801e95e469","mapped-not-extracted",""
"module/nc/farm/diy/208.swf","nc","farm-decoration","208",".swf","4799","99b52127fd6943a054f1fe004d9fdb5ac9eb2db6f6025fee14d438a1d740f187","mapped-not-extracted",""
"module/nc/farm/diy/208b.jpg","nc","farm-decoration","208",".jpg","5744","86f61464442cbb031dcc2144210a3c6a361469136580f13b8e95a0d67fae6835","mapped-not-extracted",""
"module/nc/farm/diy/209.jpg","nc","farm-decoration","209",".jpg","2474","8215e950662e35d1330bf744c7277e0672c0378e41deadbaecb8977542320239","mapped-not-extracted",""
"module/nc/farm/diy/209.swf","nc","farm-decoration","209",".swf","40180","bbc575204d711b34c21a965f8ba798881a7e5ca417471d429d9adbf1ea00f5fc","mapped-not-extracted",""
"module/nc/farm/diy/209b.jpg","nc","farm-decoration","209",".jpg","6613","4ae3813d74caca7c273be4c590d5afc75b64052e183bad8fdf287e26869bb2f9","mapped-not-extracted",""
"module/nc/farm/diy/21.jpg","nc","farm-decoration","21",".jpg","3114","1d4ed12ce0e35c44bcf749fa8f2184d3a35d8ccea0529393c0e00d6a19a182b8","mapped-not-extracted",""
"module/nc/farm/diy/210.jpg","nc","farm-decoration","210",".jpg","7443","ef80afc1d13ea2b6b7868ff91fc07efc502a263a62a189f53f687620beaeb1ad","mapped-not-extracted",""
"module/nc/farm/diy/210.swf","nc","farm-decoration","210",".swf","14127","20bc33bb287284127774e9e383e22d058c9529b946dea9edbc7868d5343ffbf6","mapped-not-extracted",""
"module/nc/farm/diy/210b.jpg","nc","farm-decoration","210",".jpg","5444","52f86eb24486653e99f16e83493b79f2a5108420497a737a1da248d07a807a9c","mapped-not-extracted",""
"module/nc/farm/diy/211.jpg","nc","farm-decoration","211",".jpg","6303","4e80efe27e1cb6af357183f1be7555264614ec1e3c6de850a465a541f9c43f75","mapped-not-extracted",""
"module/nc/farm/diy/211.swf","nc","farm-decoration","211",".swf","4239","bd465e8c71a798727b3ef7ec0b2f9bf6f029039ba0f4a201d35707aea1ebadca","mapped-not-extracted",""
"module/nc/farm/diy/211b.jpg","nc","farm-decoration","211",".jpg","16024","fe3ae9e92ec5b2a08ff3cdf8a8e36de606d7f5a627b19af2144f4c4aadb230ed","mapped-not-extracted",""
"module/nc/farm/diy/212.jpg","nc","farm-decoration","212",".jpg","6655","bbc2bb283f29b80e61ff745fc01ee8c3fb89e02e8400b21cba0266eb16c9470a","mapped-not-extracted",""
"module/nc/farm/diy/212.swf","nc","farm-decoration","212",".swf","3117","2a8e1c5d8a0298d60502a109ea8632a089a6fcb66f3ba97182f8e580331bb85b","mapped-not-extracted",""
"module/nc/farm/diy/212b.jpg","nc","farm-decoration","212",".jpg","19012","8ef3deddaf5339cbf6684c6fdd9d400fc33e55150ab6afd7a3818b1d59c62405","mapped-not-extracted",""
"module/nc/farm/diy/213.jpg","nc","farm-decoration","213",".jpg","3908","a56f296662b2db0767617e5b18d502d679f06cbf3d55637470c863eb50437141","mapped-not-extracted",""
"module/nc/farm/diy/213.swf","nc","farm-decoration","213",".swf","30502","38ab8c95ea5337e686377aba27ccd108ba185534a9f0aff9fe80e693c766982d","mapped-not-extracted",""
"module/nc/farm/diy/213b.jpg","nc","farm-decoration","213",".jpg","4230","4a0efcd2c43681985e86e970a3607d46a851bcad79fded11b9db9fde8e047e62","mapped-not-extracted",""
"module/nc/farm/diy/214.jpg","nc","farm-decoration","214",".jpg","3799","4738a4b83b6c5f8614f4e479e8fa22f41677e73a285ecc7bb4c39e1c713e4258","mapped-not-extracted",""
"module/nc/farm/diy/214.swf","nc","farm-decoration","214",".swf","7426","eb382775285c63a3aa0f88eac5363d97956e52c207f48444ebcce29d94f38b64","mapped-not-extracted",""
"module/nc/farm/diy/214b.jpg","nc","farm-decoration","214",".jpg","4526","93e2dcda8e12902f182a6155dfa8fec419e90e63132f924a3ace31ad50b0fb8b","mapped-not-extracted",""
"module/nc/farm/diy/215.jpg","nc","farm-decoration","215",".jpg","4247","3b148721ef7d272763574107ad032e1ec617ed59ae77a0dca2c74a82f7c46c47","mapped-not-extracted",""
"module/nc/farm/diy/215.swf","nc","farm-decoration","215",".swf","3367","2d504bf7d04d37381b4fa7a830cc95f2485b1e2097ffca89823b4d14161b7ad0","mapped-not-extracted",""
"module/nc/farm/diy/215b.jpg","nc","farm-decoration","215",".jpg","4608","6966ac04605658e33dd948043ce8890dd085d4c446f062268af8db82701d3f40","mapped-not-extracted",""
"module/nc/farm/diy/216.jpg","nc","farm-decoration","216",".jpg","4223","2e9417a93cd6e6491ab6336708a1817c482ca868234b6b0b443b18b8fe7c607d","mapped-not-extracted",""
"module/nc/farm/diy/216.swf","nc","farm-decoration","216",".swf","3332","c9bbecb181ec271b7abd2b071b11e0da157c83bd2dba94f4a9e6fc53e43c72ad","mapped-not-extracted",""
"module/nc/farm/diy/216b.jpg","nc","farm-decoration","216",".jpg","4887","07d8a1135f37bcb7aea1cfca2eb7cf69445ce91969f20c50ee63b3c84c7c3718","mapped-not-extracted",""
"module/nc/farm/diy/21b.jpg","nc","farm-decoration","21",".jpg","8204","bae0b2e2f01aa1f77921b7970b456cb1f6af465b74b1b72f4a05e08c089c0fdb","mapped-not-extracted",""
"module/nc/farm/diy/22.jpg","nc","farm-decoration","22",".jpg","1996","5def784fdc712f6e1d9912013fc1b742ad19888faa97fe7794c0b7b0ea3dc7d7","mapped-not-extracted",""
"module/nc/farm/diy/22.swf","nc","farm-decoration","22",".swf","5948","ab6daf304dfaf2e3b0d924b037f9cd20bb0371a13d5406f1e99a41705ef9beb1","mapped-not-extracted",""
"module/nc/farm/diy/221.swf","nc","farm-decoration","221",".swf","58429","d49f4d43d6270a4aa9452df626dec90fa5e97bc56538a537d289de6f47d3ef3d","mapped-not-extracted",""
"module/nc/farm/diy/222.swf","nc","farm-decoration","222",".swf","14511","bbd519e2d5c13e68553324062f1700cc9bba595a782a17c5f89e4a1a8f10db23","mapped-not-extracted",""
"module/nc/farm/diy/223.swf","nc","farm-decoration","223",".swf","5094","db0e95665361bc0c27be040ba0556707a813cbbd0e659af11071880b30524324","mapped-not-extracted",""
"module/nc/farm/diy/224.swf","nc","farm-decoration","224",".swf","4755","52065306aa8e4ac21604951128768c4e7c30b578630e78f2e7efe4679c736d5d","mapped-not-extracted",""
"module/nc/farm/diy/225.jpg","nc","farm-decoration","225",".jpg","1250","3e31ce78dbce12e854ac8bf834c30d77d115f664cb54f38524904e52e7d9aaa5","mapped-not-extracted",""
"module/nc/farm/diy/225.swf","nc","farm-decoration","225",".swf","58277","e89b349189b777ab01bf38ca25237f2ffa50afbd52cc7e8c18239ba72b5ed59a","mapped-not-extracted",""
"module/nc/farm/diy/225b.jpg","nc","farm-decoration","225",".jpg","2841","2220836a86a460de89476030ba479d24e7c3863d0ac74e92a3750d21004261d3","mapped-not-extracted",""
"module/nc/farm/diy/226.jpg","nc","farm-decoration","226",".jpg","2053","31f19ecbac5b8661f81fd5427f8c818710f9b36126eac8844eab5705ce904b63","mapped-not-extracted",""
"module/nc/farm/diy/226.swf","nc","farm-decoration","226",".swf","13493","25771a1852b434baa1302550889c7cfc80fbb8746d29221d61db6da3b956f462","mapped-not-extracted",""
"module/nc/farm/diy/226b.jpg","nc","farm-decoration","226",".jpg","5210","22cad0c9feabae30a6c279cd53c6a82062a318a3240f16155afa71e2ff5a1d26","mapped-not-extracted",""
"module/nc/farm/diy/227.jpg","nc","farm-decoration","227",".jpg","1827","30071e46e9aba2f463c3432b456318848bca594dd4ed6973fa4d8052a03dab56","mapped-not-extracted",""
"module/nc/farm/diy/227.swf","nc","farm-decoration","227",".swf","4302","fb62c28742d3df9b23241fdc7461c13f4f3cc6432b60f869407a92eac8b1cc1f","mapped-not-extracted",""
"module/nc/farm/diy/227b.jpg","nc","farm-decoration","227",".jpg","5004","f887b491e562f6cfb25553a2f5ae5ee2ff0bfd3917c699bba4b599948678be46","mapped-not-extracted",""
"module/nc/farm/diy/228.jpg","nc","farm-decoration","228",".jpg","1758","ea02dbeedc4874479d3ead42c3013b2a29aa8c79113fec6300d144faa73fdd80","mapped-not-extracted",""
"module/nc/farm/diy/228.swf","nc","farm-decoration","228",".swf","3077","4961fdc502a250db8d2a4e65d692a51e5525b49028a0648c79cd6c243b871d65","mapped-not-extracted",""
"module/nc/farm/diy/228b.jpg","nc","farm-decoration","228",".jpg","4220","f637535b274f64f74d88e95a5775d55e2b63ccdc164c8fcd0473dd0643628572","mapped-not-extracted",""
"module/nc/farm/diy/229.jpg","nc","farm-decoration","229",".jpg","923","df3855c5343356e894f3215c6397de413ad20b41eb466147ea682610a4bbac3b","mapped-not-extracted",""
"module/nc/farm/diy/229.swf","nc","farm-decoration","229",".swf","47308","0b3f0b1bc43e5b7e43b086dc0049235511006026b18ac86c58487ad0104e7e02","mapped-not-extracted",""
"module/nc/farm/diy/229b.jpg","nc","farm-decoration","229",".jpg","1937","a1bd7e16665fb144767452f518ac51e32a532c45d8f63cc118a3c3ca27f5df67","mapped-not-extracted",""
"module/nc/farm/diy/22b.jpg","nc","farm-decoration","22",".jpg","5663","c5a9ad17f3b556de8a4b460862507ee9bf430a3615276b7f9eeb8fe0ae23f6f1","mapped-not-extracted",""
"module/nc/farm/diy/23.jpg","nc","farm-decoration","23",".jpg","1871","f9c9a1b6eda5d2f99ee1aa27d53099903a9e3309dcd0c0718ab07dfe36ba7822","mapped-not-extracted",""
"module/nc/farm/diy/23.swf","nc","farm-decoration","23",".swf","2903","e5108eccbe75f8666db8da65299ccbc754a1e02d2c7362d51ab8389aad5be997","mapped-not-extracted",""
"module/nc/farm/diy/230.jpg","nc","farm-decoration","230",".jpg","1863","3285695c2b07f661f377af9fec9790f1b068fb5393dd8e0b2bde9d2a1d70de14","mapped-not-extracted",""
"module/nc/farm/diy/230.swf","nc","farm-decoration","230",".swf","18188","64a1d89a7a1b05283463b4d85755043b74581559684b5a3dcf522c19f62ddfdf","mapped-not-extracted",""
"module/nc/farm/diy/230b.jpg","nc","farm-decoration","230",".jpg","4657","1ab8e7e50986d0fbfc2a0fc4df0551e8023a9e224cf3735cdcab3490dd9c3c6d","mapped-not-extracted",""
"module/nc/farm/diy/231.jpg","nc","farm-decoration","231",".jpg","877","a035f965a3047cfe52c902a9144fc48b79dcb348f877fe7d01b797aba50a6425","mapped-not-extracted",""
"module/nc/farm/diy/231.swf","nc","farm-decoration","231",".swf","6124","d3a947dd0eec17e23c9045a7793d428d1b73e31310fbb96e78f6d1f12602e9da","mapped-not-extracted",""
"module/nc/farm/diy/231b.jpg","nc","farm-decoration","231",".jpg","1687","a8a8b185560dd7fd65f4d9888764183d8849afa342ad6f0672df288a02fa90ac","mapped-not-extracted",""
"module/nc/farm/diy/232.jpg","nc","farm-decoration","232",".jpg","1564","ff055d739f6c915a1a0e8139ebb4cf72cd380c054292037c099d808435a7a9e7","mapped-not-extracted",""
"module/nc/farm/diy/232.swf","nc","farm-decoration","232",".swf","4722","efe52b802ef10b0879e4c408bbbdf55b919806b193b8eaf4e1b6e9122c59c055","mapped-not-extracted",""
"module/nc/farm/diy/232b.jpg","nc","farm-decoration","232",".jpg","3490","661333d1f4273448e670565a9a8ce41bee821e9cf7a848d842af3a1c9dbcb48c","mapped-not-extracted",""
"module/nc/farm/diy/233.jpg","nc","farm-decoration","233",".jpg","998","46d58c1936ac77d4248c662f9e989916b4e557d38ddd163d5110071f6f0bb0b1","mapped-not-extracted",""
"module/nc/farm/diy/233.swf","nc","farm-decoration","233",".swf","63656","35fb2bab1fa193ea0fc722916347db1e51fdf16923206f57d17666f9a85573ed","mapped-not-extracted",""
"module/nc/farm/diy/233b.jpg","nc","farm-decoration","233",".jpg","2305","dd18d4024cb00ae87e1331c13513c1c4e527a64bc9ed88547a8dd11ea965356f","mapped-not-extracted",""
"module/nc/farm/diy/234.jpg","nc","farm-decoration","234",".jpg","1758","1241f97d430e06e37934a06b5e03d271335f3d886b4c24afbddc998b983c3f90","mapped-not-extracted",""
"module/nc/farm/diy/234.swf","nc","farm-decoration","234",".swf","16162","081b1fdf191674c025d9edcaebe492c36994dab902b4c1f47646fb10d19440f9","mapped-not-extracted",""
"module/nc/farm/diy/234b.jpg","nc","farm-decoration","234",".jpg","4727","61eeb728201091b687466bd4fb8ea22698525b8c3bb42e13b771c0ed2310f2fd","mapped-not-extracted",""
"module/nc/farm/diy/235.jpg","nc","farm-decoration","235",".jpg","1578","8866d0ab82edd0675d2cf95db7e33e38c52ff6da54b99188eb5603d706002cbb","mapped-not-extracted",""
"module/nc/farm/diy/235.swf","nc","farm-decoration","235",".swf","4498","1d0f58a74a4f0974dfe296c6e9d5df9d145a8dfb352b494be1034c606f269ea3","mapped-not-extracted",""
"module/nc/farm/diy/235b.jpg","nc","farm-decoration","235",".jpg","4472","8c7eb881f32d9ff0329587541f5d67bf9d86cb0c3ab5458828a0866cf16dfbca","mapped-not-extracted",""
"module/nc/farm/diy/236.jpg","nc","farm-decoration","236",".jpg","1695","006b77dd940434ed4fb9bf15b14a97d63e8a8ca5f25dad8f74c2e5c6213564b4","mapped-not-extracted",""
"module/nc/farm/diy/236.swf","nc","farm-decoration","236",".swf","5225","a50093cdc5d54e098a848069b947bf909a1554e8387cc25debe281bb13988bfd","mapped-not-extracted",""
"module/nc/farm/diy/236b.jpg","nc","farm-decoration","236",".jpg","4594","8214cb53a72d9e5eea01a7bc7fa9e4650ab48f2376c00bfe5d4b6d787cae4f6e","mapped-not-extracted",""
"module/nc/farm/diy/237.jpg","nc","farm-decoration","237",".jpg","1125","7fcbf5472e3373e4bb5f225fe010677d634321e728937c921176de11a4aad430","mapped-not-extracted",""
"module/nc/farm/diy/237.swf","nc","farm-decoration","237",".swf","58417","4a4b46e9bc9b071f942f253db6d5ac45c0feb7558e94517fd18ab5bc3ebb6099","mapped-not-extracted",""
"module/nc/farm/diy/237b.jpg","nc","farm-decoration","237",".jpg","3046","1e7f5bed1892ac3267fde7864b7a227dae246c50ac1cbc3806375930b38473fb","mapped-not-extracted",""
"module/nc/farm/diy/238.jpg","nc","farm-decoration","238",".jpg","2282","039952a84ccb4154cfc8cdd0d35e15c87666ef05b54d62d915d48a87212020d9","mapped-not-extracted",""
"module/nc/farm/diy/238.swf","nc","farm-decoration","238",".swf","25007","2e8aeb6dc87fe2772856c69a86159327760b299063c835aadaf1b9df5a61ca65","mapped-not-extracted",""
"module/nc/farm/diy/238b.jpg","nc","farm-decoration","238",".jpg","6170","2adfdbb7d03052239c2c07c9db0248854f34adf9dec1de9395d27ffb2fdb01aa","mapped-not-extracted",""
"module/nc/farm/diy/239.jpg","nc","farm-decoration","239",".jpg","1682","5fa5ac3d1bd8a2e5c67e81718a55250c8469d25932894bef9d4954da75a01bc4","mapped-not-extracted",""
"module/nc/farm/diy/239.swf","nc","farm-decoration","239",".swf","5471","58c48b38fbd810f987acd9b94e1e5a9fb24b27bbb19487bf625d8464c12acaa9","mapped-not-extracted",""
"module/nc/farm/diy/239b.jpg","nc","farm-decoration","239",".jpg","4303","0e6d1665e408778d6d737b8543990c726294cfd98cecfe310242be3b61b75bc4","mapped-not-extracted",""
"module/nc/farm/diy/23b.jpg","nc","farm-decoration","23",".jpg","4430","744aa94db130f622305f4b52c37e3f718d872deff71f9e1431f8fa065ee9e38b","mapped-not-extracted",""
"module/nc/farm/diy/24.jpg","nc","farm-decoration","24",".jpg","1898","143feb0d37fd1b941813ecdc86e771fdfda26baa28a8455a2838a07837bf0673","mapped-not-extracted",""
"module/nc/farm/diy/24.swf","nc","farm-decoration","24",".swf","2055","a50d75f17f9d5fa96d833dc6f7faebafaeb43e4594317dbd110789aac66fe761","mapped-not-extracted",""
"module/nc/farm/diy/240.jpg","nc","farm-decoration","240",".jpg","1651","1fac6056802510ab6bcf4017e92fb83993156db980381aaadca6be1fd5e9aef4","mapped-not-extracted",""
"module/nc/farm/diy/240.swf","nc","farm-decoration","240",".swf","3687","cf3784aa06508a75aa68459e2f14ea89e109742d1bb6b7d6e7e35533b6e710e4","mapped-not-extracted",""
"module/nc/farm/diy/240b.jpg","nc","farm-decoration","240",".jpg","3816","de297718039cfbffcafaeacc000e547ffd1461afd5a78b6c3820fca91f8000fd","mapped-not-extracted",""
"module/nc/farm/diy/241.jpg","nc","farm-decoration","241",".jpg","1111","99cb1d4a7cc38e641c6e7da27cb7fb6d32511c4f33be6f6de613c9b3f03b8004","mapped-not-extracted",""
"module/nc/farm/diy/241.swf","nc","farm-decoration","241",".swf","61017","e52163cdc82ee600d0551586917ee16c9fb6c93ff9457c92dc757ea3d73dcfa8","mapped-not-extracted",""
"module/nc/farm/diy/241b.jpg","nc","farm-decoration","241",".jpg","2644","f00a852b5a3e874bc3e4739bd2b8414cf8373d58cdd71a77f5e620ac71be4245","mapped-not-extracted",""
"module/nc/farm/diy/242.jpg","nc","farm-decoration","242",".jpg","1701","ce4fc9eafc27f6c1893bd2c014f68c623f80abaa775049d30b4e1e0e96a92e3b","mapped-not-extracted",""
"module/nc/farm/diy/242.swf","nc","farm-decoration","242",".swf","19332","8fb9f20b46c930990aec6ba73a12e7616737ec749c50bbbd845a06ccc94f49e8","mapped-not-extracted",""
"module/nc/farm/diy/242b.jpg","nc","farm-decoration","242",".jpg","4188","519520ae059bbf2804e26be750c3ba0433a5e687207521103d38caea7712c35e","mapped-not-extracted",""
"module/nc/farm/diy/243.jpg","nc","farm-decoration","243",".jpg","1387","e0a13402578f8c288d6fd877799b4fa9e385efdd3fa698379955ca066567acb7","mapped-not-extracted",""
"module/nc/farm/diy/243.swf","nc","farm-decoration","243",".swf","5482","71b4ba361dfd5494ede56a27f071ff5e8acefea73eb9cfe3ff118b162d34afdc","mapped-not-extracted",""
"module/nc/farm/diy/243b.jpg","nc","farm-decoration","243",".jpg","3086","66b1f2138ef9bdd37d63927bcd4dc3d6d13620cc5c0302898212b5524c1df36f","mapped-not-extracted",""
"module/nc/farm/diy/244.jpg","nc","farm-decoration","244",".jpg","1496","17bcd3e210b17ee3f91feda59d00b8070cea23c96b2d45d00797c61281083fa9","mapped-not-extracted",""
"module/nc/farm/diy/244.swf","nc","farm-decoration","244",".swf","6794","95acd5da3af61285b01eb6d7eb93453f297852e70a98d4be59977a4aea6efe25","mapped-not-extracted",""
"module/nc/farm/diy/244b.jpg","nc","farm-decoration","244",".jpg","3360","cc36c83f11a5c930b1aea1226c4b1aad8d6e8b7f686398b01d37bb709dcf71d4","mapped-not-extracted",""
"module/nc/farm/diy/245.jpg","nc","farm-decoration","245",".jpg","2259","4927b7522fc7e6332bd4f8af166246fc8c00d908b1b93f8aaa28401151597e05","mapped-not-extracted",""
"module/nc/farm/diy/245.swf","nc","farm-decoration","245",".swf","78771","35d08d7ba7e6a5197df84cb86f45127302c1d70d99d4ee38f620cc929500a223","mapped-not-extracted",""
"module/nc/farm/diy/245b.jpg","nc","farm-decoration","245",".jpg","6330","0560d15e02340a3981f94b87bb94d71a991c0a96c9d95407651ff195a47eddb1","mapped-not-extracted",""
"module/nc/farm/diy/246.jpg","nc","farm-decoration","246",".jpg","2195","30900612a6e7c61bb2ba1d115ec50b14a6befeaecfada43e3cc451e4f511b1ed","mapped-not-extracted",""
"module/nc/farm/diy/246.swf","nc","farm-decoration","246",".swf","17162","e81a9c85b3f6ad0c15e6255843670e93c1eed523c4dac71d3242ee67f2d867f1","mapped-not-extracted",""
"module/nc/farm/diy/246b.jpg","nc","farm-decoration","246",".jpg","6573","c0889e9399ac3f126052c52ec90197fc099474d59e980a5e103ebcd16617efe7","mapped-not-extracted",""
"module/nc/farm/diy/247.jpg","nc","farm-decoration","247",".jpg","2072","60e67ef732f4d44e5bc6092044006fce5c18c936157584c62e6189eb0bfb18e0","mapped-not-extracted",""
"module/nc/farm/diy/247.swf","nc","farm-decoration","247",".swf","16518","44ed4ead9e2edf6a8e1163bdd63b27b5c75316cb396a1e8d0b3abbf2cce79786","mapped-not-extracted",""
"module/nc/farm/diy/247b.jpg","nc","farm-decoration","247",".jpg","5576","345ba75a0f18debf6cbf4cf99881d8acc1f4b3a181b1ca70394414a14861cb34","mapped-not-extracted",""
"module/nc/farm/diy/248.jpg","nc","farm-decoration","248",".jpg","1851","c87afd61f439b7e97b88907f359f4b75ed18961500b80ff068bff6ad8e249047","mapped-not-extracted",""
"module/nc/farm/diy/248.swf","nc","farm-decoration","248",".swf","4198","7fb5a1a6e372741feef584a21ee340f61b23641a6eadea72347432e0af9eb097","mapped-not-extracted",""
"module/nc/farm/diy/248b.jpg","nc","farm-decoration","248",".jpg","5237","a73272f6c944944fa9ec3b74d2e5ccb8584520517b76be1143973616125a6e9b","mapped-not-extracted",""
"module/nc/farm/diy/249.jpg","nc","farm-decoration","249",".jpg","5163","e2cc8b49b75ae8b9209485c9bfdb3ed0cf07d5f4c87fc7eebf387877e78edf8b","mapped-not-extracted",""
"module/nc/farm/diy/249.swf","nc","farm-decoration","249",".swf","62045","6a5e16961023ee00fb8d5af5339ccd7f855430558b3fbaa98cbb6738b3091808","mapped-not-extracted",""
"module/nc/farm/diy/249b.jpg","nc","farm-decoration","249",".jpg","8221","a6a080258dd573c9bdd777a71c9303dbd9321b1daf3673429b1f9f8deb3efdcc","mapped-not-extracted",""
"module/nc/farm/diy/24b.jpg","nc","farm-decoration","24",".jpg","4662","faedcac81b23a81a63f8d19ce5ac244f78bec1c58f8c398fb5e382b92eebb3a0","mapped-not-extracted",""
"module/nc/farm/diy/250.jpg","nc","farm-decoration","250",".jpg","4998","3cabf66445473099b3ef3e34f159dd262a464d662cb00302ae5b381a26a651e7","mapped-not-extracted",""
"module/nc/farm/diy/250.swf","nc","farm-decoration","250",".swf","15758","8b997e5029caf4fc574e740f39d16330b7ec6caf30bb31ff5855e75c21350d7d","mapped-not-extracted",""
"module/nc/farm/diy/250b.jpg","nc","farm-decoration","250",".jpg","7842","a0e8d7f666b46b69ac34e01c628e91ca3e6f93c6aed337f54ef12153877b1f7d","mapped-not-extracted",""
"module/nc/farm/diy/251.jpg","nc","farm-decoration","251",".jpg","5064","7cf4daf36ecac36304e918417d40707276c37b64fbac6b02f829f7e72fdc6f5a","mapped-not-extracted",""
"module/nc/farm/diy/251.swf","nc","farm-decoration","251",".swf","5092","823e2d4820c1aacf0aff296056c931802112282de2246dfe9d46238bec1957e6","mapped-not-extracted",""
"module/nc/farm/diy/251b.jpg","nc","farm-decoration","251",".jpg","7943","415b012d4444978d835f4e3b1ac9834e43e5681ad024548413141253d569e54b","mapped-not-extracted",""
"module/nc/farm/diy/252.jpg","nc","farm-decoration","252",".jpg","4616","9e319861211d9786d4e1d1cddc6c53d268a049d195e177a59fa7bec711cfad4e","mapped-not-extracted",""
"module/nc/farm/diy/252.swf","nc","farm-decoration","252",".swf","5136","b514e0b203d9466bd5c819065069415bca7a021f8189f776c3288ed77e16f9a7","mapped-not-extracted",""
"module/nc/farm/diy/252b.jpg","nc","farm-decoration","252",".jpg","8031","b23bfd8d013cf50c032fae49fc17aa7f2ac94dc1456584b27f2c111e038d2f4f","mapped-not-extracted",""
"module/nc/farm/diy/253.jpg","nc","farm-decoration","253",".jpg","1923","4c283e6f957510fcaf1170741421a368bc0b2ab3e8bd7f16f415b33c7e645558","mapped-not-extracted",""
"module/nc/farm/diy/253.swf","nc","farm-decoration","253",".swf","57581","22234f3df4db9d36eb4b92141cb924680427a8217887a751bd0b1f28f53f43e1","mapped-not-extracted",""
"module/nc/farm/diy/253b.jpg","nc","farm-decoration","253",".jpg","4995","22326f542eeb7f2c1dc207745f6c9c0a7f45622798c1d9d899158136b61d5bc5","mapped-not-extracted",""
"module/nc/farm/diy/254.jpg","nc","farm-decoration","254",".jpg","2577","1cc3dbc85f69b1f8498d551ab2846680eb2f96fbd9c00b579062bf8f38b7eb19","mapped-not-extracted",""
"module/nc/farm/diy/254.swf","nc","farm-decoration","254",".swf","14195","e200694a6fe199d2d200d3436f0f10141341ec9935f6238698ffedefe3b5b522","mapped-not-extracted",""
"module/nc/farm/diy/254b.jpg","nc","farm-decoration","254",".jpg","7540","8a6517bfe484955df1a034530d560f64265afb169401091456ae4242aa2e2698","mapped-not-extracted",""
"module/nc/farm/diy/255.jpg","nc","farm-decoration","255",".jpg","2202","d944e763c55a5426e822cd18ed046ff71e94ade081fb9abde87860decc62a7ad","mapped-not-extracted",""
"module/nc/farm/diy/255.swf","nc","farm-decoration","255",".swf","20255","7fb900cb2d884b0b9d291802d699e958c2b2e3486c5d8be859bb544c58da2291","mapped-not-extracted",""
"module/nc/farm/diy/255b.jpg","nc","farm-decoration","255",".jpg","6479","7596e7161c594487197e62fb48d83a96bb958103d66c2de524388f79f9e5612d","mapped-not-extracted",""
"module/nc/farm/diy/256.jpg","nc","farm-decoration","256",".jpg","2346","b4b47eb06e88f10c92f14eecf960f7f873d6d2ca8bb08d1098439a4eabf3f8ea","mapped-not-extracted",""
"module/nc/farm/diy/256.swf","nc","farm-decoration","256",".swf","2955","9f7e447ddf7d2da41ef5ebdbb2d527929440639780a354cf58228db07aa51cca","mapped-not-extracted",""
"module/nc/farm/diy/256b.jpg","nc","farm-decoration","256",".jpg","7149","0e7223ab32c54f48377b1c17cb53c737ebd1e22d1bb9ec15874ae23e33248ac8","mapped-not-extracted",""
"module/nc/farm/diy/257.jpg","nc","farm-decoration","257",".jpg","2818","4e26ebc583e9a479b56723441f3138172039427ec403e7475961c917a95b271b","mapped-not-extracted",""
"module/nc/farm/diy/257.swf","nc","farm-decoration","257",".swf","53779","8160139c5640249b8048ae85d27caa9f8520f8a540ceef1f3c33eaa6d4552cd1","mapped-not-extracted",""
"module/nc/farm/diy/257b.jpg","nc","farm-decoration","257",".jpg","4516","b626bc47534d96ab329397a9574974b415c7abfa03bbb1a951638f3bcb4d9c7e","mapped-not-extracted",""
"module/nc/farm/diy/258.jpg","nc","farm-decoration","258",".jpg","2954","9395c9a3aba9179eee1bfc8b1ca596a1caeca146c5bea904168318795d0b8588","mapped-not-extracted",""
"module/nc/farm/diy/258.swf","nc","farm-decoration","258",".swf","16856","8b30c6190f9501013dafdab85a95f086e2981cfb2301c6b9f85894870cc30917","mapped-not-extracted",""
"module/nc/farm/diy/258b.jpg","nc","farm-decoration","258",".jpg","4974","24d9da4d6c19b8d3968caf6ffcce6ec5a4c7dca32526b8d52565fd12bfff3266","mapped-not-extracted",""
"module/nc/farm/diy/259.jpg","nc","farm-decoration","259",".jpg","3610","78377e6c8397cd76fa895b4b619ca4a704af2c32f23697d2ec61f3bcdac361eb","mapped-not-extracted",""
"module/nc/farm/diy/259.swf","nc","farm-decoration","259",".swf","6838","d1106a0d6aac2425e74a1b205f6fd2c2f3b5f91cfa3352f707b45865be78de23","mapped-not-extracted",""
"module/nc/farm/diy/259b.jpg","nc","farm-decoration","259",".jpg","5426","067689a9481872fbd1bf9e34c1395da4a22eea532cfde763ac30313885f93ed7","mapped-not-extracted",""
"module/nc/farm/diy/26.jpg","nc","farm-decoration","26",".jpg","4360","234639f7c09f1c96b03a54154f1db821c4135488d966a86caae39524ba071926","mapped-not-extracted",""
"module/nc/farm/diy/260.jpg","nc","farm-decoration","260",".jpg","3200","477e14970a4fd6c61c4248c8c5aa41a4944cd7432a96ae9d241ed5582224ac33","mapped-not-extracted",""
"module/nc/farm/diy/260.swf","nc","farm-decoration","260",".swf","5199","f24e0f2fac867223c8bb6834591a46b90088eb15bf492ec1f1eb3ee7d9df7343","mapped-not-extracted",""
"module/nc/farm/diy/260b.jpg","nc","farm-decoration","260",".jpg","5038","89a78303084ceed6044ea47899a5f8a9aa811a165881e8b8dc2ff56548cc7e36","mapped-not-extracted",""
"module/nc/farm/diy/261.jpg","nc","farm-decoration","261",".jpg","4024","4dd0c3f6dffbe99b026c29a014ab0d76d364b4721bb157387830243534675798","mapped-not-extracted",""
"module/nc/farm/diy/261.swf","nc","farm-decoration","261",".swf","61487","aebe86a79839707ae9a19ab0bb2273a7b26297d40a3c026944e2c55e0fca779a","mapped-not-extracted",""
"module/nc/farm/diy/261b.jpg","nc","farm-decoration","261",".jpg","7250","c1483d92732fb3567eceaf23dbbbdc9da8a344a4949e9d5b403fcb3dbb7c1aa3","mapped-not-extracted",""
"module/nc/farm/diy/262.jpg","nc","farm-decoration","262",".jpg","5119","8fd28c754f4a3188a23762e920cda958d23857a8a23e82435e3b2f95103f36d0","mapped-not-extracted",""
"module/nc/farm/diy/262.swf","nc","farm-decoration","262",".swf","15424","127ce3892c40e75f3d7d1776f609fbe3a76561ef3e5bda20103fcc3fa1c46697","mapped-not-extracted",""
"module/nc/farm/diy/262b.jpg","nc","farm-decoration","262",".jpg","7901","cb3304f9acbee2039052c646bc2a1b8e00122262f6a189f0fd9eaf9d19c163fa","mapped-not-extracted",""
"module/nc/farm/diy/263.jpg","nc","farm-decoration","263",".jpg","4923","84983bd1ac01195630dccd329709dffa59965b814c2258551c769a61c7b70468","mapped-not-extracted",""
"module/nc/farm/diy/263.swf","nc","farm-decoration","263",".swf","6007","20f8bf757a477b6fd2e39884cdb0d78e4b4f86e6b8407da014701de403d3de57","mapped-not-extracted",""
"module/nc/farm/diy/263b.jpg","nc","farm-decoration","263",".jpg","7683","bdc2b0d4582dc310c6b65c6b4acdff9ca822be61a96571ba2ede3e9462d3633a","mapped-not-extracted",""
"module/nc/farm/diy/264.jpg","nc","farm-decoration","264",".jpg","4786","ccd590e33a4b485ee601622521d93a6781070bb7baf0cc74d9f52ea5e26e4cea","mapped-not-extracted",""
"module/nc/farm/diy/264.swf","nc","farm-decoration","264",".swf","4263","0d713d33abf8bd7bd91204693627a0f69b717d19a3f58eed168bc4b381b49cca","mapped-not-extracted",""
"module/nc/farm/diy/264b.jpg","nc","farm-decoration","264",".jpg","7598","f360f555f46fb3e80eb2a62d43c3356ac93ece0789333983b4afaa01936babf0","mapped-not-extracted",""
"module/nc/farm/diy/265.jpg","nc","farm-decoration","265",".jpg","4495","4ac1ff8afd27323f4143fb7a5f21f67d7a082d1843b91c1eaa73c7748559d381","mapped-not-extracted",""
"module/nc/farm/diy/265.swf","nc","farm-decoration","265",".swf","64751","58d48f35b567a0e921b078d86916322466c54b4160f6392e79e03b74c10e7721","mapped-not-extracted",""
"module/nc/farm/diy/265b.jpg","nc","farm-decoration","265",".jpg","9911","1a75e1460af445b0b79b82487da6183f0cd85c7a9f94c41498118848f189023b","mapped-not-extracted",""
"module/nc/farm/diy/266.jpg","nc","farm-decoration","266",".jpg","5038","b4b6de36478c8c2af3f5145d7f93d3c0e47d7ec8ab431d0762b91002b416595e","mapped-not-extracted",""
"module/nc/farm/diy/266.swf","nc","farm-decoration","266",".swf","23628","8f87eb4e5045c7deaf338ffaa6a48d51f71f0b200cfba04598c5a2412f32d085","mapped-not-extracted",""
"module/nc/farm/diy/266b.jpg","nc","farm-decoration","266",".jpg","9902","f42025c4ec91e5146695e3a49be5d8dda9c0c10373e3c7c8b16d161fef3e237d","mapped-not-extracted",""
"module/nc/farm/diy/267.jpg","nc","farm-decoration","267",".jpg","5073","e75f8f677043f4962bfb3dd871f44bc0e913df0fe907d745faa49fc79df9e1d8","mapped-not-extracted",""
"module/nc/farm/diy/267.swf","nc","farm-decoration","267",".swf","21722","1e6a07ca1c94260fc600008fd1f1cd35f6ef05096b9a51a99bbe9e1054094d33","mapped-not-extracted",""
"module/nc/farm/diy/267b.jpg","nc","farm-decoration","267",".jpg","9510","5308ec01b7273961159c05ada46147c62b28095016a4ed23c6dbafb993600f13","mapped-not-extracted",""
"module/nc/farm/diy/268.jpg","nc","farm-decoration","268",".jpg","4997","e519d49dd21b0f2c488ef6fec03b8d5e22c5455d6d19211b37a2b553a52d62ce","mapped-not-extracted",""
"module/nc/farm/diy/268.swf","nc","farm-decoration","268",".swf","5181","2b2747e1ee3bc679da5e40279d7e3d3a98e0295f5ad70b5bea62f61e332f4f0c","mapped-not-extracted",""
"module/nc/farm/diy/268b.jpg","nc","farm-decoration","268",".jpg","10018","2bc1bb11114ec1197b9f3ee85fda43e782a2e3a67f3e60a2a89bc63e31156350","mapped-not-extracted",""
"module/nc/farm/diy/269.jpg","nc","farm-decoration","269",".jpg","18898","b337d393db64d6d6ec8f4728fc7c5a634b8b2a0cab5a657455e5db0d3dc1202d","mapped-not-extracted",""
"module/nc/farm/diy/269.swf","nc","farm-decoration","269",".swf","58298","20968b39de4ddeaa5627294c917e8651fddb82c854a69f2b0e1894aedb5e59a9","mapped-not-extracted",""
"module/nc/farm/diy/269b.jpg","nc","farm-decoration","269",".jpg","34510","5ff58ae77038dbc3028467f2dc4b30ec78f83a92d52445c024340ad4aadc75f3","mapped-not-extracted",""
"module/nc/farm/diy/26b.jpg","nc","farm-decoration","26",".jpg","8447","1f0f4a2c0d57f64977aef8b0101845a642cf83e89e78630da2455a6c95279207","mapped-not-extracted",""
"module/nc/farm/diy/26f.jpg","nc","farm-decoration","26",".jpg","257762","f755c8175d1f052a1c7cdc67dfcb1d98103a4ef3283e28943c294a48f475ca7f","mapped-not-extracted",""
"module/nc/farm/diy/27.jpg","nc","farm-decoration","27",".jpg","3195","403aee3e3d9e231b6cd8c8b31e0af24234fb2ec409863195658b83c48afa7c6b","mapped-not-extracted",""
"module/nc/farm/diy/27.swf","nc","farm-decoration","27",".swf","13354","fb4277e0b6feba77d70b47294a065c73014af294ff3df0bfe1ab7f0e7bbbe0f8","mapped-not-extracted",""
"module/nc/farm/diy/270.jpg","nc","farm-decoration","270",".jpg","20655","94fb625aa114da947c8de5419198a69aa44ad023b3f815188dd9f054af3b5678","mapped-not-extracted",""
"module/nc/farm/diy/270.swf","nc","farm-decoration","270",".swf","15026","0b84a7a129c7376781d493d42ff6ff8636fcd2c18f5e6c4d9fc8ce19bd89b938","mapped-not-extracted",""
"module/nc/farm/diy/270b.jpg","nc","farm-decoration","270",".jpg","43882","d31cdaff7d7b7c01312f8f8838be90ffc9cacb031e1c9492e78cdb6c5a61bdce","mapped-not-extracted",""
"module/nc/farm/diy/271.jpg","nc","farm-decoration","271",".jpg","18564","7a2326dfd2e5005ab48bbfd7bf35304fb480c52bd7ae5dc490c80018a5a3c33f","mapped-not-extracted",""
"module/nc/farm/diy/271.swf","nc","farm-decoration","271",".swf","5186","c98a31d46c8ca20b6d84cb86fc4bb8daf27cf99bbcb37d3bbad7c6092f3fb09a","mapped-not-extracted",""
"module/nc/farm/diy/271b.jpg","nc","farm-decoration","271",".jpg","31992","ccc0f1045c5ab8a2f5fa3a9a837e2fbf5f1c0ef56aeccbc5de495f1e05cea160","mapped-not-extracted",""
"module/nc/farm/diy/272.jpg","nc","farm-decoration","272",".jpg","19059","5e3fb7145f3353f73bd919706a4a9d8b2423a1c27d63470318d936849a8b2e0c","mapped-not-extracted",""
"module/nc/farm/diy/272.swf","nc","farm-decoration","272",".swf","4957","59159ba9cd129c34c8eaba69b914912d730a3d22e0ba8c824589e81563b046da","mapped-not-extracted",""
"module/nc/farm/diy/272b.jpg","nc","farm-decoration","272",".jpg","34404","8ad67d54fcd66e5e311a246817ebf3be59bd404a3b9eaecee3df6fe384010fbe","mapped-not-extracted",""
"module/nc/farm/diy/273.jpg","nc","farm-decoration","273",".jpg","4644","804d1529eeb0502cb19e211a50aa613e75f36802d9635c1709b003c09e58a037","mapped-not-extracted",""
"module/nc/farm/diy/273.swf","nc","farm-decoration","273",".swf","55245","ed566e93e9c25e027f9a35c9077df26f57ab624a695de9527b9a79fc4c4ca235","mapped-not-extracted",""
"module/nc/farm/diy/273b.jpg","nc","farm-decoration","273",".jpg","9168","b00082aafdcbf1a0d489b12190719528c30f9c76f49869ea11bea2e5d89fb211","mapped-not-extracted",""
"module/nc/farm/diy/274.jpg","nc","farm-decoration","274",".jpg","4751","b26c719180601e66bb3c1d4e3f1b2790d945f85eff4531fe4cae1b47e97dde6e","mapped-not-extracted",""
"module/nc/farm/diy/274.swf","nc","farm-decoration","274",".swf","15544","be8dedd5577f222486c0042bd77c0d3f6ce0f0103c61416c1af50ef48746afb6","mapped-not-extracted",""
"module/nc/farm/diy/274b.jpg","nc","farm-decoration","274",".jpg","9753","d9ee1d906406dc3dabb803fd0887ebe6f476a368dcbcfa1dc8e146f3e5d17254","mapped-not-extracted",""
"module/nc/farm/diy/275.jpg","nc","farm-decoration","275",".jpg","4510","a14bf545d542ab749dd38e1ff0bca477ecd7e24ac92b4b6f9b4f875e8fc96fef","mapped-not-extracted",""
"module/nc/farm/diy/275.swf","nc","farm-decoration","275",".swf","5069","7df87794da30e8f0283ab66db1e910ba9c2d45eed805df0d744af88e8a29ac69","mapped-not-extracted",""
"module/nc/farm/diy/275b.jpg","nc","farm-decoration","275",".jpg","9337","7472944e83d50e5f88e6f2c0d46eda04d523c90681ff2e8fa5dc4337d52d0f30","mapped-not-extracted",""
"module/nc/farm/diy/276.jpg","nc","farm-decoration","276",".jpg","4548","f2e93a196a453ae4f0fadc43705e7a2d6eb4859df11adc606281bf5aba818170","mapped-not-extracted",""
"module/nc/farm/diy/276.swf","nc","farm-decoration","276",".swf","5015","eabc925f3e4cef6797120fbea6395a483f8f49024dda8c62ead7adc756dceeb2","mapped-not-extracted",""
"module/nc/farm/diy/276b.jpg","nc","farm-decoration","276",".jpg","9499","7243d9c0e24e5a6ed0ace93727d67d9984d2833197cb70fc78ceb71aa0dd758a","mapped-not-extracted",""
"module/nc/farm/diy/277.jpg","nc","farm-decoration","277",".jpg","2637","a2feeb4d127d0bb4195a8c958ebbe6d931d43039eeb02f8b3f053743122544d9","mapped-not-extracted",""
"module/nc/farm/diy/277.swf","nc","farm-decoration","277",".swf","61741","4e2fb30dee4befbc7737a62bf87ab9515023bf9e5945bbbcae7fed509a39bed2","mapped-not-extracted",""
"module/nc/farm/diy/277b.jpg","nc","farm-decoration","277",".jpg","6728","eb3b07c8217ef0aaf6007d4aa401c22ec8cc8cdf8c65aefe1859593e94911bd5","mapped-not-extracted",""
"module/nc/farm/diy/278.jpg","nc","farm-decoration","278",".jpg","3178","4fa807620c26c2d25c72701ca68c4d7721dfe6c3f9221cedb3c3a414ea337505","mapped-not-extracted",""
"module/nc/farm/diy/278.swf","nc","farm-decoration","278",".swf","15494","fbb456b13954475625a32e8dd45ef5f98a3e31c3f076d1610e7a5a814995e187","mapped-not-extracted",""
"module/nc/farm/diy/278b.jpg","nc","farm-decoration","278",".jpg","9084","8300aefb068293fd30a1d043479c4d41862f99d46278ba4d8e86c7ddc57e5f95","mapped-not-extracted",""
"module/nc/farm/diy/279.jpg","nc","farm-decoration","279",".jpg","1723","46345e33a36283e87d7831e9dd2c3f7b9cd0626be46a14e205908d503f7a5f8d","mapped-not-extracted",""
"module/nc/farm/diy/279.swf","nc","farm-decoration","279",".swf","2942","9cc7199eadeb552b435b111d15c08c4fcd3385ef3a394086042a62f247eb0917","mapped-not-extracted",""
"module/nc/farm/diy/279b.jpg","nc","farm-decoration","279",".jpg","4373","5067a073adda07fe1143b3f602fa57978aeccb0cab43a116e23f6cfd1c798d1a","mapped-not-extracted",""
"module/nc/farm/diy/27b.jpg","nc","farm-decoration","27",".jpg","11295","db92f9db598e1af71f04183b0fac001e0e318de0568311e54217b2a2f66bd380","mapped-not-extracted",""
"module/nc/farm/diy/28.jpg","nc","farm-decoration","28",".jpg","3616","2af98b14dbc597ee1c55513f743b2e2d1417361181d7890fdc468c9423758658","mapped-not-extracted",""
"module/nc/farm/diy/28.swf","nc","farm-decoration","28",".swf","16738","bda90104c030b6ef15dd84d2a9a36aee353e786a58bf19e961b6b5a3e7d3c074","mapped-not-extracted",""
"module/nc/farm/diy/280.jpg","nc","farm-decoration","280",".jpg","2097","af1421558c39634a83ec53e5b9510c94103fa78b733249ed87d2905fc2abadb4","mapped-not-extracted",""
"module/nc/farm/diy/280.swf","nc","farm-decoration","280",".swf","5059","e17934849c95000892498d044adc2f3dbffc89d20d8eff5816a677cd7fe35f56","mapped-not-extracted",""
"module/nc/farm/diy/280b.jpg","nc","farm-decoration","280",".jpg","5361","911b5c9bfc2797ad9da65414c6a1cde279d3b9d90f436597a4703399c62d83b4","mapped-not-extracted",""
"module/nc/farm/diy/28b.jpg","nc","farm-decoration","28",".jpg","8680","9e5c51bca4cf8d60bf928e28e4217bb1f479c10e6993e8d580cef5e6525cbade","mapped-not-extracted",""
"module/nc/farm/diy/29.jpg","nc","farm-decoration","29",".jpg","4107","faeafe3b892a8d94b83b8d73a5d5486f86e50a61b2296ec1065dc58a604eb284","mapped-not-extracted",""
"module/nc/farm/diy/29.swf","nc","farm-decoration","29",".swf","4678","165800e580ef680c2f9f00d74e27f6e1909063a6d091c2a3a32d97900ec6eac3","mapped-not-extracted",""
"module/nc/farm/diy/29b.jpg","nc","farm-decoration","29",".jpg","8820","88b1e09d4ed314694083480f361d76b97c4e21174282b6fcd1ab7f4e21c3f8c9","mapped-not-extracted",""
"module/nc/farm/diy/2b.jpg","nc","farm-decoration","2",".jpg","5533","27b2fa2fcaf81524c599373df83911325b539b70b217270517d06b2f46752c02","mapped-not-extracted",""
"module/nc/farm/diy/3.jpg","nc","farm-decoration","3",".jpg","1656","be4928fd237ed7adee73130ebe36b23ba7254d7363be26f8d8dc5930215098d9","mapped-not-extracted",""
"module/nc/farm/diy/3.swf","nc","farm-decoration","3",".swf","4349","0a4681efe2c54c08ad94ebbc0d86e49bb8aacc5c26aea69e931308a91eb5bee2","mapped-not-extracted",""
"module/nc/farm/diy/31.jpg","nc","farm-decoration","31",".jpg","2387","d7221baee454cf723756107601fc3d9dbeeca5fd654468a530dcf5ce59f69fe8","mapped-not-extracted",""
"module/nc/farm/diy/31b.jpg","nc","farm-decoration","31",".jpg","4710","f85db4fa4dc6f57f1a1c4240b3e22a7a4c5c7c9c0432173e4428239c7819926a","mapped-not-extracted",""
"module/nc/farm/diy/31f.jpg","nc","farm-decoration","31",".jpg","153883","3b4da348e2966c040ba4e4a23abf217d2153612f1f08d9726a7d807d20c01d04","mapped-not-extracted",""
"module/nc/farm/diy/32.jpg","nc","farm-decoration","32",".jpg","2344","cfd38683ed49964ce8fd4be399e3137e6973ca0801d430da2495c92e72747f92","mapped-not-extracted",""
"module/nc/farm/diy/32.swf","nc","farm-decoration","32",".swf","9313","752001996ca643306b5a1a465f697eed6f1ad98816d6addbf6b5485c6c4815a2","mapped-not-extracted",""
"module/nc/farm/diy/32b.jpg","nc","farm-decoration","32",".jpg","6549","5e3edb7da134ce3c6b40fad34277e15a55f906988ed96b0242537002800bf048","mapped-not-extracted",""
"module/nc/farm/diy/33.jpg","nc","farm-decoration","33",".jpg","2948","15107688a7b453811cb28b93e9fbeb7436a8736dc0abb503c0ce9a96e48cab2b","mapped-not-extracted",""
"module/nc/farm/diy/33.swf","nc","farm-decoration","33",".swf","2700","b623d8943c9314ba1708f82473330ade8153cdf1acbdd4c6743f83b00efabd7a","mapped-not-extracted",""
"module/nc/farm/diy/33b.jpg","nc","farm-decoration","33",".jpg","7231","a0f873b904cc172971a0c0d91805854c4678203dd704e3a2beee21273326736e","mapped-not-extracted",""
"module/nc/farm/diy/34.jpg","nc","farm-decoration","34",".jpg","2159","a8681996164b74ae707d988909db26ca31c50a08185598e0ac46ccd04600a8fd","mapped-not-extracted",""
"module/nc/farm/diy/34.swf","nc","farm-decoration","34",".swf","2248","7356668b64f13c4c19be380a5f0b219cccb852658b5904da91ef072b73930fae","mapped-not-extracted",""
"module/nc/farm/diy/34b.jpg","nc","farm-decoration","34",".jpg","5906","912f1c6761167d8f7d0179bdf926942cb3acaa75e5ae0e1244ce3f514669c3c5","mapped-not-extracted",""
"module/nc/farm/diy/3b.jpg","nc","farm-decoration","3",".jpg","4119","48583b8267c1b9b6e45d07a72bcbe465ae142c59b6e8309d2730c044a2b1baa3","mapped-not-extracted",""
"module/nc/farm/diy/4.jpg","nc","farm-decoration","4",".jpg","1721","905209c82aefdf309226bec60f7ab86dd8f570c69368662e839eb7f25d989e88","mapped-not-extracted",""
"module/nc/farm/diy/4.swf","nc","farm-decoration","4",".swf","3344","e5cd2ff87ac3e2e312e24ca7e4b6bde2cbd2b2e30075c76f75dab5c92bf0d870","mapped-not-extracted",""
"module/nc/farm/diy/400.jpg","nc","farm-decoration","400",".jpg","2407","b439dcc4062c5d202ebaa38016615b3f0f73fb3ce2354bf0a58451b62c670bce","mapped-not-extracted",""
"module/nc/farm/diy/400.swf","nc","farm-decoration","400",".swf","170131","efb8b3fe8bb0757a85531119a7653647ec712e455d319bba05481702e3845a42","mapped-not-extracted",""
"module/nc/farm/diy/400b.jpg","nc","farm-decoration","400",".jpg","7341","1d593dd5364827f9ffb14c105de877602a1a1995da7e9cbe8d0f3db77024cb45","mapped-not-extracted",""
"module/nc/farm/diy/401.jpg","nc","farm-decoration","401",".jpg","2585","8d07eb8db5d75f80169574a52fc1d7913f7be550e14aba77eb94d5953fa5ae4c","mapped-not-extracted",""
"module/nc/farm/diy/401.swf","nc","farm-decoration","401",".swf","48667","e0438d5354655168623c1fafbc5434916fd53335496b952d8dadb5afcca6f12b","mapped-not-extracted",""
"module/nc/farm/diy/401b.jpg","nc","farm-decoration","401",".jpg","9756","7b3b6cb2f9b2abe7e603ab6e3b8c16a9894fc83df3571f039afdad960e98c693","mapped-not-extracted",""
"module/nc/farm/diy/402.jpg","nc","farm-decoration","402",".jpg","2277","f0cd6121bda74bc2b520d0174dcbba01de8ed9a62b3619f03bb5fd4b681613cf","mapped-not-extracted",""
"module/nc/farm/diy/402.swf","nc","farm-decoration","402",".swf","2933","7d55908ac26e23de74dc06983c019d011ff9111d9de377ec2e8c10436beed8f6","mapped-not-extracted",""
"module/nc/farm/diy/402b.jpg","nc","farm-decoration","402",".jpg","5715","08f5d4fada8c68b7eb7d6db894091391f27d84a83004fa680ea4eac97f1f55e9","mapped-not-extracted",""
"module/nc/farm/diy/403.jpg","nc","farm-decoration","403",".jpg","2297","56bac346227c2062ebb45bc12f8e09ed695f9967aabc4f7283d7d208a1f043a4","mapped-not-extracted",""
"module/nc/farm/diy/403.swf","nc","farm-decoration","403",".swf","5436","1e1a2155e2c348bae2290aed06a91c8f6bf1a74a978db0ea2638684028c1f495","mapped-not-extracted",""
"module/nc/farm/diy/403b.jpg","nc","farm-decoration","403",".jpg","6448","774aec07dc11509a914c01673b54affad11a9d01d8c955492fb9da4f38c57ccb","mapped-not-extracted",""
"module/nc/farm/diy/404.jpg","nc","farm-decoration","404",".jpg","4982","6f4412afe84af0d35b8ffa2701e727e0db23fd00d6870f729f3a8089d5ef5745","mapped-not-extracted",""
"module/nc/farm/diy/404.swf","nc","farm-decoration","404",".swf","116250","71178dba8afa800e960982b40565e4a545c378d5e4b6895b336c487380e064f8","mapped-not-extracted",""
"module/nc/farm/diy/404b.jpg","nc","farm-decoration","404",".jpg","5101","025c0604be524d2bee7633debfa912ffaa03cbf42bd4347f42ffd72021b3e1c7","mapped-not-extracted",""
"module/nc/farm/diy/405.jpg","nc","farm-decoration","405",".jpg","5086","b68663f4ab3ccd0881272f96c2b1fe7df2ec0a2bfc4f451f3ae0e96cc9fe9918","mapped-not-extracted",""
"module/nc/farm/diy/405.swf","nc","farm-decoration","405",".swf","8786","d82629294627af34a0e460109f42bbc20562cc59d02732244f70e234e6ce0d87","mapped-not-extracted",""
"module/nc/farm/diy/405b.jpg","nc","farm-decoration","405",".jpg","4649","7d6bc0a59e02a3d3e0b410d6a6f298df332e68840a49a25646f8f1750eea702c","mapped-not-extracted",""
"module/nc/farm/diy/406.jpg","nc","farm-decoration","406",".jpg","4947","db47335636d287a3db5412ac8d2d781bb3bb1d00e94658513e1e5e8e3653c2b8","mapped-not-extracted",""
"module/nc/farm/diy/406.swf","nc","farm-decoration","406",".swf","6716","1b4895b6396b61956ab5c87bdf5889dab5e7e5a06e3d0a24c294e20932a03e2d","mapped-not-extracted",""
"module/nc/farm/diy/406b.jpg","nc","farm-decoration","406",".jpg","5089","63380cbe037161b3e21e3b1c92539b8ca22466933f0523419f248c8049ea6b07","mapped-not-extracted",""
"module/nc/farm/diy/407.jpg","nc","farm-decoration","407",".jpg","4972","fdea041696c47a0e0f335fe37269b12f220d407c1fc5009623a9e5dbf21deead","mapped-not-extracted",""
"module/nc/farm/diy/407.swf","nc","farm-decoration","407",".swf","3310","d9c101116e74f2381bd5f50ad63bfe6580a73f7eec1911bb5ab6f255654b30eb","mapped-not-extracted",""
"module/nc/farm/diy/407b.jpg","nc","farm-decoration","407",".jpg","4503","8b9eb0d9e9a374c53917ded908e7ba6f18a50afda4f5fc142e27d456de2bc0e2","mapped-not-extracted",""
"module/nc/farm/diy/408.jpg","nc","farm-decoration","408",".jpg","1475","b0d9613e171912086a8f552d9ceb6ce80adba8e5fe6535bdfc45504401edb273","mapped-not-extracted",""
"module/nc/farm/diy/408.swf","nc","farm-decoration","408",".swf","222794","08112f112e38d4cb801a8c81e0914e6258432789e4ef7944c044fd31126e371e","mapped-not-extracted",""
"module/nc/farm/diy/408b.jpg","nc","farm-decoration","408",".jpg","3812","095c0cc690272b76bfc8e816aaea0ff77d8653ba8039255536cf82e695e9de8a","mapped-not-extracted",""
"module/nc/farm/diy/409.jpg","nc","farm-decoration","409",".jpg","1542","712d78dd8de21401556d8ea9b0aa7ab89f15ef2fd212578164fd98a6cb10473b","mapped-not-extracted",""
"module/nc/farm/diy/409.swf","nc","farm-decoration","409",".swf","135005","52f023870234bac353199646fc73968efac9e6d8a288683ed657e88499f8747f","mapped-not-extracted",""
"module/nc/farm/diy/409b.jpg","nc","farm-decoration","409",".jpg","4118","caa18ffa12217b4db257dfd4d07c8c5b9f967a01f710df65045fbb876c2eb87a","mapped-not-extracted",""
"module/nc/farm/diy/41.jpg","nc","farm-decoration","41",".jpg","2273","1c2668f9bc51aef187bd85e38289ae63a8a0a5e073f631748b74d8f875617feb","mapped-not-extracted",""
"module/nc/farm/diy/41.swf","nc","farm-decoration","41",".swf","86666","4be2c861d65b42979a4bcec0a0588809f79c1f3a5b28c3117f1b55674e5e4467","mapped-not-extracted",""
"module/nc/farm/diy/410.jpg","nc","farm-decoration","410",".jpg","998","186d1d9242318212925721eeec3af8eb6f16518a110f59659f0cc596a7c584f2","mapped-not-extracted",""
"module/nc/farm/diy/410.swf","nc","farm-decoration","410",".swf","47120","be42917f9f480b4e33381128a02019a8e87c598d012ca5aa0c100f809f913e94","mapped-not-extracted",""
"module/nc/farm/diy/410b.jpg","nc","farm-decoration","410",".jpg","2062","ca655f62322448845f4470fc129bd97f6db4271acd55cc8d24f6f7aca0d83141","mapped-not-extracted",""
"module/nc/farm/diy/411.jpg","nc","farm-decoration","411",".jpg","2200","fefcf96f6f6bd98dd106d09848ebde1b3537367e6d31e9a3447de8fc13dbf75b","mapped-not-extracted",""
"module/nc/farm/diy/411.swf","nc","farm-decoration","411",".swf","18672","4a34d9f4a82988e161783eef375faa127cb512d9a6a0ef855802c41fa362a55a","mapped-not-extracted",""
"module/nc/farm/diy/411b.jpg","nc","farm-decoration","411",".jpg","6767","488b525ae3503a991fe4c79e193427583f236927bad49cece17ac875da78f06e","mapped-not-extracted",""
"module/nc/farm/diy/412.jpg","nc","farm-decoration","412",".jpg","2227","bd355b90f5c635761e367f51a7ab596d0eb8aa7ab9bff63139a73aa64ee7f760","mapped-not-extracted",""
"module/nc/farm/diy/412.swf","nc","farm-decoration","412",".swf","165695","1b717e6d7efa5f948c2b6483e5603878787bd3a210c3713ccaa248677b92d8e7","mapped-not-extracted",""
"module/nc/farm/diy/412b.jpg","nc","farm-decoration","412",".jpg","3925","e0e62acf233d6994736500cee240701ff9d6b762e73f2f168592a9d2720dc0b0","mapped-not-extracted",""
"module/nc/farm/diy/413.jpg","nc","farm-decoration","413",".jpg","1822","b174c4542ee5fe0f193fed8bb035b7663577a04b8f626325f9b16aeb2e39d750","mapped-not-extracted",""
"module/nc/farm/diy/413.swf","nc","farm-decoration","413",".swf","128386","5c816cbbf07f3e00f818251faf458b5cd2b37c20b454e657d90793297be53058","mapped-not-extracted",""
"module/nc/farm/diy/413b.jpg","nc","farm-decoration","413",".jpg","4460","c67fa31a117a9e3dcf4c8dfd7214c7e532a95ae9e1c5eec282becc6104b2e4e5","mapped-not-extracted",""
"module/nc/farm/diy/414.jpg","nc","farm-decoration","414",".jpg","846","5dc7e0153dc4f58517efd649fafacccb8893fe4d9a16eb76d5557c1b04366e51","mapped-not-extracted",""
"module/nc/farm/diy/414.swf","nc","farm-decoration","414",".swf","146533","2b0d86fa616d384cf795ca387b6d9443d6b62c17a403cdd8a2a8b0f0139c6fa8","mapped-not-extracted",""
"module/nc/farm/diy/414b.jpg","nc","farm-decoration","414",".jpg","1863","4e2102fc67ba1b6996cf71dee190c3e4ec16d39309d48bfe4d61654babe85bb9","mapped-not-extracted",""
"module/nc/farm/diy/415.jpg","nc","farm-decoration","415",".jpg","946","b2447a181674bfd371dd5eef7edf267096c19eb1cfc8e2b20daa5c0f7ce4c00b","mapped-not-extracted",""
"module/nc/farm/diy/415.swf","nc","farm-decoration","415",".swf","22970","59e428fee8305775737e4d6188a42e7a2fe2a3e0efd9b45db3807c26e90bc2c0","mapped-not-extracted",""
"module/nc/farm/diy/415b.jpg","nc","farm-decoration","415",".jpg","1926","a81d95379c4a10c8bfde5d861185e3648423b223aa1bdd8fb27a223398a24d2d","mapped-not-extracted",""
"module/nc/farm/diy/416.jpg","nc","farm-decoration","416",".jpg","2933","989f942dcf76fc2c1eb5db5a72df8927fb99fcf23328304669e085961d65b68a","mapped-not-extracted",""
"module/nc/farm/diy/416.swf","nc","farm-decoration","416",".swf","161296","2ecc8e6370eab382eff57365f5a8d7d1bfc381dc47656d1b5e95103fd17c0cda","mapped-not-extracted",""
"module/nc/farm/diy/416b.jpg","nc","farm-decoration","416",".jpg","9521","9a32f870e6d086eee255f2b79f084c4771be116f32beb890631a714286a84cd6","mapped-not-extracted",""
"module/nc/farm/diy/417.jpg","nc","farm-decoration","417",".jpg","2755","adcf057056d2a0461d23fb0ec2b64ef3df7359e07d80ac5a265798ac5ae188e2","mapped-not-extracted",""
"module/nc/farm/diy/417.swf","nc","farm-decoration","417",".swf","147076","7c549e5681633e9a2eb604ad46627543e7b892649efb80b3e2fdcea3a4ed8355","mapped-not-extracted",""
"module/nc/farm/diy/417b.jpg","nc","farm-decoration","417",".jpg","8058","64807449053932c08d18ff3d373a72797d98d0fedb2ab0a2ba6f240511701d91","mapped-not-extracted",""
"module/nc/farm/diy/418.jpg","nc","farm-decoration","418",".jpg","1359","996c7dd7996fae0eedf03c3658d4dedc2ccdd611ac6511269b1ffa73350ed261","mapped-not-extracted",""
"module/nc/farm/diy/418.swf","nc","farm-decoration","418",".swf","2732","71d4a9fb1f29bd178e3ad122b6efe1f4ae466f5ff6a67c34f23515ab1e1010a3","mapped-not-extracted",""
"module/nc/farm/diy/418b.jpg","nc","farm-decoration","418",".jpg","3059","f7959412114c6f3ae844ffbac0a12f8ba9a0e6fd6491c5fafb9fd37c783455b6","mapped-not-extracted",""
"module/nc/farm/diy/419.jpg","nc","farm-decoration","419",".jpg","2300","63813a8339c24e70a16bce7f124e92aa91569a8f3dea90c05edcf44456a74b70","mapped-not-extracted",""
"module/nc/farm/diy/419.swf","nc","farm-decoration","419",".swf","32171","3982a5adca30e4bf2e7a72e24235e16cdc197cd11134e50ef5bee04993730a95","mapped-not-extracted",""
"module/nc/farm/diy/419b.jpg","nc","farm-decoration","419",".jpg","6098","8d83c8f583b376d45c31fdb50581bc21aaacace1488ea39b291eff7c1136e422","mapped-not-extracted",""
"module/nc/farm/diy/41b.jpg","nc","farm-decoration","41",".jpg","6314","ca7c01ae2e516c73f9c0f3bc0faa0935f7bdf190942b33d41bc2379ea6219f4d","mapped-not-extracted",""
"module/nc/farm/diy/42.jpg","nc","farm-decoration","42",".jpg","2770","1b7b4a85d00c77c3a4091c0e9ac2dc623afa1bfd8464935957d107d4b8010826","mapped-not-extracted",""
"module/nc/farm/diy/42.swf","nc","farm-decoration","42",".swf","15167","ea98545bbf05dfc541c23999bac7529094a5cfa053ec5ddd35058a787b767066","mapped-not-extracted",""
"module/nc/farm/diy/42b.jpg","nc","farm-decoration","42",".jpg","7382","602746b73753af4f3422526f473ddd22e601b9689d31fcc26b7a598af2a2e30e","mapped-not-extracted",""
"module/nc/farm/diy/43.jpg","nc","farm-decoration","43",".jpg","2243","94de1f0990bc54a7307eb84250ad1acd8bf5e2adba6cba7293c4609292170603","mapped-not-extracted",""
"module/nc/farm/diy/43.swf","nc","farm-decoration","43",".swf","2676","8012b805f7a3bc0f988a3b4ab185f8450f9b9e60e621c6c5c89894970027db65","mapped-not-extracted",""
"module/nc/farm/diy/43b.jpg","nc","farm-decoration","43",".jpg","6023","f24748ab5c273d016732a35d667c236f02d26aa588094d5fc7154dd63d2d2be3","mapped-not-extracted",""
"module/nc/farm/diy/44.jpg","nc","farm-decoration","44",".jpg","4013","7e7d431f112c68c2a1096043296e5d5364d90f1af6fcf81aa4d7a0f95dc75975","mapped-not-extracted",""
"module/nc/farm/diy/44.swf","nc","farm-decoration","44",".swf","9659","831f76bc6d24a4f9ba668de05cae0308507c7944a14d6a828d93255a87457f0d","mapped-not-extracted",""
"module/nc/farm/diy/44b.jpg","nc","farm-decoration","44",".jpg","3848","3bdb4fe429905868d9374f174b4bd3f58b6a61737d2dade454fbd5b7b2cfac5c","mapped-not-extracted",""
"module/nc/farm/diy/45.jpg","nc","farm-decoration","45",".jpg","1218","30d89ca65a7813859aaff7a04e9a2f94b5be69244a3bdf23bf41f58bb77f7db1","mapped-not-extracted",""
"module/nc/farm/diy/45.swf","nc","farm-decoration","45",".swf","46111","94f84057eb53693390fe7b6f664c4e2ff75bad3d9b3f345d3ffea9e00884bec8","mapped-not-extracted",""
"module/nc/farm/diy/45b.jpg","nc","farm-decoration","45",".jpg","3701","85b90b2c56267e4b96abc8069a968e905585d745f4c0531cd33585b4d5cf36aa","mapped-not-extracted",""
"module/nc/farm/diy/46.jpg","nc","farm-decoration","46",".jpg","1992","194d9552c93b66f3e45aeb936e92acbdcc810f38a8a97a34047912e35b248606","mapped-not-extracted",""
"module/nc/farm/diy/46.swf","nc","farm-decoration","46",".swf","11329","bd58df22a17d1f3ccf7b2b621a58c498384c99443ea2a62cbd78a910a8112f78","mapped-not-extracted",""
"module/nc/farm/diy/46b.jpg","nc","farm-decoration","46",".jpg","4776","28d491440d72291dd8c6f11809215ce7919a0cce2df339146bb5aa686694c17c","mapped-not-extracted",""
"module/nc/farm/diy/47.jpg","nc","farm-decoration","47",".jpg","1389","0372de1c9a5a93572a56a531848840197f807d49003b75c0912465902683a866","mapped-not-extracted",""
"module/nc/farm/diy/47.swf","nc","farm-decoration","47",".swf","849","5ee4371ba9c68dc5cf10a464ba43e3fdadd51a35597051a10d38953b43d68bf5","mapped-not-extracted",""
"module/nc/farm/diy/47b.jpg","nc","farm-decoration","47",".jpg","3021","d42eaa956f3a7046d795994b3ad8ca8f2a322d86da5e8c0b710bb4ade3fc27ea","mapped-not-extracted",""
"module/nc/farm/diy/48.jpg","nc","farm-decoration","48",".jpg","1863","ec55ba17b4ce893188a779e8396618b5ab938d6c010cc5469b34f699650975ef","mapped-not-extracted",""
"module/nc/farm/diy/48.swf","nc","farm-decoration","48",".swf","1502","e1ef8161e379439ea6174f11ff0bf3bb3ad4aaee8ef7a94a7e1d57f64f876372","mapped-not-extracted",""
"module/nc/farm/diy/48b.jpg","nc","farm-decoration","48",".jpg","4062","5979b7f4cda6220055d481da351fd70d17a1cc0e8629e6ec161649086bb0c50d","mapped-not-extracted",""
"module/nc/farm/diy/49.jpg","nc","farm-decoration","49",".jpg","2006","4d470e4650c3d69e55617ef161719a0580e52465cc29ce162da8faa20c072976","mapped-not-extracted",""
"module/nc/farm/diy/49.swf","nc","farm-decoration","49",".swf","38381","39e91fe44438dbbac72d89f1be80d36bb0cf68102ef934d77d85f1c052e06364","mapped-not-extracted",""
"module/nc/farm/diy/49b.jpg","nc","farm-decoration","49",".jpg","8112","cadaf6c48a19d40eb8e0ff9d2ea12a1661b4abe36f9c31fa8960abe7068978e2","mapped-not-extracted",""
"module/nc/farm/diy/4b.jpg","nc","farm-decoration","4",".jpg","4599","88cf54919c28e09a68df9e0af04f8abd0474c85f12c9280e6a0a75a1da77ce32","mapped-not-extracted",""
"module/nc/farm/diy/50.jpg","nc","farm-decoration","50",".jpg","2326","a8835aa6f1d8c13d193180d5a6892d8f3989230c3f5fbd128b7bb3731d80d877","mapped-not-extracted",""
"module/nc/farm/diy/50.swf","nc","farm-decoration","50",".swf","10391","90200948d38c8bca95a3a4ec272a21f74b555ad73abb4c0906d9fd6de9c031d2","mapped-not-extracted",""
"module/nc/farm/diy/50b.jpg","nc","farm-decoration","50",".jpg","6039","a670c21a6581020493d02fa2671a0297deaeffc5897fb6fbe6f4b6aad92cd85d","mapped-not-extracted",""
"module/nc/farm/diy/51.jpg","nc","farm-decoration","51",".jpg","2491","92174b91c632011f1a6e9f10adf185ebfe58db0d4fa472a96b5c60227ecd7668","mapped-not-extracted",""
"module/nc/farm/diy/51.swf","nc","farm-decoration","51",".swf","2582","68df2815148ed566f7e2a30bc11d5dc8625a6ce1f5182232f75e92bba7478643","mapped-not-extracted",""
"module/nc/farm/diy/51b.jpg","nc","farm-decoration","51",".jpg","6351","619904dea1e6a5d6521063cab452ccfcbdc689528b1b119c4ce464baa4010100","mapped-not-extracted",""
"module/nc/farm/diy/52.jpg","nc","farm-decoration","52",".jpg","2349","5e451eb3ebd64e3e5dbd4dd7f8ff8587f799fc7f978f254bea7e15d41daec30c","mapped-not-extracted",""
"module/nc/farm/diy/52.swf","nc","farm-decoration","52",".swf","2837","a693a058957ec422c61b97f07f396b7417aef8f82db00f448436c57d9bcc79c2","mapped-not-extracted",""
"module/nc/farm/diy/52b.jpg","nc","farm-decoration","52",".jpg","6096","244984ec622e00362e52a1487c23919afd958d47b7ad5f16df1c309a1596d1de","mapped-not-extracted",""
"module/nc/farm/diy/53.jpg","nc","farm-decoration","53",".jpg","1933","262a36efced2a69f5161de27eafd7e545083595a13382cd9dfd1e7d2be14d96b","mapped-not-extracted",""
"module/nc/farm/diy/53.swf","nc","farm-decoration","53",".swf","28848","2d440164b3d31791ca74744349a31a9578f9471a91957db6fa948b82a0091266","mapped-not-extracted",""
"module/nc/farm/diy/53b.jpg","nc","farm-decoration","53",".jpg","4650","7df7cf0362cec9a0a7abbd2ad684a630b07de4e28537a5553351c11e496629aa","mapped-not-extracted",""
"module/nc/farm/diy/54.jpg","nc","farm-decoration","54",".jpg","1522","b6016f79f32805e7844248b09a9cf66be24b841168299c86bdf09e36d8d48a6f","mapped-not-extracted",""
"module/nc/farm/diy/54.swf","nc","farm-decoration","54",".swf","4129","649f24e05242aaede287c55c547ea89e80687de0429b53d4aa2e0343660fcd56","mapped-not-extracted",""
"module/nc/farm/diy/54b.jpg","nc","farm-decoration","54",".jpg","3994","edfe9006a89d52c2aee27242bfc1c1022b0f0be2bae4df85492a5c9bf02dcc19","mapped-not-extracted",""
"module/nc/farm/diy/55.jpg","nc","farm-decoration","55",".jpg","1156","cd89fb4d690eadf4a53525d37222fedfb30c83f2036d307b1c6c2891988b586e","mapped-not-extracted",""
"module/nc/farm/diy/55.swf","nc","farm-decoration","55",".swf","4568","2e07ef15574f54a60657bc0182071da3035f5a465d9318a4a5bc2f9e59f17ce4","mapped-not-extracted",""
"module/nc/farm/diy/55b.jpg","nc","farm-decoration","55",".jpg","4150","a44fea2abfe1e7a16ac17de57f47e5f801bdc96784bb0ad0f3eaddd0b4bc704e","mapped-not-extracted",""
"module/nc/farm/diy/56.jpg","nc","farm-decoration","56",".jpg","1997","2af9427c481ac5dba76e1d06784e2f09547a6e98d4a576cc268e6461015b14d3","mapped-not-extracted",""
"module/nc/farm/diy/56.swf","nc","farm-decoration","56",".swf","1596","c23582858a68a5793e6657e6be7691bd70aaa5239074c382e7535951cbea5292","mapped-not-extracted",""
"module/nc/farm/diy/56b.jpg","nc","farm-decoration","56",".jpg","2682","92dc5e34c2d99de42699dfe00406049e6235f5b26d9f9030cd1422d310f32361","mapped-not-extracted",""
"module/nc/farm/diy/57.jpg","nc","farm-decoration","57",".jpg","1357","e4d2aa5e32dab4d09ec0523065b2ec8e7c05ca646a751fca4789c3bd18f17232","mapped-not-extracted",""
"module/nc/farm/diy/57.swf","nc","farm-decoration","57",".swf","77377","571723b662dc1c8162d6c39eb2d9e870ea338bb091ace41916cfaff48b8a91d2","mapped-not-extracted",""
"module/nc/farm/diy/57b.jpg","nc","farm-decoration","57",".jpg","2797","a70194b943ca8a26ecc98da10cf1f64bdc6d9d3175e895c098dd2fe72f9cc56d","mapped-not-extracted",""
"module/nc/farm/diy/58.jpg","nc","farm-decoration","58",".jpg","1787","1b0c0c3bdc883b4f57929c936bf764e88aecdc625106f36bb18c9c64339a10e0","mapped-not-extracted",""
"module/nc/farm/diy/58.swf","nc","farm-decoration","58",".swf","16196","9fafad7400c59dd1f3b734db618dfb08c03f960795451d389ae8f161d5bf7d1a","mapped-not-extracted",""
"module/nc/farm/diy/58b.jpg","nc","farm-decoration","58",".jpg","4202","2e04990439e108b9d04e240f4a7b6c9a41d25105ba13d53d4b83d37f6e21c2d3","mapped-not-extracted",""
"module/nc/farm/diy/59.jpg","nc","farm-decoration","59",".jpg","1068","caee4bf7b3679401ae88c5a686f60c3096612d771ec87bca01d10d49efe9d7b2","mapped-not-extracted",""
"module/nc/farm/diy/59.swf","nc","farm-decoration","59",".swf","81744","8e5ca05291de84a036736799781e9d94f2be805a2184a807a11998d19ffeaeef","mapped-not-extracted",""
"module/nc/farm/diy/59b.jpg","nc","farm-decoration","59",".jpg","2270","39502fe63aeb6a54245ea40df0aa76abc102f81b59edaeaae5173a5c3b91ea6b","mapped-not-extracted",""
"module/nc/farm/diy/60.jpg","nc","farm-decoration","60",".jpg","1352","5b3d5efe6efdfefd93e4ab9eef1f55d52ebf56caad1b13fe9c943605521919d0","mapped-not-extracted",""
"module/nc/farm/diy/60.swf","nc","farm-decoration","60",".swf","4481","cbb2173641df04244d62d5d9ad9d98463d1ae8de8dac0531ea906f249fcff18b","mapped-not-extracted",""
"module/nc/farm/diy/60b.jpg","nc","farm-decoration","60",".jpg","2754","af70a265d180fec5b9d6497ce530e7cbdf1e87d5b7a19b5e960180564af08e37","mapped-not-extracted",""
"module/nc/farm/diy/61.jpg","nc","farm-decoration","61",".jpg","2651","0cd53b091e370237b244643749063c605b8741ca8caba30b56fe8650a6a5c257","mapped-not-extracted",""
"module/nc/farm/diy/61.swf","nc","farm-decoration","61",".swf","130614","813e74f6c1b7de060d5d7c94825d68cf9f989588a2447a6bbdb2559609fc586c","mapped-not-extracted",""
"module/nc/farm/diy/61b.jpg","nc","farm-decoration","61",".jpg","7195","9613c2b7587bf1ae25999fef1d03cc4b868d5241122808977b7a520cd7341e67","mapped-not-extracted",""
"module/nc/farm/diy/62.jpg","nc","farm-decoration","62",".jpg","3030","b0c4e5d9ad931becc85da8e4e1e72d963573ccc991d2cb99ba276efbc4c6c60a","mapped-not-extracted",""
"module/nc/farm/diy/62.swf","nc","farm-decoration","62",".swf","36390","93bea12c2de8b23cb935604d6bb9d0597f50f535c96cab2bfdf79c330b4b492e","mapped-not-extracted",""
"module/nc/farm/diy/62b.jpg","nc","farm-decoration","62",".jpg","8660","302e7cc40e96e8c70a77323aaa16567ff8a2030f8ab04d663fe1cad86dbb2a36","mapped-not-extracted",""
"module/nc/farm/diy/63.jpg","nc","farm-decoration","63",".jpg","3002","14307115f9e3b716f28b46f51f24f1df5b975f151623e71cf199233f6f27aaf1","mapped-not-extracted",""
"module/nc/farm/diy/63.swf","nc","farm-decoration","63",".swf","48906","e83fb3977c3352a62c89d2f2305b237aacf4d63f0a1734993403fd0bfe906da7","mapped-not-extracted",""
"module/nc/farm/diy/63b.jpg","nc","farm-decoration","63",".jpg","6903","1efd33b699faf3bcb059e11e89609c2b321a31fcef91b475cc143b0b7f27e8a4","mapped-not-extracted",""
"module/nc/farm/diy/64.jpg","nc","farm-decoration","64",".jpg","2790","02385743d99244a35bc23741a3390e7a9429e725403d56d09ffb8a8d5047a4c1","mapped-not-extracted",""
"module/nc/farm/diy/64.swf","nc","farm-decoration","64",".swf","3035","2571d5799bece5decbddbfd7e669544d1e47e25d83eea3498b5feae11adb29aa","mapped-not-extracted",""
"module/nc/farm/diy/64b.jpg","nc","farm-decoration","64",".jpg","5733","6c7b7a77d75e3ada4dc29412c519245b5740a5e0c447edbc10b0d38ddcb6fa98","mapped-not-extracted",""
"module/nc/farm/diy/65.jpg","nc","farm-decoration","65",".jpg","1673","1f827f33288265d8f95b4aa81a90cf46e9dc8d71e5a44897ad6baf9941aece7c","mapped-not-extracted",""
"module/nc/farm/diy/65.swf","nc","farm-decoration","65",".swf","184204","b434e5a90eedb1186c1ed8b2ddde42d045d5d5aa49febac0b5620e545049c770","mapped-not-extracted",""
"module/nc/farm/diy/65b.jpg","nc","farm-decoration","65",".jpg","3761","0c121ab0139822dc8de23884ecfb4411779a5b04768f9ef18bc5c859f04afa26","mapped-not-extracted",""
"module/nc/farm/diy/66.jpg","nc","farm-decoration","66",".jpg","1508","50766c1dbd5718bd18075255c4a32dbc118e3aa78c6f051c8f123c1ab2682adf","mapped-not-extracted",""
"module/nc/farm/diy/66.swf","nc","farm-decoration","66",".swf","15420","e6f24249cf5d92e4dc6b5db788e573f09851630dead9fd4f499daa8d18aef506","mapped-not-extracted",""
"module/nc/farm/diy/66b.jpg","nc","farm-decoration","66",".jpg","3588","5faeea0fdf0b6223eda18d9a71a52cb57ac8c18c344a1f3ba2b7521646bc43a9","mapped-not-extracted",""
"module/nc/farm/diy/67.jpg","nc","farm-decoration","67",".jpg","1749","aa12dc48516f5e68bf8559562a30f34f0f7bfd6d07943a47bc50e701f7c40ba4","mapped-not-extracted",""
"module/nc/farm/diy/67.swf","nc","farm-decoration","67",".swf","5225","0f180ceb879e5a09aacbdae2215bd4456de43811459fdee1cd860a9c1615735d","mapped-not-extracted",""
"module/nc/farm/diy/67b.jpg","nc","farm-decoration","67",".jpg","4289","b8e9472a1a891e10652f4ac64de9c10d6e0c45d18b78cd99362c3b914db0f15f","mapped-not-extracted",""
"module/nc/farm/diy/68.jpg","nc","farm-decoration","68",".jpg","1696","b014423eda8a621c097cd78acf5ed501577d91906c85ea80490da794a12d5ce3","mapped-not-extracted",""
"module/nc/farm/diy/68.swf","nc","farm-decoration","68",".swf","3300","907444df37a44e2b3f8d118038c8da64b57ce19a9427de12cf749429c7821d2a","mapped-not-extracted",""
"module/nc/farm/diy/68b.jpg","nc","farm-decoration","68",".jpg","3154","4d7c943b37454174976f70ab99e025e27f1afab5e679d3ee845994f43c25b9bf","mapped-not-extracted",""
"module/nc/farm/diy/69.jpg","nc","farm-decoration","69",".jpg","1718","ca5898965b0a5e87a6d6324d050a175c5fdcab7f0062de93edbcbcb6020ac523","mapped-not-extracted",""
"module/nc/farm/diy/69.swf","nc","farm-decoration","69",".swf","41585","b75b6c29a19c25e99502955000eb33d001b8ba80baa3277f83a32c803450ecbd","mapped-not-extracted",""
"module/nc/farm/diy/69b.jpg","nc","farm-decoration","69",".jpg","4540","1f06a82c6ef79e4ae1d7ebcbe7b996380a8d7b5c12265d0a3cbd9d7d9b3df719","mapped-not-extracted",""
"module/nc/farm/diy/70.jpg","nc","farm-decoration","70",".jpg","1516","40b2d7125413202fd4cfa8e93b9dfa7ae5437bdf40a5a60fa60a207662bc8231","mapped-not-extracted",""
"module/nc/farm/diy/70.swf","nc","farm-decoration","70",".swf","11086","9acfb5d62b14d6bbff4035c718d8a6dc8f84f03aeedd5acb88531ed38e6f9148","mapped-not-extracted",""
"module/nc/farm/diy/70b.jpg","nc","farm-decoration","70",".jpg","3681","b26e87b67e3b8f99f7e909449b5db97425de3cc0209bfa5cc5faf47e1123e194","mapped-not-extracted",""
"module/nc/farm/diy/71.jpg","nc","farm-decoration","71",".jpg","975","2c091e34fe702d791071719eab6bf52c511ffb9878832257ec29f02463afa520","mapped-not-extracted",""
"module/nc/farm/diy/71.swf","nc","farm-decoration","71",".swf","2374","f9e72f8a14f4502e0597b217a226ca7b4588e5ac7ed181f63b87bf0ed14aca38","mapped-not-extracted",""
"module/nc/farm/diy/71b.jpg","nc","farm-decoration","71",".jpg","2088","7d381f99a7b4f9594b590f666b18f98307f2c7d56f7ab0a17ca43eca5d94e0bf","mapped-not-extracted",""
"module/nc/farm/diy/72.jpg","nc","farm-decoration","72",".jpg","1387","4bbc4e45730e7bc091fbcf92911f330660d61d3b3a706660afc2bbde8005adcc","mapped-not-extracted",""
"module/nc/farm/diy/72.swf","nc","farm-decoration","72",".swf","3137","0a376d42ca6eb3d932251b1d80509685438dab32654e55c1f688a8d572caf9dc","mapped-not-extracted",""
"module/nc/farm/diy/72b.jpg","nc","farm-decoration","72",".jpg","3249","c301972de2d2da187db07a9edb4da6f0bcbfb6d143586af9424c54d9d1e022d3","mapped-not-extracted",""
"module/nc/farm/diy/73.jpg","nc","farm-decoration","73",".jpg","1034","d7107d116923b8ce6ae5fcee4761903b15a1f2359430c93266a82f86242718b4","mapped-not-extracted",""
"module/nc/farm/diy/73.swf","nc","farm-decoration","73",".swf","58212","84b1ebc1b6f93faec0aaa1700892fb7bc39afb09c1cfba20cf1bbd0756ab5d5d","mapped-not-extracted",""
"module/nc/farm/diy/73b.jpg","nc","farm-decoration","73",".jpg","2659","fc946950ad1237c8fcb75e49906c014143fbbde37e84f6a03c99dc571f7d20ff","mapped-not-extracted",""
"module/nc/farm/diy/74.jpg","nc","farm-decoration","74",".jpg","1632","e8d7f71d34c07d16d4416fa3f5e60b141157db5eab1a9b74d97860a5bbb8e9f2","mapped-not-extracted",""
"module/nc/farm/diy/74.swf","nc","farm-decoration","74",".swf","39145","721b9b6e6fbfcc8c662d47148a1332d8accf12932f2d2cf971b1c77f78c66b39","mapped-not-extracted",""
"module/nc/farm/diy/74b.jpg","nc","farm-decoration","74",".jpg","4400","8af3275df2dfae91d7add5db880341a612f31ba8f8c143b61579afe63d22404f","mapped-not-extracted",""
"module/nc/farm/diy/75.jpg","nc","farm-decoration","75",".jpg","1328","bb4d73ff55cc5841a729751a43bf53f523741811c16cc267b924fe8cb9c8bf8d","mapped-not-extracted",""
"module/nc/farm/diy/75.swf","nc","farm-decoration","75",".swf","3311","997885ac9d820667fa886fcba4e977aefa0727575d9274893dc0373156ed4511","mapped-not-extracted",""
"module/nc/farm/diy/75b.jpg","nc","farm-decoration","75",".jpg","3623","a7a2c8ef8bc3155a3b8181d7ea188063e74e4b4fccbcf5e97b1f8a43181790b9","mapped-not-extracted",""
"module/nc/farm/diy/76.jpg","nc","farm-decoration","76",".jpg","1242","e241c73012f2aef3829f90bdcdd326ed59d98d9104ed7d9de7f310acc0344afd","mapped-not-extracted",""
"module/nc/farm/diy/76.swf","nc","farm-decoration","76",".swf","5047","af3de8adf060bca3391298561b8a3702ad325a400a1422896d9be926b30d2fb6","mapped-not-extracted",""
"module/nc/farm/diy/76b.jpg","nc","farm-decoration","76",".jpg","2371","d9691304b4b11bad0e5853cfc984b9e41366d7fe5b78d55eac64f1cc7fb90af4","mapped-not-extracted",""
"module/nc/farm/diy/77.jpg","nc","farm-decoration","77",".jpg","2522","829e69a271529cd8c14b4feb0ab2e13b0d7487a2fda03324ee518e070d1d3b73","mapped-not-extracted",""
"module/nc/farm/diy/77.swf","nc","farm-decoration","77",".swf","54371","bbd5d29793766fa244178ff06532b01eaabbf7d66a49e3e39d9b279b700ba25b","mapped-not-extracted",""
"module/nc/farm/diy/77b.jpg","nc","farm-decoration","77",".jpg","7749","625965137af8f8c3ccb69dea885cd9483ae8b6a45f56d8e8ad08843dba8a7796","mapped-not-extracted",""
"module/nc/farm/diy/78.jpg","nc","farm-decoration","78",".jpg","2773","13dded638a0c319866208523ad932ceb1b50780d26edc1a6b7419f8b46431f79","mapped-not-extracted",""
"module/nc/farm/diy/78.swf","nc","farm-decoration","78",".swf","10853","b6c21e311ca9988df72945719f66ed8c20f30308ad401705bd8af0a2dbd3e344","mapped-not-extracted",""
"module/nc/farm/diy/78b.jpg","nc","farm-decoration","78",".jpg","8169","49477dc6a82cf384ac497b187001e8015a453b29a3aeb60991b151f8de8748cb","mapped-not-extracted",""
"module/nc/farm/diy/79.jpg","nc","farm-decoration","79",".jpg","2623","78da0ba34ab344a31c056a5bfbb560867b18cfe20011181b75ede0763386bde3","mapped-not-extracted",""
"module/nc/farm/diy/79.swf","nc","farm-decoration","79",".swf","2986","6d8ddac5444ae1af83c69e0385294777d84a1d8247969dfaa02af74bae048e28","mapped-not-extracted",""
"module/nc/farm/diy/79b.jpg","nc","farm-decoration","79",".jpg","7145","fbf29faeda3ed660b911fe486bac3047a3c28a24e67a3ff8151a9f2a87e38af1","mapped-not-extracted",""
"module/nc/farm/diy/80.jpg","nc","farm-decoration","80",".jpg","2457","a965e9bd58abda2b104fc5190c02ae5111eb988563723c25eb39134ae3cc6702","mapped-not-extracted",""
"module/nc/farm/diy/80.swf","nc","farm-decoration","80",".swf","5177","d308de815c85d38927dd0a7cbe30affa1871a8961b53a880bd9ced1e89cc7eae","mapped-not-extracted",""
"module/nc/farm/diy/80001.jpg","nc","farm-decoration","80001",".jpg","1297","3a567142d7fd355af0f6f172fcbad397a8954bf9fd34f03197f13c22b8907f27","mapped-not-extracted",""
"module/nc/farm/diy/80003.jpg","nc","farm-decoration","80003",".jpg","1077","cc2fc23d35f73df9b7f920b72d0bdb469d5ed002223e5c33729f45cd25df4552","mapped-not-extracted",""
"module/nc/farm/diy/80b.jpg","nc","farm-decoration","80",".jpg","5086","c9cb05c3cb4846de246c09276561c0b8003f00b12b4024cc72d7986b87417550","mapped-not-extracted",""
"module/nc/farm/diy/81.jpg","nc","farm-decoration","81",".jpg","2909","af9b3842f8a7a64f458f038a4064ef22209181a50d1e117706670ecb890493fd","mapped-not-extracted",""
"module/nc/farm/diy/81.swf","nc","farm-decoration","81",".swf","60323","7cd4104f5b8eaa804e074f32a7affa556d7ce9164825f07d81c18ac07767faa4","mapped-not-extracted",""
"module/nc/farm/diy/81b.jpg","nc","farm-decoration","81",".jpg","6785","788d9f3383d6fd32df165e9dee89924c9241ee24e947e944dee064720b8f8e5b","mapped-not-extracted",""
"module/nc/farm/diy/82.jpg","nc","farm-decoration","82",".jpg","3511","c7ccbe1bc396b596e013a32c6fe6e45e6f12bfb54050a6173cdd49fd293134c4","mapped-not-extracted",""
"module/nc/farm/diy/82.swf","nc","farm-decoration","82",".swf","9888","a14953fc1f8b24be573552295510a7ea7c275d9d2bb5468a9e4efe7a7a3af24c","mapped-not-extracted",""
"module/nc/farm/diy/82b.jpg","nc","farm-decoration","82",".jpg","9927","cf4788eb13c863dfbd0c5aa7e789369d15a29bd6d82bd2cde89719b1d874e0c0","mapped-not-extracted",""
"module/nc/farm/diy/83.jpg","nc","farm-decoration","83",".jpg","3188","b9a387e0791399399a7f02dc6b6b7f1aa191cff18cb735c349e62b38525dc328","mapped-not-extracted",""
"module/nc/farm/diy/83.swf","nc","farm-decoration","83",".swf","14821","73b1d1293ab11db05f70080316287666434a13c4a126d5d1c8dd7d9ee5be2024","mapped-not-extracted",""
"module/nc/farm/diy/83b.jpg","nc","farm-decoration","83",".jpg","9509","cd8a02debe5875002735884cc567889cb0fd7275b3b7c69448c349161b404999","mapped-not-extracted",""
"module/nc/farm/diy/84.jpg","nc","farm-decoration","84",".jpg","3426","ed1f1c29496304d3b48c1436a2e9b72efcdd1b0b03f5bc2e63d62ccb1b84ee5a","mapped-not-extracted",""
"module/nc/farm/diy/84.swf","nc","farm-decoration","84",".swf","6425","a4d53b0365fe415053c44d28b42ebe61c3d4bcd5a09a98a3fc385216650d41f2","mapped-not-extracted",""
"module/nc/farm/diy/84b.jpg","nc","farm-decoration","84",".jpg","9073","1bfca9769632f2af54e27e9d3d6ddb27ceda57b943dea996e2f91edb563fe93b","mapped-not-extracted",""
"module/nc/farm/diy/85.jpg","nc","farm-decoration","85",".jpg","1747","0efa2654f3099c80f7ff07b066733aea3ad2164e4b6a042b3286accbef4408ce","mapped-not-extracted",""
"module/nc/farm/diy/85.swf","nc","farm-decoration","85",".swf","56770","82afd91803ae9343e6613903c208f9d9873fd4476c0fa8c2f0a26e1d514ed460","mapped-not-extracted",""
"module/nc/farm/diy/85b.jpg","nc","farm-decoration","85",".jpg","3822","480a36b04399f8471cd6775907ace2399ddcec1faefa36906a9749b549688cff","mapped-not-extracted",""
"module/nc/farm/diy/86.jpg","nc","farm-decoration","86",".jpg","2348","e2babc4c6a90b629c92931c10997e0082556bae9097cd4857dd4eddfcae38ea4","mapped-not-extracted",""
"module/nc/farm/diy/86.swf","nc","farm-decoration","86",".swf","14659","3dce24ea5dcfd54a6e4eeffc2d1e709dcf1cd58f0b4678f2698c7dd468758b80","mapped-not-extracted",""
"module/nc/farm/diy/86b.jpg","nc","farm-decoration","86",".jpg","5971","b8c8e229d0c8fad2a403c7d4d3bcb486e7935b08a68af026186d96d395a90fb0","mapped-not-extracted",""
"module/nc/farm/diy/87.jpg","nc","farm-decoration","87",".jpg","1200","40b62d30bd11a91e6b3c26829f5b5589d635b082683036e848a591c01fec9247","mapped-not-extracted",""
"module/nc/farm/diy/87.swf","nc","farm-decoration","87",".swf","2553","5e269d44f3e7b84d2022b59cc2c422375330b24ba31a89c13ba901df8edb6e47","mapped-not-extracted",""
"module/nc/farm/diy/87b.jpg","nc","farm-decoration","87",".jpg","1846","7067e44705bbe4ae7704fa5aa0b232ea531d89c1c8cd3e3fe4ef71f943560da0","mapped-not-extracted",""
"module/nc/farm/diy/88.jpg","nc","farm-decoration","88",".jpg","1445","d9f48cc1e7893adadca03a0774c3f55527867b6d8d64e9f81b63aad50a46c96e","mapped-not-extracted",""
"module/nc/farm/diy/88.swf","nc","farm-decoration","88",".swf","1147","14e47479cde57fbb21624a1a944e5d10f097f3ae40d250f3a972db5bca4ceb6d","mapped-not-extracted",""
"module/nc/farm/diy/88b.jpg","nc","farm-decoration","88",".jpg","2803","d6fb1e7333a0edef3c392c96a9c755e31cca01b249d75517bccb4adad90790b9","mapped-not-extracted",""
"module/nc/farm/diy/89.jpg","nc","farm-decoration","89",".jpg","2392","879ae9b0bdf72a32955da919ef47d8863fdea9083503e2bbc1e45ffc94c661c1","mapped-not-extracted",""
"module/nc/farm/diy/89.swf","nc","farm-decoration","89",".swf","94395","955499de00e8e281bb932fda48c16e0708f801ee2344c44cb844b1b0011b81da","mapped-not-extracted",""
"module/nc/farm/diy/89b.jpg","nc","farm-decoration","89",".jpg","5448","a24b52c6d44a1bb41c4ff11a10395cf58bab8e0b8890faa2cefc4bb876b0926e","mapped-not-extracted",""
"module/nc/farm/diy/90.jpg","nc","farm-decoration","90",".jpg","3706","8766753d7a333df6b4bfd3e9bd270e9a9253ac573bbe90f0b007acc250572ba2","mapped-not-extracted",""
"module/nc/farm/diy/90.swf","nc","farm-decoration","90",".swf","8671","b5d2a51e8c1b24cfb825a89c47d29c0beadc89a41fdf5ba157cd105c305179ce","mapped-not-extracted",""
"module/nc/farm/diy/90b.jpg","nc","farm-decoration","90",".jpg","9683","9017726b10c745ee37579248850c823a84ffe95fb601c01a245bf1a1866e514b","mapped-not-extracted",""
"module/nc/farm/diy/91.jpg","nc","farm-decoration","91",".jpg","2708","e2c8f393394b33edc022970368b1bfb0786cb0484c27c334a54a21ff3dad93d1","mapped-not-extracted",""
"module/nc/farm/diy/91.swf","nc","farm-decoration","91",".swf","9968","d1e8ffa7297a4838e9a4747e64770fb5fd69e16898c91c2e9226510362fa677e","mapped-not-extracted",""
"module/nc/farm/diy/91b.jpg","nc","farm-decoration","91",".jpg","7350","13b607c9adcc07d449c98758c46f52dbfafdbbd1d0d9323ce43df534d5726570","mapped-not-extracted",""
"module/nc/farm/diy/92.jpg","nc","farm-decoration","92",".jpg","3520","8d12b74a95b9933d3649ccc4759833ac76483daa0c337429905480c54ce2b252","mapped-not-extracted",""
"module/nc/farm/diy/92.swf","nc","farm-decoration","92",".swf","6737","e67ecde70a9b058fb77a592e9de263471b541db8929233cd93c42c85d8da82f7","mapped-not-extracted",""
"module/nc/farm/diy/92b.jpg","nc","farm-decoration","92",".jpg","7530","ac0ab04b3369ac9720929b156709d62c028efd59387cded382af855f0d4f0872","mapped-not-extracted",""
"module/nc/farm/diy/93.jpg","nc","farm-decoration","93",".jpg","2788","ca25ed985cb9efe7b8a9d135eabab17725801f0b8057a7dfaa62aabf09f908fe","mapped-not-extracted",""
"module/nc/farm/diy/93.swf","nc","farm-decoration","93",".swf","96298","3aa87ac92a0170432086aadb8551ca0278674010f9678a789fc441ea34bb8714","mapped-not-extracted",""
"module/nc/farm/diy/93b.jpg","nc","farm-decoration","93",".jpg","7387","23522d4ab14d3b05e5d004d14f147f8b2dd4efc584e4c3e7ff127f3b03ea1a70","mapped-not-extracted",""
"module/nc/farm/diy/94.jpg","nc","farm-decoration","94",".jpg","3690","344b30b2ae0401976db880b5862a7eed628d2830a15eebd859b31c19d67d2962","mapped-not-extracted",""
"module/nc/farm/diy/94.swf","nc","farm-decoration","94",".swf","9431","243a4c79f06f5ac5e2ca4e2a180e82e15967052799fcc1061fc78b0f385a35a2","mapped-not-extracted",""
"module/nc/farm/diy/94b.jpg","nc","farm-decoration","94",".jpg","10357","70c81b9e001ca1b48a80e70e1a7e0289314579fd2fd67a723121ce74e7057b24","mapped-not-extracted",""
"module/nc/farm/diy/95.jpg","nc","farm-decoration","95",".jpg","2277","f0cd6121bda74bc2b520d0174dcbba01de8ed9a62b3619f03bb5fd4b681613cf","mapped-not-extracted",""
"module/nc/farm/diy/95.swf","nc","farm-decoration","95",".swf","2933","7d55908ac26e23de74dc06983c019d011ff9111d9de377ec2e8c10436beed8f6","mapped-not-extracted",""
"module/nc/farm/diy/95b.jpg","nc","farm-decoration","95",".jpg","5715","08f5d4fada8c68b7eb7d6db894091391f27d84a83004fa680ea4eac97f1f55e9","mapped-not-extracted",""
"module/nc/farm/diy/96.jpg","nc","farm-decoration","96",".jpg","2864","955d8dc22265740fd25850af5fd589aa40907cba36e9e96c9d5f109b0db76302","mapped-not-extracted",""
"module/nc/farm/diy/96.swf","nc","farm-decoration","96",".swf","5503","7717c502ae4ce298ba44bba86b74cd941150d9a29e3c44f1344cde566cf61a02","mapped-not-extracted",""
"module/nc/farm/diy/96b.jpg","nc","farm-decoration","96",".jpg","5052","9e8cbcad7020b250c7a6088c363a925573e0461cf2fef36d46aeb98088645350","mapped-not-extracted",""
"module/nc/farm/diy/97.jpg","nc","farm-decoration","97",".jpg","6226","fe8a503302c04af10cd603385ab964311a28e96a37f7ac39cf1825dfd837fba0","mapped-not-extracted",""
"module/nc/farm/diy/97.swf","nc","farm-decoration","97",".swf","60339","217c0d655982300b0613d93330441bb303c08a2b52542a64cdaa86df34a0d341","mapped-not-extracted",""
"module/nc/farm/diy/97b.jpg","nc","farm-decoration","97",".jpg","9856","8aaa80f17ce12539a555e1ba00481991c8023b3cf57b165cad019f5cbd260bef","mapped-not-extracted",""
"module/nc/farm/diy/98.jpg","nc","farm-decoration","98",".jpg","6344","958f705629389567edfe8be8beafabf5df50512b3ccd003174bff2531e87816a","mapped-not-extracted",""
"module/nc/farm/diy/98.swf","nc","farm-decoration","98",".swf","7633","0d0fc506600331078995b7d19e7c9bf3bb7056a78e7e724ee8f60f05e2c62f54","mapped-not-extracted",""
"module/nc/farm/diy/98b.jpg","nc","farm-decoration","98",".jpg","11089","ade2185cfd60ee7efa60d69e035fa73dfe389356471b00976569814618bd29d2","mapped-not-extracted",""
"module/nc/farm/diy/99.jpg","nc","farm-decoration","99",".jpg","5892","353c49a4cffbf28ec9cd08670b34b00fffba0bb5acd4d5f3c9bc40f9385df921","mapped-not-extracted",""
"module/nc/farm/diy/99.swf","nc","farm-decoration","99",".swf","2642","a9206153d819fce07a7f1b49f6730b0079e4cbf37e2cacee3a51eda3565bf412","mapped-not-extracted",""
"module/nc/farm/diy/99b.jpg","nc","farm-decoration","99",".jpg","10411","0a9315ac6467ad708940fd31114cfcb574754cad25cd1b86fbc2f150e3f2a1a3","mapped-not-extracted",""
"module/nc/farm/diy/board/1.png","nc","farm-decoration-board","",".png","20629","3eedc4ee977391811b0445fbf0d6024a76024e462b84b33b912d715fad2884cc","inventoried",""
"module/nc/farm/diy/board/10.png","nc","farm-decoration-board","",".png","9333","682b9c804112aaa0f985a3254270d9a564a082400e6021061449afd3cee8903d","inventoried",""
"module/nc/farm/diy/board/11.png","nc","farm-decoration-board","",".png","10915","1e1f900aa9b40c891cea5e9ed26b254ff419ba1549eb75e5b42b80cea11f6e5f","inventoried",""
"module/nc/farm/diy/board/12.png","nc","farm-decoration-board","",".png","10056","16e52727c9e1e8d2bb57311a073ec8725c7cc0a32030551e6226a4b67403dd4f","inventoried",""
"module/nc/farm/diy/board/13.png","nc","farm-decoration-board","",".png","9017","6d249870a8963110164496b01e7104857ee16f11211527223fb44735f150953c","inventoried",""
"module/nc/farm/diy/board/14.png","nc","farm-decoration-board","",".png","9977","219140e448daa5275082c7deb8c5600adda712473b22dcdb97f7cd23a45cda5e","inventoried",""
"module/nc/farm/diy/board/15.png","nc","farm-decoration-board","",".png","9997","95d0c9389254593d5dcef83ac17772747abbbf094bc335602531af8581e1648f","inventoried",""
"module/nc/farm/diy/board/2.png","nc","farm-decoration-board","",".png","20276","77c82e1396a7861ad0e9ba9a77ca8c844c5cd81e9fc99488e01e81ddc5d7068a","inventoried",""
"module/nc/farm/diy/board/3.png","nc","farm-decoration-board","",".png","20844","8ec84194fedf6647366454aad3e5ce4d0967124a56a6b96ef673b5c4dfeef6d3","inventoried",""
"module/nc/farm/diy/board/4.png","nc","farm-decoration-board","",".png","19478","1c59145d6ecd558e672316122a8b98657fec5b97815e6716c0967048984b03c9","inventoried",""
"module/nc/farm/diy/board/5.png","nc","farm-decoration-board","",".png","19841","3c2474071d2bc49107361d2696485d7c438adefc1f89fb3230c07bbe02399346","inventoried",""
"module/nc/farm/diy/board/6.png","nc","farm-decoration-board","",".png","20149","2941153eedd0a15f64821388351de86123b8c5e8ac29e8bd9bd7a067b799a210","inventoried",""
"module/nc/farm/diy/board/7.png","nc","farm-decoration-board","",".png","9737","d28dd8fcdcf6de89a0113a64665e60311e4e5577d2b64bfc8f2dd7d18edcaf28","inventoried",""
"module/nc/farm/diy/board/8.png","nc","farm-decoration-board","",".png","9502","a8b7d6b7d70ba5e022b9b82190c533f55ea97749f6eb266cb5878dec9224685a","inventoried",""
"module/nc/farm/diy/board/9.png","nc","farm-decoration-board","",".png","9881","77a3e966c3d28d2b8981eb55beb5769577af18b2a3fa1285d67b2969ed4caba7","inventoried",""
"module/nc/farm/diy/board/Thumbs.db","nc","farm-decoration-board","",".db","82432","6ae838fe1bcdc64e3d01b369aac6d664dff43f01fe134a1b04c20845c3a24d80","inventoried",""
"module/nc/flower/1.gif","nc","farm-flower","",".gif","14081","15549f16fe213d1eb24ca673344a6bbeeb0e2d4d4dfb561d0c521cc4b9328162","inventoried",""
"module/nc/flower/1.swf","nc","farm-flower","",".swf","12667","dfd880e4fd536206c2f4df6b5dc4a49ecaf845493cfea324c4c98356f7ce133f","inventoried",""
"module/nc/flower/10.gif","nc","farm-flower","",".gif","11150","6fd453a69882261296a6b2ad7cd25b13f969e313b4dba16dfbe95cc46d7d2d8a","inventoried",""
"module/nc/flower/10.swf","nc","farm-flower","",".swf","10647","ec243c0c1f793bbaf88cbb43d4329cf511d2cc92a30bf71e38e28b040c142713","inventoried",""
"module/nc/flower/11.gif","nc","farm-flower","",".gif","14284","cf1078c156ad1ed4fdf99d94afebe789e09783f0f483f3f7f6fb458ce15488cf","inventoried",""
"module/nc/flower/11.swf","nc","farm-flower","",".swf","22072","45aa5dd5f63a568bac78188de1e11f57ef8c5877652b070bc5e904875f13b321","inventoried",""
"module/nc/flower/12.gif","nc","farm-flower","",".gif","11940","ad028c514ea28deea61b0ba5ec9fbb237122cec13e87953f382451b7c874a0df","inventoried",""
"module/nc/flower/12.swf","nc","farm-flower","",".swf","15959","c016be898b1613c99c90bff52ef753d7ddbe2b60b0cc551e663e8057f83b392e","inventoried",""
"module/nc/flower/13.gif","nc","farm-flower","",".gif","15723","e0807817f623b3b5b50630c35668087c060b9aab4950b8fddc4d3a395eb31c7b","inventoried",""
"module/nc/flower/13.swf","nc","farm-flower","",".swf","17965","f074869ad8d423589ba4b5f8043f39f52ae51cd99a892207e72eef9506ff02d0","inventoried",""
"module/nc/flower/14.gif","nc","farm-flower","",".gif","14352","245d2f2f7cd08c0046ef28dc4d33553c53c77368fad2dd5b9f575d800cdc11e0","inventoried",""
"module/nc/flower/14.swf","nc","farm-flower","",".swf","10242","90b730b34cbc8985719bf7c2a334302839cc4006fe39d9912ec6e439cc63fe27","inventoried",""
"module/nc/flower/2.gif","nc","farm-flower","",".gif","15620","70b5444fb1d86ba5b8e1b6887f94f4f45689a1248c9c54afc1e2b062e68704a7","inventoried",""
"module/nc/flower/2.swf","nc","farm-flower","",".swf","32359","9f235467f885a8cbdd4d99d342226a2138f42b18c8e7c9cc4e69b8732119bf7f","inventoried",""
"module/nc/flower/3.gif","nc","farm-flower","",".gif","14560","5d4fe71935b781a747c88518a45a860d9aed1a6307c729ef5cab7741ce1a4a0b","inventoried",""
"module/nc/flower/3.swf","nc","farm-flower","",".swf","22516","bec38c315f604deddba960e7a629f719211628120a743bbfc1c0187d1ac78528","inventoried",""
"module/nc/flower/4.gif","nc","farm-flower","",".gif","15512","a54cf7163dd1aa385655b663e0a4cbb4a20b2850f4394cc3dde25939a5cb59b7","inventoried",""
"module/nc/flower/4.swf","nc","farm-flower","",".swf","42564","788d870a0a209e57643a928d50a57b7dd10109b6ac385e2e1f26608b123a0b0e","inventoried",""
"module/nc/flower/5.gif","nc","farm-flower","",".gif","15578","310083e0ab4538576ebba0b88b44b01831a8d956b83e3f8c15c10ac5ac3539d4","inventoried",""
"module/nc/flower/5.swf","nc","farm-flower","",".swf","22334","73e6efe5737c6e2a12cf5ff14a584b006c07acd6a0d5cfdc88a617f7688f737c","inventoried",""
"module/nc/flower/6.gif","nc","farm-flower","",".gif","14923","8e5175c54f5bb5dff4d67917e387bf043c2346bb5323212ed778894801b3031f","inventoried",""
"module/nc/flower/6.swf","nc","farm-flower","",".swf","34812","28e0ca6673a229621e89bb468c320af9a017ed1de5510faa3f505aadfd92aa9b","inventoried",""
"module/nc/flower/7.gif","nc","farm-flower","",".gif","13313","ff9ac6fcde184ff15a62ee517ec56ffefb60dd7aceb83217a7a273ac2a46be35","inventoried",""
"module/nc/flower/7.swf","nc","farm-flower","",".swf","14503","a2e4479658c4cf5e2bc1bd8960cbb860b2b5fdc5ffda29841e51293fe927f295","inventoried",""
"module/nc/flower/8.gif","nc","farm-flower","",".gif","13470","ae45835bc6ce559b9b3c223cfc4350fbe0a6ad1370c8a79ea40c8933c3c542f6","inventoried",""
"module/nc/flower/8.swf","nc","farm-flower","",".swf","15699","db738416b9a7c1bc29e8ba6b371203085fafd90c5697522909916a0e131a8a0a","inventoried",""
"module/nc/flower/9.gif","nc","farm-flower","",".gif","13251","b3d9ce74b8007cf411a76c24d98a7e10ca481dc72ed05cd57c1e06d7b3baf2a8","inventoried",""
"module/nc/flower/9.swf","nc","farm-flower","",".swf","11909","e5b2d2fbab4de13d04527bab69400500d6052051781a94986b56131fa7a05598","inventoried",""
"module/nc/Main_v_42.swf","nc","other","",".swf","220424","f254ebe32a626ac6259162b48f47349ca7108e0c6486a1045cea5ded1e926708","inventoried",""
"module/nc/main/commonui_v_4.swf","nc","farm-ui","",".swf","38201","32c8e92d531730f235b22f7aba25850b3d26741af83c6b6fab41149ef12c6acb","inventoried",""
"module/nc/main/farmui1_v_12.swf","nc","farm-ui","",".swf","240727","cac03c9c5403df42e39fd3d0aa93321e4ee5f510495fd7b0573e36e68b26991e","inventoried",""
"module/nc/main/farmui2_v_4.swf","nc","farm-ui","",".swf","93138","36963e275ff0a98629d35331670a64d9bb4d72eb615416dcb06a85eabb25a8f2","inventoried",""
"module/nc/main/NPC3.swf","nc","farm-ui","",".swf","9858","720fe71cbd9bf8cc3d0c698b3f39db345a6583a9b5c816bdb372ce4065f45cfd","inventoried",""
"module/nc/main/outswf/help.swf","nc","farm-ui","",".swf","46764","0715ecc49fc3520253f8bae7c71c840e12fcab1e4ae2302e7af02ad8e61dad65","inventoried",""
"module/nc/main/task.swf","nc","farm-ui","",".swf","35155","0fbbbdc07d3eb6f48e65ecd06b86dbebb515b2ced0d42ee8a68021cb4ac28ef4","inventoried",""
"module/qqfarm.swf","qqfarm.swf","other","",".swf","8668","b901bf2ba9669505ea7190b60f744affe50f5223fd3b0a75441f60677a2211f2","inventoried",""
