"source_file","category","entry_kind","source_character_id","entry_name","tag_type","visual_role","classification_basis","frame_count","content_rect","source_export_file","source_export_sha256","width","height","visible_pixels","render_status"
"module/nc/crops/Flowers.swf","farm-crop-support","root-frame","0","[root-frame]","SWF","root-stage","source-category","1","","","","","","0","empty-outline"
"module/nc/crops/Flowers.swf","farm-crop-support","symbol-class","64","Crop_101_Seed","DefineSpriteTag","crop-support","source-category","1","-20,-14,1000,1160","nc/crops/Flowers.swf.assets/character-64.png","df82013342c0dd48e31862d23e53432d1f5d6e99fa0043a8f0e082f8f6428125","51","59","1063","rendered"
"module/nc/crops/Flowers.swf","farm-crop-support","symbol-class","51","Crop_102_Seed","DefineSpriteTag","crop-support","source-category","1","-20,-20,1100,1123","nc/crops/Flowers.swf.assets/character-51.png","0cb9b330637a45ef332f62c37174a2318dfda0cded83595f80c167bc03493283","56","58","1322","rendered"
"module/nc/crops/Flowers.swf","farm-crop-support","symbol-class","48","Crop_41_Seed","DefineSpriteTag","crop-support","source-category","1","-17,-20,920,1040","nc/crops/Flowers.swf.assets/character-48.png","640e5e94157eb281253ffd5162c90b73c03a68e28f869f06112418ac5e77088f","47","53","1316","rendered"
"module/nc/crops/Flowers.swf","farm-crop-support","symbol-class","46","Crop_105_Seed","DefineSpriteTag","crop-support","source-category","1","-2,120,1133,1186","nc/crops/Flowers.swf.assets/character-46.png","1d51953705f8a34a313ea38afcd8b4f720472d5f54dc3e4154ea2f0b3f12940f","57","54","1326","rendered"
"module/nc/crops/Flowers.swf","farm-crop-support","symbol-class","41","Crop_103_Seed","DefineSpriteTag","crop-support","source-category","1","-15,-23,1120,1080","nc/crops/Flowers.swf.assets/character-41.png","5b600dd1c16f12ebcf8018e672168a471603b0c43d69917db23186d76f36f0ad","57","56","1446","rendered"
"module/nc/crops/Flowers.swf","farm-crop-support","symbol-class","39","Crop_104_Seed","DefineSpriteTag","crop-support","source-category","1","-24,-11,1059,901","nc/crops/Flowers.swf.assets/character-39.png","bddbee09af6cb2980814b0a4f8da794ddb0f6415737e44d271e85414f7724bef","55","46","1573","rendered"
"module/nc/crops/Flowers.swf","farm-crop-support","symbol-class","37","Crop_106_Seed","DefineSpriteTag","crop-support","source-category","1","-11,4,793,1206","nc/crops/Flowers.swf.assets/character-37.png","556eec118fb49f653b5e5785284e5a6fa22a64968e2523fbffeb63af52524b4c","41","61","1293","rendered"
"module/nc/crops/Flowers.swf","farm-crop-support","symbol-class","35","Crop_107_Seed","DefineSpriteTag","crop-support","source-category","1","-9,3,907,1122","nc/crops/Flowers.swf.assets/character-35.png","b598e5799d2a02f251c4d0c70c90e5be0ba4b783768a630c84064c4950914156","46","56","1023","rendered"
"module/nc/crops/Flowers.swf","farm-crop-support","symbol-class","30","Crop_108_Seed","DefineSpriteTag","crop-support","source-category","1","0,-14,1060,1100","nc/crops/Flowers.swf.assets/character-30.png","961a4cd15f3e69eb145569ab731c481acb0321f15d1044ca73fc1a8b602f3c46","53","56","666","rendered"
"module/nc/crops/Flowers.swf","farm-crop-support","symbol-class","23","Crop_109_Seed","DefineSpriteTag","crop-support","source-category","1","-10,14,1096,954","nc/crops/Flowers.swf.assets/character-23.png","ff93a9fd12c2b900f7a58cd0c2eb9273a834998139b61ed7fcc9674027e8db7b","56","47","1288","rendered"
"module/nc/crops/Flowers.swf","farm-crop-support","symbol-class","18","Crop_112_Seed","DefineSpriteTag","crop-support","source-category","1","30,99,959,1050","nc/crops/Flowers.swf.assets/character-18.png","99d7f0c2647c08de8aa0ac66e645aa13d559a10f9e07e9aa84e2b2da852745c8","47","48","1242","rendered"
"module/nc/crops/Flowers.swf","farm-crop-support","symbol-class","8","Crop_111_Seed","DefineSpriteTag","crop-support","source-category","1","100,121,920,1080","nc/crops/Flowers.swf.assets/character-8.png","8caedcb504694da4458da2bcf8a03849e4df51b40aec2c3bc80a52941fbc7c3b","41","48","1119","rendered"
"module/nc/crops/Seeds_2.swf","farm-crop-support","root-frame","0","[root-frame]","SWF","root-stage","source-category","1","","","","","","0","empty-outline"
"module/nc/crops/Seeds_2.swf","farm-crop-support","symbol-class","66","Crop_54_Seed","DefineSpriteTag","crop-support","source-category","1","-19,-17,677,1184","nc/crops/Seeds_2.swf.assets/character-66.png","5f11f4924aaa3ec0e9d92b10081fb58017e6a4f514b72557219e008f54943313","35","61","1104","rendered"
"module/nc/crops/Seeds_2.swf","farm-crop-support","symbol-class","62","Crop_49_Seed","DefineSpriteTag","crop-support","source-category","1","34,133,912,1046","nc/crops/Seeds_2.swf.assets/character-62.png","8547d9a5cfe73d3581fd06e22e5ec0d39649aa035853efb67810a0cf619f5a34","44","46","1176","rendered"
"module/nc/crops/Seeds_2.swf","farm-crop-support","symbol-class","59","Crop_53_Seed","DefineSpriteTag","crop-support","source-category","1","-20,-20,1136,938","nc/crops/Seeds_2.swf.assets/character-59.png","7d092a305d5db1e12243c5a5642b1b64ebf8f85be6aac9f7e1c259c409f38cdc","58","48","1886","rendered"
"module/nc/crops/Seeds_2.swf","farm-crop-support","symbol-class","57","Crop_56_Seed","DefineSpriteTag","crop-support","source-category","1","-19,-18,1182,839","nc/crops/Seeds_2.swf.assets/character-57.png","f692b50e78633e3a5b598fe142d488649641da27ff71ce5e5cdf89eed5455cd1","61","43","1712","rendered"
"module/nc/crops/Seeds_2.swf","farm-crop-support","symbol-class","53","Crop_57_Seed","DefineSpriteTag","crop-support","source-category","1","-11,-11,1127,1073","nc/crops/Seeds_2.swf.assets/character-53.png","bf8b232ecd52ec20ab65f015538b9a89d3f7799d107174169f2f123296451ac8","57","55","1817","rendered"
"module/nc/crops/Seeds_2.swf","farm-crop-support","symbol-class","51","Crop_58_Seed","DefineSpriteTag","crop-support","source-category","1","-19,-16,1011,1176","nc/crops/Seeds_2.swf.assets/character-51.png","d37dd4e40e603d6b27c9625b0bf516058dd5179c55bbe14183f2294013941da7","52","60","1935","rendered"
"module/nc/crops/Seeds_2.swf","farm-crop-support","symbol-class","48","Crop_68_Seed","DefineSpriteTag","crop-support","source-category","1","-21,-20,1181,947","nc/crops/Seeds_2.swf.assets/character-48.png","79b26707d03af1d1ebac280c255d821bb337eefd5f80ddf61985c49ee4a59880","61","49","1584","rendered"
"module/nc/crops/Seeds_2.swf","farm-crop-support","symbol-class","44","Crop_72_Seed","DefineSpriteTag","crop-support","source-category","1","15,36,1155,1046","nc/crops/Seeds_2.swf.assets/character-44.png","ff4965b8721bd1e012e9348b1dde290b41cd8d04b5181d8f1220e5e08cf20404","57","51","1615","rendered"
"module/nc/crops/Seeds_2.swf","farm-crop-support","symbol-class","40","Crop_63_Seed","DefineSpriteTag","crop-support","source-category","1","282,-16,1037,1156","nc/crops/Seeds_2.swf.assets/character-40.png","471377e2e6df9bb36cb65e3726ca0e189925eae1f752a5723b43e9a4a9a4c592","38","59","1130","rendered"
"module/nc/crops/Seeds_2.swf","farm-crop-support","symbol-class","38","Crop_79_Seed","DefineSpriteTag","crop-support","source-category","1","134,17,983,1017","nc/crops/Seeds_2.swf.assets/character-38.png","426302f8e7f430f45954b7139a96361f0fed82bde46824e02316bd2019297a0b","43","50","1466","rendered"
"module/nc/crops/Seeds_2.swf","farm-crop-support","symbol-class","36","Crop_77_Seed","DefineSpriteTag","crop-support","source-category","1","63,71,1073,852","nc/crops/Seeds_2.swf.assets/character-36.png","838887e512d511ff923564f71b2e12b2bb96b230feb2eb933345790cae7efdd4","51","40","980","rendered"
"module/nc/crops/Seeds_2.swf","farm-crop-support","symbol-class","32","Crop_81_Seed","DefineSpriteTag","crop-support","source-category","1","10,58,1121,1183","nc/crops/Seeds_2.swf.assets/character-32.png","7d653d969b08c5fdbecd2cd8c473180bd94b6193b5e86d124170f50d78a8cc65","56","57","1988","rendered"
"module/nc/crops/Seeds_2.swf","farm-crop-support","symbol-class","18","Crop_62_Seed","DefineSpriteTag","crop-support","source-category","1","-17,-21,794,1113","nc/crops/Seeds_2.swf.assets/character-18.png","f254cbd363238c685e5848430f38b77261894c700ec58223f78ecb566971185d","41","57","1108","rendered"
"module/nc/crops/Seeds_2.swf","farm-crop-support","symbol-class","3","Crop_76_Seed","DefineSpriteTag","crop-support","source-category","1","85,86,1196,1000","nc/crops/Seeds_2.swf.assets/character-3.png","0d7358650f9511623ce63fb1d30ed484841c302abe1588cdadc581e5328eaa6b","56","46","1477","rendered"
"module/nc/crops/Seeds_3_v_9.swf","farm-crop-support","root-frame","0","[root-frame]","SWF","root-stage","source-category","1","","","","","","0","empty-outline"
"module/nc/crops/Seeds_3_v_9.swf","farm-crop-support","symbol-class","206","Crop_80_Seed","DefineSpriteTag","crop-support","source-category","1","-21,21,954,571","nc/crops/Seeds_3_v_9.swf.assets/character-206.png","4d53aea3e79a24652d94086b5eb1848e3bdbec0c72919781248edc3f36b231ec","49","28","1009","rendered"
"module/nc/crops/Seeds_3_v_9.swf","farm-crop-support","symbol-class","201","Crop_75_Seed","DefineSpriteTag","crop-support","source-category","1","-15,62,1077,1051","nc/crops/Seeds_3_v_9.swf.assets/character-201.png","142d28ffd23714cb04182e492ca807c76c78e4e6f7ec74ce57a47d1cbf033825","55","50","1562","rendered"
"module/nc/crops/Seeds_3_v_9.swf","farm-crop-support","symbol-class","189","Crop_82_Seed","DefineSpriteTag","crop-support","source-category","1","44,52,1170,1130","nc/crops/Seeds_3_v_9.swf.assets/character-189.png","298d6dd73f78da7ef8cb24e65d8fa043a85eba0ccbb48a046247d179a1a6e7f1","57","54","1877","rendered"
"module/nc/crops/Seeds_3_v_9.swf","farm-crop-support","symbol-class","184","Crop_74_Seed","DefineSpriteTag","crop-support","source-category","1","-7,105,1163,975","nc/crops/Seeds_3_v_9.swf.assets/character-184.png","ffb46dafcd2c96655d12f0b64fec18dc16331043b2a1eb7e2d9f93e68b44ef69","59","44","1550","rendered"
"module/nc/crops/Seeds_3_v_9.swf","farm-crop-support","symbol-class","181","Crop_114_Seed","DefineSpriteTag","crop-support","source-category","1","32,120,935,1073","nc/crops/Seeds_3_v_9.swf.assets/character-181.png","334144d5860068e6f4a21914587dfa01b60d2d9bd4fad0840d306e4794ef5961","46","48","1320","rendered"
"module/nc/crops/Seeds_3_v_9.swf","farm-crop-support","symbol-class","173","Crop_78_Seed","DefineSpriteTag","crop-support","source-category","1","53,50,1146,1037","nc/crops/Seeds_3_v_9.swf.assets/character-173.png","48f1f041b9a9d3bf4346e9ebb8edb1059c63eebc7fcfa99e4a41c528f715a9f7","55","50","1897","rendered"
"module/nc/crops/Seeds_3_v_9.swf","farm-crop-support","symbol-class","169","Crop_70_Seed","DefineSpriteTag","crop-support","source-category","1","69,-18,997,1155","nc/crops/Seeds_3_v_9.swf.assets/character-169.png","70888557458efaed057211de4fb7c8f3824cd79785eefe452c6a97c3d7c1680a","47","59","1304","rendered"
"module/nc/crops/Seeds_3_v_9.swf","farm-crop-support","symbol-class","162","Crop_67_Seed","DefineSpriteTag","crop-support","source-category","1","92,104,1121,842","nc/crops/Seeds_3_v_9.swf.assets/character-162.png","832a94e47d3bde707a01f857b92187462dfea0abfd500a60caa382ab4191321f","52","37","1236","rendered"
"module/nc/crops/Seeds_3_v_9.swf","farm-crop-support","symbol-class","157","Crop_92_Seed","DefineSpriteTag","crop-support","source-category","1","-20,-20,1221,1019","nc/crops/Seeds_3_v_9.swf.assets/character-157.png","45bc5e88c6d72249a2a064c8a69a9d911552d73ffa589a7819e053b9e4d89720","63","52","1724","rendered"
"module/nc/crops/Seeds_3_v_9.swf","farm-crop-support","symbol-class","137","Crop_83_Seed","DefineSpriteTag","crop-support","source-category","1","20,18,1184,1060","nc/crops/Seeds_3_v_9.swf.assets/character-137.png","6af7c9d951ea21d2010c39d6898616d32708e4e5fcaca231f28a5b1aa46e309b","59","53","1833","rendered"
"module/nc/crops/Seeds_3_v_9.swf","farm-crop-support","symbol-class","128","Crop_94_Seed","DefineSpriteTag","crop-support","source-category","1","-27,-58,992,873","nc/crops/Seeds_3_v_9.swf.assets/character-128.png","2e72f832b792f7b861445d41c42478cc68448609300938286fa14d1e7ffd8609","51","47","1078","rendered"
"module/nc/crops/Seeds_3_v_9.swf","farm-crop-support","symbol-class","77","Crop_25_Seed","DefineSpriteTag","crop-support","source-category","1","34,18,1112,1216","nc/crops/Seeds_3_v_9.swf.assets/character-77.png","253268919e8280f34e97a43fa59e26e6a47e2ff46fef636ea0a8fe75c34f2a71","54","60","1403","rendered"
"module/nc/crops/Seeds_3_v_9.swf","farm-crop-support","symbol-class","73","Crop_93_Seed","DefineSpriteTag","crop-support","source-category","1","-27,-4,785,1004","nc/crops/Seeds_3_v_9.swf.assets/character-73.png","a04e1258b7943e2fda1970b6a6a1561812fe22a0cf037a1b7397726d9f041c78","41","51","1013","rendered"
"module/nc/crops/Seeds_3_v_9.swf","farm-crop-support","symbol-class","71","Crop_84_Seed","DefineSpriteTag","crop-support","source-category","1","19,124,1156,1171","nc/crops/Seeds_3_v_9.swf.assets/character-71.png","725bb22f9f91dfc252764bf4b24fe66c61b76139317f456c259e2d02c95ab1d1","57","53","1653","rendered"
"module/nc/crops/Seeds_3_v_9.swf","farm-crop-support","symbol-class","68","Crop_118_Seed","DefineSpriteTag","crop-support","source-category","1","-20,-21,1089,1159","nc/crops/Seeds_3_v_9.swf.assets/character-68.png","20332652b7868f2ece94bdb6d97bece32ee60a76d3d9cf0aa92add1309a82eb1","56","59","1438","rendered"
"module/nc/crops/Seeds_3_v_9.swf","farm-crop-support","symbol-class","63","Crop_85_Seed","DefineSpriteTag","crop-support","source-category","1","6,84,1177,1104","nc/crops/Seeds_3_v_9.swf.assets/character-63.png","c31e46412e454b37d08e730c6cd91a02510e903e6c9152666f674b0de0861faa","59","51","1846","rendered"
"module/nc/crops/Seeds_3_v_9.swf","farm-crop-support","symbol-class","57","Crop_113_Seed","DefineSpriteTag","crop-support","source-category","1","118,71,1165,1082","nc/crops/Seeds_3_v_9.swf.assets/character-57.png","5082b8d2bccf858e1c2f43d5521ae883a5160bb60fccad2ce5d58bd78eaf1caf","53","51","1656","rendered"
"module/nc/crops/Seeds_3_v_9.swf","farm-crop-support","symbol-class","37","Crop_69_Seed","DefineSpriteTag","crop-support","source-category","1","36,-7,915,1204","nc/crops/Seeds_3_v_9.swf.assets/character-37.png","9349e1566e52d4a533c486fe568a05000e6dd7b6f20e529de22d01a6fc125ca1","44","61","900","rendered"
"module/nc/crops/Seeds_3_v_9.swf","farm-crop-support","symbol-class","23","Crop_86_Seed","DefineSpriteTag","crop-support","source-category","1","41,205,1202,866","nc/crops/Seeds_3_v_9.swf.assets/character-23.png","3455514fbb1ca4133e2118dcb798d61a627f62d528ca699c08d85a3d6a186219","59","34","1188","rendered"
"module/nc/crops/Seeds_3_v_9.swf","farm-crop-support","symbol-class","15","Crop_125_Seed","DefineSpriteTag","crop-support","source-category","1","-9,43,1212,1166","nc/crops/Seeds_3_v_9.swf.assets/character-15.png","35113f7e8451743df33643e4e8b07c8f389af3e899874b09bf7e8429968e1cff","62","57","1647","rendered"
"module/nc/crops/Seeds_3_v_9.swf","farm-crop-support","symbol-class","9","Crop_87_Seed","DefineSpriteTag","crop-support","source-category","1","112,31,844,1193","nc/crops/Seeds_3_v_9.swf.assets/character-9.png","154729f464ad9d8a7683496d538865c1ed9cd17b1708b743b5252dc94b16c1f7","37","59","1235","rendered"
"module/nc/crops/Seeds.swf","farm-crop-support","root-frame","0","[root-frame]","SWF","root-stage","source-category","1","261,155,10917,7812","nc/crops/Seeds.swf.assets/root.png","9ee73ad8425736a06a8afba3ed60d5ae671cdff5ef319babfb75038966cd3269","533","383","47407","rendered"
"module/nc/crops/Seeds.swf","farm-crop-support","symbol-class","120","Crop_9_Seed","DefineSpriteTag","crop-support","source-category","1","-42,-26,588,936","nc/crops/Seeds.swf.assets/character-120.png","e07a5ca43ad7c8777b81079bfb14dbd2237535f648e660222466011a9bae119e","32","49","587","rendered"
"module/nc/crops/Seeds.swf","farm-crop-support","symbol-class","118","Crop_8_Seed","DefineSpriteTag","crop-support","source-category","1","112,-7,708,952","nc/crops/Seeds.swf.assets/character-118.png","e202ad6c55642e94267158f5e2d3a371484de2696e528e443e5f6b39c8d65b35","30","48","811","rendered"
"module/nc/crops/Seeds.swf","farm-crop-support","symbol-class","114","Crop_7_Seed","DefineSpriteTag","crop-support","source-category","1","-20,-24,772,855","nc/crops/Seeds.swf.assets/character-114.png","34fa35517e02a537b46fb959d3e66c90c0f489a1da2662656e3f64f873e003f1","40","44","1063","rendered"
"module/nc/crops/Seeds.swf","farm-crop-support","symbol-class","112","Crop_61_Seed","DefineSpriteTag","crop-support","source-category","1","58,-4,1047,1098","nc/crops/Seeds.swf.assets/character-112.png","e3ad43a1fc020671d364903b5d687f6daa43d7fed32eb11a00772d15b88a6329","50","56","778","rendered"
"module/nc/crops/Seeds.swf","farm-crop-support","symbol-class","105","Crop_60_Seed","DefineSpriteTag","crop-support","source-category","1","-20,-4,1184,1108","nc/crops/Seeds.swf.assets/character-105.png","b79130a312b8433e1ff9a3308ca9319e358d571f411462d20341f3fc46ce5e37","61","56","890","rendered"
"module/nc/crops/Seeds.swf","farm-crop-support","symbol-class","99","Crop_6_Seed","DefineSpriteTag","crop-support","source-category","1","-24,-24,692,1132","nc/crops/Seeds.swf.assets/character-99.png","a614e1754d9ad93801bf5125281405f5b1436625dcbb956ed146fb1afc32f85c","36","58","824","rendered"
"module/nc/crops/Seeds.swf","farm-crop-support","symbol-class","97","Crop_59_Seed","DefineSpriteTag","crop-support","source-category","1","-7,-4,1028,1148","nc/crops/Seeds.swf.assets/character-97.png","f33aa1d437f3c7eadef13ad78efaf9153b3e6f39a431c960e84c73d7700edc8d","52","58","2003","rendered"
"module/nc/crops/Seeds.swf","farm-crop-support","symbol-class","95","Crop_55_Seed","DefineSpriteTag","crop-support","source-category","1","-20,-20,1188,1028","nc/crops/Seeds.swf.assets/character-95.png","9ca8dc39b73e52943cabdad413a6d980319c97e7029e02b60b6941fc6dfeac38","61","53","1489","rendered"
"module/nc/crops/Seeds.swf","farm-crop-support","symbol-class","93","Crop_51_Seed","DefineSpriteTag","crop-support","source-category","1","51,-22,1105,1188","nc/crops/Seeds.swf.assets/character-93.png","884e189b17de30e144e81b4469e368d2bfe5ffbd9bae1a1467bd2776ee1e8de0","53","61","1538","rendered"
"module/nc/crops/Seeds.swf","farm-crop-support","symbol-class","87","Crop_50_Seed","DefineSpriteTag","crop-support","source-category","1","95,60,1152,890","nc/crops/Seeds.swf.assets/character-87.png","38e45774bc6f739e8ce25e33cdebd5963daf5bdb36fd2649d46540c97b7444f9","53","42","1224","rendered"
"module/nc/crops/Seeds.swf","farm-crop-support","symbol-class","83","Crop_5_Seed","DefineSpriteTag","crop-support","source-category","1","-10,-17,851,1055","nc/crops/Seeds.swf.assets/character-83.png","f722ad0a5c6bba230074869963bf46488c5d1ca93323adfd40b2d9be36f710d8","44","54","1518","rendered"
"module/nc/crops/Seeds.swf","farm-crop-support","symbol-class","81","Crop_48_Seed","DefineSpriteTag","crop-support","source-category","1","14,96,1130,1036","nc/crops/Seeds.swf.assets/character-81.png","959f7a2406912aaf004aa92e584881e4f00229ac072792481effb563200913d0","56","47","1660","rendered"
"module/nc/crops/Seeds.swf","farm-crop-support","symbol-class","77","Crop_47_Seed","DefineSpriteTag","crop-support","source-category","1","6,14,1191,1060","nc/crops/Seeds.swf.assets/character-77.png","94b1fcca4b600886e9d8119523410248904e61ec8a68ba1c3433ecdaca80628d","60","53","958","rendered"
"module/nc/crops/Seeds.swf","farm-crop-support","symbol-class","72","Crop_46_Seed","DefineSpriteTag","crop-support","source-category","1","29,14,1186,1000","nc/crops/Seeds.swf.assets/character-72.png","2aa4919735a570ab6b5d65f7be4d54481e3b90b1867a50657a600d66bf1172f7","58","50","1936","rendered"
"module/nc/crops/Seeds.swf","farm-crop-support","symbol-class","65","Crop_45_Seed","DefineSpriteTag","crop-support","source-category","1","110,157,1132,1060","nc/crops/Seeds.swf.assets/character-65.png","6f873993baa7e5a42e18bb73931162cdf0fe99b179c3a8631668bd7d853fd015","52","46","1585","rendered"
"module/nc/crops/Seeds.swf","farm-crop-support","symbol-class","59","Crop_44_Seed","DefineSpriteTag","crop-support","source-category","1","-4,44,1092,1028","nc/crops/Seeds.swf.assets/character-59.png","cba8ed6683fe289276fb5ae4bfd2d8b95d3ec7b818fb65e5b583910e63f27e66","55","50","651","rendered"
"module/nc/crops/Seeds.swf","farm-crop-support","symbol-class","56","Crop_42_Seed","DefineSpriteTag","crop-support","source-category","1","-20,-20,1060,1092","nc/crops/Seeds.swf.assets/character-56.png","03753025119eaf0d390741415206033723aec96ba204443b5c3e44b713f8b711","54","56","2173","rendered"
"module/nc/crops/Seeds.swf","farm-crop-support","symbol-class","53","Crop_40_Seed","DefineSpriteTag","crop-support","source-category","1","77,143,1119,1014","nc/crops/Seeds.swf.assets/character-53.png","f1e816acd5b7cecb460af325f8e624d04f9bae1c38d7b1a112249b103afd5505","53","44","853","rendered"
"module/nc/crops/Seeds.swf","farm-crop-support","symbol-class","44","Crop_4_Seed","DefineSpriteTag","crop-support","source-category","1","-24,-20,996,932","nc/crops/Seeds.swf.assets/character-44.png","fe8a060c1eb4ff69596b8ed37bd08f1437cfc3601aa2b14b9b2cc2a1dd8a480e","51","48","1356","rendered"
"module/nc/crops/Seeds.swf","farm-crop-support","symbol-class","42","Crop_39_Seed","DefineSpriteTag","crop-support","source-category","1","-14,-20,790,1108","nc/crops/Seeds.swf.assets/character-42.png","96f174fee9129614f81d09fc25f270fb8b79e18e0c0858cb3c01df77b47435d2","41","57","1123","rendered"
"module/nc/crops/Seeds.swf","farm-crop-support","symbol-class","40","Crop_38_Seed","DefineSpriteTag","crop-support","source-category","1","-6,8,968,1012","nc/crops/Seeds.swf.assets/character-40.png","46d5f133dd070ab7a0eb783fe43c54791e911ac65545d5477e12604c34f25c87","49","51","1397","rendered"
"module/nc/crops/Seeds.swf","farm-crop-support","symbol-class","38","Crop_35_Seed","DefineSpriteTag","crop-support","source-category","1","-20,-20,972,952","nc/crops/Seeds.swf.assets/character-38.png","5d0c4e787d100b7793a350059642c4a71a9a0739f0dbcc176f9bc92c941d80b6","50","49","1446","rendered"
"module/nc/crops/Seeds.swf","farm-crop-support","symbol-class","36","Crop_34_Seed","DefineSpriteTag","crop-support","source-category","1","59,70,1076,1136","nc/crops/Seeds.swf.assets/character-36.png","727e75e846ba36b7523edfd90a623d8144d9edb927035ec852cb17e69838033f","51","54","1416","rendered"
"module/nc/crops/Seeds.swf","farm-crop-support","symbol-class","32","Crop_33_Seed","DefineSpriteTag","crop-support","source-category","1","-4,-20,900,1108","nc/crops/Seeds.swf.assets/character-32.png","9b513f288f876f737621a752f925c71a6e990d7df5098ebdc3e4cbe47e682049","46","57","1199","rendered"
"module/nc/crops/Seeds.swf","farm-crop-support","symbol-class","30","Crop_31_Seed","DefineSpriteTag","crop-support","source-category","1","-12,-17,788,1068","nc/crops/Seeds.swf.assets/character-30.png","f07e77efb8d4c6e55d122a7b8a5a16f9dbc7bd395d9b422fc4782b7f8dd04bb0","40","55","742","rendered"
"module/nc/crops/Seeds.swf","farm-crop-support","symbol-class","28","Crop_3_Seed","DefineSpriteTag","crop-support","source-category","1","-25,-23,601,1140","nc/crops/Seeds.swf.assets/character-28.png","2cbb897615f219b969194ceb42739d57e1d3137f562d6801e2e01dd5857fb3db","32","59","550","rendered"
"module/nc/crops/Seeds.swf","farm-crop-support","symbol-class","26","Crop_29_Seed","DefineSpriteTag","crop-support","source-category","1","-21,-21,853,875","nc/crops/Seeds.swf.assets/character-26.png","57955bc9336079a478c407649641d330b0c5bc4577b89da7328a7b1a54c7bba0","44","45","1486","rendered"
"module/nc/crops/Seeds.swf","farm-crop-support","symbol-class","24","Crop_27_Seed","DefineSpriteTag","crop-support","source-category","1","-20,-20,540,996","nc/crops/Seeds.swf.assets/character-24.png","f112330f325c7cfa5b1b670542c245046fffa385799b00764e33185b1680e2eb","28","51","854","rendered"
"module/nc/crops/Seeds.swf","farm-crop-support","symbol-class","22","Crop_26_Seed","DefineSpriteTag","crop-support","source-category","1","-22,-20,790,919","nc/crops/Seeds.swf.assets/character-22.png","c0f2f82531d6877549fbc86a322020d18e0a592c6b07040550a1930b128b0565","41","47","1416","rendered"
"module/nc/crops/Seeds.swf","farm-crop-support","symbol-class","20","Crop_23_Seed","DefineSpriteTag","crop-support","source-category","1","-19,-14,772,818","nc/crops/Seeds.swf.assets/character-20.png","ce69d6b6bf2d7ca98c1237d53039b068b751ed9ae8f9ff95c20ee0c2936803a0","40","42","1033","rendered"
"module/nc/crops/Seeds.swf","farm-crop-support","symbol-class","18","Crop_2_Seed","DefineSpriteTag","crop-support","source-category","1","-84,-28,617,1108","nc/crops/Seeds.swf.assets/character-18.png","7794a7e97a62efd79856fcdf0365cd6a770c6162564046cd3aa2faa57a172de0","36","57","898","rendered"
"module/nc/crops/Seeds.swf","farm-crop-support","symbol-class","16","Crop_19_Seed","DefineSpriteTag","crop-support","source-category","1","-20,-20,820,820","nc/crops/Seeds.swf.assets/character-16.png","e2a2bb28ed56c81f4bb27ad2683aa418f8bcc7991f81da9cb5aee58ac18f22b4","42","42","1232","rendered"
"module/nc/crops/Seeds.swf","farm-crop-support","symbol-class","14","Crop_18_Seed","DefineSpriteTag","crop-support","source-category","1","-20,-20,1140,868","nc/crops/Seeds.swf.assets/character-14.png","1175a1e552441a69f7a67dc91a6537be5addf5a96f78a87249c409775de3fb2d","58","45","1167","rendered"
"module/nc/crops/Seeds.swf","farm-crop-support","symbol-class","12","Crop_15_Seed","DefineSpriteTag","crop-support","source-category","1","-22,-20,1124,881","nc/crops/Seeds.swf.assets/character-12.png","a7533eb39ea8a136555f1e913b4039764c19752d1c5c4e4eb50fd2c8c569c5f1","58","46","1733","rendered"
"module/nc/crops/Seeds.swf","farm-crop-support","symbol-class","10","Crop_14_Seed","DefineSpriteTag","crop-support","source-category","1","-28,-11,947,992","nc/crops/Seeds.swf.assets/character-10.png","17f07567074ce0662593e9c6179efc508a03e6e64ba0da7f16ae48f0d97c2b82","49","51","1405","rendered"
"module/nc/crops/Seeds.swf","farm-crop-support","symbol-class","8","Crop_13_Seed","DefineSpriteTag","crop-support","source-category","1","-20,-8,532,976","nc/crops/Seeds.swf.assets/character-8.png","5b3cc0121f19c089ebd018ffe824d2633fc95751fe5bc7cb4848df78e542d84d","28","50","716","rendered"
"module/nc/crops/Seeds.swf","farm-crop-support","symbol-class","6","Crop_11_Seed","DefineSpriteTag","crop-support","source-category","1","-36,-43,772,820","nc/crops/Seeds.swf.assets/character-6.png","220af9533062252ce422368a04740a6eb50ee95d8ebc9f5b30d7fae075646419","41","44","1148","rendered"
"module/nc/crops/Seeds.swf","farm-crop-support","symbol-class","4","Crop_10_Seed","DefineSpriteTag","crop-support","source-category","1","-20,-42,931,906","nc/crops/Seeds.swf.assets/character-4.png","5f46275d3857c3781299f6160b8b78543a32152768b57939d505187a28268bf0","48","48","1393","rendered"
"module/nc/crops/Seeds.swf","farm-crop-support","symbol-class","2","Crop_1_Seed","DefineSpriteTag","crop-support","source-category","1","-20,-52,688,833","nc/crops/Seeds.swf.assets/character-2.png","85ab7cf46b9ddb80197603f30ee678be76d440e94079b0faacdd2797e3625fee","36","45","1072","rendered"
"module/nc/flower/1.swf","farm-flower","root-frame","0","[root-frame]","SWF","root-stage","source-category","1","-20,-20,8620,8620","nc/flower/1.swf.assets/root.png","e8a87143c3318bee998369459ebed18115a29175daaec1385c2fe60d53d56147","432","432","59134","rendered"
"module/nc/flower/10.swf","farm-flower","root-frame","0","[root-frame]","SWF","root-stage","source-category","1","-20,-20,8620,8620","nc/flower/10.swf.assets/root.png","528a6072393e97669c4bc966667239a70df04589cfe0822d8ba3a092e83f887d","432","432","51253","rendered"
"module/nc/flower/11.swf","farm-flower","root-frame","0","[root-frame]","SWF","root-stage","source-category","1","-20,-20,8620,8620","nc/flower/11.swf.assets/root.png","79701a28ccdbd542895d4422511d938f7ad1355dd9201420131413bd72779be6","432","432","51249","rendered"
"module/nc/flower/12.swf","farm-flower","root-frame","0","[root-frame]","SWF","root-stage","source-category","1","-20,-20,8620,8620","nc/flower/12.swf.assets/root.png","39b37dda27884a2fae757b74f1511d6017511e89df8cf8a8bf30f62bc61fd6b1","432","432","39032","rendered"
"module/nc/flower/13.swf","farm-flower","root-frame","0","[root-frame]","SWF","root-stage","source-category","1","-20,-20,8620,8620","nc/flower/13.swf.assets/root.png","bce3a03437ceba92d1ab8b95ceff246fc8ff1f731ced2d23d9d923a91be8b29a","432","432","74539","rendered"
"module/nc/flower/14.swf","farm-flower","root-frame","0","[root-frame]","SWF","root-stage","source-category","1","-20,-20,8620,8620","nc/flower/14.swf.assets/root.png","f41e4c95d5c5f2252d9792bceb25cec0445fb3a8f5cd845411f5ab91907b1434","432","432","66461","rendered"
"module/nc/flower/2.swf","farm-flower","root-frame","0","[root-frame]","SWF","root-stage","source-category","1","-20,-20,8620,8620","nc/flower/2.swf.assets/root.png","cc53c57b7d6412c262aaec1442bf3a8b5d16f134f902a54f68f7f2224d25fae8","432","432","57052","rendered"
"module/nc/flower/3.swf","farm-flower","root-frame","0","[root-frame]","SWF","root-stage","source-category","1","-20,-20,8620,8620","nc/flower/3.swf.assets/root.png","dfc1a8f5f68b7f5e2037223fa51fd055491c073b27111a71b7bccf933348733e","432","432","51858","rendered"
"module/nc/flower/4.swf","farm-flower","root-frame","0","[root-frame]","SWF","root-stage","source-category","1","-20,-20,8620,8620","nc/flower/4.swf.assets/root.png","f58b501d78a98758d11ff25af77ffef951f34d8dd221736c1b55ba177a4f98e3","432","432","54164","rendered"
"module/nc/flower/5.swf","farm-flower","root-frame","0","[root-frame]","SWF","root-stage","source-category","1","-20,-20,8620,8620","nc/flower/5.swf.assets/root.png","deb1e895d27a9f151c9c26a9a8452e0e7be24bffc47f5cbb194fbfff36119a68","432","432","68115","rendered"
"module/nc/flower/6.swf","farm-flower","root-frame","0","[root-frame]","SWF","root-stage","source-category","1","-20,-20,8620,8620","nc/flower/6.swf.assets/root.png","ff631310e9d61bd747178d35316e6f7ae8266429fbd31f0dbcff1ae9f958180b","432","432","90217","rendered"
"module/nc/flower/7.swf","farm-flower","root-frame","0","[root-frame]","SWF","root-stage","source-category","1","-20,-20,8620,8620","nc/flower/7.swf.assets/root.png","da4f57cc6c563449fbd1ffaad523437537a2fef5a7b7f41b53e24a1b80a5be8f","432","432","69810","rendered"
"module/nc/flower/8.swf","farm-flower","root-frame","0","[root-frame]","SWF","root-stage","source-category","1","-20,-20,8620,8620","nc/flower/8.swf.assets/root.png","dfbc73c4252741a449ff364ef67bdd3ffc9d92e30c2e3e572e59e1e2a4273814","432","432","53756","rendered"
"module/nc/flower/9.swf","farm-flower","root-frame","0","[root-frame]","SWF","root-stage","source-category","1","-20,-20,8620,8620","nc/flower/9.swf.assets/root.png","5f007b1eae4cbf7baac66d61721aa3d28bee32885585f3bca37b89dd5134a364","432","432","68457","rendered"
"module/nc/main/commonui_v_4.swf","farm-ui","root-frame","0","[root-frame]","SWF","root-stage","source-category","1","","","","","","0","empty-outline"
"module/nc/main/commonui_v_4.swf","farm-ui","symbol-class","107","ValidateCodeContent","DefineSpriteTag","ui-component","source-category","1","-165,-21,6278,3428","nc/main/commonui_v_4.swf.assets/character-107.png","4d4f594adc1b82550d62b54e573f9b5e745be474ddb0dea0f6f145b96408dbe0","323","173","6342","rendered"
"module/nc/main/commonui_v_4.swf","farm-ui","symbol-class","100","List_Item","DefineSpriteTag","ui-component","source-category","1","-40,-20,3515,676","nc/main/commonui_v_4.swf.assets/character-100.png","aa7550a2c5406d6be9478d9e435755019b0c69adbf8cd204375f9c9f01b54ecc","178","35","6121","rendered"
"module/nc/main/commonui_v_4.swf","farm-ui","symbol-class","97","Mc_btn","DefineSpriteTag","ui-component","source-category","1","-110,-90,394,384","nc/main/commonui_v_4.swf.assets/character-97.png","9ee94f0a3064be83eed95a0c9da435120cefdf2a6b7d50b221cbc137aeffff64","26","24","196","rendered"
"module/nc/main/commonui_v_4.swf","farm-ui","symbol-class","94","Head_mc","DefineSpriteTag","ui-component","source-category","1","-20,-20,520,520","nc/main/commonui_v_4.swf.assets/character-94.png","35474facc7ea96418e165a872b37203503296740caa77c5ce46acfe6d06cb74d","27","27","625","rendered"
"module/nc/main/commonui_v_4.swf","farm-ui","symbol-class","88","Level_mc","DefineSpriteTag","ui-component","source-category","1","","","","","","0","empty-outline"
"module/nc/main/commonui_v_4.swf","farm-ui","symbol-class","87","List_Highlight","DefineSpriteTag","ui-component","source-category","1","-20,-20,3420,580","nc/main/commonui_v_4.swf.assets/character-87.png","9640160d0d4b520ab9e1d40c0e2f0a5ce35241270adcd822bb288cec6826a001","172","30","5128","rendered"
"module/nc/main/commonui_v_4.swf","farm-ui","symbol-class","85","FriendBg","DefineSpriteTag","ui-component","source-category","1","-20,-20,3659,7820","nc/main/commonui_v_4.swf.assets/character-85.png","ea2d9cb67e959a95eb6eb40f6ecff0643edaf8e517a10487cc1933a7f0f5b117","184","392","71979","rendered"
"module/nc/main/commonui_v_4.swf","farm-ui","symbol-class","83","List_Next_End","DefineSpriteTag","ui-component","source-category","1","","","","","","0","empty-outline"
"module/nc/main/commonui_v_4.swf","farm-ui","symbol-class","82","List_Prev_End","DefineSpriteTag","ui-component","source-category","1","-400,-20,220,340","nc/main/commonui_v_4.swf.assets/character-82.png","47a4c3ebb8b142db4744a4d03bea7314c5862c323a82b5a3176147399e1e5bab","31","18","105","rendered"
"module/nc/main/commonui_v_4.swf","farm-ui","symbol-class","78","List_UI","DefineSpriteTag","ui-component","source-category","1","","jpexs-fallback/nc__main__commonui_v_4.swf/sprites/DefineSprite_78_List_UI/1.png","4860fa6288ac568fe652785df2bee2e6c730f313fb74237942da1934918787dc","218","412","76830","rendered"
"module/nc/main/commonui_v_4.swf","farm-ui","symbol-class","77","List_Search_btn","DefineSpriteTag","ui-component","source-category","1","-20,-20,540,460","nc/main/commonui_v_4.swf.assets/character-77.png","4a68ea62a8171943b488ab7f68dbe785d6efca3f7f511ce24bdcb699abf15571","28","24","535","rendered"
"module/nc/main/commonui_v_4.swf","farm-ui","symbol-class","67","List_Prev","DefineSpriteTag","ui-component","source-category","1","-20,-20,380,380","nc/main/commonui_v_4.swf.assets/character-67.png","d52bf6aa3c600b759c69e960cdf8106643bddb9a75c688bef3153149dcfa3944","20","20","324","rendered"
"module/nc/main/commonui_v_4.swf","farm-ui","symbol-class","64","List_Next","DefineSpriteTag","ui-component","source-category","1","-20,-20,380,380","nc/main/commonui_v_4.swf.assets/character-64.png","7d72c132c92e4d4021857a00cf67d71cd6d743abf5c9500fe53c383aea1cb539","20","20","324","rendered"
"module/nc/main/commonui_v_4.swf","farm-ui","symbol-class","56","List_Refresh_btn","DefineSpriteTag","ui-component","source-category","1","-20,-20,500,500","nc/main/commonui_v_4.swf.assets/character-56.png","bf48bf4b9965d48686e3fcf666371612f50e8324c2c92dd36c4eecb0ec24d118","26","26","508","rendered"
"module/nc/main/commonui_v_4.swf","farm-ui","symbol-class","53","List_Refresh2_btn","DefineSpriteTag","ui-component","source-category","1","-20,-20,420,400","nc/main/commonui_v_4.swf.assets/character-53.png","3a814db9eaf9c5faaf7752a3c791503583c146968478c87a2c626fc8a6cdd83d","22","21","376","rendered"
"module/nc/main/commonui_v_4.swf","farm-ui","symbol-class","50","SortB_btn","DefineSpriteTag","ui-component","source-category","2","-102,-20,1422,436","nc/main/commonui_v_4.swf.assets/character-50.png","7c895b19c4fe768e1b00c44c11559feb1a5879706dd4d0838598f55fe1a50f1e","77","23","1052","rendered"
"module/nc/main/commonui_v_4.swf","farm-ui","symbol-class","47","SortA_btn","DefineSpriteTag","ui-component","source-category","2","-102,-20,1422,436","nc/main/commonui_v_4.swf.assets/character-47.png","7c895b19c4fe768e1b00c44c11559feb1a5879706dd4d0838598f55fe1a50f1e","77","23","1052","rendered"
"module/nc/main/commonui_v_4.swf","farm-ui","symbol-class","38","List_Close","DefineSpriteTag","ui-component","source-category","2","-240,-20,472,2180","nc/main/commonui_v_4.swf.assets/character-38.png","3e0789b77fbb6f564bf37622e4923f9e9fa90be39743bacc11fe9a8cdf08e11b","36","110","946","rendered"
"module/nc/main/commonui_v_4.swf","farm-ui","symbol-class","37","List_Open","DefineSpriteTag","ui-component","source-category","2","-240,-20,472,2180","nc/main/commonui_v_4.swf.assets/character-37.png","c77e597d508e032bf2a03b041990a972f0e309247669f4fe24c4fb073707f737","36","110","946","rendered"
"module/nc/main/commonui_v_4.swf","farm-ui","symbol-class","28","Navigate","DefineSpriteTag","ui-component","source-category","1","-20,-20,1420,2220","nc/main/commonui_v_4.swf.assets/character-28.png","793cd0b464a30afa9896a470b971a3b11298958be95bf4d8f787ed7132c14fc5","72","112","4718","rendered"
"module/nc/main/commonui_v_4.swf","farm-ui","symbol-class","25","Navigate2","DefineSpriteTag","ui-component","source-category","1","-20,-20,1420,2260","nc/main/commonui_v_4.swf.assets/character-25.png","84d583abd8751679647501b9d76e5aa62d66c450c8db381361f9717204bc36b1","72","114","4757","rendered"
"module/nc/main/commonui_v_4.swf","farm-ui","symbol-class","22","Status_1","DefineSpriteTag","ui-component","source-category","1","-25,-103,530,367","nc/main/commonui_v_4.swf.assets/character-22.png","7d32580643104c9dfb535f6bc36cd88994c528b10ece10c232ec7e118d12e016","28","24","217","rendered"
"module/nc/main/commonui_v_4.swf","farm-ui","symbol-class","19","Status_2","DefineSpriteTag","ui-component","source-category","1","-40,-103,515,367","nc/main/commonui_v_4.swf.assets/character-19.png","231fa452df5d546a7415ff5fe51a4f6dbb9d244f9f967200c58191fc49247a31","28","24","109","rendered"
"module/nc/main/commonui_v_4.swf","farm-ui","symbol-class","17","Status_3","DefineSpriteTag","ui-component","source-category","1","-25,-103,530,367","nc/main/commonui_v_4.swf.assets/character-17.png","59b080b083a42eb1417004c4f146815aa99d9a365d815583235205886b145959","28","24","112","rendered"
"module/nc/main/commonui_v_4.swf","farm-ui","symbol-class","15","Status_pre","DefineSpriteTag","ui-component","source-category","1","-25,-103,530,367","nc/main/commonui_v_4.swf.assets/character-15.png","dbdfaf071d0d777fe911e519f784880bb3b08cff5ba49194214b90ea75a89771","28","24","221","rendered"
"module/nc/main/commonui_v_4.swf","farm-ui","symbol-class","12","Sort1","DefineBitsLossless2Tag","ui-component","source-category","1","-20,-20,500,500","nc/main/commonui_v_4.swf.assets/character-12.png","2284f8bbe49f7d6928d1bd2a24bc6f5096c1ad507b12d387c782f42a09198ec2","26","26","508","rendered"
"module/nc/main/commonui_v_4.swf","farm-ui","symbol-class","11","Sort2","DefineBitsLossless2Tag","ui-component","source-category","1","-20,-20,500,500","nc/main/commonui_v_4.swf.assets/character-11.png","3d919ce7c66d2eae07b7936cf390043f89ed26b4488f72cfb4e9fce804f5f485","26","26","508","rendered"
"module/nc/main/commonui_v_4.swf","farm-ui","symbol-class","10","Sort3","DefineBitsLossless2Tag","ui-component","source-category","1","-20,-20,500,500","nc/main/commonui_v_4.swf.assets/character-10.png","7554128c3f9f45a7c2e8f8ac097d5ed54f5487a0b363656421e289e2aa598a73","26","26","508","rendered"
"module/nc/main/commonui_v_4.swf","farm-ui","symbol-class","9","VipL1","DefineBitsLossless2Tag","ui-component","source-category","1","-20,-20,340,280","nc/main/commonui_v_4.swf.assets/character-9.png","2f94a9a99d17eef0566a4ba957f66b740b56e7c255f6f5779a0b862ec0825492","18","15","141","rendered"
"module/nc/main/commonui_v_4.swf","farm-ui","symbol-class","8","VipL2","DefineBitsLossless2Tag","ui-component","source-category","1","-20,-20,340,280","nc/main/commonui_v_4.swf.assets/character-8.png","ec125f8c09a5e4440565754904bf875b649e7a779b568860d87c22429c4b8f16","18","15","154","rendered"
"module/nc/main/commonui_v_4.swf","farm-ui","symbol-class","7","VipL3","DefineBitsLossless2Tag","ui-component","source-category","1","-20,-20,340,280","nc/main/commonui_v_4.swf.assets/character-7.png","731cf54a74f1124b89ee14df2a374d9ebf5eca29db7d828b50acdbeb5c26814d","18","15","153","rendered"
"module/nc/main/commonui_v_4.swf","farm-ui","symbol-class","6","VipL4","DefineBitsLossless2Tag","ui-component","source-category","1","-20,-20,340,280","nc/main/commonui_v_4.swf.assets/character-6.png","ef6b1c70c24e7b09bb1c2fae6310232977d23b336e96576ae66e6d2bb131e58f","18","15","145","rendered"
"module/nc/main/commonui_v_4.swf","farm-ui","symbol-class","5","VipL5","DefineBitsLossless2Tag","ui-component","source-category","1","-20,-20,340,280","nc/main/commonui_v_4.swf.assets/character-5.png","73bd2a76d39e7e400935f4230d232a922008993532a8728e9e832762e2fa549e","18","15","153","rendered"
"module/nc/main/commonui_v_4.swf","farm-ui","symbol-class","4","VipL6","DefineBitsLossless2Tag","ui-component","source-category","1","-20,-20,340,280","nc/main/commonui_v_4.swf.assets/character-4.png","a1b99610677c672f3752620dd8734bc7f5c773dc5530d6ee7d67c682c3bc6d99","18","15","153","rendered"
"module/nc/main/commonui_v_4.swf","farm-ui","symbol-class","3","VipL7","DefineBitsLossless2Tag","ui-component","source-category","1","-20,-20,340,280","nc/main/commonui_v_4.swf.assets/character-3.png","2a48a65ecba0270c7e29e68b9b72820f81ba5f06fff662c1842ce5e95fb230f6","18","15","145","rendered"
"module/nc/main/commonui_v_4.swf","farm-ui","symbol-class","2","Sort0","DefineBitsLossless2Tag","ui-component","source-category","1","-20,-20,500,500","nc/main/commonui_v_4.swf.assets/character-2.png","de6e38a442de7cad0c02e54b7989c587715ee7a6a7c41cf2597eae357c4450cc","26","26","508","rendered"
"module/nc/main/commonui_v_4.swf","farm-ui","symbol-class","1","SortMe","DefineBitsLossless2Tag","ui-component","source-category","1","-20,-20,500,500","nc/main/commonui_v_4.swf.assets/character-1.png","14e69d3833d7a0f4c3bb77a5baca0f3382d7776fac1ce4bb5233332d860294cd","26","26","508","rendered"
"module/nc/main/farmui1_v_12.swf","farm-ui","root-frame","0","[root-frame]","SWF","root-stage","source-category","1","","","","","","0","empty-outline"
"module/nc/main/farmui1_v_12.swf","farm-ui","symbol-class","427","ShopDogFood","DefineSpriteTag","ui-component","source-category","1","34,-11,925,986","nc/main/farmui1_v_12.swf.assets/character-427.png","1c0f440124a48458f8c08bb15dabcb2ccff10a9e5b294435476c0fc0e2d2827e","45","50","2057","rendered"
"module/nc/main/farmui1_v_12.swf","farm-ui","symbol-class","425","ShopDogFood7Days","DefineSpriteTag","ui-component","source-category","1","60,-20,1076,1068","nc/main/farmui1_v_12.swf.assets/character-425.png","01293f80e54bec98e2f226fe468b0a85a2b9061561b71ba9f2fa903ac98ae21d","51","55","2246","rendered"
"module/nc/main/farmui1_v_12.swf","farm-ui","symbol-class","419","ButtonTheft","DefineButton2Tag","ui-component","source-category","1","-72,-20,829,820","nc/main/farmui1_v_12.swf.assets/character-419.png","990873484f33aac083a21d509a533d20bdc7adeede417a18fb307baac8f4cea6","46","42","1489","rendered"
"module/nc/main/farmui1_v_12.swf","farm-ui","symbol-class","416","ConfirmIcon","DefineSpriteTag","ui-component","source-category","1","-20,-20,1220,1220","nc/main/farmui1_v_12.swf.assets/character-416.png","2870351c53906badcdbaf4f809641c5a1a4365c52abcdc43098a9e5730d8a637","62","62","3021","rendered"
"module/nc/main/farmui1_v_12.swf","farm-ui","symbol-class","414","ShopSeedForm2","DefineSpriteTag","ui-component","source-category","1","-3560,-20,4040,6020","nc/main/farmui1_v_12.swf.assets/character-414.png","c674e49b7bc45373136c911f1f8862198d2bcaad88317b8cf4f594cab6c5dded","380","302","734","rendered"
"module/nc/main/farmui1_v_12.swf","farm-ui","symbol-class","409","ButtonBlue","DefineSpriteTag","ui-component","source-category","3","-20,-20,860,440","nc/main/farmui1_v_12.swf.assets/character-409.png","9f6c0591eb04d37b75cddaede0a584ef3104a4dcb8cff565f347105a31102317","44","23","878","rendered"
"module/nc/main/farmui1_v_12.swf","farm-ui","symbol-class","406","ExpIcon","DefineSpriteTag","ui-component","source-category","1","-20,-20,1020,1020","nc/main/farmui1_v_12.swf.assets/character-406.png","b552a7b30f6497b8f393127d358763decf0894c1e7a9d8240421c2220215f6db","52","52","1765","rendered"
"module/nc/main/farmui1_v_12.swf","farm-ui","symbol-class","404","WarehouseForm","DefineSpriteTag","ui-component","source-category","2","","jpexs-fallback/nc__main__farmui1_v_12.swf/sprites/DefineSprite_404_WarehouseForm/1.png","c6fdcac2b3917d3d925a33cc985fc1be739ec2e63633c8bbdebc996e747dcf67","184","155","3077","rendered"
"module/nc/main/farmui1_v_12.swf","farm-ui","symbol-class","389","ShopToolForm","DefineSpriteTag","ui-component","source-category","1","-840,-20,4120,4580","nc/main/farmui1_v_12.swf.assets/character-389.png","1f0e33eaf48264eb23b34de3022fec1a85642d2f26ce9043f561e3ddc3245510","248","230","0","rendered"
"module/nc/main/farmui1_v_12.swf","farm-ui","symbol-class","386","ShopDiyForm","DefineSpriteTag","ui-component","source-category","1","-840,-20,4120,4580","nc/main/farmui1_v_12.swf.assets/character-386.png","1f0e33eaf48264eb23b34de3022fec1a85642d2f26ce9043f561e3ddc3245510","248","230","0","rendered"
"module/nc/main/farmui1_v_12.swf","farm-ui","symbol-class","382","StepperBg","DefineSpriteTag","ui-component","source-category","1","-20,-20,1030,466","nc/main/farmui1_v_12.swf.assets/character-382.png","46d59a7baefd2f5a598da7d81806d71d0e820ea5d745cfe02d84b7ebfa48cf78","53","25","1198","rendered"
"module/nc/main/farmui1_v_12.swf","farm-ui","symbol-class","380","ShopSeedForm","DefineSpriteTag","ui-component","source-category","1","-252,-20,3657,4253","nc/main/farmui1_v_12.swf.assets/character-380.png","50bdd8532dfc075878f2acc12b87683ae5cef24b12f891e3729b49e22de93fbf","196","214","3341","rendered"
"module/nc/main/farmui1_v_12.swf","farm-ui","symbol-class","366","GoldIcon","DefineSpriteTag","ui-component","source-category","1","-20,-20,740,394","nc/main/farmui1_v_12.swf.assets/character-366.png","0f3520aa0f2d030bab90bf6f41569c3b73f4372808ab63392e801fb9b3430a11","38","21","137","rendered"
"module/nc/main/farmui1_v_12.swf","farm-ui","symbol-class","362","QB","DefineSpriteTag","ui-component","source-category","1","-20,-60,740,388","nc/main/farmui1_v_12.swf.assets/character-362.png","3d12c83483c00f24e170626df2a6dbfad2a9e306a1bda5aa8797e4fbfb95269e","38","23","132","rendered"
"module/nc/main/farmui1_v_12.swf","farm-ui","symbol-class","358","FarmInfo","DefineSpriteTag","ui-component","source-category","1","-20,-20,4470,1601","nc/main/farmui1_v_12.swf.assets/character-358.png","7898cf5be334d455ef6e56f3c7c6bb3dc2b429fa06f2b41b8c813e0c6f0c3ae5","225","82","5414","rendered"
"module/nc/main/farmui1_v_12.swf","farm-ui","symbol-class","348","TipBg","DefineSpriteTag","ui-component","source-category","1","-10,-20,1600,1010","nc/main/farmui1_v_12.swf.assets/character-348.png","efaeedbc0ef1df3c3d39fdd7f63fd908bf0046e0cad1a9916863eb115173ae0e","81","52","4068","rendered"
"module/nc/main/farmui1_v_12.swf","farm-ui","symbol-class","346","TalkBoxHe1","DefineSpriteTag","ui-component","source-category","1","-1290,-1300,750,-22","nc/main/farmui1_v_12.swf.assets/character-346.png","da15b562677b3f490b0e3d5f37f992483918db0092c8fc2ba0068ccc1fc5d83a","102","64","5239","rendered"
"module/nc/main/farmui1_v_12.swf","farm-ui","symbol-class","344","TalkBoxMy1","DefineSpriteTag","ui-component","source-category","1","-1290,-1280,750,-2","nc/main/farmui1_v_12.swf.assets/character-344.png","3feb9ea8809406df8d6f504a87ac163203beb1e7b147a7843d85bd5a29856e7b","102","64","5239","rendered"
"module/nc/main/farmui1_v_12.swf","farm-ui","symbol-class","342","RightButton","DefineButton2Tag","ui-component","source-category","1","-20,-20,420,420","nc/main/farmui1_v_12.swf.assets/character-342.png","aa2085891179447ef38031c7967639dea72ef594053448904bbec583de5b8df5","22","22","114","rendered"
"module/nc/main/farmui1_v_12.swf","farm-ui","symbol-class","338","LeftButton","DefineButton2Tag","ui-component","source-category","1","-20,-20,420,420","nc/main/farmui1_v_12.swf.assets/character-338.png","e23b0caed04641f34a912915ec8fdfde0f7a103a718831cc5d9b1acc1acf729f","22","22","111","rendered"
"module/nc/main/farmui1_v_12.swf","farm-ui","symbol-class","333","PackBarBg","DefineSpriteTag","ui-component","source-category","1","-20,-20,8020,1420","nc/main/farmui1_v_12.swf.assets/character-333.png","5058d9966df6f285c310506002c1ba39c52e590b90336cecb5696d1d5a07a04d","402","72","28314","rendered"
"module/nc/main/farmui1_v_12.swf","farm-ui","symbol-class","331","ScrollDownSkin","DefineSpriteTag","ui-component","source-category","3","-20,-20,320,204","nc/main/farmui1_v_12.swf.assets/character-331.png","3ca5137731e7c4870ae6d13da79d7f6ae1adab9079459f45e6c1f24f9f6a3861","17","12","115","rendered"
"module/nc/main/farmui1_v_12.swf","farm-ui","symbol-class","327","ScrollUpSkin","DefineSpriteTag","ui-component","source-category","3","-20,-20,320,204","nc/main/farmui1_v_12.swf.assets/character-327.png","ea71908870cbc467ba5596f1da8d6ec816237bc2488dc2a2f61a4609a16f1175","17","12","111","rendered"
"module/nc/main/farmui1_v_12.swf","farm-ui","symbol-class","323","ScrollBarSkin","DefineSpriteTag","ui-component","source-category","3","-20,-20,288,1320","nc/main/farmui1_v_12.swf.assets/character-323.png","447b99b65a69eb8e669a2f86400f67beeaf80ade1077420494f4cfe338be4b96","16","67","993","rendered"
"module/nc/main/farmui1_v_12.swf","farm-ui","symbol-class","320","TabDefault","DefineSpriteTag","ui-component","source-category","1","-10,-20,1130,420","nc/main/farmui1_v_12.swf.assets/character-320.png","5fde55c6b78f5ef5b5570a16d58807941867a390d984c2ca7c57d2fd852a6a39","57","22","1191","rendered"
"module/nc/main/farmui1_v_12.swf","farm-ui","symbol-class","318","TabSelected","DefineSpriteTag","ui-component","source-category","1","-10,-20,1130,420","nc/main/farmui1_v_12.swf.assets/character-318.png","7d6cd495e79622c82dac0d558791fb4e1867e539a5130c813ec14b87b112a4fd","57","22","1098","rendered"
"module/nc/main/farmui1_v_12.swf","farm-ui","symbol-class","316","TabBg","DefineSpriteTag","ui-component","source-category","1","-20,-20,1220,460","nc/main/farmui1_v_12.swf.assets/character-316.png","36f1bd34c0bb488300fc492f1c9e78abbc2f793175d516e9920dc6ff7b84f25b","62","24","120","rendered"
"module/nc/main/farmui1_v_12.swf","farm-ui","symbol-class","314","ItemBg","DefineSpriteTag","ui-component","source-category","1","-10,-20,1230,1220","nc/main/farmui1_v_12.swf.assets/character-314.png","81f417342920572117227d8f63c940319363fb264ba33826864f152a0f663e5e","62","62","3796","rendered"
"module/nc/main/farmui1_v_12.swf","farm-ui","symbol-class","312","ShopFoodMarkIcon","DefineSpriteTag","ui-component","source-category","1","905,905,1245,1245","nc/main/farmui1_v_12.swf.assets/character-312.png","311bcfc43d22c1810a568a33177960e00edb922110e57eabc144d8aeede6585b","17","17","225","rendered"
"module/nc/main/farmui1_v_12.swf","farm-ui","symbol-class","309","ButtonGreen","DefineSpriteTag","ui-component","source-category","3","-20,-20,860,440","nc/main/farmui1_v_12.swf.assets/character-309.png","c7b6e84e2b3995d049155601971c91d6bd969cda584d70615c2482ab81b89497","44","23","878","rendered"
"module/nc/main/farmui1_v_12.swf","farm-ui","symbol-class","306","CloseButton","DefineSpriteTag","ui-component","source-category","3","-56,-50,372,378","nc/main/farmui1_v_12.swf.assets/character-306.png","86d4edca686ff5f8204759c59f7e061b170172a8bf72bfba36425f471785e866","22","22","88","rendered"
"module/nc/main/farmui1_v_12.swf","farm-ui","symbol-class","301","ButtonShop","DefineButton2Tag","ui-component","source-category","1","-20,-100,960,900","nc/main/farmui1_v_12.swf.assets/character-301.png","9bb74d3b5f9a002d65fb84982ee2d64e6747ad26279ad5b993d1a9a21d03f381","49","50","2030","rendered"
"module/nc/main/farmui1_v_12.swf","farm-ui","symbol-class","298","ButtonWarehouse","DefineButton2Tag","ui-component","source-category","1","-20,-100,980,880","nc/main/farmui1_v_12.swf.assets/character-298.png","76272a2d7f20c3281a9877c20e12f097b81583facd5eef0fa80e46ed670e7f57","50","49","1914","rendered"
"module/nc/main/farmui1_v_12.swf","farm-ui","symbol-class","295","ButtonFarm","DefineButton2Tag","ui-component","source-category","1","-20,0,1000,840","nc/main/farmui1_v_12.swf.assets/character-295.png","5a0e3097a9a6ba6277367f682a6f8d2eebc717217c1991d1c6c5d9c5be94bdae","51","42","1890","rendered"
"module/nc/main/farmui1_v_12.swf","farm-ui","symbol-class","292","aButtonMC","DefineButton2Tag","ui-component","source-category","1","-20,-80,1040,900","nc/main/farmui1_v_12.swf.assets/character-292.png","a9e467bdb3bf554707cdddaba3416a2015a10c4d3e3ba37a9a90b280a0349e6d","53","49","1994","rendered"
"module/nc/main/farmui1_v_12.swf","farm-ui","symbol-class","289","Night","DefineSpriteTag","ui-component","source-category","1","-20,-20,1220,1220","nc/main/farmui1_v_12.swf.assets/character-289.png","2f0a87059b56c08588c1db635052d9e365e4709e857ebe5f254877f6ed299b8e","62","62","2937","rendered"
"module/nc/main/farmui1_v_12.swf","farm-ui","symbol-class","286","Sunny","DefineSpriteTag","ui-component","source-category","1","-20,-20,1220,1220","nc/main/farmui1_v_12.swf.assets/character-286.png","51d213d7472a07e6ae0c5faf22ab2839bca6c9b0401d08369f3d5a5c45624d16","62","62","2940","rendered"
"module/nc/main/farmui1_v_12.swf","farm-ui","symbol-class","283","Rain","DefineSpriteTag","action-effect-candidate","class-name-heuristic","1","-20,-20,1220,1220","nc/main/farmui1_v_12.swf.assets/character-283.png","addefff3e5036be03befc2be096d88df489bd72eda67e94f4a5e1bd86de1ed3b","62","62","2940","rendered"
"module/nc/main/farmui1_v_12.swf","farm-ui","symbol-class","278","GoldB","DefineSpriteTag","ui-component","source-category","1","","","","","","0","empty-outline"
"module/nc/main/farmui1_v_12.swf","farm-ui","symbol-class","277","LevelYellow","DefineSpriteTag","ui-component","source-category","1","-20,-20,620,620","nc/main/farmui1_v_12.swf.assets/character-277.png","f63a86a12c6336fe44b523e15e4419fbf3ad0715b5d3161889fc0e7b5d103ede","32","32","723","rendered"
"module/nc/main/farmui1_v_12.swf","farm-ui","symbol-class","275","ExpYellow","DefineSpriteTag","ui-component","source-category","1","-20,-20,1860,246","nc/main/farmui1_v_12.swf.assets/character-275.png","6504959ee577136799b8c3ab375b58eea4b4b70354d62aaea5f5f07501f677f4","94","14","986","rendered"
"module/nc/main/farmui1_v_12.swf","farm-ui","symbol-class","273","ExpYellowBg","DefineSpriteTag","ui-component","source-category","1","-20,-20,2420,260","nc/main/farmui1_v_12.swf.assets/character-273.png","909d6eed56cc100d3a11333c09efb4ca6fb04292fa9699d366e32c800d845812","122","14","1677","rendered"
"module/nc/main/farmui1_v_12.swf","farm-ui","symbol-class","271","LevelBlue","DefineSpriteTag","ui-component","source-category","1","-20,-20,620,620","nc/main/farmui1_v_12.swf.assets/character-271.png","e10087955fdce8c78f35d634534610aa5c8e69c9407b9616ae4bd3007726fbac","32","32","723","rendered"
"module/nc/main/farmui1_v_12.swf","farm-ui","symbol-class","269","ExpBlue","DefineSpriteTag","ui-component","source-category","1","-20,-20,1860,246","nc/main/farmui1_v_12.swf.assets/character-269.png","db5ffeb3a6fe4138ed093483645dea45410c10790ac9bf091d0ae10a1108730d","94","14","986","rendered"
"module/nc/main/farmui1_v_12.swf","farm-ui","symbol-class","267","ExpBlueBg","DefineSpriteTag","ui-component","source-category","1","-20,-20,2420,260","nc/main/farmui1_v_12.swf.assets/character-267.png","0be68f3f3163ca6db5598d62eced21e3a659d0c756ffc04b922b78bc276a29ea","122","14","1677","rendered"
"module/nc/main/farmui1_v_12.swf","farm-ui","symbol-class","265","HeadBg","DefineSpriteTag","ui-component","source-category","1","-20,-20,17420,1380","nc/main/farmui1_v_12.swf.assets/character-265.png","0e32a7f2dd474066df61b8519ae616e8024725110d56c5ffb2f085de6e74bca5","872","70","59024","rendered"
"module/nc/main/farmui1_v_12.swf","farm-ui","symbol-class","263","WindowBg","DefineSpriteTag","ui-component","source-category","1","-20,-20,10021,6222","nc/main/farmui1_v_12.swf.assets/character-263.png","4131e14f1df5cafaf058156f5342bc75309db0abef230c6fff0e07c1ace07f3a","503","313","156970","rendered"
"module/nc/main/farmui1_v_12.swf","farm-ui","symbol-class","261","Reclaim","DefineSpriteTag","ui-component","source-category","1","-205,-19,1341,1720","nc/main/farmui1_v_12.swf.assets/character-261.png","8c76a5281c43c54eeec484060dbde1c8e4b4c60588e52e1fb380a8c2fd0dfff3","78","87","3818","rendered"
"module/nc/main/farmui1_v_12.swf","farm-ui","symbol-class","259","Weed","DefineSpriteTag","action-effect-candidate","class-name-heuristic","1","-20,-20,1526,854","nc/main/farmui1_v_12.swf.assets/character-259.png","7eeb4ecc67f43f3ab184ec5c2d9888a50ff648b5d1e10ffc914b6720a803a673","78","44","1496","rendered"
"module/nc/main/farmui1_v_12.swf","farm-ui","symbol-class","257","Insect","DefineSpriteTag","ui-component","source-category","40","-20,173,492,456","nc/main/farmui1_v_12.swf.assets/character-257.png","9180a3750a72a3e127adec998e942c2a526f70ab03318fa709c4de244e028f3f","26","15","154","rendered"
"module/nc/main/farmui1_v_12.swf","farm-ui","symbol-class","254","ButtonHoe","DefineButton2Tag","ui-component","source-category","1","-20,-20,820,820","nc/main/farmui1_v_12.swf.assets/character-254.png","0356902eab72dd3fe499906e4fdd7d711b7c84db6b24a2b11300ff33acaa16f0","42","42","1475","rendered"
"module/nc/main/farmui1_v_12.swf","farm-ui","symbol-class","251","ButtonHook","DefineButton2Tag","ui-component","source-category","1","-20,-20,820,820","nc/main/farmui1_v_12.swf.assets/character-251.png","c92e0deffb7ccef2ee9af1d9e4e49233cc01583ee3fcd9863e25ff67dffb89fb","42","42","1452","rendered"
"module/nc/main/farmui1_v_12.swf","farm-ui","symbol-class","247","ButtonPesticide","DefineButton2Tag","ui-component","source-category","1","-20,-20,820,820","nc/main/farmui1_v_12.swf.assets/character-247.png","4bee2684116f4d30846e4397f717d1fa48aec67531c27c7087ac154fc4f032fd","42","42","1453","rendered"
"module/nc/main/farmui1_v_12.swf","farm-ui","symbol-class","244","ButtonInsect","DefineButton2Tag","ui-component","source-category","1","-43,-20,859,820","nc/main/farmui1_v_12.swf.assets/character-244.png","b5824ff9c61105f6b9b09daa773d537bc090b03da4da8de9b71131640715df55","46","42","1496","rendered"
"module/nc/main/farmui1_v_12.swf","farm-ui","symbol-class","240","ButtonWeed","DefineButton2Tag","action-effect-candidate","class-name-heuristic","1","-34,-20,834,820","nc/main/farmui1_v_12.swf.assets/character-240.png","2af2a94579c15cc825765850298f1f1f7133fee796037e89c9e78b01bc4462b3","44","42","1470","rendered"
"module/nc/main/farmui1_v_12.swf","farm-ui","symbol-class","236","ButtonSeed","DefineButton2Tag","ui-component","source-category","1","-20,-38,820,820","nc/main/farmui1_v_12.swf.assets/character-236.png","679d409de1e679b9c99ecedfaa15a66a2576531e0daf978768cc3d4d55d93241","42","43","1470","rendered"
"module/nc/main/farmui1_v_12.swf","farm-ui","symbol-class","234","ButtonWater","DefineButton2Tag","action-effect-candidate","class-name-heuristic","1","-148,-20,821,820","nc/main/farmui1_v_12.swf.assets/character-234.png","67ee1d5b309c9c0e83c19e07b4268afaff4f54a495ddaeeb7cb73988152e8b1e","49","42","1543","rendered"
"module/nc/main/farmui1_v_12.swf","farm-ui","symbol-class","231","Cursor","DefineButton2Tag","ui-component","source-category","1","-21,-20,820,820","nc/main/farmui1_v_12.swf.assets/character-231.png","15a09eba72f1eb7bf56504f7e252e59643e08e466da544fe0bb9c157275ff380","43","42","1519","rendered"
"module/nc/main/farmui1_v_12.swf","farm-ui","symbol-class","228","ScrollBarIcon","DefineSpriteTag","ui-component","source-category","1","-20,-20,340,380","nc/main/farmui1_v_12.swf.assets/character-228.png","5094742b17661cf7cacb37d6b49242cfce415e86cd258937987cc30eb40d2e76","18","20","66","rendered"
"module/nc/main/farmui1_v_12.swf","farm-ui","symbol-class","226","CursorTool23","DefineSpriteTag","ui-component","source-category","10","-17,-1220,1294,527","nc/main/farmui1_v_12.swf.assets/character-226.png","4798328a7b3cd52879c4c483bef25c4f3fd25fa4e29344611b052265e32c55ff","66","88","2953","rendered"
"module/nc/main/farmui1_v_12.swf","farm-ui","symbol-class","220","CursorWeed","DefineSpriteTag","action-effect-candidate","class-name-heuristic","6","-385,-860,1362,521","nc/main/farmui1_v_12.swf.assets/character-220.png","f800910428f07a93e5bea8fbed259f0b0f0133bb79e15fe2c0b7d902e5a7d235","88","70","2384","rendered"
"module/nc/main/farmui1_v_12.swf","farm-ui","symbol-class","217","CursorWater","DefineSpriteTag","action-effect-candidate","class-name-heuristic","24","-40,-1298,1815,511","nc/main/farmui1_v_12.swf.assets/character-217.png","dcffd6004888d6683e2a1461f102d33999faffc12c96c0fc892e2358c939a8c6","93","91","2773","rendered"
"module/nc/main/farmui1_v_12.swf","farm-ui","symbol-class","206","CursorPesticide","DefineSpriteTag","ui-component","source-category","8","-14,-1040,1832,558","nc/main/farmui1_v_12.swf.assets/character-206.png","3943786259fd3ce57096532d95d4561cbecf3dca959228d9b18dd54a12e7c7e1","93","80","2845","rendered"
"module/nc/main/farmui1_v_12.swf","farm-ui","symbol-class","201","CursorInsect","DefineSpriteTag","ui-component","source-category","6","-20,-650,1415,521","nc/main/farmui1_v_12.swf.assets/character-201.png","9ca731ada31ee3f56853ecc2607cd18ee966a50a370976b72f4d45f054cd27b1","72","59","2129","rendered"
"module/nc/main/farmui1_v_12.swf","farm-ui","symbol-class","198","CursorHook","DefineSpriteTag","ui-component","source-category","8","-20,-905,1750,693","nc/main/farmui1_v_12.swf.assets/character-198.png","e88ca1a1adcf7720c44c9982b92319c42690a34c379ed627d67e4c8178e6b684","89","80","2848","rendered"
"module/nc/main/farmui1_v_12.swf","farm-ui","symbol-class","191","CursorHoe","DefineSpriteTag","ui-component","source-category","10","-20,-1990,1664,521","nc/main/farmui1_v_12.swf.assets/character-191.png","5e93f7b399dd1eca5d12c2009ab4d0c8acfbaa05b17f1d3e4f99208f21d33f2b","85","126","2003","rendered"
"module/nc/main/farmui1_v_12.swf","farm-ui","symbol-class","186","CursorArrow","DefineSpriteTag","ui-component","source-category","2","-20,-20,475,521","nc/main/farmui1_v_12.swf.assets/character-186.png","e29f0f39ffe1e67a2b71d294d80706bbe95963fbe080d43ae25ee763a837780b","25","28","448","rendered"
"module/nc/main/farmui1_v_12.swf","farm-ui","symbol-class","183","CursorTool22","DefineSpriteTag","ui-component","source-category","10","-16,-1221,1296,527","nc/main/farmui1_v_12.swf.assets/character-183.png","eb14f3878ea527944be4ad5659cfa4bc0c8b7dcf90b422ec0606a121d8f6f43d","66","88","2956","rendered"
"module/nc/main/farmui1_v_12.swf","farm-ui","symbol-class","177","CursorTool21","DefineSpriteTag","ui-component","source-category","10","-28,-1194,1166,547","nc/main/farmui1_v_12.swf.assets/character-177.png","47ae41143177507e67187bd45028362b4cb73c4a3c0e1b5ed0a134c32367a1be","60","88","2534","rendered"
"module/nc/main/farmui1_v_12.swf","farm-ui","symbol-class","172","ItemBorder","DefineSpriteTag","ui-component","source-category","1","-10,-20,1230,1220","nc/main/farmui1_v_12.swf.assets/character-172.png","09cbfefad9d0a00b19c0d1b63c7f2f8f037bd7680addffabc163e616793ffad0","62","62","463","rendered"
"module/nc/main/farmui1_v_12.swf","farm-ui","symbol-class","170","FertilizerVeryFast","DefineSpriteTag","action-effect-candidate","class-name-heuristic","1","-20,-20,874,1020","nc/main/farmui1_v_12.swf.assets/character-170.png","24249ff6178d3e486e7bca0b5bbba3604c61e27a1488ab25c62aedb5fd2fa6b5","45","52","2067","rendered"
"module/nc/main/farmui1_v_12.swf","farm-ui","symbol-class","168","FertilizerVeryFastP","DefineSpriteTag","action-effect-candidate","class-name-heuristic","1","-3,-20,976,1075","nc/main/farmui1_v_12.swf.assets/character-168.png","501fa3648219ca9f6dacf7e90c5ad44f926c50292269aa1beb87b6d7569722ee","49","55","2207","rendered"
"module/nc/main/farmui1_v_12.swf","farm-ui","symbol-class","164","FertilizerFast","DefineSpriteTag","action-effect-candidate","class-name-heuristic","1","-21,-21,874,1020","nc/main/farmui1_v_12.swf.assets/character-164.png","0d9be506abf5f39a51ba7456c9b7947c5abf414239879fe8c18a08a1589e6569","45","53","2073","rendered"
"module/nc/main/farmui1_v_12.swf","farm-ui","symbol-class","162","FertilizerFastP","DefineSpriteTag","action-effect-candidate","class-name-heuristic","1","-24,-20,976,1073","nc/main/farmui1_v_12.swf.assets/character-162.png","077c84c2a0bbcaa75fe49bb58d9ea5864a8980ac6032c53f9cd53816ee7c3d41","50","55","2222","rendered"
"module/nc/main/farmui1_v_12.swf","farm-ui","symbol-class","157","Fertilizer","DefineSpriteTag","action-effect-candidate","class-name-heuristic","1","-21,-21,874,1020","nc/main/farmui1_v_12.swf.assets/character-157.png","8d01f2eb7eef671506fcb99ad7a13ffa1c52ae509e77a90f7561a79aa8b8c39a","45","53","2072","rendered"
"module/nc/main/farmui1_v_12.swf","farm-ui","symbol-class","155","DataLoading","DefineSpriteTag","ui-component","source-category","24","-496,-523,463,492","nc/main/farmui1_v_12.swf.assets/character-155.png","a7d48e07af1969cab93a704c11d070a3a89484cac21b7bfe6b1ceced51af1bbd","48","51","167","rendered"
"module/nc/main/farmui1_v_12.swf","farm-ui","symbol-class","153","SuccessIcon","DefineSpriteTag","ui-component","source-category","1","-20,-20,1220,1220","nc/main/farmui1_v_12.swf.assets/character-153.png","735bf24c43cdc769596b5f4db34988fdcf4284d102f1691a55439ad6a22a74c2","62","62","3021","rendered"
"module/nc/main/farmui1_v_12.swf","farm-ui","symbol-class","151","ErrorIcon","DefineSpriteTag","ui-component","source-category","1","-20,-20,1220,1220","nc/main/farmui1_v_12.swf.assets/character-151.png","604384ce89172b4c64579dee50554f1649f9956a78b3f33d660628b3b6ccc459","62","62","3021","rendered"
"module/nc/main/farmui1_v_12.swf","farm-ui","symbol-class","149","AddHealth","DefineSpriteTag","ui-component","source-category","27","-3,460,696,1139","nc/main/farmui1_v_12.swf.assets/character-149.png","994d8b9f2d9e4f51bc1d7da3dca60be125c5d51ad2b8ce28efeadbd5bf476de2","35","34","0","rendered"
"module/nc/main/farmui1_v_12.swf","farm-ui","symbol-class","146","AddAnimation","DefineSpriteTag","action-effect-candidate","class-name-heuristic","25","-20,110,780,413","nc/main/farmui1_v_12.swf.assets/character-146.png","02f31387496d234b37b4d8e21ae3d544054281df2cd25af9369de7972cd9cd96","40","16","0","rendered"
"module/nc/main/farmui1_v_12.swf","farm-ui","symbol-class","145","farmui1_fla.Timeline_89","DefineSpriteTag","ui-component","source-category","1","-20,-20,1287,458","nc/main/farmui1_v_12.swf.assets/character-145.png","72ba7cf16062e5d814e8c0a5278ecfb0ab2feb74006304092aebe27436cd3f47","66","24","125","rendered"
"module/nc/main/farmui1_v_12.swf","farm-ui","symbol-class","142","DogFoodNull","DefineSpriteTag","ui-component","source-category","1","380,326,1620,1111","nc/main/farmui1_v_12.swf.assets/character-142.png","6bd660808766411bef6589762b993c97fdb81f10269f07f614902fb9352d4da9","62","40","1949","rendered"
"module/nc/main/farmui1_v_12.swf","farm-ui","symbol-class","140","DogFood","DefineSpriteTag","ui-component","source-category","1","380,248,1620,1092","nc/main/farmui1_v_12.swf.assets/character-140.png","a10199c94b131c8db8b9f71a3c6f130e9efce50149d83cf32179af810ea4caf9","62","43","1979","rendered"
"module/nc/main/farmui1_v_12.swf","farm-ui","symbol-class","138","canPickIcon","DefineSpriteTag","action-effect-candidate","class-name-heuristic","31","-355,-319,1558,410","nc/main/farmui1_v_12.swf.assets/character-138.png","a62db723fe9e52d5629095454c4bb589e434b08e81d9f6c6a81d5189529d225c","96","37","1392","rendered"
"module/nc/main/farmui1_v_12.swf","farm-ui","symbol-class","129","DogTipIcon","DefineSpriteTag","ui-component","source-category","1","-319,-20,1320,1621","nc/main/farmui1_v_12.swf.assets/character-129.png","1de79aec2dae234272eb65eb4dbf5c09c16e28dde345d133c2cc0e77db3abc4a","82","83","3695","rendered"
"module/nc/main/farmui1_v_12.swf","farm-ui","symbol-class","126","TipIcon","DefineSpriteTag","ui-component","source-category","1","-20,-20,1220,1220","nc/main/farmui1_v_12.swf.assets/character-126.png","dab38a715a007df102885acb1169bd02cde0ade2e3901e41946eaef701af02f9","62","62","3021","rendered"
"module/nc/main/farmui1_v_12.swf","farm-ui","symbol-class","124","SellLockIcon","DefineSpriteTag","ui-component","source-category","2","18,840,1180,1184","nc/main/farmui1_v_12.swf.assets/character-124.png","10423a8fd16d4012582af008ab0a4feb3437ef4458cf133967b96bd7fd10882d","59","18","982","rendered"
"module/nc/main/farmui1_v_12.swf","farm-ui","symbol-class","119","REWindowContentCrops","DefineSpriteTag","ui-component","source-category","1","380,380,7340,6000","nc/main/farmui1_v_12.swf.assets/character-119.png","d3eb6ae7a8d1bfcefff8957c8288896acf07a466c654abc0f8e3c94afab4d43f","348","281","14067","rendered"
"module/nc/main/farmui1_v_12.swf","farm-ui","symbol-class","111","CursorHand","DefineSpriteTag","ui-component","source-category","2","-80,-740,1021,521","nc/main/farmui1_v_12.swf.assets/character-111.png","489e7a60927a95dccc177df9168e9c0f437ceb2e9393b5b7664b7c8567bd8cdc","56","64","1839","rendered"
"module/nc/main/farmui1_v_12.swf","farm-ui","symbol-class","108","GiftIcon","DefineSpriteTag","ui-component","source-category","39","-20,-20,920,700","nc/main/farmui1_v_12.swf.assets/character-108.png","52fda09a0eb891a53314f651ee61ff4102aaa8551f8d9195ee8425eea767d337","47","36","829","rendered"
"module/nc/main/farmui1_v_12.swf","farm-ui","symbol-class","104","PostIcon","DefineSpriteTag","ui-component","source-category","40","-20,-20,920,680","nc/main/farmui1_v_12.swf.assets/character-104.png","41d6c64d72a2eef1aae0388c8c2931d3c80705de844183ffd66174eca64274c7","47","35","944","rendered"
"module/nc/main/farmui1_v_12.swf","farm-ui","symbol-class","102","InformationIcon","DefineSpriteTag","ui-component","source-category","15","-20,-20,920,680","nc/main/farmui1_v_12.swf.assets/character-102.png","1046b0f95f1ae85bdbca8d5e047b955f5df04769d3c631a3f7db6c7097ad76b4","47","35","669","rendered"
"module/nc/main/farmui1_v_12.swf","farm-ui","symbol-class","99","HealthMode","DefineSpriteTag","ui-component","source-category","2","-20,-20,920,692","nc/main/farmui1_v_12.swf.assets/character-99.png","9b92b8ed1f6c0f1dbb49755b4d37c4a77b8530a9df61274412442b7ed801d564","47","36","816","rendered"
"module/nc/main/farmui1_v_12.swf","farm-ui","symbol-class","93","LevelAndExperienss","DefineSpriteTag","ui-component","source-category","1","-20,-20,9378,5026","nc/main/farmui1_v_12.swf.assets/character-93.png","85a1cc655174cdd70ff7664f1faede63664b60d765e26585d0b30a83708b8342","470","253","7978","rendered"
"module/nc/main/farmui1_v_12.swf","farm-ui","symbol-class","87","Dog2","DefineSpriteTag","ui-component","source-category","1","","","","","","0","empty-outline"
"module/nc/main/farmui1_v_12.swf","farm-ui","symbol-class","86","FDog2","DefineSpriteTag","ui-component","source-category","10","","","","","","0","empty-outline"
"module/nc/main/farmui1_v_12.swf","farm-ui","symbol-class","85","Dog3","DefineSpriteTag","ui-component","source-category","1","-20,-20,1686,2420","nc/main/farmui1_v_12.swf.assets/character-85.png","acbc23a8655ace6a4613e1dbcb7bfa0eae849b4bd304c33a1ada7dcaa49c9504","86","122","6817","rendered"
"module/nc/main/farmui1_v_12.swf","farm-ui","symbol-class","83","FDog3","DefineSpriteTag","ui-component","source-category","92","-794,-90,1060,1284","nc/main/farmui1_v_12.swf.assets/character-83.png","86ab1c83d471958e567ff14fc81b62a84536854de0c0b4f92818b40b704b65b6","93","69","3710","rendered"
"module/nc/main/farmui1_v_12.swf","farm-ui","symbol-class","40","FDog1","DefineSpriteTag","ui-component","source-category","20","-1020,-20,1009,1321","nc/main/farmui1_v_12.swf.assets/character-40.png","03d363910fe2594ac200e94fe9674348a6da3e827b9f951fe52a51f3a85a1bfe","102","68","2888","rendered"
"module/nc/main/farmui1_v_12.swf","farm-ui","symbol-class","28","ButtonOrange","DefineSpriteTag","ui-component","source-category","3","-20,-20,860,440","nc/main/farmui1_v_12.swf.assets/character-28.png","62150d1a9c3cb551a72b1d289a658be2a7f33b587e18a496052381b3ff4da949","44","23","878","rendered"
"module/nc/main/farmui1_v_12.swf","farm-ui","symbol-class","25","ButtonHand","DefineButton2Tag","ui-component","source-category","1","-72,-20,829,820","nc/main/farmui1_v_12.swf.assets/character-25.png","aeb71e85a34366c2548ba5a62407d7b7b07656479ebaa696fd086d17e789d525","46","42","1489","rendered"
"module/nc/main/farmui1_v_12.swf","farm-ui","symbol-class","23","ToolBarBg","DefineSpriteTag","ui-component","source-category","1","-20,-20,6970,1130","nc/main/farmui1_v_12.swf.assets/character-23.png","2787e94a7b81f5bef63282e21f5fa5035126864d870222b53a3aae80c529eede","350","58","19860","rendered"
"module/nc/main/farmui1_v_12.swf","farm-ui","symbol-class","21","Dog","DefineSpriteTag","ui-component","source-category","1","-21,-21,1808,2321","nc/main/farmui1_v_12.swf.assets/character-21.png","6725cbb12693f76df67365b25366097f24e9a235b3395a415c8273f651f8c9ab","92","118","7857","rendered"
"module/nc/main/farmui1_v_12.swf","farm-ui","symbol-class","19","CursorOneClickHand","DefineSpriteTag","ui-component","source-category","2","-80,-740,1021,521","nc/main/farmui1_v_12.swf.assets/character-19.png","0966ec92d86dc1ee882d31828e44da66a665e4b7f87fd831ff807dc84051b3aa","56","64","1840","rendered"
"module/nc/main/farmui1_v_12.swf","farm-ui","symbol-class","15","OneClickHand","DefineButton2Tag","ui-component","source-category","1","-280,-140,841,820","nc/main/farmui1_v_12.swf.assets/character-15.png","2c1ec842dfc9f4e34ba420d645b84edcc074bfbe7cc3ae25fe7e5781e7de7f53","57","48","1908","rendered"
"module/nc/main/farmui1_v_12.swf","farm-ui","symbol-class","10","ButtonDecorate","DefineButton2Tag","ui-component","source-category","1","-20,-80,980,860","nc/main/farmui1_v_12.swf.assets/character-10.png","637366e61823a6f999c6a6ac5ddea2f49fd30bfb7f3ff8b5a1b8e009468bd1c3","50","47","1941","rendered"
"module/nc/main/farmui1_v_12.swf","farm-ui","symbol-class","7","MsgIcon","DefineSpriteTag","ui-component","source-category","30","-20,-20,740,658","nc/main/farmui1_v_12.swf.assets/character-7.png","fe1a2f19834ebc6371395834170f9863ba03ab6265793432048b7af67bacbf82","38","34","878","rendered"
"module/nc/main/farmui1_v_12.swf","farm-ui","symbol-class","5","RequestErrorBG","DefineBitsJPEG2Tag","ui-component","source-category","1","-20,-20,5420,2520","nc/main/farmui1_v_12.swf.assets/character-5.png","49919fdce5abdc075684fa7bd2252de3af5162757eca14cbf86d23d748559cbb","272","127","33750","rendered"
"module/nc/main/farmui1_v_12.swf","farm-ui","symbol-class","4","RequestErrorFZ","DefineBitsJPEG2Tag","ui-component","source-category","1","-20,-20,5420,2520","nc/main/farmui1_v_12.swf.assets/character-4.png","26f6e333c968531166d484ed4d0d73a64adc1be4d7a5f5e83e92d64b5bfa78a4","272","127","33750","rendered"
"module/nc/main/farmui1_v_12.swf","farm-ui","symbol-class","3","RequestErrorHP","DefineBitsJPEG2Tag","ui-component","source-category","1","-20,-20,5420,2520","nc/main/farmui1_v_12.swf.assets/character-3.png","e358faebe73c406d1154e3861269a12c454e18701909b1d1783300d701e0f7de","272","127","33750","rendered"
"module/nc/main/farmui1_v_12.swf","farm-ui","symbol-class","2","RequestErrorZZ","DefineBitsJPEG2Tag","ui-component","source-category","1","-20,-20,5420,2520","nc/main/farmui1_v_12.swf.assets/character-2.png","01818e48efc2a133351f781a61354b1483d2e89254afbc5bd6cab15ff66e3cf9","272","127","33750","rendered"
"module/nc/main/farmui1_v_12.swf","farm-ui","symbol-class","1","DefaultBg","DefineBitsJPEG2Tag","ui-component","source-category","1","-20,-20,20500,16020","nc/main/farmui1_v_12.swf.assets/character-1.png","2c4176657c214fa9bff4abbdaea4320bcbf6241700c84f26063601c7649073c2","1026","802","819200","rendered"
"module/nc/main/farmui2_v_4.swf","farm-ui","root-frame","0","[root-frame]","SWF","root-stage","source-category","1","","","","","","0","empty-outline"
"module/nc/main/farmui2_v_4.swf","farm-ui","symbol-class","65","com.qzone.ui.FarmlandG","DefineSpriteTag","ui-component","source-category","1","-20,-20,4036,2034","nc/main/farmui2_v_4.swf.assets/character-65.png","f1c478651b854a780b8b5eb3300b72d8bd40aa07c3ea73b0ec214cab924fe71e","203","103","11863","rendered"
"module/nc/main/farmui2_v_4.swf","farm-ui","symbol-class","62","com.qzone.ui.FarmlandS","DefineSpriteTag","ui-component","source-category","1","-20,-21,4006,2010","nc/main/farmui2_v_4.swf.assets/character-62.png","97ba8444517e29ae45619d3e2022898c0c689a780326c19916984834db1b7a84","202","102","11545","rendered"
"module/nc/main/farmui2_v_4.swf","farm-ui","symbol-class","59","com.qzone.ui.FarmlandG2","DefineSpriteTag","ui-component","source-category","1","-20,-20,4012,2020","nc/main/farmui2_v_4.swf.assets/character-59.png","e24a535c1f65d62120bcc36c067f8072cab24642802b8803e07ecc9964fcbdda","202","102","11734","rendered"
"module/nc/main/farmui2_v_4.swf","farm-ui","symbol-class","56","com.qzone.ui.FarmlandS2","DefineSpriteTag","ui-component","source-category","1","-20,-19,4038,2022","nc/main/farmui2_v_4.swf.assets/character-56.png","84f54b0741125675460d66c354a0fd3258960e69acea7bb5906095f4aca5f158","203","103","11690","rendered"
"module/nc/main/farmui2_v_4.swf","farm-ui","symbol-class","53","com.qzone.ui.Wasteland","DefineSpriteTag","ui-component","source-category","1","-20,-20,4026,2016","nc/main/farmui2_v_4.swf.assets/character-53.png","83bc0fbf4f1b539776b123fe5d86d4de5338cae4ac9d4eba9a3b7e889ed61729","203","102","11697","rendered"
"module/nc/main/farmui2_v_4.swf","farm-ui","symbol-class","50","DogTip","DefineSpriteTag","ui-component","source-category","1","-20,-20,6730,2275","nc/main/farmui2_v_4.swf.assets/character-50.png","994667b07386b66d3ce20cd3d8ec78630028e515f6cea068381516577d3b48b7","338","115","38726","rendered"
"module/nc/main/farmui2_v_4.swf","farm-ui","symbol-class","47","DogTipIcon","DefineSpriteTag","ui-component","source-category","1","-319,-20,1320,1621","nc/main/farmui2_v_4.swf.assets/character-47.png","59a42d2cb65c70b718d945a67f37c1e35785124e95707eceb511b0c18d5d092e","82","83","3695","rendered"
"module/nc/main/farmui2_v_4.swf","farm-ui","symbol-class","43","hongbao","DefineSpriteTag","ui-component","source-category","1","280,560,7280,4824","nc/main/farmui2_v_4.swf.assets/character-43.png","9ba1087e23d785327276c3ae1c3882c58d3adba9d04bfc026d47bf1ccc1db944","350","214","43194","rendered"
"module/nc/main/farmui2_v_4.swf","farm-ui","symbol-class","21","FlowerIcon","DefineSpriteTag","ui-component","source-category","1","-20,-20,920,680","nc/main/farmui2_v_4.swf.assets/character-21.png","68ccfa6bdbb12d76c23913179c5e8d724c9b70a6879ae942ad9d52527f0919ba","47","35","493","rendered"
"module/nc/main/farmui2_v_4.swf","farm-ui","symbol-class","14","FlowerCardUI","DefineSpriteTag","ui-component","source-category","1","0,520,7940,4922","nc/main/farmui2_v_4.swf.assets/character-14.png","e972d5de367fd3abe2c949c01ce3cecdb2a19948de298016f24759c0b0fac42f","397","221","86715","rendered"
"module/nc/main/farmui2_v_4.swf","farm-ui","symbol-class","4","RequestErrorBG","DefineBitsTag","ui-component","source-category","1","-20,-20,5420,2520","nc/main/farmui2_v_4.swf.assets/character-4.png","9da4064dfefec0b40c6beb78fc9c9d15ad0cf1d1bbc1dfa2938ee4d7a20fef32","272","127","33750","rendered"
"module/nc/main/farmui2_v_4.swf","farm-ui","symbol-class","3","RequestErrorFZ","DefineBitsTag","ui-component","source-category","1","-20,-20,5420,2520","nc/main/farmui2_v_4.swf.assets/character-3.png","a501bafd8f04c0ebfcaee78143e9218d4dd2e25a984611bb5bda2e98e2492e03","272","127","33750","rendered"
"module/nc/main/farmui2_v_4.swf","farm-ui","symbol-class","2","RequestErrorHP","DefineBitsTag","ui-component","source-category","1","-20,-20,5420,2520","nc/main/farmui2_v_4.swf.assets/character-2.png","662a43b83499c7b61c23e2b7ea546e8a8be6cbd4e292483f86ea2c4d37be20e8","272","127","33750","rendered"
"module/nc/main/farmui2_v_4.swf","farm-ui","symbol-class","1","RequestErrorZZ","DefineBitsTag","ui-component","source-category","1","-20,-20,5420,2520","nc/main/farmui2_v_4.swf.assets/character-1.png","c6f2af06151441220a10b89be91f1f13d6da3255b751eec6c57658a348ecdfe6","272","127","33750","rendered"
"module/nc/main/NPC3.swf","farm-ui","root-frame","0","[root-frame]","SWF","root-stage","source-category","1","","","","","","0","empty-outline"
"module/nc/main/NPC3.swf","farm-ui","symbol-class","51","NPC","DefineSpriteTag","ui-component","source-category","2","-1005,-1036,1441,1317","nc/main/NPC3.swf.assets/character-51.png","ed15b1310710187eaec0b70e74619d8413d7715f66332286acd80fdc09c18f76","123","118","6916","rendered"
"module/nc/main/outswf/help.swf","farm-ui","root-frame","0","[root-frame]","SWF","root-stage","source-category","1","","jpexs-fallback/nc__main__outswf__help.swf/frames/1.png","0f139ccc2f48e8854a792fd5a5f96f740939233ca3a1243ef74ece6622f7f986","1010","780","134045","rendered"
"module/nc/main/outswf/help.swf","farm-ui","symbol-class","94","help0316_fla.page5_1","DefineSpriteTag","ui-component","source-category","1","","jpexs-fallback/nc__main__outswf__help.swf/sprites/DefineSprite_94_help0316_fla.page5_1/1.png","1cc5a6dce1dcffdcfe2917ece6efc9307757fce8edb40e4bb603711254cabd2b","442","302","133444","rendered"
"module/nc/main/outswf/help.swf","farm-ui","symbol-class","74","help0316_fla.page4_5","DefineSpriteTag","ui-component","source-category","1","","jpexs-fallback/nc__main__outswf__help.swf/sprites/DefineSprite_74_help0316_fla.page4_5/1.png","fa1a49dcb6b52c5aa1612f9cb59247ca8cf9dc145a44675d312846a846c89838","490","302","133444","rendered"
"module/nc/main/outswf/help.swf","farm-ui","symbol-class","64","help0316_fla.page3_7","DefineSpriteTag","ui-component","source-category","1","","jpexs-fallback/nc__main__outswf__help.swf/sprites/DefineSprite_64_help0316_fla.page3_7/1.png","aa3021729e9d1e0fe51c958333a4d38e83e66d995ee8276c95def55302acc8d5","495","302","133444","rendered"
"module/nc/main/outswf/help.swf","farm-ui","symbol-class","45","help0316_fla.page2_8","DefineSpriteTag","ui-component","source-category","1","","jpexs-fallback/nc__main__outswf__help.swf/sprites/DefineSprite_45_help0316_fla.page2_8/1.png","2abb476421e3484f75c1b469175d7ddb1fd9cc266f3c70b91ad89530225e2fea","481","302","133444","rendered"
"module/nc/main/outswf/help.swf","farm-ui","symbol-class","21","help0316_fla.page1_9","DefineSpriteTag","ui-component","source-category","1","","jpexs-fallback/nc__main__outswf__help.swf/sprites/DefineSprite_21_help0316_fla.page1_9/1.png","681ed9e958447b622ebb740bb47f337730f488d7486d3e5bc1220c33c95f09c9","477","302","134045","rendered"
"module/nc/main/task.swf","farm-ui","root-frame","0","[root-frame]","SWF","root-stage","source-category","1","","","","","","0","empty-outline"
"module/nc/main/task.swf","farm-ui","symbol-class","60","task3","DefineSpriteTag","ui-component","source-category","1","-20,-20,7265,2848","nc/main/task.swf.assets/character-60.png","9f0f78bbfe986b6c8ac6e218db3a3fd22f3e4127d77378cd02259d3f6b11a4ad","365","144","5431","rendered"
"module/nc/main/task.swf","farm-ui","symbol-class","55","task11","DefineSpriteTag","ui-component","source-category","1","-20,-20,7265,3281","nc/main/task.swf.assets/character-55.png","b6b94c79f1268fca33124bfec9dad64d04b29199ab72ed1a8fb6b925e490ef04","365","166","4068","rendered"
"module/nc/main/task.swf","farm-ui","symbol-class","51","task10","DefineSpriteTag","ui-component","source-category","1","-20,-21,7265,2636","nc/main/task.swf.assets/character-51.png","42889766a4160deec80e3034d750fa90dd72188e4b48af17372f3adc353057af","365","133","7138","rendered"
"module/nc/main/task.swf","farm-ui","symbol-class","47","task9","DefineSpriteTag","ui-component","source-category","1","-20,-21,7265,2636","nc/main/task.swf.assets/character-47.png","92960d04d3cfcc7a4c5134bb0011289e5ea263eee1a60c18c77c004301988ddf","365","133","8091","rendered"
"module/nc/main/task.swf","farm-ui","symbol-class","43","task8","DefineSpriteTag","ui-component","source-category","1","-20,-20,7265,3223","nc/main/task.swf.assets/character-43.png","ffcdd7b88e16a412b132d02d4ce51e8bd272d33da19939b6c559609c5a4e40e9","365","163","8808","rendered"
"module/nc/main/task.swf","farm-ui","symbol-class","39","task7","DefineSpriteTag","ui-component","source-category","1","-20,-20,7265,3343","nc/main/task.swf.assets/character-39.png","2b1afead0f486254eb4cb8c5b60e4ac414a073fbbc0e8f24c59d9bddea12d045","365","169","7509","rendered"
"module/nc/main/task.swf","farm-ui","symbol-class","34","task6","DefineSpriteTag","ui-component","source-category","1","-20,-20,7265,3344","nc/main/task.swf.assets/character-34.png","a02c424d6692641187faa5b19fdb7631bcd26e8f5ae2ae5cae06520c48d08aba","365","169","8339","rendered"
"module/nc/main/task.swf","farm-ui","symbol-class","29","task5","DefineSpriteTag","ui-component","source-category","1","-20,-20,7265,3344","nc/main/task.swf.assets/character-29.png","1b9414023c712b004a9d0a3a34fac5464f55bf62ed501ed58857df1b466accce","365","169","8657","rendered"
"module/nc/main/task.swf","farm-ui","symbol-class","24","task4","DefineSpriteTag","ui-component","source-category","1","-20,-20,7265,2849","nc/main/task.swf.assets/character-24.png","af2f18e4f741da32651b72bdd27194fe54540787df19cf67ea2467eb26dc8ed7","365","144","10201","rendered"
"module/nc/main/task.swf","farm-ui","symbol-class","18","task2","DefineSpriteTag","ui-component","source-category","1","-20,-20,7422,3344","nc/main/task.swf.assets/character-18.png","f72749866111ab0c3b398cde257746bee745f3e420c489489b5bf046437b58f6","373","169","7648","rendered"
"module/nc/main/task.swf","farm-ui","symbol-class","13","task1","DefineSpriteTag","ui-component","source-category","1","-20,-20,7265,3243","nc/main/task.swf.assets/character-13.png","3d3aff323eaa63fed13b50258a1fc8c25b6145780f66be2c11e892990d2d13de","365","164","4425","rendered"
"module/nc/main/task.swf","farm-ui","symbol-class","7","taskAwokeButton","DefineSpriteTag","ui-component","source-category","6","-10,-20,1228,938","nc/main/task.swf.assets/character-7.png","ee03ac4f93941dbe1eaf243eb4a4d6915a1aaf02294d4d66454b9768d361a923","62","48","2024","rendered"
"module/nc/main/task.swf","farm-ui","symbol-class","2","taskingButton","DefineSpriteTag","ui-component","source-category","1","-20,-20,948,750","nc/main/task.swf.assets/character-2.png","934c429dc02f9e2c93f10cac8e7114b3c4729bba10e91c91b2c1aacb5f2839c0","49","39","1180","rendered"
"module/loading_v_13.swf","other","root-frame","0","[root-frame]","SWF","root-stage","source-category","1","-2019,-809,5900,3563","loading_v_13.swf.assets/root.png","cd8d7c5e7792ea4910b03ee1b1d0fc609d3e189ac6179ce35b6d6791f35ed1ea","396","219","23807","rendered"
"module/loading_v_13.swf","other","symbol-class","29","default.in","DefineSpriteTag","runtime-shell","source-category","1","20,20,4060,220","loading_v_13.swf.assets/character-29.png","07bac801f3b4ef95ea347932682ec97abcfc0faf99b5688e1af1c94048ce93a7","202","10","1802","rendered"
"module/loading_v_13.swf","other","symbol-class","7","default.break","DefineSpriteTag","runtime-shell","source-category","100","-1025,-1400,147,-227","loading_v_13.swf.assets/character-7.png","634b3f970dda773d5d9540914320dfc4277574f901abbc5399f7bac554a677c2","59","59","1841","rendered"
"module/mc/Master_v_27.swf","other","root-frame","0","[root-frame]","SWF","root-stage","source-category","1","","","","","","0","empty-outline"
"module/mc/Master_v_27.swf","other","symbol-class","24","_-Ql._-KV","DefineSpriteTag","runtime-shell","source-category","1","-20,-20,320,320","mc/Master_v_27.swf.assets/character-24.png","5faa73af8ef01cdc4c6be1c9cd38eddb3b925c9e6e6c4b06af5ec3e0f53ddfca","17","17","225","rendered"
"module/mc/Master_v_27.swf","other","symbol-class","26","_-Ql._-G4","DefineSpriteTag","runtime-shell","source-category","1","-20,-20,2980,320","mc/Master_v_27.swf.assets/character-26.png","0294cd609c5ab4b2d3bd0e2c41d3d9e6aba9bbd18f4af7f10c60d2702ce37a7d","150","17","2220","rendered"
"module/mc/Master_v_27.swf","other","symbol-class","30","_-Ql._-1y","DefineSpriteTag","runtime-shell","source-category","1","-20,-20,1060,320","mc/Master_v_27.swf.assets/character-30.png","5a8abe4b508f1877813adaacc07b93d7f051c73bc727374829135b49091e8a4d","54","17","780","rendered"
"module/mc/Master_v_27.swf","other","symbol-class","28","_-Ql._-8d","DefineSpriteTag","runtime-shell","source-category","1","-20,-20,320,320","mc/Master_v_27.swf.assets/character-28.png","1e0df48ea11e0d6a0f24aa42667e12b0853b62cd30abbd202a04e831ae7531fb","17","17","225","rendered"
"module/mc/Master_v_27.swf","other","symbol-class","10","_-Ql._-5D","DefineSpriteTag","runtime-shell","source-category","1","-20,-20,1620,440","mc/Master_v_27.swf.assets/character-10.png","725e2603f449903a18a8ff17115c5e2de7118f33177c23ca8ae38bcadbc55488","82","23","1882","rendered"
"module/mc/Master_v_27.swf","other","symbol-class","4","_-Ql._-Dv","DefineSpriteTag","runtime-shell","source-category","1","-20,-20,340,340","mc/Master_v_27.swf.assets/character-4.png","9b2661b72fa965b337c7c511b7b90a07cf562adf2544c0fe28861569c4bf93a2","18","18","45","rendered"
"module/mc/Master_v_27.swf","other","symbol-class","18","_-Ql._-d4","DefineSpriteTag","runtime-shell","source-category","1","-20,-20,320,320","mc/Master_v_27.swf.assets/character-18.png","3d38e617f46d418f9a3357a0946665fc3d05c7bb4e45c7c1b7176613b6974740","17","17","225","rendered"
"module/mc/Master_v_27.swf","other","symbol-class","12","_-Ql._-Ic","DefineSpriteTag","runtime-shell","source-category","1","-20,-20,100,160","mc/Master_v_27.swf.assets/character-12.png","3b032b6bffe783f9378ba538f86eafafabd3bedb3f1d36f6ea33ff1858fe82d2","6","9","16","rendered"
"module/mc/Master_v_27.swf","other","symbol-class","34","_-Ql._-Hk","DefineSpriteTag","runtime-shell","source-category","1","-20,-20,2320,440","mc/Master_v_27.swf.assets/character-34.png","2e49353f386d6c30c7a0ab0f8b57df4cc18fcd95e6c0c2c65df64879baac11c7","117","23","2415","rendered"
"module/mc/Master_v_27.swf","other","symbol-class","16","_-Ql._-t","DefineSpriteTag","runtime-shell","source-category","1","-20,-20,320,320","mc/Master_v_27.swf.assets/character-16.png","6869815de33d01d3148a9cc012417b02b83840cb8570bdf44687fa0a4ab30156","17","17","225","rendered"
"module/mc/Master_v_27.swf","other","symbol-class","6","_-Ql._-Ln","DefineSpriteTag","runtime-shell","source-category","1","-20,-20,5460,3900","mc/Master_v_27.swf.assets/character-6.png","e27739599d79920a8303e06a200c3886a5f9809166096973440b318708c0f91d","274","196","52768","rendered"
"module/mc/Master_v_27.swf","other","symbol-class","2","_-Ql._-YW","DefineSpriteTag","runtime-shell","source-category","1","-20,-20,5460,380","mc/Master_v_27.swf.assets/character-2.png","9ea5f678f19cc45f6490fa2767b03f01a0103b9fdad47cae4e87754eca5cc417","274","20","4896","rendered"
"module/mc/Master_v_27.swf","other","symbol-class","20","_-Ql._-3Q","DefineSpriteTag","runtime-shell","source-category","1","-20,-20,320,2980","mc/Master_v_27.swf.assets/character-20.png","4b32ed0a9b1c55424fba702196af117139feffc10d3d9591d29eb177d66eefef","17","150","2220","rendered"
"module/mc/Master_v_27.swf","other","symbol-class","35","module._-aw","DefineFont3Tag","runtime-shell","source-category","2","-20,-20,10020,10020","mc/Master_v_27.swf.assets/character-35.png","00928b61d4280b1b5655546a276de27104b5851f171786f506576f113fc4a97b","502","502","2844","rendered"
"module/mc/Master_v_27.swf","other","symbol-class","8","_-Ql._-7G","DefineSpriteTag","runtime-shell","source-category","1","-20,-20,3080,3080","mc/Master_v_27.swf.assets/character-8.png","3dae74e8d13df6c3e07b1c14a4937bf986cfc0abdd755c3e072c006ff56acc30","155","155","23409","rendered"
"module/mc/Master_v_27.swf","other","symbol-class","32","_-Ql._-TC","DefineSpriteTag","runtime-shell","source-category","1","-20,-20,2280,400","mc/Master_v_27.swf.assets/character-32.png","acbe3482b3e9d5565ffc1321fb53b660d7bb18c14546f7c994724a83376bdf67","115","21","2147","rendered"
"module/mc/Master_v_27.swf","other","symbol-class","22","_-Ql._-Zq","DefineSpriteTag","runtime-shell","source-category","1","-20,-20,160,100","mc/Master_v_27.swf.assets/character-22.png","cc30eb0bd19734923ba6dfc1fd202370e1a61983ffc9c88c23ea4beb9884e6ad","9","6","16","rendered"
"module/mc/Master_v_27.swf","other","symbol-class","36","_-Fu","DefineBinaryDataTag","runtime-shell","source-category","","","","","","","0","not-drawable"
"module/mc/Master_v_27.swf","other","symbol-class","14","_-Ql._-cA","DefineSpriteTag","runtime-shell","source-category","1","-20,-20,320,1060","mc/Master_v_27.swf.assets/character-14.png","f0ed356a72a51ee8de06257eca4ac0f0c871b62a26642ab0fc19ce778afd0aed","17","54","780","rendered"
"module/mc/Master_v_27.swf","other","export-asset","2","com.qzone.qui.skins.PanelControlBarSkin","DefineSpriteTag","runtime-shell","source-category","1","-20,-20,5460,380","mc/Master_v_27.swf.assets/character-2.png","9ea5f678f19cc45f6490fa2767b03f01a0103b9fdad47cae4e87754eca5cc417","274","20","4896","rendered"
"module/mc/Master_v_27.swf","other","export-asset","4","com.qzone.qui.skins.PanelCloseButton","DefineSpriteTag","runtime-shell","source-category","1","-20,-20,340,340","mc/Master_v_27.swf.assets/character-4.png","9b2661b72fa965b337c7c511b7b90a07cf562adf2544c0fe28861569c4bf93a2","18","18","45","rendered"
"module/mc/Master_v_27.swf","other","export-asset","6","com.qzone.qui.skins.PanelSkin","DefineSpriteTag","runtime-shell","source-category","1","-20,-20,5460,3900","mc/Master_v_27.swf.assets/character-6.png","e27739599d79920a8303e06a200c3886a5f9809166096973440b318708c0f91d","274","196","52768","rendered"
"module/mc/Master_v_27.swf","other","export-asset","8","com.qzone.qui.skins.ListSkin","DefineSpriteTag","runtime-shell","source-category","1","-20,-20,3080,3080","mc/Master_v_27.swf.assets/character-8.png","3dae74e8d13df6c3e07b1c14a4937bf986cfc0abdd755c3e072c006ff56acc30","155","155","23409","rendered"
"module/mc/Master_v_27.swf","other","export-asset","10","com.qzone.qui.skins.ToolTipSkin","DefineSpriteTag","runtime-shell","source-category","1","-20,-20,1620,440","mc/Master_v_27.swf.assets/character-10.png","725e2603f449903a18a8ff17115c5e2de7118f33177c23ca8ae38bcadbc55488","82","23","1882","rendered"
"module/mc/Master_v_27.swf","other","export-asset","12","com.qzone.qui.skins.VScrollBarThumbIcon","DefineSpriteTag","runtime-shell","source-category","1","-20,-20,100,160","mc/Master_v_27.swf.assets/character-12.png","3b032b6bffe783f9378ba538f86eafafabd3bedb3f1d36f6ea33ff1858fe82d2","6","9","16","rendered"
"module/mc/Master_v_27.swf","other","export-asset","14","com.qzone.qui.skins.VScrollBarThumb","DefineSpriteTag","runtime-shell","source-category","1","-20,-20,320,1060","mc/Master_v_27.swf.assets/character-14.png","f0ed356a72a51ee8de06257eca4ac0f0c871b62a26642ab0fc19ce778afd0aed","17","54","780","rendered"
"module/mc/Master_v_27.swf","other","export-asset","16","com.qzone.qui.skins.VScrollBarUpArrow","DefineSpriteTag","runtime-shell","source-category","1","-20,-20,320,320","mc/Master_v_27.swf.assets/character-16.png","6869815de33d01d3148a9cc012417b02b83840cb8570bdf44687fa0a4ab30156","17","17","225","rendered"
"module/mc/Master_v_27.swf","other","export-asset","18","com.qzone.qui.skins.VScrollBarDownArrow","DefineSpriteTag","runtime-shell","source-category","1","-20,-20,320,320","mc/Master_v_27.swf.assets/character-18.png","3d38e617f46d418f9a3357a0946665fc3d05c7bb4e45c7c1b7176613b6974740","17","17","225","rendered"
"module/mc/Master_v_27.swf","other","export-asset","20","com.qzone.qui.skins.VScrollBarTrackSkin","DefineSpriteTag","runtime-shell","source-category","1","-20,-20,320,2980","mc/Master_v_27.swf.assets/character-20.png","4b32ed0a9b1c55424fba702196af117139feffc10d3d9591d29eb177d66eefef","17","150","2220","rendered"
"module/mc/Master_v_27.swf","other","export-asset","22","com.qzone.qui.skins.HScrollBarThumbIcon","DefineSpriteTag","runtime-shell","source-category","1","-20,-20,160,100","mc/Master_v_27.swf.assets/character-22.png","cc30eb0bd19734923ba6dfc1fd202370e1a61983ffc9c88c23ea4beb9884e6ad","9","6","16","rendered"
"module/mc/Master_v_27.swf","other","export-asset","24","com.qzone.qui.skins.HScrollBarDownArrow","DefineSpriteTag","runtime-shell","source-category","1","-20,-20,320,320","mc/Master_v_27.swf.assets/character-24.png","5faa73af8ef01cdc4c6be1c9cd38eddb3b925c9e6e6c4b06af5ec3e0f53ddfca","17","17","225","rendered"
"module/mc/Master_v_27.swf","other","export-asset","26","com.qzone.qui.skins.HScrollBarTrackSkin","DefineSpriteTag","runtime-shell","source-category","1","-20,-20,2980,320","mc/Master_v_27.swf.assets/character-26.png","0294cd609c5ab4b2d3bd0e2c41d3d9e6aba9bbd18f4af7f10c60d2702ce37a7d","150","17","2220","rendered"
"module/mc/Master_v_27.swf","other","export-asset","28","com.qzone.qui.skins.HScrollBarUpArrow","DefineSpriteTag","runtime-shell","source-category","1","-20,-20,320,320","mc/Master_v_27.swf.assets/character-28.png","1e0df48ea11e0d6a0f24aa42667e12b0853b62cd30abbd202a04e831ae7531fb","17","17","225","rendered"
"module/mc/Master_v_27.swf","other","export-asset","30","com.qzone.qui.skins.HScrollBarThumb","DefineSpriteTag","runtime-shell","source-category","1","-20,-20,1060,320","mc/Master_v_27.swf.assets/character-30.png","5a8abe4b508f1877813adaacc07b93d7f051c73bc727374829135b49091e8a4d","54","17","780","rendered"
"module/mc/Master_v_27.swf","other","export-asset","32","com.qzone.qui.skins.TextInputSkin","DefineSpriteTag","runtime-shell","source-category","1","-20,-20,2280,400","mc/Master_v_27.swf.assets/character-32.png","acbe3482b3e9d5565ffc1321fb53b660d7bb18c14546f7c994724a83376bdf67","115","21","2147","rendered"
"module/mc/Master_v_27.swf","other","export-asset","34","com.qzone.qui.skins.TextInputFocusSkin","DefineSpriteTag","runtime-shell","source-category","1","-20,-20,2320,440","mc/Master_v_27.swf.assets/character-34.png","2e49353f386d6c30c7a0ab0f8b57df4cc18fcd95e6c0c2c65df64879baac11c7","117","23","2415","rendered"
"module/nc/Main_v_42.swf","other","root-frame","0","[root-frame]","SWF","root-stage","source-category","1","","","","","","0","empty-outline"
"module/nc/Main_v_42.swf","other","symbol-class","20","com.qzone.qui.skins.VScrollBarUpArrow","DefineSpriteTag","runtime-shell","source-category","1","-20,-20,320,320","nc/Main_v_42.swf.assets/character-20.png","b23994bc9ab2f0548f3b068c3a548e6aa926f677e3c12313e6b1a0b091d1e7d6","17","17","95","rendered"
"module/nc/Main_v_42.swf","other","symbol-class","18","com.qzone.qui.skins.HScrollBarDownArrow","DefineSpriteTag","runtime-shell","source-category","1","-20,-20,320,320","nc/Main_v_42.swf.assets/character-18.png","5faa73af8ef01cdc4c6be1c9cd38eddb3b925c9e6e6c4b06af5ec3e0f53ddfca","17","17","225","rendered"
"module/nc/Main_v_42.swf","other","symbol-class","35","com.qzone.qui.skins.ComboBoxSelectedSkin","DefineSpriteTag","runtime-shell","source-category","1","-20,-20,1020,460","nc/Main_v_42.swf.assets/character-35.png","5b621ece5aa3b77a2f03007a30a69c153bbb03d068ce5a32eef82fa40aea760a","52","24","1096","rendered"
"module/nc/Main_v_42.swf","other","symbol-class","12","com.qzone.qui.skins.HScrollBarThumbIcon","DefineSpriteTag","runtime-shell","source-category","1","-20,-20,160,100","nc/Main_v_42.swf.assets/character-12.png","cc30eb0bd19734923ba6dfc1fd202370e1a61983ffc9c88c23ea4beb9884e6ad","9","6","16","rendered"
"module/nc/Main_v_42.swf","other","symbol-class","26","com.qzone.qui.skins.VScrollBarDownArrow","DefineSpriteTag","runtime-shell","source-category","1","-20,-20,320,320","nc/Main_v_42.swf.assets/character-26.png","f16b7fa5ab1321927061ef81ab0b3dae88b2518332783a4a623289f96cbd3283","17","17","95","rendered"
"module/nc/Main_v_42.swf","other","symbol-class","34","com.qzone.qui.skins.ComboBoxSkin","DefineSpriteTag","runtime-shell","source-category","1","-25,-16,1015,464","nc/Main_v_42.swf.assets/character-34.png","5b621ece5aa3b77a2f03007a30a69c153bbb03d068ce5a32eef82fa40aea760a","52","24","1096","rendered"
"module/nc/Main_v_42.swf","other","symbol-class","14","com.qzone.qui.skins.HScrollBarThumb","DefineSpriteTag","runtime-shell","source-category","1","-20,-20,1060,320","nc/Main_v_42.swf.assets/character-14.png","5a8abe4b508f1877813adaacc07b93d7f051c73bc727374829135b49091e8a4d","54","17","780","rendered"
"module/nc/Main_v_42.swf","other","symbol-class","8","com.qzone.qui.skins.ListSkin","DefineSpriteTag","runtime-shell","source-category","1","-20,-20,3080,3080","nc/Main_v_42.swf.assets/character-8.png","3dae74e8d13df6c3e07b1c14a4937bf986cfc0abdd755c3e072c006ff56acc30","155","155","23409","rendered"
"module/nc/Main_v_42.swf","other","symbol-class","28","com.qzone.qui.skins.VScrollBarThumb","DefineSpriteTag","runtime-shell","source-category","1","-20,-20,300,1320","nc/Main_v_42.swf.assets/character-28.png","8f1b775984826dc0b7f1b37a0c23efb8fcaf7a1e7c7a57e3217618de9049687a","16","67","906","rendered"
"module/nc/Main_v_42.swf","other","symbol-class","4","com.qzone.qui.skins.PanelCloseButton","DefineSpriteTag","runtime-shell","source-category","1","-20,-20,340,340","nc/Main_v_42.swf.assets/character-4.png","9b2661b72fa965b337c7c511b7b90a07cf562adf2544c0fe28861569c4bf93a2","18","18","45","rendered"
"module/nc/Main_v_42.swf","other","symbol-class","40","VersionUtil_versionXml","DefineBinaryDataTag","runtime-shell","source-category","","","","","","","0","not-drawable"
"module/nc/Main_v_42.swf","other","symbol-class","24","com.qzone.qui.skins.VScrollBarThumbIcon","DefineSpriteTag","runtime-shell","source-category","1","-20,-20,100,180","nc/Main_v_42.swf.assets/character-24.png","de21d0040ac99b7e666c6f2711cb97897f61d0293dcf7b859ec1a87ae2efd071","6","10","32","rendered"
"module/nc/Main_v_42.swf","other","symbol-class","22","com.qzone.qui.skins.VScrollBarTrackSkin","DefineSpriteTag","runtime-shell","source-category","1","-20,-20,320,2980","nc/Main_v_42.swf.assets/character-22.png","8306d909794719f87bb03f7afab98015b3e9353760d6bd203fb7e3985d031ca1","17","150","0","rendered"
"module/nc/Main_v_42.swf","other","symbol-class","41","module.Main_EMBED_FONT_A","DefineFont3Tag","runtime-shell","source-category","2","-20,-20,10020,10020","nc/Main_v_42.swf.assets/character-41.png","00928b61d4280b1b5655546a276de27104b5851f171786f506576f113fc4a97b","502","502","2844","rendered"
"module/nc/Main_v_42.swf","other","symbol-class","2","com.qzone.qui.skins.PanelControlBarSkin","DefineSpriteTag","runtime-shell","source-category","1","-20,-20,5460,380","nc/Main_v_42.swf.assets/character-2.png","9ea5f678f19cc45f6490fa2767b03f01a0103b9fdad47cae4e87754eca5cc417","274","20","4896","rendered"
"module/nc/Main_v_42.swf","other","symbol-class","37","com.qzone.qui.skins.ListItemOverSkin","DefineSpriteTag","runtime-shell","source-category","1","-20,-20,420,420","nc/Main_v_42.swf.assets/character-37.png","8af77042a8aa19a47a0f5bb964aa604cf8c95b39cc45cc9d5afec41acd899f50","22","22","400","rendered"
"module/nc/Main_v_42.swf","other","symbol-class","16","com.qzone.qui.skins.HScrollBarTrackSkin","DefineSpriteTag","runtime-shell","source-category","1","-20,-20,2980,320","nc/Main_v_42.swf.assets/character-16.png","0294cd609c5ab4b2d3bd0e2c41d3d9e6aba9bbd18f4af7f10c60d2702ce37a7d","150","17","2220","rendered"
"module/nc/Main_v_42.swf","other","symbol-class","30","com.qzone.qui.skins.ToolTipSkin","DefineSpriteTag","runtime-shell","source-category","1","-20,-20,1620,440","nc/Main_v_42.swf.assets/character-30.png","725e2603f449903a18a8ff17115c5e2de7118f33177c23ca8ae38bcadbc55488","82","23","1882","rendered"
"module/nc/Main_v_42.swf","other","symbol-class","32","com.qzone.qui.skins.ComboBoxArrow","DefineSpriteTag","runtime-shell","source-category","1","-20,-20,200,120","nc/Main_v_42.swf.assets/character-32.png","445487c446b0b84d8ce4530e813710445f642c3f42e6fcb7299cbcd174d7a1b5","11","7","28","rendered"
"module/nc/Main_v_42.swf","other","symbol-class","39","com.qzone.qui.skins.ListItemSelectedSkin","DefineSpriteTag","runtime-shell","source-category","1","-20,-20,420,420","nc/Main_v_42.swf.assets/character-39.png","eb4a26ba89e2f29d0281236b0800827368de7e4e9e64d188d6a2d4af5b431014","22","22","400","rendered"
"module/nc/Main_v_42.swf","other","symbol-class","6","com.qzone.qui.skins.PanelSkin","DefineSpriteTag","runtime-shell","source-category","1","-20,-20,5460,3900","nc/Main_v_42.swf.assets/character-6.png","e27739599d79920a8303e06a200c3886a5f9809166096973440b318708c0f91d","274","196","52768","rendered"
"module/nc/Main_v_42.swf","other","symbol-class","10","com.qzone.qui.skins.HScrollBarUpArrow","DefineSpriteTag","runtime-shell","source-category","1","-20,-20,320,320","nc/Main_v_42.swf.assets/character-10.png","1e0df48ea11e0d6a0f24aa42667e12b0853b62cd30abbd202a04e831ae7531fb","17","17","225","rendered"
"module/nc/Main_v_42.swf","other","export-asset","2","com.qzone.qui.skins.PanelControlBarSkin","DefineSpriteTag","runtime-shell","source-category","1","-20,-20,5460,380","nc/Main_v_42.swf.assets/character-2.png","9ea5f678f19cc45f6490fa2767b03f01a0103b9fdad47cae4e87754eca5cc417","274","20","4896","rendered"
"module/nc/Main_v_42.swf","other","export-asset","4","com.qzone.qui.skins.PanelCloseButton","DefineSpriteTag","runtime-shell","source-category","1","-20,-20,340,340","nc/Main_v_42.swf.assets/character-4.png","9b2661b72fa965b337c7c511b7b90a07cf562adf2544c0fe28861569c4bf93a2","18","18","45","rendered"
"module/nc/Main_v_42.swf","other","export-asset","6","com.qzone.qui.skins.PanelSkin","DefineSpriteTag","runtime-shell","source-category","1","-20,-20,5460,3900","nc/Main_v_42.swf.assets/character-6.png","e27739599d79920a8303e06a200c3886a5f9809166096973440b318708c0f91d","274","196","52768","rendered"
"module/nc/Main_v_42.swf","other","export-asset","8","com.qzone.qui.skins.ListSkin","DefineSpriteTag","runtime-shell","source-category","1","-20,-20,3080,3080","nc/Main_v_42.swf.assets/character-8.png","3dae74e8d13df6c3e07b1c14a4937bf986cfc0abdd755c3e072c006ff56acc30","155","155","23409","rendered"
"module/nc/Main_v_42.swf","other","export-asset","10","com.qzone.qui.skins.HScrollBarUpArrow","DefineSpriteTag","runtime-shell","source-category","1","-20,-20,320,320","nc/Main_v_42.swf.assets/character-10.png","1e0df48ea11e0d6a0f24aa42667e12b0853b62cd30abbd202a04e831ae7531fb","17","17","225","rendered"
"module/nc/Main_v_42.swf","other","export-asset","12","com.qzone.qui.skins.HScrollBarThumbIcon","DefineSpriteTag","runtime-shell","source-category","1","-20,-20,160,100","nc/Main_v_42.swf.assets/character-12.png","cc30eb0bd19734923ba6dfc1fd202370e1a61983ffc9c88c23ea4beb9884e6ad","9","6","16","rendered"
"module/nc/Main_v_42.swf","other","export-asset","14","com.qzone.qui.skins.HScrollBarThumb","DefineSpriteTag","runtime-shell","source-category","1","-20,-20,1060,320","nc/Main_v_42.swf.assets/character-14.png","5a8abe4b508f1877813adaacc07b93d7f051c73bc727374829135b49091e8a4d","54","17","780","rendered"
"module/nc/Main_v_42.swf","other","export-asset","16","com.qzone.qui.skins.HScrollBarTrackSkin","DefineSpriteTag","runtime-shell","source-category","1","-20,-20,2980,320","nc/Main_v_42.swf.assets/character-16.png","0294cd609c5ab4b2d3bd0e2c41d3d9e6aba9bbd18f4af7f10c60d2702ce37a7d","150","17","2220","rendered"
"module/nc/Main_v_42.swf","other","export-asset","18","com.qzone.qui.skins.HScrollBarDownArrow","DefineSpriteTag","runtime-shell","source-category","1","-20,-20,320,320","nc/Main_v_42.swf.assets/character-18.png","5faa73af8ef01cdc4c6be1c9cd38eddb3b925c9e6e6c4b06af5ec3e0f53ddfca","17","17","225","rendered"
"module/nc/Main_v_42.swf","other","export-asset","20","com.qzone.qui.skins.VScrollBarUpArrow","DefineSpriteTag","runtime-shell","source-category","1","-20,-20,320,320","nc/Main_v_42.swf.assets/character-20.png","b23994bc9ab2f0548f3b068c3a548e6aa926f677e3c12313e6b1a0b091d1e7d6","17","17","95","rendered"
"module/nc/Main_v_42.swf","other","export-asset","22","com.qzone.qui.skins.VScrollBarTrackSkin","DefineSpriteTag","runtime-shell","source-category","1","-20,-20,320,2980","nc/Main_v_42.swf.assets/character-22.png","8306d909794719f87bb03f7afab98015b3e9353760d6bd203fb7e3985d031ca1","17","150","0","rendered"
"module/nc/Main_v_42.swf","other","export-asset","24","com.qzone.qui.skins.VScrollBarThumbIcon","DefineSpriteTag","runtime-shell","source-category","1","-20,-20,100,180","nc/Main_v_42.swf.assets/character-24.png","de21d0040ac99b7e666c6f2711cb97897f61d0293dcf7b859ec1a87ae2efd071","6","10","32","rendered"
"module/nc/Main_v_42.swf","other","export-asset","26","com.qzone.qui.skins.VScrollBarDownArrow","DefineSpriteTag","runtime-shell","source-category","1","-20,-20,320,320","nc/Main_v_42.swf.assets/character-26.png","f16b7fa5ab1321927061ef81ab0b3dae88b2518332783a4a623289f96cbd3283","17","17","95","rendered"
"module/nc/Main_v_42.swf","other","export-asset","28","com.qzone.qui.skins.VScrollBarThumb","DefineSpriteTag","runtime-shell","source-category","1","-20,-20,300,1320","nc/Main_v_42.swf.assets/character-28.png","8f1b775984826dc0b7f1b37a0c23efb8fcaf7a1e7c7a57e3217618de9049687a","16","67","906","rendered"
"module/nc/Main_v_42.swf","other","export-asset","30","com.qzone.qui.skins.ToolTipSkin","DefineSpriteTag","runtime-shell","source-category","1","-20,-20,1620,440","nc/Main_v_42.swf.assets/character-30.png","725e2603f449903a18a8ff17115c5e2de7118f33177c23ca8ae38bcadbc55488","82","23","1882","rendered"
"module/nc/Main_v_42.swf","other","export-asset","32","com.qzone.qui.skins.ComboBoxArrow","DefineSpriteTag","runtime-shell","source-category","1","-20,-20,200,120","nc/Main_v_42.swf.assets/character-32.png","445487c446b0b84d8ce4530e813710445f642c3f42e6fcb7299cbcd174d7a1b5","11","7","28","rendered"
"module/nc/Main_v_42.swf","other","export-asset","34","com.qzone.qui.skins.ComboBoxSkin","DefineSpriteTag","runtime-shell","source-category","1","-25,-16,1015,464","nc/Main_v_42.swf.assets/character-34.png","5b621ece5aa3b77a2f03007a30a69c153bbb03d068ce5a32eef82fa40aea760a","52","24","1096","rendered"
"module/nc/Main_v_42.swf","other","export-asset","35","com.qzone.qui.skins.ComboBoxSelectedSkin","DefineSpriteTag","runtime-shell","source-category","1","-20,-20,1020,460","nc/Main_v_42.swf.assets/character-35.png","5b621ece5aa3b77a2f03007a30a69c153bbb03d068ce5a32eef82fa40aea760a","52","24","1096","rendered"
"module/nc/Main_v_42.swf","other","export-asset","37","com.qzone.qui.skins.ListItemOverSkin","DefineSpriteTag","runtime-shell","source-category","1","-20,-20,420,420","nc/Main_v_42.swf.assets/character-37.png","8af77042a8aa19a47a0f5bb964aa604cf8c95b39cc45cc9d5afec41acd899f50","22","22","400","rendered"
"module/nc/Main_v_42.swf","other","export-asset","39","com.qzone.qui.skins.ListItemSelectedSkin","DefineSpriteTag","runtime-shell","source-category","1","-20,-20,420,420","nc/Main_v_42.swf.assets/character-39.png","eb4a26ba89e2f29d0281236b0800827368de7e4e9e64d188d6a2d4af5b431014","22","22","400","rendered"
"module/qqfarm.swf","other","root-frame","0","[root-frame]","SWF","root-stage","source-category","1","","","","","","0","empty-outline"
"module/mc/main/commonui_v_5.swf","pasture-ui","root-frame","0","[root-frame]","SWF","root-stage","source-category","1","","","","","","0","empty-outline"
"module/mc/main/commonui_v_5.swf","pasture-ui","symbol-class","111","ValidateCodeContent","DefineSpriteTag","ui-component","source-category","1","-165,-21,6278,3428","mc/main/commonui_v_5.swf.assets/character-111.png","4d4f594adc1b82550d62b54e573f9b5e745be474ddb0dea0f6f145b96408dbe0","323","173","6342","rendered"
"module/mc/main/commonui_v_5.swf","pasture-ui","symbol-class","104","List_Item","DefineSpriteTag","ui-component","source-category","1","-40,-20,3755,660","mc/main/commonui_v_5.swf.assets/character-104.png","2d002f603b8204be7549d1976fc12abe66080181960da05623146a5021b5f70c","190","34","5809","rendered"
"module/mc/main/commonui_v_5.swf","pasture-ui","symbol-class","101","Mc_btn","DefineSpriteTag","ui-component","source-category","1","-150,-170,795,465","mc/main/commonui_v_5.swf.assets/character-101.png","d2dab6e02dec7680efdcc8a847928b2c255c107aa0a4bd8096acffc985c1a24e","48","32","196","rendered"
"module/mc/main/commonui_v_5.swf","pasture-ui","symbol-class","98","Head_mc","DefineSpriteTag","ui-component","source-category","1","-20,-20,520,520","mc/main/commonui_v_5.swf.assets/character-98.png","35474facc7ea96418e165a872b37203503296740caa77c5ce46acfe6d06cb74d","27","27","625","rendered"
"module/mc/main/commonui_v_5.swf","pasture-ui","symbol-class","92","Level_mc","DefineSpriteTag","ui-component","source-category","1","","","","","","0","empty-outline"
"module/mc/main/commonui_v_5.swf","pasture-ui","symbol-class","91","List_Highlight","DefineSpriteTag","ui-component","source-category","1","-20,-20,3420,580","mc/main/commonui_v_5.swf.assets/character-91.png","9640160d0d4b520ab9e1d40c0e2f0a5ce35241270adcd822bb288cec6826a001","172","30","5128","rendered"
"module/mc/main/commonui_v_5.swf","pasture-ui","symbol-class","89","SortB_btn","DefineSpriteTag","ui-component","source-category","2","-102,-20,1422,436","mc/main/commonui_v_5.swf.assets/character-89.png","7c895b19c4fe768e1b00c44c11559feb1a5879706dd4d0838598f55fe1a50f1e","77","23","1052","rendered"
"module/mc/main/commonui_v_5.swf","pasture-ui","symbol-class","82","FriendBg","DefineSpriteTag","ui-component","source-category","1","-20,-20,3659,7820","mc/main/commonui_v_5.swf.assets/character-82.png","ea2d9cb67e959a95eb6eb40f6ecff0643edaf8e517a10487cc1933a7f0f5b117","184","392","71979","rendered"
"module/mc/main/commonui_v_5.swf","pasture-ui","symbol-class","80","List_UI","DefineSpriteTag","ui-component","source-category","1","","jpexs-fallback/mc__main__commonui_v_5.swf/sprites/DefineSprite_80_List_UI/1.png","834ab18c2fc2b503022c9a18a6958b144760316bbc6da9be00d2367509c91cdb","218","412","76830","rendered"
"module/mc/main/commonui_v_5.swf","pasture-ui","symbol-class","79","List_Prev","DefineSpriteTag","ui-component","source-category","1","-20,-40,380,360","mc/main/commonui_v_5.swf.assets/character-79.png","4f561008c84915fb1386299281199d01c7aa96f7aab3e1fa1f95be1baf4b42fa","20","20","324","rendered"
"module/mc/main/commonui_v_5.swf","pasture-ui","symbol-class","76","List_Next","DefineSpriteTag","ui-component","source-category","1","-20,-40,380,360","mc/main/commonui_v_5.swf.assets/character-76.png","1ee0e07aafcb3451531231182b68b5ae79520651cff9c9521626a6b9b738dad9","20","20","324","rendered"
"module/mc/main/commonui_v_5.swf","pasture-ui","symbol-class","73","List_Search_btn","DefineSpriteTag","ui-component","source-category","1","-20,-20,540,460","mc/main/commonui_v_5.swf.assets/character-73.png","4a68ea62a8171943b488ab7f68dbe785d6efca3f7f511ce24bdcb699abf15571","28","24","535","rendered"
"module/mc/main/commonui_v_5.swf","pasture-ui","symbol-class","69","List_Refresh2_btn","DefineSpriteTag","ui-component","source-category","1","-20,-20,420,400","mc/main/commonui_v_5.swf.assets/character-69.png","3a814db9eaf9c5faaf7752a3c791503583c146968478c87a2c626fc8a6cdd83d","22","21","376","rendered"
"module/mc/main/commonui_v_5.swf","pasture-ui","symbol-class","64","List_Refresh_btn","DefineSpriteTag","ui-component","source-category","1","-20,-20,500,500","mc/main/commonui_v_5.swf.assets/character-64.png","bf48bf4b9965d48686e3fcf666371612f50e8324c2c92dd36c4eecb0ec24d118","26","26","508","rendered"
"module/mc/main/commonui_v_5.swf","pasture-ui","symbol-class","57","SortA_btn","DefineSpriteTag","ui-component","source-category","2","-133,-20,1953,460","mc/main/commonui_v_5.swf.assets/character-57.png","b8fcdd7a0cfff92b4bba1ebcadef9cf300aed17e0786b8462032089000054ccc","105","24","1544","rendered"
"module/mc/main/commonui_v_5.swf","pasture-ui","symbol-class","48","List_Close","DefineSpriteTag","ui-component","source-category","2","-240,-20,461,2180","mc/main/commonui_v_5.swf.assets/character-48.png","cd8b0c79c81bf7f55cdc0067880858c777762f1cabd03b52932d6f2821d5f221","36","110","915","rendered"
"module/mc/main/commonui_v_5.swf","pasture-ui","symbol-class","47","List_Open","DefineSpriteTag","ui-component","source-category","2","-240,-20,461,2180","mc/main/commonui_v_5.swf.assets/character-47.png","9948a12d1f6576ec95b457cb707b48111d6c1033d5f521d131fdbc4c82c9818e","36","110","915","rendered"
"module/mc/main/commonui_v_5.swf","pasture-ui","symbol-class","38","Navigate","DefineSpriteTag","ui-component","source-category","1","-20,-20,1420,2220","mc/main/commonui_v_5.swf.assets/character-38.png","793cd0b464a30afa9896a470b971a3b11298958be95bf4d8f787ed7132c14fc5","72","112","4718","rendered"
"module/mc/main/commonui_v_5.swf","pasture-ui","symbol-class","35","Navigate2","DefineSpriteTag","ui-component","source-category","1","-20,-20,1420,2260","mc/main/commonui_v_5.swf.assets/character-35.png","84d583abd8751679647501b9d76e5aa62d66c450c8db381361f9717204bc36b1","72","114","4757","rendered"
"module/mc/main/commonui_v_5.swf","pasture-ui","symbol-class","32","Status_t","DefineSpriteTag","ui-component","source-category","1","-30,-103,530,367","mc/main/commonui_v_5.swf.assets/character-32.png","c1fe9ad4ac8209a9c244022a68481e100e2d1e632fca9326a48a23625f999401","28","24","228","rendered"
"module/mc/main/commonui_v_5.swf","pasture-ui","symbol-class","29","Status_p","DefineSpriteTag","ui-component","source-category","1","-60,-103,515,367","mc/main/commonui_v_5.swf.assets/character-29.png","ba8f130f1c04fee16c5c35834bbd4d96a2ebbb12904e9d909faef03e8a9bf190","29","24","191","rendered"
"module/mc/main/commonui_v_5.swf","pasture-ui","symbol-class","26","Status_g","DefineSpriteTag","ui-component","source-category","1","-40,-103,515,367","mc/main/commonui_v_5.swf.assets/character-26.png","a6fdd36a54d1ce38928b8055ff97ae73ef150b0e6706c4654181a9cd411aa1ad","28","24","236","rendered"
"module/mc/main/commonui_v_5.swf","pasture-ui","symbol-class","23","Status_b","DefineSpriteTag","ui-component","source-category","1","-40,-103,515,367","mc/main/commonui_v_5.swf.assets/character-23.png","719fdb94ca3d5d6569d151f9bc437df1942703b1561a3a78505ce6b1beb1f05f","28","24","116","rendered"
"module/mc/main/commonui_v_5.swf","pasture-ui","symbol-class","20","List_Prev_End","DefineSpriteTag","ui-component","source-category","1","-400,-20,220,340","mc/main/commonui_v_5.swf.assets/character-20.png","969d76e336379730d0942da9f388cdab046b88737a038460455aef55f0eadcf6","31","18","93","rendered"
"module/mc/main/commonui_v_5.swf","pasture-ui","symbol-class","16","List_Next_End","DefineSpriteTag","ui-component","source-category","1","-20,-20,380,320","mc/main/commonui_v_5.swf.assets/character-16.png","5bfcb33ab7acc1d29eab6faf11ce5ec765b3c211a0de708ebefb8faf873651ee","20","17","270","rendered"
"module/mc/main/commonui_v_5.swf","pasture-ui","symbol-class","12","Sort1","DefineBitsLossless2Tag","ui-component","source-category","1","-20,-20,500,500","mc/main/commonui_v_5.swf.assets/character-12.png","2284f8bbe49f7d6928d1bd2a24bc6f5096c1ad507b12d387c782f42a09198ec2","26","26","508","rendered"
"module/mc/main/commonui_v_5.swf","pasture-ui","symbol-class","11","Sort2","DefineBitsLossless2Tag","ui-component","source-category","1","-20,-20,500,500","mc/main/commonui_v_5.swf.assets/character-11.png","3d919ce7c66d2eae07b7936cf390043f89ed26b4488f72cfb4e9fce804f5f485","26","26","508","rendered"
"module/mc/main/commonui_v_5.swf","pasture-ui","symbol-class","10","Sort3","DefineBitsLossless2Tag","ui-component","source-category","1","-20,-20,500,500","mc/main/commonui_v_5.swf.assets/character-10.png","7554128c3f9f45a7c2e8f8ac097d5ed54f5487a0b363656421e289e2aa598a73","26","26","508","rendered"
"module/mc/main/commonui_v_5.swf","pasture-ui","symbol-class","9","VipL1","DefineBitsLossless2Tag","ui-component","source-category","1","-20,-20,340,280","mc/main/commonui_v_5.swf.assets/character-9.png","2f94a9a99d17eef0566a4ba957f66b740b56e7c255f6f5779a0b862ec0825492","18","15","141","rendered"
"module/mc/main/commonui_v_5.swf","pasture-ui","symbol-class","8","VipL2","DefineBitsLossless2Tag","ui-component","source-category","1","-20,-20,340,280","mc/main/commonui_v_5.swf.assets/character-8.png","ec125f8c09a5e4440565754904bf875b649e7a779b568860d87c22429c4b8f16","18","15","154","rendered"
"module/mc/main/commonui_v_5.swf","pasture-ui","symbol-class","7","VipL3","DefineBitsLossless2Tag","ui-component","source-category","1","-20,-20,340,280","mc/main/commonui_v_5.swf.assets/character-7.png","731cf54a74f1124b89ee14df2a374d9ebf5eca29db7d828b50acdbeb5c26814d","18","15","153","rendered"
"module/mc/main/commonui_v_5.swf","pasture-ui","symbol-class","6","VipL4","DefineBitsLossless2Tag","ui-component","source-category","1","-20,-20,340,280","mc/main/commonui_v_5.swf.assets/character-6.png","ef6b1c70c24e7b09bb1c2fae6310232977d23b336e96576ae66e6d2bb131e58f","18","15","145","rendered"
"module/mc/main/commonui_v_5.swf","pasture-ui","symbol-class","5","VipL5","DefineBitsLossless2Tag","ui-component","source-category","1","-20,-20,340,280","mc/main/commonui_v_5.swf.assets/character-5.png","73bd2a76d39e7e400935f4230d232a922008993532a8728e9e832762e2fa549e","18","15","153","rendered"
"module/mc/main/commonui_v_5.swf","pasture-ui","symbol-class","4","VipL6","DefineBitsLossless2Tag","ui-component","source-category","1","-20,-20,340,280","mc/main/commonui_v_5.swf.assets/character-4.png","a1b99610677c672f3752620dd8734bc7f5c773dc5530d6ee7d67c682c3bc6d99","18","15","153","rendered"
"module/mc/main/commonui_v_5.swf","pasture-ui","symbol-class","3","VipL7","DefineBitsLossless2Tag","ui-component","source-category","1","-20,-20,340,280","mc/main/commonui_v_5.swf.assets/character-3.png","2a48a65ecba0270c7e29e68b9b72820f81ba5f06fff662c1842ce5e95fb230f6","18","15","145","rendered"
"module/mc/main/commonui_v_5.swf","pasture-ui","symbol-class","2","Sort0","DefineBitsLossless2Tag","ui-component","source-category","1","-20,-20,500,500","mc/main/commonui_v_5.swf.assets/character-2.png","de6e38a442de7cad0c02e54b7989c587715ee7a6a7c41cf2597eae357c4450cc","26","26","508","rendered"
"module/mc/main/commonui_v_5.swf","pasture-ui","symbol-class","1","SortMe","DefineBitsLossless2Tag","ui-component","source-category","1","-20,-20,500,500","mc/main/commonui_v_5.swf.assets/character-1.png","14e69d3833d7a0f4c3bb77a5baca0f3382d7776fac1ce4bb5233332d860294cd","26","26","508","rendered"
"module/mc/main/farmui1_v_12.swf","pasture-ui","root-frame","0","[root-frame]","SWF","root-stage","source-category","1","","","","","","0","empty-outline"
"module/mc/main/farmui1_v_12.swf","pasture-ui","symbol-class","518","NoticeWindowTitle","DefineSpriteTag","ui-component","source-category","1","-20,100,720,500","mc/main/farmui1_v_12.swf.assets/character-518.png","ba307e33eb78252437171ba995f7d2695b95bf5f65549ed5406b77e561f4edd8","37","20","505","rendered"
"module/mc/main/farmui1_v_12.swf","pasture-ui","symbol-class","515","MCLogo","DefineSpriteTag","ui-component","source-category","1","-20,-20,1620,1020","mc/main/farmui1_v_12.swf.assets/character-515.png","56b0ad19d6bb814984443677a49a9b328e733f75eaa884aba4926ba809cac09d","82","52","2955","rendered"
"module/mc/main/farmui1_v_12.swf","pasture-ui","symbol-class","512","QuickShootBg","DefineSpriteTag","ui-component","source-category","1","-20,-20,8680,8380","mc/main/farmui1_v_12.swf.assets/character-512.png","998f3c6ecbed3dda07546c451dc674a8795dd549a8b5f3dc5c6d3ed54fc696f6","435","420","180994","rendered"
"module/mc/main/farmui1_v_12.swf","pasture-ui","symbol-class","509","SnapShotWindowTitle","DefineSpriteTag","ui-component","source-category","1","-20,100,1300,480","mc/main/farmui1_v_12.swf.assets/character-509.png","910f1aa5a8e5d6975bc085f5fc5221a99cc7bbc4612b9efc6b801dc78aff3732","66","19","856","rendered"
"module/mc/main/farmui1_v_12.swf","pasture-ui","symbol-class","506","CursorClearBB","DefineSpriteTag","ui-component","source-category","15","-345,-1094,324,169","mc/main/farmui1_v_12.swf.assets/character-506.png","042b59a477916f91efbc01ac7b2d8b8ec73c4816633da3468e8ce6366582bcb4","34","64","994","rendered"
"module/mc/main/farmui1_v_12.swf","pasture-ui","symbol-class","504","WindowLine2","DefineSpriteTag","ui-component","source-category","1","-20,-20,9340,60","mc/main/farmui1_v_12.swf.assets/character-504.png","54f71851b0bbc878e2bc3007bb730cce1013797fedad0452baf89dcc0736bbda","468","4","698","rendered"
"module/mc/main/farmui1_v_12.swf","pasture-ui","symbol-class","501","WindowLine","DefineSpriteTag","ui-component","source-category","1","-20,-20,6020,60","mc/main/farmui1_v_12.swf.assets/character-501.png","1ca41bc9cec74c05bf7e79b4dc3bb054faee91edd41c2744536755cffb416a9f","302","4","450","rendered"
"module/mc/main/farmui1_v_12.swf","pasture-ui","symbol-class","498","BuyFoodWindowTitle","DefineSpriteTag","ui-component","source-category","1","-20,100,2580,540","mc/main/farmui1_v_12.swf.assets/character-498.png","3e5dc7777894be34fd8e6a0602677babd34b1f2b5be4e42e2797148c5b4972aa","130","22","1927","rendered"
"module/mc/main/farmui1_v_12.swf","pasture-ui","symbol-class","495","MucaoGoumai","DefineSpriteTag","ui-component","source-category","1","-20,-20,5220,1980","mc/main/farmui1_v_12.swf.assets/character-495.png","f7830aea0e32860c14b9858205b63ef2e9cad956bb517e33e132f75e0c63cf4f","262","100","25480","rendered"
"module/mc/main/farmui1_v_12.swf","pasture-ui","symbol-class","492","Mucao","DefineSpriteTag","ui-component","source-category","1","-20,-20,5700,2100","mc/main/farmui1_v_12.swf.assets/character-492.png","78d05ee37cbe52f12296caa701ff2f49f74bf6229937edded0490034824aa365","286","106","29536","rendered"
"module/mc/main/farmui1_v_12.swf","pasture-ui","symbol-class","489","HouseIcon2","DefineSpriteTag","ui-component","source-category","1","-20,-20,320,320","mc/main/farmui1_v_12.swf.assets/character-489.png","d16bda99b03202bfae52fc7aaa4b761911eb185d33dcb6c0b5534b917d7072e4","17","17","225","rendered"
"module/mc/main/farmui1_v_12.swf","pasture-ui","symbol-class","486","HouseIcon1","DefineSpriteTag","ui-component","source-category","1","-20,-20,320,320","mc/main/farmui1_v_12.swf.assets/character-486.png","c0afc613da7d3eb35f3bb568019d6a00f8149d07a98fa483456991431810e5e0","17","17","225","rendered"
"module/mc/main/farmui1_v_12.swf","pasture-ui","symbol-class","483","WhistleList","DefineSpriteTag","ui-component","source-category","6","","jpexs-fallback/mc__main__farmui1_v_12.swf/sprites/DefineSprite_483_WhistleList/1.png","46ad2d0d4214fe2dcfd40faf14912ababfabe55cca23ae14d1d2671be672ad7a","406","267","35416","rendered"
"module/mc/main/farmui1_v_12.swf","pasture-ui","symbol-class","461","MaoPaoFlag","DefineSpriteTag","ui-component","source-category","24","-70,-120,90,40","mc/main/farmui1_v_12.swf.assets/character-461.png","eedebc65d168b841c8888159d8e03b5fd046ebccebeba3bf832a52dacb9ea3f1","8","8","52","rendered"
"module/mc/main/farmui1_v_12.swf","pasture-ui","symbol-class","455","BuyFoodTitle","DefineSpriteTag","ui-component","source-category","1","-20,100,1360,520","mc/main/farmui1_v_12.swf.assets/character-455.png","a822dc750070e85dc967251e64f283a61563b1ea73d1f82ef611663cbc9454d4","69","21","1101","rendered"
"module/mc/main/farmui1_v_12.swf","pasture-ui","symbol-class","452","CandoMC","DefineSpriteTag","ui-component","source-category","1","-320,-460,1560,280","mc/main/farmui1_v_12.swf.assets/character-452.png","6bafdbe9e37363d80ded36941c8108b25f22ab501c7130228001b770dec6b9fc","94","37","1324","rendered"
"module/mc/main/farmui1_v_12.swf","pasture-ui","symbol-class","448","LExpTitle","DefineSpriteTag","ui-component","source-category","1","-20,100,1720,520","mc/main/farmui1_v_12.swf.assets/character-448.png","20cdd376b61e29607d371ca13a324e8cb82c4219b85e2835465c686e1d96c987","87","21","1377","rendered"
"module/mc/main/farmui1_v_12.swf","pasture-ui","symbol-class","445","HTips1","DefineSpriteTag","ui-component","source-category","1","-20,-20,500,500","mc/main/farmui1_v_12.swf.assets/character-445.png","b835d2bff0c1a1c1bf7ef3e52cb10fcc0b36ddcdf35603fde07fd80c846f1da8","26","26","445","rendered"
"module/mc/main/farmui1_v_12.swf","pasture-ui","symbol-class","442","HTips2","DefineSpriteTag","ui-component","source-category","1","-20,-20,500,500","mc/main/farmui1_v_12.swf.assets/character-442.png","2d4724da5c76dcd1ca72e34cc2dd740f89342d8d21be50b13c268054b4a250d5","26","26","379","rendered"
"module/mc/main/farmui1_v_12.swf","pasture-ui","symbol-class","439","HelpAdd","DefineSpriteTag","ui-component","source-category","22","-910,-680,160,-75","mc/main/farmui1_v_12.swf.assets/character-439.png","5a288080449ffe93035e057e36580ea3e0abf2d30c5c4b65c870ba72f41b51e2","54","31","445","rendered"
"module/mc/main/farmui1_v_12.swf","pasture-ui","symbol-class","434","FlyDead","DefineSpriteTag","action-effect-candidate","class-name-heuristic","9","-228,163,169,689","mc/main/farmui1_v_12.swf.assets/character-434.png","0f69bb5d3d7b64e42e3da0c4fb4e5d13ffe5d9884684772a6afe4d202a4554d1","20","27","297","rendered"
"module/mc/main/farmui1_v_12.swf","pasture-ui","symbol-class","431","FlyMC","DefineSpriteTag","action-effect-candidate","class-name-heuristic","1","-341,-228,341,229","mc/main/farmui1_v_12.swf.assets/character-431.png","acfeb1b4ef51166a127b7ab937bd6260ba0c6630eac7457dff531244093f4000","35","23","501","rendered"
"module/mc/main/farmui1_v_12.swf","pasture-ui","symbol-class","430","House","DefineSpriteTag","ui-component","source-category","1","238,-642,6580,1558","mc/main/farmui1_v_12.swf.assets/character-430.png","405a2020675fd808d6b38d071a6cd66d80331aa4552f92f6cdbdef37ffc0e342","318","110","0","rendered"
"module/mc/main/farmui1_v_12.swf","pasture-ui","symbol-class","428","Grass","DefineSpriteTag","ui-component","source-category","4","193,-1349,2076,1022","mc/main/farmui1_v_12.swf.assets/character-428.png","3711906542f4c55c5755729ef915b81758df027428d7f7bfc534919277aed7f4","95","119","5153","rendered"
"module/mc/main/farmui1_v_12.swf","pasture-ui","symbol-class","385","FlyContent","DefineSpriteTag","action-effect-candidate","class-name-heuristic","4","-760,-263,360,597","mc/main/farmui1_v_12.swf.assets/character-385.png","e5c1c010c9895ce1a16cd11beef4afc4213b0cd06beed4a2a43db88516d2c9fe","56","43","406","rendered"
"module/mc/main/farmui1_v_12.swf","pasture-ui","symbol-class","384","farmui1_fla.a_50","DefineSpriteTag","ui-component","source-category","131","-780,-620,340,240","mc/main/farmui1_v_12.swf.assets/character-384.png","e5c1c010c9895ce1a16cd11beef4afc4213b0cd06beed4a2a43db88516d2c9fe","56","43","406","rendered"
"module/mc/main/farmui1_v_12.swf","pasture-ui","symbol-class","381","SellCropWindowTitle","DefineSpriteTag","ui-component","source-category","1","-20,100,1680,520","mc/main/farmui1_v_12.swf.assets/character-381.png","9a5190c62eab466cfe2793b6a76996d141ae2c1cfbfb29d38ac99a53266a74ec","85","21","1379","rendered"
"module/mc/main/farmui1_v_12.swf","pasture-ui","symbol-class","378","AlertWindowTitle","DefineSpriteTag","ui-component","source-category","1","-20,100,760,560","mc/main/farmui1_v_12.swf.assets/character-378.png","2de972d3029575e0a62ae2e54987b95dd2618446da5c00d45e0135558ddf4e06","39","23","683","rendered"
"module/mc/main/farmui1_v_12.swf","pasture-ui","symbol-class","375","ShopSeedWindowTitle","DefineSpriteTag","ui-component","source-category","1","-20,100,1380,520","mc/main/farmui1_v_12.swf.assets/character-375.png","d3ff8ce77288ba69b60a865d521417b92df569d98cd1231639d0f61d1be7979d","70","21","1056","rendered"
"module/mc/main/farmui1_v_12.swf","pasture-ui","symbol-class","372","ProfileWindowTitle","DefineSpriteTag","ui-component","source-category","1","-20,100,1420,560","mc/main/farmui1_v_12.swf.assets/character-372.png","688c915b32811962201b12362840eff9f068575dca16bef48a2672cfedd1f7cf","72","23","1129","rendered"
"module/mc/main/farmui1_v_12.swf","pasture-ui","symbol-class","369","WareHouseWindowTitle","DefineSpriteTag","ui-component","source-category","1","-20,100,760,540","mc/main/farmui1_v_12.swf.assets/character-369.png","c8524af62becaa632554f02dc5c88a9779345bfc2fbdfa2aa0902b70b5a2a91c","39","22","612","rendered"
"module/mc/main/farmui1_v_12.swf","pasture-ui","symbol-class","366","WhistleWindowTitle","DefineSpriteTag","ui-component","source-category","1","-20,100,1380,500","mc/main/farmui1_v_12.swf.assets/character-366.png","d516226e1a11e14fab4d94d5b03fba1d73290d5e6b20e9abf82a5d7fe6b0aa12","70","20","1067","rendered"
"module/mc/main/farmui1_v_12.swf","pasture-ui","symbol-class","363","CancelViewTitle","DefineSpriteTag","ui-component","source-category","1","-20,100,1380,500","mc/main/farmui1_v_12.swf.assets/character-363.png","4beef9228c087611c0e61164663afb18f7c872263bb7ea4a07dc9823ebb7f9f1","70","20","1077","rendered"
"module/mc/main/farmui1_v_12.swf","pasture-ui","symbol-class","360","ShopWindowTitle","DefineSpriteTag","ui-component","source-category","1","-20,100,760,560","mc/main/farmui1_v_12.swf.assets/character-360.png","0bf6b8209396dd9b03ee226916d8f1fac356d82793a2f206b4dff7c8476b2fb6","39","23","680","rendered"
"module/mc/main/farmui1_v_12.swf","pasture-ui","symbol-class","357","TabBg","DefineSpriteTag","ui-component","source-category","1","-20,-20,1020,520","mc/main/farmui1_v_12.swf.assets/character-357.png","faab9e8bfc0fd49c6406eeaa693ca87c107d44fb5fc7aa24432bd80844ee9216","52","27","260","rendered"
"module/mc/main/farmui1_v_12.swf","pasture-ui","symbol-class","355","ConfirmIcon","DefineSpriteTag","ui-component","source-category","1","-20,-20,1780,1780","mc/main/farmui1_v_12.swf.assets/character-355.png","e9caf61b81124640a8e0edba18e504bd3e471bcb6921056e0cc8e17d5a933881","90","90","6224","rendered"
"module/mc/main/farmui1_v_12.swf","pasture-ui","symbol-class","352","ShopSeedForm","DefineSpriteTag","ui-component","source-category","1","-652,-21,5180,4368","mc/main/farmui1_v_12.swf.assets/character-352.png","ec12d8e8d1fa1da9777f9feaa1fe3c29e7e7ffae37898db3fa2601d288211832","292","220","4137","rendered"
"module/mc/main/farmui1_v_12.swf","pasture-ui","symbol-class","335","ButtonBlue","DefineSpriteTag","ui-component","source-category","1","-20,-20,1360,460","mc/main/farmui1_v_12.swf.assets/character-335.png","a30c7085abaec1f4ea694d1d46ec7320efc9b9ed739dc03e280c001335c32fa0","69","24","1652","rendered"
"module/mc/main/farmui1_v_12.swf","pasture-ui","symbol-class","333","WarehouseForm","DefineSpriteTag","ui-component","source-category","2","","jpexs-fallback/mc__main__farmui1_v_12.swf/sprites/DefineSprite_333_WarehouseForm/1.png","7b9a0ef740bdf76c897e60b541b0768eb2aeefa8883b65fa9825435a670da81e","176","155","2030","rendered"
"module/mc/main/farmui1_v_12.swf","pasture-ui","symbol-class","311","QB","DefineSpriteTag","ui-component","source-category","1","-20,-60,740,388","mc/main/farmui1_v_12.swf.assets/character-311.png","3d12c83483c00f24e170626df2a6dbfad2a9e306a1bda5aa8797e4fbfb95269e","38","23","132","rendered"
"module/mc/main/farmui1_v_12.swf","pasture-ui","symbol-class","307","Animalnfo","DefineSpriteTag","ui-component","source-category","1","-1538,-1458,1479,182","mc/main/farmui1_v_12.swf.assets/character-307.png","b1967056188b23f940995e52510c28ee81371c44abd9fafa1a963bddbe4ac99d","151","82","12374","rendered"
"module/mc/main/farmui1_v_12.swf","pasture-ui","symbol-class","305","ProductInfo","DefineSpriteTag","ui-component","source-category","1","-1538,-838,1479,802","mc/main/farmui1_v_12.swf.assets/character-305.png","b1967056188b23f940995e52510c28ee81371c44abd9fafa1a963bddbe4ac99d","151","82","12374","rendered"
"module/mc/main/farmui1_v_12.swf","pasture-ui","symbol-class","299","TipBg","DefineSpriteTag","ui-component","source-category","1","-10,-20,1600,1010","mc/main/farmui1_v_12.swf.assets/character-299.png","efaeedbc0ef1df3c3d39fdd7f63fd908bf0046e0cad1a9916863eb115173ae0e","81","52","4068","rendered"
"module/mc/main/farmui1_v_12.swf","pasture-ui","symbol-class","297","TalkBoxHe1","DefineSpriteTag","ui-component","source-category","1","-1440,-1240,701,100","mc/main/farmui1_v_12.swf.assets/character-297.png","e372b926593f7c29077aadf7348e3895bbb892267746cc0ee9b9bde4d364977c","108","67","5722","rendered"
"module/mc/main/farmui1_v_12.swf","pasture-ui","symbol-class","296","TalkBoxMy1","DefineSpriteTag","ui-component","source-category","1","-1440,-1240,701,100","mc/main/farmui1_v_12.swf.assets/character-296.png","e372b926593f7c29077aadf7348e3895bbb892267746cc0ee9b9bde4d364977c","108","67","5722","rendered"
"module/mc/main/farmui1_v_12.swf","pasture-ui","symbol-class","294","PackBarBg","DefineSpriteTag","ui-component","source-category","1","-20,-20,8020,1420","mc/main/farmui1_v_12.swf.assets/character-294.png","5058d9966df6f285c310506002c1ba39c52e590b90336cecb5696d1d5a07a04d","402","72","28314","rendered"
"module/mc/main/farmui1_v_12.swf","pasture-ui","symbol-class","292","ScrollDownSkin","DefineSpriteTag","ui-component","source-category","3","-20,-20,320,200","mc/main/farmui1_v_12.swf.assets/character-292.png","1e42feed4cd0acff83f04087718490f2446c8dd98018ba523df9f8119e513fbd","17","11","93","rendered"
"module/mc/main/farmui1_v_12.swf","pasture-ui","symbol-class","289","ScrollUpSkin","DefineSpriteTag","ui-component","source-category","1","-20,-20,320,200","mc/main/farmui1_v_12.swf.assets/character-289.png","83e0743a8c9321bda32f54a64296ca8ced7157fd53c273c4b147e4807d568e11","17","11","93","rendered"
"module/mc/main/farmui1_v_12.swf","pasture-ui","symbol-class","286","ScrollBarSkin","DefineSpriteTag","ui-component","source-category","1","-20,-20,320,3020","mc/main/farmui1_v_12.swf.assets/character-286.png","bef1bb32d7b03cdc311f50e19c34539a06cb4c376289fd586e4225d98c9bae5f","17","152","2580","rendered"
"module/mc/main/farmui1_v_12.swf","pasture-ui","symbol-class","284","TabDefault","DefineSpriteTag","ui-component","source-category","1","-20,-20,1060,400","mc/main/farmui1_v_12.swf.assets/character-284.png","ad0726480846f07c38d18a4bf100a293e6ebec115203c171b02a741b3e5818ac","54","21","1076","rendered"
"module/mc/main/farmui1_v_12.swf","pasture-ui","symbol-class","282","TabSelected","DefineSpriteTag","ui-component","source-category","1","-20,-20,1060,495","mc/main/farmui1_v_12.swf.assets/character-282.png","76b4c1e9a2703ae206089fd795e3ef461886705b95475df208f91f306dd3c713","54","26","1346","rendered"
"module/mc/main/farmui1_v_12.swf","pasture-ui","symbol-class","280","ItemBg","DefineSpriteTag","ui-component","source-category","1","-140,-160,2079,2059","mc/main/farmui1_v_12.swf.assets/character-280.png","35485d1059960281e23d0ab62a952174e7b6f90f2364a81a32734e796404dc2a","111","111","11877","rendered"
"module/mc/main/farmui1_v_12.swf","pasture-ui","symbol-class","278","ButtonGreen","DefineSpriteTag","ui-component","source-category","1","-20,-20,1360,460","mc/main/farmui1_v_12.swf.assets/character-278.png","2b562db4e4fef371541cc383a8864d5a3832eeab55968406026d4e43ab9ff424","69","24","1652","rendered"
"module/mc/main/farmui1_v_12.swf","pasture-ui","symbol-class","277","CloseButton","DefineSpriteTag","ui-component","source-category","1","-100,60,320,480","mc/main/farmui1_v_12.swf.assets/character-277.png","591b76381bdd8cff8257606f51e9b4288938e0db06d223b36b91722ca5cda223","21","21","357","rendered"
"module/mc/main/farmui1_v_12.swf","pasture-ui","symbol-class","273","ButtonDecorate","DefineSpriteTag","ui-component","source-category","1","-20,-20,1120,1080","mc/main/farmui1_v_12.swf.assets/character-273.png","bb084928bb2e9a6a1e26a472fa764df53eb32d39c9cc16374351345fdc8c51e1","57","55","1942","rendered"
"module/mc/main/farmui1_v_12.swf","pasture-ui","symbol-class","270","ButtonShop","DefineSpriteTag","ui-component","source-category","1","-20,-20,962,983","mc/main/farmui1_v_12.swf.assets/character-270.png","9fa36cb7bd690491919b4eb02fe255e3889ec121f0f688e3c356363bc3255e01","50","51","2030","rendered"
"module/mc/main/farmui1_v_12.swf","pasture-ui","symbol-class","267","ButtonWarehouse","DefineSpriteTag","ui-component","source-category","1","-20,-20,980,960","mc/main/farmui1_v_12.swf.assets/character-267.png","b2f2adb81a5c2c351cb923962cd5ed6ff0b0e97349c3a10a067994d16fccbbe9","50","49","1914","rendered"
"module/mc/main/farmui1_v_12.swf","pasture-ui","symbol-class","264","ButtonMC","DefineSpriteTag","ui-component","source-category","1","-20,-20,1040,960","mc/main/farmui1_v_12.swf.assets/character-264.png","a5f4c8ba9217f7e9d528addc8cc7fcbb50f2377c911eab3468e30542c5ccee1f","53","49","1994","rendered"
"module/mc/main/farmui1_v_12.swf","pasture-ui","symbol-class","261","ButtonFarm","DefineSpriteTag","ui-component","source-category","1","-200,100,820,940","mc/main/farmui1_v_12.swf.assets/character-261.png","cb6ac85fb0164cb7adadbee5bb24d52695ea9bd322b82f30630975a0dcf8fc45","51","42","1890","rendered"
"module/mc/main/farmui1_v_12.swf","pasture-ui","symbol-class","258","Night","DefineSpriteTag","ui-component","source-category","1","-20,-20,1220,1220","mc/main/farmui1_v_12.swf.assets/character-258.png","9a31a7933b42903e9a42169c0a1e8d5e7c082e17df1880831d7a160cb95f12ac","62","62","2937","rendered"
"module/mc/main/farmui1_v_12.swf","pasture-ui","symbol-class","255","Sunny","DefineSpriteTag","ui-component","source-category","1","-20,-20,1220,1220","mc/main/farmui1_v_12.swf.assets/character-255.png","4159ec6d367d6e15b6c8abe9a937f5bcfba01c5eb3c2de3ec07df5f10ebbaa67","62","62","2940","rendered"
"module/mc/main/farmui1_v_12.swf","pasture-ui","symbol-class","252","Rain","DefineSpriteTag","action-effect-candidate","class-name-heuristic","1","-20,-20,1220,1220","mc/main/farmui1_v_12.swf.assets/character-252.png","681ebc2f8571e81d671aa58dd92dab438741e18a18bf33f693ab7fa247a5794c","62","62","2940","rendered"
"module/mc/main/farmui1_v_12.swf","pasture-ui","symbol-class","247","GoldB","DefineSpriteTag","ui-component","source-category","1","","","","","","0","empty-outline"
"module/mc/main/farmui1_v_12.swf","pasture-ui","symbol-class","246","ExpYellow","DefineSpriteTag","ui-component","source-category","1","-20,-20,1347,140","mc/main/farmui1_v_12.swf.assets/character-246.png","3a51ba5c96f6a72a47c5d67e38ff61eb785df857998b2614d7a60c8f0759f88f","69","8","400","rendered"
"module/mc/main/farmui1_v_12.swf","pasture-ui","symbol-class","244","ExpYellowBg","DefineSpriteTag","ui-component","source-category","1","-20,-20,2340,220","mc/main/farmui1_v_12.swf.assets/character-244.png","470574ddbc9f1be957f4b2b10a64a65e0c448ceee337b0f340264108cfac5271","118","12","1404","rendered"
"module/mc/main/farmui1_v_12.swf","pasture-ui","symbol-class","242","ExpBlue","DefineSpriteTag","ui-component","source-category","1","-20,-20,1300,140","mc/main/farmui1_v_12.swf.assets/character-242.png","6ab8d5e766d2c0d5b81fe361be56124579924bc842b7c6f6d627e9e32c6e3b2d","66","8","384","rendered"
"module/mc/main/farmui1_v_12.swf","pasture-ui","symbol-class","240","ExpBlueBg","DefineSpriteTag","ui-component","source-category","1","-20,-20,2340,220","mc/main/farmui1_v_12.swf.assets/character-240.png","bdc497d4861595568c98f192416f1b32c6209f594ae0761255dc7b0d02da93ce","118","12","1404","rendered"
"module/mc/main/farmui1_v_12.swf","pasture-ui","symbol-class","238","HeadBg","DefineSpriteTag","ui-component","source-category","1","-20,-20,17420,1380","mc/main/farmui1_v_12.swf.assets/character-238.png","0e32a7f2dd474066df61b8519ae616e8024725110d56c5ffb2f085de6e74bca5","872","70","59024","rendered"
"module/mc/main/farmui1_v_12.swf","pasture-ui","symbol-class","236","ToolBarBg","DefineSpriteTag","ui-component","source-category","1","-20,-20,8558,1928","mc/main/farmui1_v_12.swf.assets/character-236.png","7143bdd9a456a51531b023c86744f2696f09cf90e2bdfd52b9497841eb3e8816","429","98","41575","rendered"
"module/mc/main/farmui1_v_12.swf","pasture-ui","symbol-class","234","WindowBg","DefineSpriteTag","ui-component","source-category","1","-20,-20,4020,2580","mc/main/farmui1_v_12.swf.assets/character-234.png","217cf2ec1d9a2d84d988ef5e36f4e719b119b5b79a66ed211a41665a0e9d4ee0","202","130","25576","rendered"
"module/mc/main/farmui1_v_12.swf","pasture-ui","symbol-class","231","ButtonHand","DefineButton2Tag","ui-component","source-category","1","-21,-20,821,824","mc/main/farmui1_v_12.swf.assets/character-231.png","1854b983c3fcd8abe9d0d2b547665807b733f5c5aae9dd2385af3447965af47f","43","43","1112","rendered"
"module/mc/main/farmui1_v_12.swf","pasture-ui","symbol-class","229","ShengChanButton","DefineButton2Tag","ui-component","source-category","1","-130,40,791,770","mc/main/farmui1_v_12.swf.assets/character-229.png","4aebfaee8d3930159f3ff33707e11b02fe4261ac0a512b4f5607190170e295df","47","37","1063","rendered"
"module/mc/main/farmui1_v_12.swf","pasture-ui","symbol-class","225","FlyButton","DefineButton2Tag","action-effect-candidate","class-name-heuristic","1","-20,60,925,787","mc/main/farmui1_v_12.swf.assets/character-225.png","df29bfc32e1dcc2bd668522784dc6d14048421a0a3b5052ad9a136fcc2b1c119","48","37","936","rendered"
"module/mc/main/farmui1_v_12.swf","pasture-ui","symbol-class","220","FlapperButton","DefineButton2Tag","ui-component","source-category","1","-25,-25,866,866","mc/main/farmui1_v_12.swf.assets/character-220.png","d9aafa4ee1cfdd7daab427c3b159c520aaef9b6a64c7b10fe198c68b60571f0a","45","45","1102","rendered"
"module/mc/main/farmui1_v_12.swf","pasture-ui","symbol-class","218","ButtonSeed","DefineButton2Tag","ui-component","source-category","1","-80,-20,766,824","mc/main/farmui1_v_12.swf.assets/character-218.png","dc48358c217e29ca3eca18b5590f3476dc3bcd4dff54b006d69d23f46b27d8e9","43","43","1534","rendered"
"module/mc/main/farmui1_v_12.swf","pasture-ui","symbol-class","214","Cursor","DefineButton2Tag","ui-component","source-category","1","79,-20,667,740","mc/main/farmui1_v_12.swf.assets/character-214.png","6df473ef3eabc8152289e05e87a9aae2d8588598c7030c9dcda97ddbe474b912","30","38","772","rendered"
"module/mc/main/farmui1_v_12.swf","pasture-ui","symbol-class","210","InformationIcon","DefineSpriteTag","ui-component","source-category","15","-20,-20,606,660","mc/main/farmui1_v_12.swf.assets/character-210.png","923e98e6eec75c5cec85ccd9decd97029a868f9c8722f8b4fbeee38f241de9ab","32","34","669","rendered"
"module/mc/main/farmui1_v_12.swf","pasture-ui","symbol-class","207","MsgIcon","DefineSpriteTag","ui-component","source-category","30","-20,-20,740,658","mc/main/farmui1_v_12.swf.assets/character-207.png","fe1a2f19834ebc6371395834170f9863ba03ab6265793432048b7af67bacbf82","38","34","878","rendered"
"module/mc/main/farmui1_v_12.swf","pasture-ui","symbol-class","205","ScrollBarIcon","DefineSpriteTag","ui-component","source-category","1","-20,-20,340,380","mc/main/farmui1_v_12.swf.assets/character-205.png","5094742b17661cf7cacb37d6b49242cfce415e86cd258937987cc30eb40d2e76","18","20","66","rendered"
"module/mc/main/farmui1_v_12.swf","pasture-ui","symbol-class","203","CursorPesticide","DefineSpriteTag","ui-component","source-category","1","-256,-209,904,709","mc/main/farmui1_v_12.swf.assets/character-203.png","5f2e49b12c3463f46895300e427f9e4344b466ad65080e41eb05519c232ad39f","58","46","1695","rendered"
"module/mc/main/farmui1_v_12.swf","pasture-ui","symbol-class","201","CursorHook","DefineSpriteTag","ui-component","source-category","4","-235,-571,1359,570","mc/main/farmui1_v_12.swf.assets/character-201.png","c5503098f4b0f63dd4a5ab57cf0db232b7dad846bd111df3c0156757dca061cf","80","58","2419","rendered"
"module/mc/main/farmui1_v_12.swf","pasture-ui","symbol-class","200","CursorHoe","DefineSpriteTag","ui-component","source-category","1","-277,-231,979,809","mc/main/farmui1_v_12.swf.assets/character-200.png","d1d4bace3060cfa95cb45c249170f2e851e09e13fc6dca00f5d569ae3200d3f0","63","52","2196","rendered"
"module/mc/main/farmui1_v_12.swf","pasture-ui","symbol-class","198","CursorHand","DefineSpriteTag","ui-component","source-category","2","-235,-471,1432,610","mc/main/farmui1_v_12.swf.assets/character-198.png","8c52a5c45f3659714a3ec8641415243a1d37037eefd0af83b2cccbfb50f27ecc","84","55","2429","rendered"
"module/mc/main/farmui1_v_12.swf","pasture-ui","symbol-class","196","CursorFly","DefineSpriteTag","action-effect-candidate","class-name-heuristic","7","-509,-428,865,615","mc/main/farmui1_v_12.swf.assets/character-196.png","818394b0551aafc5f4db65f96894c14a3c84753f4d44b32223f3e219f4a89c4f","69","53","1979","rendered"
"module/mc/main/farmui1_v_12.swf","pasture-ui","symbol-class","188","CursorArrow","DefineSpriteTag","ui-component","source-category","2","-245,-181,344,579","mc/main/farmui1_v_12.swf.assets/character-188.png","8f8bf80688ba77ad0a8400465fe70d24f1de70a0ff442b80d59f5a29ced30fe0","30","38","772","rendered"
"module/mc/main/farmui1_v_12.swf","pasture-ui","symbol-class","186","ItemBorder","DefineSpriteTag","ui-component","source-category","1","-10,-20,1230,1220","mc/main/farmui1_v_12.swf.assets/character-186.png","09cbfefad9d0a00b19c0d1b63c7f2f8f037bd7680addffabc163e616793ffad0","62","62","463","rendered"
"module/mc/main/farmui1_v_12.swf","pasture-ui","symbol-class","184","DataLoading","DefineSpriteTag","ui-component","source-category","24","-496,-523,463,492","mc/main/farmui1_v_12.swf.assets/character-184.png","a7d48e07af1969cab93a704c11d070a3a89484cac21b7bfe6b1ceced51af1bbd","48","51","167","rendered"
"module/mc/main/farmui1_v_12.swf","pasture-ui","symbol-class","182","GoldIcon","DefineSpriteTag","ui-component","source-category","1","-20,-20,740,394","mc/main/farmui1_v_12.swf.assets/character-182.png","0f3520aa0f2d030bab90bf6f41569c3b73f4372808ab63392e801fb9b3430a11","38","21","137","rendered"
"module/mc/main/farmui1_v_12.swf","pasture-ui","symbol-class","179","SuccessIcon","DefineSpriteTag","ui-component","source-category","1","-20,-20,1780,1780","mc/main/farmui1_v_12.swf.assets/character-179.png","7a5c95bc9ba02538c590b16ec4ab93439aa2e62102a586a15b54b0592cf0a693","90","90","6224","rendered"
"module/mc/main/farmui1_v_12.swf","pasture-ui","symbol-class","176","ErrorIcon","DefineSpriteTag","ui-component","source-category","1","-20,-20,1780,1780","mc/main/farmui1_v_12.swf.assets/character-176.png","76d29b161084c36e56e88a7b235c8e70edfbdc2f07be8cfe4af28ce951fbada8","90","90","6224","rendered"
"module/mc/main/farmui1_v_12.swf","pasture-ui","symbol-class","173","AddHealth","DefineSpriteTag","ui-component","source-category","12","-3,460,696,1139","mc/main/farmui1_v_12.swf.assets/character-173.png","994d8b9f2d9e4f51bc1d7da3dca60be125c5d51ad2b8ce28efeadbd5bf476de2","35","34","0","rendered"
"module/mc/main/farmui1_v_12.swf","pasture-ui","symbol-class","170","AddAnimation","DefineSpriteTag","action-effect-candidate","class-name-heuristic","25","-20,110,780,413","mc/main/farmui1_v_12.swf.assets/character-170.png","02f31387496d234b37b4d8e21ae3d544054281df2cd25af9369de7972cd9cd96","40","16","0","rendered"
"module/mc/main/farmui1_v_12.swf","pasture-ui","symbol-class","166","ButtonOrange","DefineSpriteTag","ui-component","source-category","1","-20,-20,1360,460","mc/main/farmui1_v_12.swf.assets/character-166.png","2b562db4e4fef371541cc383a8864d5a3832eeab55968406026d4e43ab9ff424","69","24","1652","rendered"
"module/mc/main/farmui1_v_12.swf","pasture-ui","symbol-class","164","LevelYellow","DefineSpriteTag","ui-component","source-category","1","-20,-20,694,694","mc/main/farmui1_v_12.swf.assets/character-164.png","e60087f79627093c08b0daa67d6143b32d906e9596e1279a9a1baa7b29e8b6b0","36","36","780","rendered"
"module/mc/main/farmui1_v_12.swf","pasture-ui","symbol-class","162","LevelBlue","DefineSpriteTag","ui-component","source-category","1","-20,-20,694,694","mc/main/farmui1_v_12.swf.assets/character-162.png","e60087f79627093c08b0daa67d6143b32d906e9596e1279a9a1baa7b29e8b6b0","36","36","780","rendered"
"module/mc/main/farmui1_v_12.swf","pasture-ui","symbol-class","158","DefaultHead","DefineSpriteTag","ui-component","source-category","1","-20,-20,1060,1060","mc/main/farmui1_v_12.swf.assets/character-158.png","6dd1e3ecba719555895907323fdb5d820149e617a60d2f6f434edb3d59480b04","54","54","2704","rendered"
"module/mc/main/farmui1_v_12.swf","pasture-ui","symbol-class","155","Tool40","DefineSpriteTag","ui-component","source-category","1","-20,-20,1240,1240","mc/main/farmui1_v_12.swf.assets/character-155.png","918315f446fca5d7f953f355b27ce93f5b44a2f41a04807d3f6cd74f964e29fd","63","63","3721","rendered"
"module/mc/main/farmui1_v_12.swf","pasture-ui","symbol-class","152","Reclaim","DefineSpriteTag","ui-component","source-category","1","-20,-20,960,1200","mc/main/farmui1_v_12.swf.assets/character-152.png","6f960ae8c455252e87f3691c2124285e77f17594dd3ff91f2b25777978fac83a","49","61","1918","rendered"
"module/mc/main/farmui1_v_12.swf","pasture-ui","symbol-class","149","Reclaim2","DefineSpriteTag","ui-component","source-category","1","-20,-20,960,1200","mc/main/farmui1_v_12.swf.assets/character-149.png","17e1218e05ceacc929af3881ad2b071dd938d9b966c7fd5cce9288a8fd2b4dc6","49","61","1922","rendered"
"module/mc/main/farmui1_v_12.swf","pasture-ui","symbol-class","146","FoodTips","DefineSpriteTag","ui-component","source-category","1","-20,-20,500,500","mc/main/farmui1_v_12.swf.assets/character-146.png","d96a6682f5b9a71767e218de955c5eeee29563e664503339f6263cf8216e5e25","26","26","307","rendered"
"module/mc/main/farmui1_v_12.swf","pasture-ui","symbol-class","143","ButtonTheft","DefineButton2Tag","ui-component","source-category","1","-70,74,850,835","mc/main/farmui1_v_12.swf.assets/character-143.png","97f837ed884855ad944535669a6a7dde97061930611043bf2df75c968d1541f2","46","39","1205","rendered"
"module/mc/main/farmui1_v_12.swf","pasture-ui","symbol-class","138","WhistleButton","DefineButton2Tag","ui-component","source-category","1","59,20,975,841","mc/main/farmui1_v_12.swf.assets/character-138.png","2efbbb48b8232b17fcca29c0c07686bec5aff6da699299b57ba21bee763bd3e7","46","42","1251","rendered"
"module/mc/main/farmui1_v_12.swf","pasture-ui","symbol-class","133","LeftButton","DefineButton2Tag","ui-component","source-category","1","-20,-20,420,420","mc/main/farmui1_v_12.swf.assets/character-133.png","5305cc979e3d24eb4b49e09916e6b3bb441dac02adf9452df4f2676c3dfc81c5","22","22","111","rendered"
"module/mc/main/farmui1_v_12.swf","pasture-ui","symbol-class","129","RightButton","DefineButton2Tag","ui-component","source-category","1","-20,-20,420,420","mc/main/farmui1_v_12.swf.assets/character-129.png","4abb9d67b31ef380677402de35a0ad071423a9a6040322d2cfa08d33fdfe2cfe","22","22","114","rendered"
"module/mc/main/farmui1_v_12.swf","pasture-ui","symbol-class","124","StepperBg","DefineSpriteTag","ui-component","source-category","1","-10,-20,1030,466","mc/main/farmui1_v_12.swf.assets/character-124.png","cee952bd1936c1c45c02f5efe9a38b50a8798afa8eb23b318ae52fe5a143ba57","52","25","1268","rendered"
"module/mc/main/farmui1_v_12.swf","pasture-ui","symbol-class","122","HouseTip","DefineSpriteTag","ui-component","source-category","16","-19,-20,749,950","mc/main/farmui1_v_12.swf.assets/character-122.png","ad5fb8ee8e5d4e7fa17963c16ab5954c2f71ffd1824edcabd149db7b1bf345d8","39","49","1136","rendered"
"module/mc/main/farmui1_v_12.swf","pasture-ui","symbol-class","120","ITips1","DefineSpriteTag","ui-component","source-category","1","8,-14,548,368","mc/main/farmui1_v_12.swf.assets/character-120.png","972e7a1f0d2e56c90fa7a3efed8560b22443172cb277554f47badaa9d551dd8f","27","20","284","rendered"
"module/mc/main/farmui1_v_12.swf","pasture-ui","symbol-class","106","GrassPoint","DefineSpriteTag","ui-component","source-category","16","-571,-907,835,490","mc/main/farmui1_v_12.swf.assets/character-106.png","94919c8aa0a8ea79f91edfbc48b2fea32fe2d1025da240df8579142e7a495c8b","71","70","2094","rendered"
"module/mc/main/farmui1_v_12.swf","pasture-ui","symbol-class","103","CursorFlapper","DefineSpriteTag","ui-component","source-category","4","-527,-519,715,922","mc/main/farmui1_v_12.swf.assets/character-103.png","fb4432a93994576d57a02f34a3b3317ff89ff9c7526cc6fea9c342debbda907f","63","73","1654","rendered"
"module/mc/main/farmui1_v_12.swf","pasture-ui","symbol-class","98","p37","DefineSpriteTag","ui-component","source-category","1","-20,-20,1240,1240","mc/main/farmui1_v_12.swf.assets/character-98.png","f14ed87e34fa7bef5dfaf0148c25ed519cc0867cbaebbcb6d77c3e28d67991ed","63","63","3721","rendered"
"module/mc/main/farmui1_v_12.swf","pasture-ui","symbol-class","95","GiftIcon","DefineSpriteTag","ui-component","source-category","39","165,100,801,800","mc/main/farmui1_v_12.swf.assets/character-95.png","dbc7e84c03755260062260d24c5c7c005547d592eaec85ff759659e6904cc87a","32","35","833","rendered"
"module/mc/main/farmui1_v_12.swf","pasture-ui","symbol-class","91","ErrorTips","DefineSpriteTag","ui-component","source-category","1","-20,-20,3196,480","mc/main/farmui1_v_12.swf.assets/character-91.png","94f09437acfc150970653e6d5f019ac8bbc5ec791d9dff2fd7b9e94c8bd190f2","161","25","4000","rendered"
"module/mc/main/farmui1_v_12.swf","pasture-ui","symbol-class","84","WhistleButton2","DefineButton2Tag","ui-component","source-category","1","-21,20,895,841","mc/main/farmui1_v_12.swf.assets/character-84.png","3c824a05f2ee1ef15787bfd89103c02aa2c8e0a8ba3177baf06847c1b91d8ac4","46","42","1050","rendered"
"module/mc/main/farmui1_v_12.swf","pasture-ui","symbol-class","81","BB","DefineSpriteTag","ui-component","source-category","25","-620,-130,20,440","mc/main/farmui1_v_12.swf.assets/character-81.png","81ab72f40d2892442b3408a5bf19c736c8b945e1b81f9766ae1b3a13899ee4cf","32","29","422","rendered"
"module/mc/main/farmui1_v_12.swf","pasture-ui","symbol-class","28","BBButton","DefineButton2Tag","ui-component","source-category","1","63,27,948,895","mc/main/farmui1_v_12.swf.assets/character-28.png","52657f9916f3da5cfa85460519c9a856861cb70beb230a8f0dc36852643f03e1","45","44","795","rendered"
"module/mc/main/farmui1_v_12.swf","pasture-ui","symbol-class","25","ShopToolForm","DefineSpriteTag","ui-component","source-category","1","-248,100,5480,2771","mc/main/farmui1_v_12.swf.assets/character-25.png","8955bdae084e8644186d95d90817c9e41836d9e2a64f394c98d2517d9b982db6","287","134","526","rendered"
"module/mc/main/farmui1_v_12.swf","pasture-ui","symbol-class","17","Gaojia","DefineSpriteTag","ui-component","source-category","1","-20,-20,1461,1320","mc/main/farmui1_v_12.swf.assets/character-17.png","652dcaf6d6ec38735c7d3130d2fea90f05743d35e7673b90e1dedb39c791a982","75","67","1926","rendered"
"module/mc/main/farmui1_v_12.swf","pasture-ui","symbol-class","12","CameraButton","DefineButton2Tag","ui-component","source-category","1","60,0,1040,850","mc/main/farmui1_v_12.swf.assets/character-12.png","230d5d3ab42f5d053dd614be0b66da04cc2da60b901d91607143351d27db0d98","49","43","1654","rendered"
"module/mc/main/farmui1_v_12.swf","pasture-ui","symbol-class","9","PostIcon","DefineSpriteTag","ui-component","source-category","40","-20,-20,920,680","mc/main/farmui1_v_12.swf.assets/character-9.png","41d6c64d72a2eef1aae0388c8c2931d3c80705de844183ffd66174eca64274c7","47","35","944","rendered"
"module/mc/main/farmui1_v_12.swf","pasture-ui","symbol-class","6","SellLockIcon","DefineSpriteTag","ui-component","source-category","2","20,840,1180,1182","mc/main/farmui1_v_12.swf.assets/character-6.png","ca1c883ccf568feec3981548ebf797c574dae0846aface4831517a9d77be9a92","58","18","148","rendered"
"module/mc/main/farmui1_v_12.swf","pasture-ui","symbol-class","2","DefaultBg","DefineBitsJPEG2Tag","ui-component","source-category","1","-20,-20,20740,16080","mc/main/farmui1_v_12.swf.assets/character-2.png","ae6978cc0e9514392983784458bc5a29d8935b7d75b3a5c42edd0f304c0b1586","1038","805","831908","rendered"
"module/mc/main/farmui1_v_12.swf","pasture-ui","symbol-class","1","up_jiantou","DefineBitsLosslessTag","ui-component","source-category","1","-20,-20,2900,360","mc/main/farmui1_v_12.swf.assets/character-1.png","d16c4384873254f95967bbf933976524b96a9d583237027a969cd9e05d9ec460","146","19","2448","rendered"
"module/mc/main/farmui2_v_5.swf","pasture-ui","root-frame","0","[root-frame]","SWF","root-stage","source-category","1","","","","","","0","empty-outline"
"module/mc/main/farmui2_v_5.swf","pasture-ui","symbol-class","441","Enemy_Icon_1","DefineSpriteTag","ui-component","source-category","1","-20,-20,3240,2120","mc/main/farmui2_v_5.swf.assets/character-441.png","0ad7ed6e75e7f95d6d6d7bbab76dd1714029e4548081fd8b9dfcc0543c59be08","163","107","16905","rendered"
"module/mc/main/farmui2_v_5.swf","pasture-ui","symbol-class","438","EnemyDoInfo","DefineSpriteTag","ui-component","source-category","8","-349,-715,759,-16","mc/main/farmui2_v_5.swf.assets/character-438.png","1a45b6521bce277169a1ccaae148e2b52dd9a0292538cad960ace968c7378adc","56","35","1083","rendered"
"module/mc/main/farmui2_v_5.swf","pasture-ui","symbol-class","433","SpecialFeedFlag3","DefineSpriteTag","ui-component","source-category","61","-324,-360,326,359","mc/main/farmui2_v_5.swf.assets/character-433.png","0130d3b0dd96a6ecf513fa11d0bb06944a18b8e166e62a1a5bd714e9a62ce390","33","36","844","rendered"
"module/mc/main/farmui2_v_5.swf","pasture-ui","symbol-class","422","CursorTool3","DefineSpriteTag","ui-component","source-category","4","-301,-347,508,509","mc/main/farmui2_v_5.swf.assets/character-422.png","3f6da22623d0e2a95f7bd8b2caf4424dbe1c842caf53eabcaa55b385115c082b","41","43","670","rendered"
"module/mc/main/farmui2_v_5.swf","pasture-ui","symbol-class","421","Crop_3_Seed","DefineSpriteTag","ui-component","source-category","1","123,7,643,1008","mc/main/farmui2_v_5.swf.assets/character-421.png","7743897e95329e005839caddd47235b9f60a5d929bfc91e556b906407c6eee27","26","51","658","rendered"
"module/mc/main/farmui2_v_5.swf","pasture-ui","symbol-class","419","Tool3","DefineSpriteTag","ui-component","source-category","1","-20,-20,1240,1240","mc/main/farmui2_v_5.swf.assets/character-419.png","96c93ac995496ac412647f97400d6348dc1045b3752a31f06b9717768f756fe5","63","63","3721","rendered"
"module/mc/main/farmui2_v_5.swf","pasture-ui","symbol-class","416","SoundIcon","DefineSpriteTag","ui-component","source-category","1","-124,-129,2021,340","mc/main/farmui2_v_5.swf.assets/character-416.png","fa824bc994e05966136f882309f52d693e2330523371485e6ede140c4077bff1","108","24","254","rendered"
"module/mc/main/farmui2_v_5.swf","pasture-ui","symbol-class","409","SoundIcon2","DefineSpriteTag","ui-component","source-category","1","-176,-97,453,303","mc/main/farmui2_v_5.swf.assets/character-409.png","81adb191623ca13d8c4eea5c35c40dcac2beacf0f742916e9d7c1bacefc140ce","32","20","62","rendered"
"module/mc/main/farmui2_v_5.swf","pasture-ui","symbol-class","406","DragArea","DefineSpriteTag","ui-component","source-category","16","-3171,-1037,3172,736","mc/main/farmui2_v_5.swf.assets/character-406.png","696b9fb6b8d3f0c1004512584a3885e56f6ec7aa5689cbd1bc0c2b56b7b29ecf","318","89","22520","rendered"
"module/mc/main/farmui2_v_5.swf","pasture-ui","symbol-class","404","ToolsButton","DefineButton2Tag","ui-component","source-category","1","101,33,878,852","mc/main/farmui2_v_5.swf.assets/character-404.png","d990ec0236f1dfddd005beaa253acb239ef950df3da310a1773e5f7754c119bc","39","41","1158","rendered"
"module/mc/main/farmui2_v_5.swf","pasture-ui","symbol-class","393","Enemy_Catch","DefineSpriteTag","ui-component","source-category","4","-518,-303,596,194","mc/main/farmui2_v_5.swf.assets/character-393.png","8d40f322347b22798c8823ed3aeefaef458fcc16b6b4bf927be62c79a920c165","56","25","1039","rendered"
"module/mc/main/farmui2_v_5.swf","pasture-ui","symbol-class","387","Enemy_Success_1","DefineSpriteTag","ui-component","source-category","93","-1047,-824,579,464","mc/main/farmui2_v_5.swf.assets/character-387.png","fd6bf9884d80f17ca228f9b5698132548aba78ad140195156a8ec0d749b468e4","82","65","2397","rendered"
"module/mc/main/farmui2_v_5.swf","pasture-ui","symbol-class","386","farmui2_fla.Timeline_42","DefineSpriteTag","ui-component","source-category","12","-201,-168,185,1084","mc/main/farmui2_v_5.swf.assets/character-386.png","1c20cd911078ef40b5dc35a8428987ed8d7debe4d95d90f38fee76b5ca64ad27","20","63","290","rendered"
"module/mc/main/farmui2_v_5.swf","pasture-ui","symbol-class","349","Enemy_Fail_1","DefineSpriteTag","ui-component","source-category","101","-581,-763,1449,464","mc/main/farmui2_v_5.swf.assets/character-349.png","7f061d27b1284e25844bc65b5cc09cd0151c6c5ecf724d791d7a28424a89b469","102","62","2575","rendered"
"module/mc/main/farmui2_v_5.swf","pasture-ui","symbol-class","91","Enemy_Move_1","DefineSpriteTag","ui-component","source-category","12","-469,-593,789,826","mc/main/farmui2_v_5.swf.assets/character-91.png","2d2fc289440cb906a3ad70e4ae23a3150eb6e27e8726b01113990098d9465cbc","63","71","1447","rendered"
"module/mc/main/farmui2_v_5.swf","pasture-ui","symbol-class","88","FloatingWindowBg","DefineSpriteTag","ui-component","source-category","1","-20,-20,5607,1404","mc/main/farmui2_v_5.swf.assets/character-88.png","fde4abe6f3d304bc0234ca82765cffbdb20eb358e83c72ca77c387195762f717","282","72","20251","rendered"
"module/mc/main/farmui2_v_5.swf","pasture-ui","symbol-class","86","Enemy_Clear_1","DefineSpriteTag","ui-component","source-category","74","-286,-551,1623,565","mc/main/farmui2_v_5.swf.assets/character-86.png","b80fdba83458c832a3c71cb300990aaaad399a2509a7f40f3de997581a1d0f83","96","56","1416","rendered"
"module/mc/main/farmui2_v_5.swf","pasture-ui","symbol-class","64","Enemy_Stand_1","DefineSpriteTag","ui-component","source-category","8","-492,-499,787,553","mc/main/farmui2_v_5.swf.assets/character-64.png","1807af8edb9410d8732b0e00a7e2a2c57967adbc12a1d3aab0f90de825185542","64","53","1387","rendered"
"module/mc/main/farmui2_v_5.swf","pasture-ui","symbol-class","16","up_p1","DefineBitsJPEG2Tag","ui-component","source-category","1","-20,-20,2420,2140","mc/main/farmui2_v_5.swf.assets/character-16.png","e546c1005655fa065bc6420b51b0f2270f3d2c40b03b98a44f32b551b87e6a18","122","108","12720","rendered"
"module/mc/main/farmui2_v_5.swf","pasture-ui","symbol-class","15","up_p2","DefineBitsJPEG2Tag","ui-component","source-category","1","-20,-20,2420,2020","mc/main/farmui2_v_5.swf.assets/character-15.png","584aa630cbce3519eccccf908839b14667aa455f1c009eabb10fd4c9868dae19","122","102","12000","rendered"
"module/mc/main/farmui2_v_5.swf","pasture-ui","symbol-class","14","up_p3","DefineBitsJPEG2Tag","ui-component","source-category","1","-20,-20,2420,1940","mc/main/farmui2_v_5.swf.assets/character-14.png","b04811baf6ea3b21679ddf36fca29af3f935efcc28d040801124e93ddbff9d50","122","98","11520","rendered"
"module/mc/main/farmui2_v_5.swf","pasture-ui","symbol-class","13","up_p4","DefineBitsJPEG2Tag","ui-component","source-category","1","-20,-20,2420,2080","mc/main/farmui2_v_5.swf.assets/character-13.png","828044be95ec0e08304dbb9854609f0ad8dcb222b952473d758e3fcbdfd37f40","122","105","12360","rendered"
"module/mc/main/farmui2_v_5.swf","pasture-ui","symbol-class","12","up_p5","DefineBitsJPEG2Tag","ui-component","source-category","1","-20,-20,2420,1980","mc/main/farmui2_v_5.swf.assets/character-12.png","d4ecbb787b2b15c8a5d5db619ca43668711a3165254b9d69dc4bb3b4e239f8ae","122","100","11760","rendered"
"module/mc/main/farmui2_v_5.swf","pasture-ui","symbol-class","11","up_p6","DefineBitsJPEG2Tag","ui-component","source-category","1","-20,-20,2420,1660","mc/main/farmui2_v_5.swf.assets/character-11.png","9c00f641a77f339df92dd65a39c1cc7bfd589912245807a1594ad1819d90e60e","122","84","9840","rendered"
"module/mc/main/farmui2_v_5.swf","pasture-ui","symbol-class","10","up_p7","DefineBitsJPEG2Tag","ui-component","source-category","1","-20,-20,2740,2220","mc/main/farmui2_v_5.swf.assets/character-10.png","a5f9febae9d55c1adf047b097252d618312c1d6567a88eb1118027b100238883","138","112","14960","rendered"
"module/mc/main/farmui2_v_5.swf","pasture-ui","symbol-class","9","up_p8","DefineBitsJPEG2Tag","ui-component","source-category","1","-20,-20,3140,2420","mc/main/farmui2_v_5.swf.assets/character-9.png","86c1b42364729c7be0c1bab4b3a5d74cc73eb9cfdc52d46120036f3c720ed787","158","122","18720","rendered"
"module/mc/main/farmui2_v_5.swf","pasture-ui","symbol-class","8","up_w1","DefineBitsJPEG2Tag","ui-component","source-category","1","-20,-20,2420,1620","mc/main/farmui2_v_5.swf.assets/character-8.png","3c43b5355e8911bf8cb4e042e618c0d177fada6c54da6cf19899639393795242","122","82","9600","rendered"
"module/mc/main/farmui2_v_5.swf","pasture-ui","symbol-class","7","up_w2","DefineBitsJPEG2Tag","ui-component","source-category","1","-20,-20,2420,2120","mc/main/farmui2_v_5.swf.assets/character-7.png","90536da8b986e23c60843a203f89c019a4ec622f138d0802a10415c6673aaa8e","122","107","12600","rendered"
"module/mc/main/farmui2_v_5.swf","pasture-ui","symbol-class","6","up_w3","DefineBitsJPEG2Tag","ui-component","source-category","1","-20,-20,2680,2420","mc/main/farmui2_v_5.swf.assets/character-6.png","22ca392126ac5c00ceee8c40e77cd9190e1a6f334335739158c707d1e29f049e","135","122","15960","rendered"
"module/mc/main/farmui2_v_5.swf","pasture-ui","symbol-class","5","up_w4","DefineBitsJPEG2Tag","ui-component","source-category","1","-20,-20,2420,1880","mc/main/farmui2_v_5.swf.assets/character-5.png","a48b7ae2857ef96717d3f18bf25ae9a86cfdc458a34e82ced74e14a2824bde95","122","95","11160","rendered"
"module/mc/main/farmui2_v_5.swf","pasture-ui","symbol-class","4","up_w5","DefineBitsJPEG2Tag","ui-component","source-category","1","-20,-20,2420,1980","mc/main/farmui2_v_5.swf.assets/character-4.png","77ebbad25593917eb0ea559580bd9e3ca3e3129603e7b8dce42e2732a6a9b3eb","122","100","11760","rendered"
"module/mc/main/farmui2_v_5.swf","pasture-ui","symbol-class","3","up_w6","DefineBitsJPEG2Tag","ui-component","source-category","1","-20,-20,2420,2140","mc/main/farmui2_v_5.swf.assets/character-3.png","9caa2fc6156693e72b55996e08536fbbccfcc80f4713f42e1bdda9e7b081c097","122","108","12720","rendered"
"module/mc/main/farmui2_v_5.swf","pasture-ui","symbol-class","2","up_w7","DefineBitsJPEG2Tag","ui-component","source-category","1","-20,-20,2420,2120","mc/main/farmui2_v_5.swf.assets/character-2.png","4a380558d25d2aa76deb892764fbea4b1d2401202cb3d81f5d092762a4ea2e59","122","107","12600","rendered"
"module/mc/main/farmui2_v_5.swf","pasture-ui","symbol-class","1","up_w8","DefineBitsJPEG2Tag","ui-component","source-category","1","-20,-20,2420,2360","mc/main/farmui2_v_5.swf.assets/character-1.png","0e50c55d2a83753ff8b86aaab27446fc8dcecda8981e940194fcc5ce59eb4338","122","119","14040","rendered"
"module/mc/main/outswf/help.swf","pasture-ui","root-frame","0","[root-frame]","SWF","root-stage","source-category","1","","jpexs-fallback/mc__main__outswf__help.swf/frames/1.png","ae2ff8834a3e172c4d7b48d4523de596170353f61d716e578da3403f80443d5d","1010","780","26000","rendered"
"module/mc/main/outswf/help.swf","pasture-ui","symbol-class","94","help0316_fla.page4_5","DefineSpriteTag","ui-component","source-category","1","","jpexs-fallback/mc__main__outswf__help.swf/sprites/DefineSprite_94_help0316_fla.page4_5/1.png","8f96b7907c945e20f2b7f76dbc41eb02abff6abf2fc553db77107c8bec165ef7","413","238","8271","rendered"
"module/mc/main/outswf/help.swf","pasture-ui","symbol-class","92","taskAwokeButton","DefineSpriteTag","ui-component","source-category","5","-20,-20,1460,1298","mc/main/outswf/help.swf.assets/character-92.png","4caa56ede36729a55b4dbaf121eaa244c31a8180d94544d00f09616d4ed20566","74","66","3988","rendered"
"module/mc/main/outswf/help.swf","pasture-ui","symbol-class","89","help0316_fla.page3_7","DefineSpriteTag","ui-component","source-category","1","","jpexs-fallback/mc__main__outswf__help.swf/sprites/DefineSprite_89_help0316_fla.page3_7/1.png","489fef68a623ff57d8b5e07bbe16387032948c16187580014b7611edcfa46a7a","417","234","8138","rendered"
"module/mc/main/outswf/help.swf","pasture-ui","symbol-class","85","help0316_fla.page2_8","DefineSpriteTag","ui-component","source-category","1","","jpexs-fallback/mc__main__outswf__help.swf/sprites/DefineSprite_85_help0316_fla.page2_8/1.png","9d739673c20c9164cd466a36d056c72770a7fa0ab0a2d0ba35110875a139a859","424","243","11400","rendered"
"module/mc/main/outswf/help.swf","pasture-ui","symbol-class","35","help0316_fla.page1_9","DefineSpriteTag","ui-component","source-category","1","","jpexs-fallback/mc__main__outswf__help.swf/sprites/DefineSprite_35_help0316_fla.page1_9/1.png","76095341d3566b83cf2b4fe6e90b48611d60f33a940cbec4fcee785d5176707e","414","232","6955","rendered"
"module/mc/main/outswf/help.swf","pasture-ui","symbol-class","25","help0316_fla.page5_1","DefineSpriteTag","ui-component","source-category","1","","jpexs-fallback/mc__main__outswf__help.swf/sprites/DefineSprite_25_help0316_fla.page5_1/1.png","cb168239fc64bb01bf0ae1a813ad892cf16dc4bc0263897fefac977cd4d1da34","418","244","8968","rendered"
"module/mc/main/outswf/help.swf","pasture-ui","symbol-class","5","WindowBg","DefineSpriteTag","ui-component","source-category","1","-20,-20,4020,2580","mc/main/outswf/help.swf.assets/character-5.png","29d7b82f7d16d7beec7b0d9b42ce575758299b7302ff27d42e475909b9cdb9a8","202","130","25576","rendered"
"module/mc/main/outswf/help.swf","pasture-ui","symbol-class","2","ShengChanButton","DefineButton2Tag","ui-component","source-category","1","-21,-20,880,687","mc/main/outswf/help.swf.assets/character-2.png","9b87f778342070d48583913ab3d7a49ef0649f464e227114df73cf243f21a21c","46","36","1033","rendered"
"module/mc/main/shopui_v_2.swf","pasture-ui","root-frame","0","[root-frame]","SWF","root-stage","source-category","1","","","","","","0","empty-outline"
"module/mc/main/shopui_v_2.swf","pasture-ui","symbol-class","434","Food1Big","DefineSpriteTag","ui-component","source-category","1","-20,-20,2180,1740","mc/main/shopui_v_2.swf.assets/character-434.png","854797a50343d3e55a475481eca0f5f54ab3a34a2e23bec28e06948d93386d88","110","88","9288","rendered"
"module/mc/main/shopui_v_2.swf","pasture-ui","symbol-class","431","Food1","DefineSpriteTag","ui-component","source-category","1","-20,-20,1240,1240","mc/main/shopui_v_2.swf.assets/character-431.png","b65f13aa428bbda19438b58b116b3c7e96f1802d59d297cb8be68ae2e4976737","63","63","3721","rendered"
"module/mc/main/shopui_v_2.swf","pasture-ui","symbol-class","428","p1001","DefineSpriteTag","ui-component","source-category","1","-20,-20,1240,1240","mc/main/shopui_v_2.swf.assets/character-428.png","fb0c23d4c1ac505bd6f0f62467eecd7990d993eaf69a5e632fb8ab11f0331724","63","63","3721","rendered"
"module/mc/main/shopui_v_2.swf","pasture-ui","symbol-class","425","p1002","DefineSpriteTag","ui-component","source-category","1","-20,-20,1240,1240","mc/main/shopui_v_2.swf.assets/character-425.png","d834868169189ea2c4e7c75f5c67b8911cb56dfe68aa429392e14d4977fb9eba","63","63","3721","rendered"
"module/mc/main/shopui_v_2.swf","pasture-ui","symbol-class","422","p11002","DefineSpriteTag","ui-component","source-category","1","-20,-20,1240,1240","mc/main/shopui_v_2.swf.assets/character-422.png","24c0467b9fc8756e1ea60ade7baef2e8c9b6708765814ea25493b6b019537ab9","63","63","3721","rendered"
"module/mc/main/shopui_v_2.swf","pasture-ui","symbol-class","421","p1502","DefineSpriteTag","ui-component","source-category","1","-20,-20,1240,1240","mc/main/shopui_v_2.swf.assets/character-421.png","d3d698655732ab2a0309f53549f1c7fd7dd504b9bb27ff355ab539520740e097","63","63","3721","rendered"
"module/mc/main/shopui_v_2.swf","pasture-ui","symbol-class","418","p11502","DefineSpriteTag","ui-component","source-category","1","-20,-20,1240,1240","mc/main/shopui_v_2.swf.assets/character-418.png","772e7f5606f4bc8ce88ed7be8700eb47b0b6fd2d9dc533e7922d1a36ae584105","63","63","3721","rendered"
"module/mc/main/shopui_v_2.swf","pasture-ui","symbol-class","417","p11001","DefineSpriteTag","ui-component","source-category","1","-20,-20,1240,1240","mc/main/shopui_v_2.swf.assets/character-417.png","1f2db548c32f70f259176a187ace7f69f3da94a6d119f2f819b28d0d64655a7f","63","63","3721","rendered"
"module/mc/main/shopui_v_2.swf","pasture-ui","symbol-class","416","p1501","DefineSpriteTag","ui-component","source-category","1","-20,-20,1240,1240","mc/main/shopui_v_2.swf.assets/character-416.png","a61e2aa14f4d001396a5db62f68683d122628611973264c1f98f5cfb489595f9","63","63","3721","rendered"
"module/mc/main/shopui_v_2.swf","pasture-ui","symbol-class","413","p11501","DefineSpriteTag","ui-component","source-category","1","-20,-20,1240,1240","mc/main/shopui_v_2.swf.assets/character-413.png","0d8ac5879a53ed4ac0894a45e94cf8c94f41afbe3307dd75336f949125e8943f","63","63","3721","rendered"
"module/mc/main/shopui_v_2.swf","pasture-ui","symbol-class","412","Seed1001","DefineSpriteTag","ui-component","source-category","1","-20,-20,1240,1240","mc/main/shopui_v_2.swf.assets/character-412.png","1f2db548c32f70f259176a187ace7f69f3da94a6d119f2f819b28d0d64655a7f","63","63","3721","rendered"
"module/mc/main/shopui_v_2.swf","pasture-ui","symbol-class","409","Seed1003","DefineSpriteTag","ui-component","source-category","1","-20,-20,1240,1240","mc/main/shopui_v_2.swf.assets/character-409.png","01cd8e4eb5527f104232e2baf484de41ffd2ffd45e55a21e5d8f07d4245da54c","63","63","3721","rendered"
"module/mc/main/shopui_v_2.swf","pasture-ui","symbol-class","408","Seed1004","DefineSpriteTag","ui-component","source-category","1","-20,-20,1240,1240","mc/main/shopui_v_2.swf.assets/character-408.png","33e3168136de2ae17ba83b8a3373ba7c11b3415236bd8419dd3acd9ba38af556","63","63","3721","rendered"
"module/mc/main/shopui_v_2.swf","pasture-ui","symbol-class","405","Seed1503","DefineSpriteTag","ui-component","source-category","1","-20,-20,1240,1240","mc/main/shopui_v_2.swf.assets/character-405.png","45612bf2f65592e9496689fc87558caa389a4c7b2a304d5af8b03b183e269371","63","63","3721","rendered"
"module/mc/main/shopui_v_2.swf","pasture-ui","symbol-class","404","Seed1005","DefineSpriteTag","ui-component","source-category","1","-20,-20,1240,1240","mc/main/shopui_v_2.swf.assets/character-404.png","021aa565b3ed343874eb63c7cee8cdc377547f41b3268100d488b8be949664da","63","63","3721","rendered"
"module/mc/main/shopui_v_2.swf","pasture-ui","symbol-class","403","Seed1504","DefineSpriteTag","ui-component","source-category","1","-20,-20,1240,1240","mc/main/shopui_v_2.swf.assets/character-403.png","91b5c0e6e31b8045190cbe3a42c641652ef09c5d9c7a17ffd1bbb04dd537b1c4","63","63","3721","rendered"
"module/mc/main/shopui_v_2.swf","pasture-ui","symbol-class","400","Seed1006","DefineSpriteTag","ui-component","source-category","1","-20,-20,1240,1240","mc/main/shopui_v_2.swf.assets/character-400.png","d0c5dd746db0682afa3e7e9661ecd845b8ee1e6308c92c168011181c132b40a1","63","63","3721","rendered"
"module/mc/main/shopui_v_2.swf","pasture-ui","symbol-class","397","Seed1006Big","DefineSpriteTag","ui-component","source-category","1","-20,-20,3580,2020","mc/main/shopui_v_2.swf.assets/character-397.png","c00164a803d7b6b3425262ee4aad7ee632a4d4ba1fe4bfd94b089949a8e1fc51","180","102","17800","rendered"
"module/mc/main/shopui_v_2.swf","pasture-ui","symbol-class","394","Seed1504Big","DefineSpriteTag","ui-component","source-category","1","-20,-20,3580,2020","mc/main/shopui_v_2.swf.assets/character-394.png","50c58d74b44939c456f44e8b5ed9a441b75d49ebec739370b6745b07970b9bda","180","102","17800","rendered"
"module/mc/main/shopui_v_2.swf","pasture-ui","symbol-class","391","Seed1005Big","DefineSpriteTag","ui-component","source-category","1","300,-20,4940,2020","mc/main/shopui_v_2.swf.assets/character-391.png","def399569b4ed67f2c6718604a1ac388bda1e5fbab3b60101c2cf57d1d870b69","232","102","23000","rendered"
"module/mc/main/shopui_v_2.swf","pasture-ui","symbol-class","388","Seed1503Big","DefineSpriteTag","ui-component","source-category","1","-20,-20,3580,2020","mc/main/shopui_v_2.swf.assets/character-388.png","cad3ccb272cc165fe1a3bb3f9b465c663f7c05aed77c3d298030697521203965","180","102","17800","rendered"
"module/mc/main/shopui_v_2.swf","pasture-ui","symbol-class","385","Seed1004Big","DefineSpriteTag","ui-component","source-category","1","-20,-20,3580,2020","mc/main/shopui_v_2.swf.assets/character-385.png","e655ba8b5d2655dad1e06d9c954ff81e49f4a0adcfe7be601bcc0212eb839756","180","102","17800","rendered"
"module/mc/main/shopui_v_2.swf","pasture-ui","symbol-class","382","Seed1003Big","DefineSpriteTag","ui-component","source-category","1","-20,-20,3580,2020","mc/main/shopui_v_2.swf.assets/character-382.png","b8a576c4685b912ee31c5a24b478c2454e4bd5f75e07c1e8702e95de9aec1f36","180","102","17800","rendered"
"module/mc/main/shopui_v_2.swf","pasture-ui","symbol-class","379","Seed1001Big","DefineSpriteTag","ui-component","source-category","1","-20,-20,3580,2020","mc/main/shopui_v_2.swf.assets/character-379.png","9373704887610d1d216f354c4f0d0ff52e98abf561cc7ba9ef76c27662b7edf4","180","102","17800","rendered"
"module/mc/main/shopui_v_2.swf","pasture-ui","symbol-class","376","Seed1502","DefineSpriteTag","ui-component","source-category","1","-20,-20,1240,1240","mc/main/shopui_v_2.swf.assets/character-376.png","772e7f5606f4bc8ce88ed7be8700eb47b0b6fd2d9dc533e7922d1a36ae584105","63","63","3721","rendered"
"module/mc/main/shopui_v_2.swf","pasture-ui","symbol-class","373","Seed1502Big","DefineSpriteTag","ui-component","source-category","1","-20,-20,3580,2020","mc/main/shopui_v_2.swf.assets/character-373.png","3ad518bd611415c1ca31c370e5c714b1aeaec5c3622868a26a322ad07d8a1cc0","180","102","17800","rendered"
"module/mc/main/shopui_v_2.swf","pasture-ui","symbol-class","370","Seed1002","DefineSpriteTag","ui-component","source-category","1","-20,-20,1240,1240","mc/main/shopui_v_2.swf.assets/character-370.png","24c0467b9fc8756e1ea60ade7baef2e8c9b6708765814ea25493b6b019537ab9","63","63","3721","rendered"
"module/mc/main/shopui_v_2.swf","pasture-ui","symbol-class","367","Seed1002Big","DefineSpriteTag","ui-component","source-category","1","-20,-20,3580,2020","mc/main/shopui_v_2.swf.assets/character-367.png","4993028efd2e14e8367edf7c6e55d9edfbbf9ed38efd11b336f0d39ee61dd724","180","102","17800","rendered"
"module/mc/main/shopui_v_2.swf","pasture-ui","symbol-class","364","Seed1501","DefineSpriteTag","ui-component","source-category","1","-20,-20,1240,1240","mc/main/shopui_v_2.swf.assets/character-364.png","0d8ac5879a53ed4ac0894a45e94cf8c94f41afbe3307dd75336f949125e8943f","63","63","3721","rendered"
"module/mc/main/shopui_v_2.swf","pasture-ui","symbol-class","361","Seed1501Big","DefineSpriteTag","ui-component","source-category","1","-20,-20,3580,2020","mc/main/shopui_v_2.swf.assets/character-361.png","295fb2e25f7ce2bfc866090e1d73ffbe15adf8993e044bc7c81dc9663d651c76","180","102","17800","rendered"
"module/mc/main/shopui_v_2.swf","pasture-ui","symbol-class","358","Product1501","DefineSpriteTag","ui-component","source-category","25","-580,-200,600,340","mc/main/shopui_v_2.swf.assets/character-358.png","8095b460d128c939418b3e24ab5e67f4465baf9f4d9def99c1d827ca3e6cc61e","59","27","1181","rendered"
"module/mc/main/shopui_v_2.swf","pasture-ui","symbol-class","354","Product1001","DefineSpriteTag","ui-component","source-category","29","-440,-500,380,280","mc/main/shopui_v_2.swf.assets/character-354.png","e069c6d2052697946de63f8cb7704bf7e0d03fc53bb188a10397196c3888c6ec","41","39","1086","rendered"
"module/mc/main/shopui_v_2.swf","pasture-ui","symbol-class","353","shopui_fla.j_37","DefineSpriteTag","ui-component","source-category","1","-40,-553,1760,327","mc/main/shopui_v_2.swf.assets/character-353.png","f2163fa04597791a3071885cb145a88094ce4ea7efee1c77e03f975047fedeff","90","44","0","rendered"
"module/mc/main/shopui_v_2.swf","pasture-ui","symbol-class","343","Product1502","DefineSpriteTag","ui-component","source-category","30","-420,-1100,440,240","mc/main/shopui_v_2.swf.assets/character-343.png","9f1a19e853040bb8516f24661953d5a0f4da9638fb16bce6014e33b156c252f2","43","67","2235","rendered"
"module/mc/main/shopui_v_2.swf","pasture-ui","symbol-class","342","shopui_fla.Timeline_39","DefineSpriteTag","ui-component","source-category","1","-629,-947,2040,856","mc/main/shopui_v_2.swf.assets/character-342.png","cbd028beac1e9dc68b6c34954b4de6503e43a5050f8eef4eadee32a06bd296e6","134","91","2952","rendered"
"module/mc/main/shopui_v_2.swf","pasture-ui","symbol-class","337","Product1002","DefineSpriteTag","ui-component","source-category","25","-627,-378,606,417","mc/main/shopui_v_2.swf.assets/character-337.png","6af71bf198bfea6655c9159cce1a611ae1f7d57cc9466084523cf3faeb973a79","62","40","1406","rendered"
"module/mc/main/shopui_v_2.swf","pasture-ui","symbol-class","336","shopui_fla.t_50","DefineSpriteTag","ui-component","source-category","1","-530,-440,1660,440","mc/main/shopui_v_2.swf.assets/character-336.png","4dc10a7085df01310de1936eca3c06f5e874863add6baad1e28ccb2f09df8b79","110","44","486","rendered"
"module/mc/main/shopui_v_2.swf","pasture-ui","symbol-class","309","aTips1001","DefineSpriteTag","ui-component","source-category","1","-20,-20,500,500","mc/main/shopui_v_2.swf.assets/character-309.png","bcc8a089b5bcd2dbe4155097d35a9cb0879c517867e9530354146da67735d6f8","26","26","549","rendered"
"module/mc/main/shopui_v_2.swf","pasture-ui","symbol-class","306","aTips1003","DefineSpriteTag","ui-component","source-category","1","-20,-20,500,500","mc/main/shopui_v_2.swf.assets/character-306.png","d7a93e53b5b0e481964b5c591d516a6c9b563d5d99716f92928cba3a0c1b8d09","26","26","244","rendered"
"module/mc/main/shopui_v_2.swf","pasture-ui","symbol-class","303","aTips1004","DefineSpriteTag","ui-component","source-category","1","-20,-20,500,500","mc/main/shopui_v_2.swf.assets/character-303.png","312ceffc849380c5a8adfd1362328d50c29aea1bee4195c1b0615600b85f6999","26","26","495","rendered"
"module/mc/main/shopui_v_2.swf","pasture-ui","symbol-class","300","aTips1503","DefineSpriteTag","ui-component","source-category","1","-20,-20,500,500","mc/main/shopui_v_2.swf.assets/character-300.png","f662165bd729a71faba7b1e00762f702c8c475872a15cc57180ede5ae8a0bd59","26","26","417","rendered"
"module/mc/main/shopui_v_2.swf","pasture-ui","symbol-class","297","aTips1005","DefineSpriteTag","ui-component","source-category","1","-20,-20,500,500","mc/main/shopui_v_2.swf.assets/character-297.png","58fe49954d6e6c91db8bcaa7a6604331494494dbb92f16f5c62af888aad6c228","26","26","432","rendered"
"module/mc/main/shopui_v_2.swf","pasture-ui","symbol-class","294","aTips1504","DefineSpriteTag","ui-component","source-category","1","-20,-20,500,500","mc/main/shopui_v_2.swf.assets/character-294.png","a975d9e6b3ee7f18344bbfdee403c175a9729723d89078267db26c665682f9a3","26","26","360","rendered"
"module/mc/main/shopui_v_2.swf","pasture-ui","symbol-class","291","aTips1006","DefineSpriteTag","ui-component","source-category","1","-20,-20,500,500","mc/main/shopui_v_2.swf.assets/character-291.png","eb26b107e1eb0d55a0e59349f0b5f3908d03f41584c0e1aa9edf67cf5d687a7e","26","26","364","rendered"
"module/mc/main/shopui_v_2.swf","pasture-ui","symbol-class","288","aTips1002","DefineSpriteTag","ui-component","source-category","1","-20,-20,500,500","mc/main/shopui_v_2.swf.assets/character-288.png","68133ec1753a0360a209ca737bf62e9f79f2cd8a92681403eee2b75bc4c9e8a1","26","26","457","rendered"
"module/mc/main/shopui_v_2.swf","pasture-ui","symbol-class","285","aTips1501","DefineSpriteTag","ui-component","source-category","1","-20,-20,500,500","mc/main/shopui_v_2.swf.assets/character-285.png","1c96ba42922d8f80a2dda921be699b41f22b77ae1c6115bb04329d7d1dac7a0c","26","26","530","rendered"
"module/mc/main/shopui_v_2.swf","pasture-ui","symbol-class","282","aTips1502","DefineSpriteTag","ui-component","source-category","1","-20,-20,500,500","mc/main/shopui_v_2.swf.assets/character-282.png","9d5d01e50f3fd1c8a4e9f5902ee1bc2934f9dcd29f0ea4c5577a8a667b20770e","26","26","491","rendered"
"module/mc/main/shopui_v_2.swf","pasture-ui","symbol-class","279","pTips1001","DefineSpriteTag","ui-component","source-category","1","-20,-20,500,500","mc/main/shopui_v_2.swf.assets/character-279.png","e7489f866a850fd1f059b7db0fb7a6545374948db36c67ccb336f7a6627ad310","26","26","391","rendered"
"module/mc/main/shopui_v_2.swf","pasture-ui","symbol-class","276","pTips1002","DefineSpriteTag","ui-component","source-category","1","-20,-20,500,500","mc/main/shopui_v_2.swf.assets/character-276.png","e29edbf6deb445b11523d77baec8adb441b6930f07ebe38a9bd7c9763693cde8","26","26","492","rendered"
"module/mc/main/shopui_v_2.swf","pasture-ui","symbol-class","273","pTips1003","DefineSpriteTag","ui-component","source-category","1","-20,-20,500,500","mc/main/shopui_v_2.swf.assets/character-273.png","26b215a6caf8d9910849ac78c56da78318ebdc2696eedb1bbc16e84882918b4b","26","26","296","rendered"
"module/mc/main/shopui_v_2.swf","pasture-ui","symbol-class","270","pTips1004","DefineSpriteTag","ui-component","source-category","1","-20,-20,500,500","mc/main/shopui_v_2.swf.assets/character-270.png","bdad32aaba981c1071bbe508d69d2d3bc73cc64e49701c6bef3853793d91dad8","26","26","422","rendered"
"module/mc/main/shopui_v_2.swf","pasture-ui","symbol-class","267","pTips1503","DefineSpriteTag","ui-component","source-category","1","-20,-20,500,500","mc/main/shopui_v_2.swf.assets/character-267.png","3ea43be722b64eea4f381881a167fe4034f6a024d2dd403d0bb4648d8af96cb7","26","26","349","rendered"
"module/mc/main/shopui_v_2.swf","pasture-ui","symbol-class","264","pTips1005","DefineSpriteTag","ui-component","source-category","1","-20,-20,500,500","mc/main/shopui_v_2.swf.assets/character-264.png","9efb6f7fcdaa8f182e46a4f0174b6c5e2f1bb6ff7cab17badec604d5193c47d7","26","26","242","rendered"
"module/mc/main/shopui_v_2.swf","pasture-ui","symbol-class","261","pTips1504","DefineSpriteTag","ui-component","source-category","1","-20,-20,500,500","mc/main/shopui_v_2.swf.assets/character-261.png","32892f1b0fb6dc50eb7b523073495f603807158ee112170b7210c39b18eaf6cd","26","26","266","rendered"
"module/mc/main/shopui_v_2.swf","pasture-ui","symbol-class","258","pTips1006","DefineSpriteTag","ui-component","source-category","1","-20,-20,500,500","mc/main/shopui_v_2.swf.assets/character-258.png","b7bc0fac2a54f9491447e34aac4266c31f761180fc219e0469c8375557267bbc","26","26","443","rendered"
"module/mc/main/shopui_v_2.swf","pasture-ui","symbol-class","255","pTips1501","DefineSpriteTag","ui-component","source-category","1","-20,-20,500,500","mc/main/shopui_v_2.swf.assets/character-255.png","6e4665e359b6b9bd6056d5857dbc73ddb777fa56374b028120aef4563805178d","26","26","377","rendered"
"module/mc/main/shopui_v_2.swf","pasture-ui","symbol-class","252","pTips1502","DefineSpriteTag","ui-component","source-category","1","-20,-20,500,500","mc/main/shopui_v_2.swf.assets/character-252.png","51f1dc317dc1199d314c797c89edb19f381c102a7a30945b1894a121f1a5c85e","26","26","382","rendered"
"module/mc/main/shopui_v_2.swf","pasture-ui","symbol-class","249","p1003","DefineSpriteTag","ui-component","source-category","1","-20,-20,1240,1240","mc/main/shopui_v_2.swf.assets/character-249.png","1b35e170c749df5c2ce17062aaa8834f4be5cbbaba328ee762ad6e1f06552e23","63","63","3721","rendered"
"module/mc/main/shopui_v_2.swf","pasture-ui","symbol-class","246","p11003","DefineSpriteTag","ui-component","source-category","1","-20,-20,1240,1240","mc/main/shopui_v_2.swf.assets/character-246.png","01cd8e4eb5527f104232e2baf484de41ffd2ffd45e55a21e5d8f07d4245da54c","63","63","3721","rendered"
"module/mc/main/shopui_v_2.swf","pasture-ui","symbol-class","243","p1004","DefineSpriteTag","ui-component","source-category","1","-20,-20,1240,1240","mc/main/shopui_v_2.swf.assets/character-243.png","b92b5c9962747754f62ffb869a21f2deae7c013fa79440d71e7ba9bcfd95eb17","63","63","3721","rendered"
"module/mc/main/shopui_v_2.swf","pasture-ui","symbol-class","240","p11004","DefineSpriteTag","ui-component","source-category","1","-20,-20,1240,1240","mc/main/shopui_v_2.swf.assets/character-240.png","9abbe28c71330d11561ca85acde338ea5ebe3483746b0e6622689656b1dd7614","63","63","3721","rendered"
"module/mc/main/shopui_v_2.swf","pasture-ui","symbol-class","237","p1503","DefineSpriteTag","ui-component","source-category","1","-20,-20,1240,1240","mc/main/shopui_v_2.swf.assets/character-237.png","cb5aa737c06dc4644a67398d1a672c3e4a843dcb268b9d551814573974916086","63","63","3721","rendered"
"module/mc/main/shopui_v_2.swf","pasture-ui","symbol-class","234","p11503","DefineSpriteTag","ui-component","source-category","1","-20,-20,1240,1240","mc/main/shopui_v_2.swf.assets/character-234.png","45612bf2f65592e9496689fc87558caa389a4c7b2a304d5af8b03b183e269371","63","63","3721","rendered"
"module/mc/main/shopui_v_2.swf","pasture-ui","symbol-class","231","p1005","DefineSpriteTag","ui-component","source-category","1","-20,-20,1240,1240","mc/main/shopui_v_2.swf.assets/character-231.png","d42308f376d85a328896807f999b1768d8a794ce4c444359828bd7b85fc658c6","63","63","3721","rendered"
"module/mc/main/shopui_v_2.swf","pasture-ui","symbol-class","228","p11005","DefineSpriteTag","ui-component","source-category","1","-20,-20,1240,1240","mc/main/shopui_v_2.swf.assets/character-228.png","021aa565b3ed343874eb63c7cee8cdc377547f41b3268100d488b8be949664da","63","63","3721","rendered"
"module/mc/main/shopui_v_2.swf","pasture-ui","symbol-class","225","p1504","DefineSpriteTag","ui-component","source-category","1","-20,-20,1240,1240","mc/main/shopui_v_2.swf.assets/character-225.png","ce102df132ff999548c33f59aa13280208833d904a887d949ebb1f47753888b6","63","63","3721","rendered"
"module/mc/main/shopui_v_2.swf","pasture-ui","symbol-class","222","p11504","DefineSpriteTag","ui-component","source-category","1","-20,-20,1240,1240","mc/main/shopui_v_2.swf.assets/character-222.png","91b5c0e6e31b8045190cbe3a42c641652ef09c5d9c7a17ffd1bbb04dd537b1c4","63","63","3721","rendered"
"module/mc/main/shopui_v_2.swf","pasture-ui","symbol-class","219","p1006","DefineSpriteTag","ui-component","source-category","1","-20,-20,1240,1240","mc/main/shopui_v_2.swf.assets/character-219.png","5dda12f4aae5f4a1afcaa6c52f2f5f982fab6728cee3e88d07e630b5bdf5f3e1","63","63","3721","rendered"
"module/mc/main/shopui_v_2.swf","pasture-ui","symbol-class","216","p11006","DefineSpriteTag","ui-component","source-category","1","-20,-20,1240,1240","mc/main/shopui_v_2.swf.assets/character-216.png","d0c5dd746db0682afa3e7e9661ecd845b8ee1e6308c92c168011181c132b40a1","63","63","3721","rendered"
"module/mc/main/shopui_v_2.swf","pasture-ui","symbol-class","213","Product1003","DefineSpriteTag","ui-component","source-category","25","-444,-316,444,501","mc/main/shopui_v_2.swf.assets/character-213.png","28880959f222db0c4eaacc0920b5c16bb4e8e22d0f38ea522dc806316d4d5bf8","45","41","1048","rendered"
"module/mc/main/shopui_v_2.swf","pasture-ui","symbol-class","188","Product1004","DefineSpriteTag","ui-component","source-category","25","-390,-341,571,351","mc/main/shopui_v_2.swf.assets/character-188.png","b40482b9e5bdfeec235d222112f24fa6972dbf9e8d6c221c98f58a6fb427f7c3","49","35","947","rendered"
"module/mc/main/shopui_v_2.swf","pasture-ui","symbol-class","128","Product1503","DefineSpriteTag","ui-component","source-category","25","-339,-369,424,236","mc/main/shopui_v_2.swf.assets/character-128.png","fd774a91e5ab1b74d2bc99424983c7422e6563e4da0f063b0bcbd84d8fdc9dd1","39","31","630","rendered"
"module/mc/main/shopui_v_2.swf","pasture-ui","symbol-class","105","Product1005","DefineSpriteTag","ui-component","source-category","25","-490,-330,506,319","mc/main/shopui_v_2.swf.assets/character-105.png","50d0c0b18aa646631dd284bf1fbafc6416a42983aeda1345f5530ca283ef2342","50","33","981","rendered"
"module/mc/main/shopui_v_2.swf","pasture-ui","symbol-class","93","Product1504","DefineSpriteTag","ui-component","source-category","25","-320,-454,478,414","mc/main/shopui_v_2.swf.assets/character-93.png","3be42fbab031c3e7cfcdfbc42f29dbaab8ea0c651132ab99ce90f8a25081476f","40","44","940","rendered"
"module/mc/main/shopui_v_2.swf","pasture-ui","symbol-class","65","Product1006","DefineSpriteTag","ui-component","source-category","25","-390,-329,506,404","mc/main/shopui_v_2.swf.assets/character-65.png","e8544aace91d50d36411478eca183af74a3dc68a3a965a42ec5785fcb4ab5a81","45","37","894","rendered"
"module/mc/main/shopui_v_2.swf","pasture-ui","symbol-class","38","shopui_fla.Timeline_32","DefineSpriteTag","ui-component","source-category","1","-40,-440,1720,440","mc/main/shopui_v_2.swf.assets/character-38.png","4972093b67a3b83ef6b2a510b7da3a11a4254a9538f88e7c48e0c6e097f340f8","88","44","0","rendered"
"module/mc/main/shopui2_v_9.swf","pasture-ui","root-frame","0","[root-frame]","SWF","root-stage","source-category","1","","","","","","0","empty-outline"
"module/mc/main/shopui2_v_9.swf","pasture-ui","symbol-class","521","Seed1007","DefineSpriteTag","ui-component","source-category","1","-20,-20,1240,1240","mc/main/shopui2_v_9.swf.assets/character-521.png","d43109ca5b3de7e9abda545cd84e904af14663d652ee94f079610334d9d3e138","63","63","3721","rendered"
"module/mc/main/shopui2_v_9.swf","pasture-ui","symbol-class","520","Seed1008","DefineSpriteTag","ui-component","source-category","1","-20,-20,1240,1240","mc/main/shopui2_v_9.swf.assets/character-520.png","77b0414640a6d401f4761896db421e77ae673401ac2df86f8ec8534bdf163fc2","63","63","3721","rendered"
"module/mc/main/shopui2_v_9.swf","pasture-ui","symbol-class","519","Seed1008Big","DefineSpriteTag","ui-component","source-category","1","-20,-20,3580,2020","mc/main/shopui2_v_9.swf.assets/character-519.png","2d81e0ac3b7c55bfdde9d3837a1c919ea055452640abcd7039b6b4bc0941550c","180","102","17800","rendered"
"module/mc/main/shopui2_v_9.swf","pasture-ui","symbol-class","516","Seed1505","DefineSpriteTag","ui-component","source-category","1","-20,-20,1240,1240","mc/main/shopui2_v_9.swf.assets/character-516.png","6823db4bfcfdb1d6c950bde3a08421fce0a6917ed89b3b221029dc9034aebb0a","63","63","3721","rendered"
"module/mc/main/shopui2_v_9.swf","pasture-ui","symbol-class","515","Seed1507","DefineSpriteTag","ui-component","source-category","1","-20,-20,1240,1240","mc/main/shopui2_v_9.swf.assets/character-515.png","03a0c4d28e49b0a125a2f93781da7e5886961bb0fefe0ddf06702199e3116c21","63","63","3721","rendered"
"module/mc/main/shopui2_v_9.swf","pasture-ui","symbol-class","514","Seed1508","DefineSpriteTag","ui-component","source-category","1","-20,-20,1240,1240","mc/main/shopui2_v_9.swf.assets/character-514.png","6be28a828973ae6d8eb43b137a8f982946da83cbed0a14705ccf556f3618d770","63","63","3721","rendered"
"module/mc/main/shopui2_v_9.swf","pasture-ui","symbol-class","513","Seed1509","DefineSpriteTag","ui-component","source-category","1","-20,-20,1240,1240","mc/main/shopui2_v_9.swf.assets/character-513.png","bcd3a467c0402d67bd3f096dfe93f8b14c3318716847aa9717d3980b7e261026","63","63","3721","rendered"
"module/mc/main/shopui2_v_9.swf","pasture-ui","symbol-class","512","Seed1510","DefineSpriteTag","ui-component","source-category","1","-20,-20,1240,1240","mc/main/shopui2_v_9.swf.assets/character-512.png","bd9ab90297198195cd446870bafd14817be87fbe8b94500731af2341e10edaba","63","63","3721","rendered"
"module/mc/main/shopui2_v_9.swf","pasture-ui","symbol-class","511","Seed1510Big","DefineSpriteTag","ui-component","source-category","1","-20,-20,3580,2020","mc/main/shopui2_v_9.swf.assets/character-511.png","0d4ca128959f8282e66843806d4e96b30374118f1e6c2b86abb41c5b8babb926","180","102","17800","rendered"
"module/mc/main/shopui2_v_9.swf","pasture-ui","symbol-class","508","Seed1509Big","DefineSpriteTag","ui-component","source-category","1","-20,-20,3580,2020","mc/main/shopui2_v_9.swf.assets/character-508.png","554687d73a16e7c5469b4dee63949373448e4c5b22e489ebdf7c980ff6b247c9","180","102","17800","rendered"
"module/mc/main/shopui2_v_9.swf","pasture-ui","symbol-class","505","Seed1508Big","DefineSpriteTag","ui-component","source-category","1","-20,-20,3580,2020","mc/main/shopui2_v_9.swf.assets/character-505.png","8014e6a77cfc587b899718f11ece14408e0b9a03617bfe26d9025052951fafe0","180","102","17800","rendered"
"module/mc/main/shopui2_v_9.swf","pasture-ui","symbol-class","502","Seed1507Big","DefineSpriteTag","ui-component","source-category","1","-20,-20,3580,2020","mc/main/shopui2_v_9.swf.assets/character-502.png","423bd28d6b2ddf903e2520b4006b6ec871c6eaac16d0dd3b5803527529c3a645","180","102","17800","rendered"
"module/mc/main/shopui2_v_9.swf","pasture-ui","symbol-class","499","Seed1007Big","DefineSpriteTag","ui-component","source-category","1","-20,-20,3580,2020","mc/main/shopui2_v_9.swf.assets/character-499.png","2f35b2908b00e2df007c1ebf76216b487f3d5d730b24594bdec8f6b5fb688da7","180","102","17800","rendered"
"module/mc/main/shopui2_v_9.swf","pasture-ui","symbol-class","496","Seed1505Big","DefineSpriteTag","ui-component","source-category","1","-20,-20,3580,2020","mc/main/shopui2_v_9.swf.assets/character-496.png","6d97a874a55038fdeff12a67bdc5d109ac905ef44ad08589bb86da7d84e590a5","180","102","17800","rendered"
"module/mc/main/shopui2_v_9.swf","pasture-ui","symbol-class","493","aTips1007","DefineSpriteTag","ui-component","source-category","1","-20,-20,500,500","mc/main/shopui2_v_9.swf.assets/character-493.png","8dee16b65d9b94f220a7b6247e822a40f11e9f69ca36874c637f35843caea7bd","26","26","417","rendered"
"module/mc/main/shopui2_v_9.swf","pasture-ui","symbol-class","490","aTips1008","DefineSpriteTag","ui-component","source-category","1","-20,-20,500,500","mc/main/shopui2_v_9.swf.assets/character-490.png","b85bcc99f315b9eb7593645ff468f1e48b7aec1754c1dd5172d7de60e7b3ab9b","26","26","432","rendered"
"module/mc/main/shopui2_v_9.swf","pasture-ui","symbol-class","487","aTips1505","DefineSpriteTag","ui-component","source-category","1","-20,-20,499,499","mc/main/shopui2_v_9.swf.assets/character-487.png","4dbe5310fe9e758603262cfd66d4bd47d034e0e0b5f7e7d59a3e7bb4d13b1e3b","26","26","436","rendered"
"module/mc/main/shopui2_v_9.swf","pasture-ui","symbol-class","484","aTips1507","DefineSpriteTag","ui-component","source-category","1","-20,-20,499,499","mc/main/shopui2_v_9.swf.assets/character-484.png","97e27e13e770df8f99c48c0d324875d405926b45afefba033e8d47c840d300b4","26","26","432","rendered"
"module/mc/main/shopui2_v_9.swf","pasture-ui","symbol-class","481","aTips1508","DefineSpriteTag","ui-component","source-category","1","-20,-20,500,500","mc/main/shopui2_v_9.swf.assets/character-481.png","8a3763bf490bcd6b83886c66707780b9cfa0f1e20d21e406c21ee2d99b0e614b","26","26","262","rendered"
"module/mc/main/shopui2_v_9.swf","pasture-ui","symbol-class","478","aTips1509","DefineSpriteTag","ui-component","source-category","1","-20,-20,498,498","mc/main/shopui2_v_9.swf.assets/character-478.png","142eb66f4b8758ed3e4f10a7a8b46dc6878273a53da96408ac7a3455e32b3abb","26","26","553","rendered"
"module/mc/main/shopui2_v_9.swf","pasture-ui","symbol-class","475","aTips1510","DefineSpriteTag","ui-component","source-category","1","-20,-20,500,500","mc/main/shopui2_v_9.swf.assets/character-475.png","fd5f6b1d0b2ba2ca0289681dcf6a3df3be97e04f526e643334e269a4aacb8b42","26","26","333","rendered"
"module/mc/main/shopui2_v_9.swf","pasture-ui","symbol-class","472","pTips1007","DefineSpriteTag","ui-component","source-category","1","-20,-20,500,500","mc/main/shopui2_v_9.swf.assets/character-472.png","df913e05ce3ea9cdadb1475dd268a7b8938768baf200d3f4b81006a80a6f7520","26","26","233","rendered"
"module/mc/main/shopui2_v_9.swf","pasture-ui","symbol-class","469","pTips1008","DefineSpriteTag","ui-component","source-category","1","-20,-20,500,500","mc/main/shopui2_v_9.swf.assets/character-469.png","b007270e8e366e658e3008d7e09d4f754b9c3668dc2fd613da987861b0b0fa38","26","26","397","rendered"
"module/mc/main/shopui2_v_9.swf","pasture-ui","symbol-class","466","pTips1505","DefineSpriteTag","ui-component","source-category","1","-20,-20,499,499","mc/main/shopui2_v_9.swf.assets/character-466.png","0d0f824b080d506bb08aa3504c1c4e284480d886d375072d962ac9cad56c2cad","26","26","380","rendered"
"module/mc/main/shopui2_v_9.swf","pasture-ui","symbol-class","463","pTips1507","DefineSpriteTag","ui-component","source-category","1","-20,-20,499,499","mc/main/shopui2_v_9.swf.assets/character-463.png","a34133175701e69c274208035e0e84ceeeb0f0798b243b55126082a2865bb429","26","26","370","rendered"
"module/mc/main/shopui2_v_9.swf","pasture-ui","symbol-class","460","pTips1508","DefineSpriteTag","ui-component","source-category","1","-20,-20,500,500","mc/main/shopui2_v_9.swf.assets/character-460.png","2c20bc9d9f44110a965ce8eecd30df57891996d8c31d3c08c5a1a41d82be597d","26","26","309","rendered"
"module/mc/main/shopui2_v_9.swf","pasture-ui","symbol-class","457","pTips1509","DefineSpriteTag","ui-component","source-category","1","-20,-20,498,498","mc/main/shopui2_v_9.swf.assets/character-457.png","f2c76f04463b14eb07f9f5b673d08b51452d5e368fda2f7e2a855b00e5295d30","26","26","533","rendered"
"module/mc/main/shopui2_v_9.swf","pasture-ui","symbol-class","454","pTips1510","DefineSpriteTag","ui-component","source-category","1","-20,-20,500,500","mc/main/shopui2_v_9.swf.assets/character-454.png","c612d4c439ad845c216e4693a4f06df59a8c449d58e2d5746a4a2d829d5f4a84","26","26","337","rendered"
"module/mc/main/shopui2_v_9.swf","pasture-ui","symbol-class","451","p1007","DefineSpriteTag","ui-component","source-category","1","-20,-20,1240,1240","mc/main/shopui2_v_9.swf.assets/character-451.png","cac582f3cb5e71b714d806f96ab5d5a8240ddffc8e70b26549bccb88165f329d","63","63","3721","rendered"
"module/mc/main/shopui2_v_9.swf","pasture-ui","symbol-class","448","p1008","DefineSpriteTag","ui-component","source-category","1","-20,-20,1240,1240","mc/main/shopui2_v_9.swf.assets/character-448.png","1716f8346f05a2181cb07b9bbfea8367a55c3a7ba591e7a9038932248421a7f1","63","63","3721","rendered"
"module/mc/main/shopui2_v_9.swf","pasture-ui","symbol-class","445","p11008","DefineSpriteTag","ui-component","source-category","1","-20,-20,1240,1240","mc/main/shopui2_v_9.swf.assets/character-445.png","77b0414640a6d401f4761896db421e77ae673401ac2df86f8ec8534bdf163fc2","63","63","3721","rendered"
"module/mc/main/shopui2_v_9.swf","pasture-ui","symbol-class","442","p1505","DefineSpriteTag","ui-component","source-category","1","-20,-20,1240,1240","mc/main/shopui2_v_9.swf.assets/character-442.png","c3a698bcb9a645fd4cf5167bde8721ca2910abf8d186bd7f5f9839d6cff78ae5","63","63","3721","rendered"
"module/mc/main/shopui2_v_9.swf","pasture-ui","symbol-class","439","p11505","DefineSpriteTag","ui-component","source-category","1","-20,-20,1240,1240","mc/main/shopui2_v_9.swf.assets/character-439.png","6823db4bfcfdb1d6c950bde3a08421fce0a6917ed89b3b221029dc9034aebb0a","63","63","3721","rendered"
"module/mc/main/shopui2_v_9.swf","pasture-ui","symbol-class","436","p11507","DefineSpriteTag","ui-component","source-category","1","-20,-20,1240,1240","mc/main/shopui2_v_9.swf.assets/character-436.png","03a0c4d28e49b0a125a2f93781da7e5886961bb0fefe0ddf06702199e3116c21","63","63","3721","rendered"
"module/mc/main/shopui2_v_9.swf","pasture-ui","symbol-class","433","p11508","DefineSpriteTag","ui-component","source-category","1","-20,-20,1240,1240","mc/main/shopui2_v_9.swf.assets/character-433.png","6be28a828973ae6d8eb43b137a8f982946da83cbed0a14705ccf556f3618d770","63","63","3721","rendered"
"module/mc/main/shopui2_v_9.swf","pasture-ui","symbol-class","430","p11509","DefineSpriteTag","ui-component","source-category","1","-20,-20,1240,1240","mc/main/shopui2_v_9.swf.assets/character-430.png","bcd3a467c0402d67bd3f096dfe93f8b14c3318716847aa9717d3980b7e261026","63","63","3721","rendered"
"module/mc/main/shopui2_v_9.swf","pasture-ui","symbol-class","427","p11510","DefineSpriteTag","ui-component","source-category","1","-20,-20,1240,1240","mc/main/shopui2_v_9.swf.assets/character-427.png","bd9ab90297198195cd446870bafd14817be87fbe8b94500731af2341e10edaba","63","63","3721","rendered"
"module/mc/main/shopui2_v_9.swf","pasture-ui","symbol-class","424","p1507","DefineSpriteTag","ui-component","source-category","1","-20,-20,1240,1240","mc/main/shopui2_v_9.swf.assets/character-424.png","5f45f2c908e770ba14ceaa9c1579bc4a27f2e3ddab9272264dff325734bfc8e7","63","63","3721","rendered"
"module/mc/main/shopui2_v_9.swf","pasture-ui","symbol-class","421","p1508","DefineSpriteTag","ui-component","source-category","1","-20,-20,1240,1240","mc/main/shopui2_v_9.swf.assets/character-421.png","3e7b7a184746a50290e237ba65f6be4635ef94fb03ed3c6b323e2bf2fae3be46","63","63","3721","rendered"
"module/mc/main/shopui2_v_9.swf","pasture-ui","symbol-class","418","p1509","DefineSpriteTag","ui-component","source-category","1","-20,-20,1240,1240","mc/main/shopui2_v_9.swf.assets/character-418.png","428b5eaf9137c30560a46502556ebcbe265a83fe41aee74228f115f37274556f","63","63","3721","rendered"
"module/mc/main/shopui2_v_9.swf","pasture-ui","symbol-class","415","p1510","DefineSpriteTag","ui-component","source-category","1","-20,-20,1240,1240","mc/main/shopui2_v_9.swf.assets/character-415.png","a2411659cf2024d032cf7c3347a0fe3e8268f53bf6a4d6842e50c3e118f470fc","63","63","3721","rendered"
"module/mc/main/shopui2_v_9.swf","pasture-ui","symbol-class","412","p1506","DefineSpriteTag","ui-component","source-category","1","-20,-20,1240,1240","mc/main/shopui2_v_9.swf.assets/character-412.png","e1522ad966a848190612df85de5e0c0ab196d87676f03e4fc2f01e7dddfac4eb","63","63","3721","rendered"
"module/mc/main/shopui2_v_9.swf","pasture-ui","symbol-class","409","p11007","DefineSpriteTag","ui-component","source-category","1","-20,-20,1240,1240","mc/main/shopui2_v_9.swf.assets/character-409.png","d43109ca5b3de7e9abda545cd84e904af14663d652ee94f079610334d9d3e138","63","63","3721","rendered"
"module/mc/main/shopui2_v_9.swf","pasture-ui","symbol-class","406","Product1007","DefineSpriteTag","ui-component","source-category","25","-597,-335,604,287","mc/main/shopui2_v_9.swf.assets/character-406.png","caa2cde7f795b220d49763341c1106dc159cd36250974d922e6ba85ec7040795","61","32","966","rendered"
"module/mc/main/shopui2_v_9.swf","pasture-ui","symbol-class","381","Product1509","DefineSpriteTag","ui-component","source-category","25","-395,-253,452,327","mc/main/shopui2_v_9.swf.assets/character-381.png","1ddb25e0a11f18264a8450e407d8bbfdd3ccba68ef1fc0ff0c9a5707ee2cda21","43","29","941","rendered"
"module/mc/main/shopui2_v_9.swf","pasture-ui","symbol-class","362","Product1011","DefineSpriteTag","ui-component","source-category","25","-559,-314,437,322","mc/main/shopui2_v_9.swf.assets/character-362.png","d6f6f88350748f3233c51245c8612ada15a29263115864e0500787d8b12fa448","50","32","1067","rendered"
"module/mc/main/shopui2_v_9.swf","pasture-ui","symbol-class","335","Product1010","DefineSpriteTag","ui-component","source-category","25","-349,-192,444,249","mc/main/shopui2_v_9.swf.assets/character-335.png","ee29c87f81cc121bbf9809b6450090f4fe13f3d14fcfbc2bad6c1014fcc61852","40","23","505","rendered"
"module/mc/main/shopui2_v_9.swf","pasture-ui","symbol-class","288","Product1507","DefineSpriteTag","ui-component","source-category","25","-358,-647,415,268","mc/main/shopui2_v_9.swf.assets/character-288.png","3766375ff4e99edc9e0b06cee9e0f422529d8419086d91d062ab97105f19ce52","39","46","867","rendered"
"module/mc/main/shopui2_v_9.swf","pasture-ui","symbol-class","287","shopui2_fla.LY_102","DefineSpriteTag","ui-component","source-category","8","-419,-200,618,1379","mc/main/shopui2_v_9.swf.assets/character-287.png","7437510b3e4c91513e2adfb00e7e48816830473ad0450af7dcce706a39ab66ea","52","79","1774","rendered"
"module/mc/main/shopui2_v_9.swf","pasture-ui","symbol-class","236","Product1009","DefineSpriteTag","ui-component","source-category","25","-372,-286,371,305","mc/main/shopui2_v_9.swf.assets/character-236.png","5a835b7bc566be537c7c44707fc77a4f55b3569a98b9ea80d9c92a429d8c6e1b","38","30","582","rendered"
"module/mc/main/shopui2_v_9.swf","pasture-ui","symbol-class","203","Product1508","DefineSpriteTag","ui-component","source-category","25","-360,-326,342,430","mc/main/shopui2_v_9.swf.assets/character-203.png","44d3373e82ef85c6ddd5c7f914fdf080fdd9ec135a849ab9129d69a10bc8eb29","36","38","827","rendered"
"module/mc/main/shopui2_v_9.swf","pasture-ui","symbol-class","181","Product1008","DefineSpriteTag","ui-component","source-category","25","-629,-398,567,362","mc/main/shopui2_v_9.swf.assets/character-181.png","2bd15af9fe947370a8ffa2ac433ad5c753a76cc980145aa90733966b4cecbf3d","60","38","1294","rendered"
"module/mc/main/shopui2_v_9.swf","pasture-ui","symbol-class","151","Product1505","DefineSpriteTag","ui-component","source-category","25","-434,-492,456,396","mc/main/shopui2_v_9.swf.assets/character-151.png","e20bae3fd7341a084034a6647e36b8f1934be76c3e6795ac66e20b6c7ac207e2","45","45","1087","rendered"
"module/mc/main/shopui2_v_9.swf","pasture-ui","symbol-class","109","aTips1009","DefineSpriteTag","ui-component","source-category","1","-20,-20,500,500","mc/main/shopui2_v_9.swf.assets/character-109.png","d763509c9b1e4723da5dcbad06f4f02fece5bddc59b9361729104472e4c45523","26","26","527","rendered"
"module/mc/main/shopui2_v_9.swf","pasture-ui","symbol-class","106","aTips1010","DefineSpriteTag","ui-component","source-category","1","-20,-20,500,500","mc/main/shopui2_v_9.swf.assets/character-106.png","b1b2249e2c8759c9c35eb2969a549014de56a404407cf6e9d3d34bfd8618a55b","26","26","468","rendered"
"module/mc/main/shopui2_v_9.swf","pasture-ui","symbol-class","103","aTips1011","DefineSpriteTag","ui-component","source-category","1","-20,-20,500,500","mc/main/shopui2_v_9.swf.assets/character-103.png","809a85487ffeb14d4b69261c75e8f96c84307322c60a7bc4f9f1087a47913922","26","26","485","rendered"
"module/mc/main/shopui2_v_9.swf","pasture-ui","symbol-class","100","pTips1009","DefineSpriteTag","ui-component","source-category","1","-20,-20,500,500","mc/main/shopui2_v_9.swf.assets/character-100.png","ad61ccd24611b726b4453042c9155d492bb578ae38968df1c132c50706975365","26","26","429","rendered"
"module/mc/main/shopui2_v_9.swf","pasture-ui","symbol-class","97","pTips1010","DefineSpriteTag","ui-component","source-category","1","-20,-20,500,500","mc/main/shopui2_v_9.swf.assets/character-97.png","52589f5cc29ff70019349e9a51fb5e87667d52c9b24256136613a7d95d1f4c98","26","26","374","rendered"
"module/mc/main/shopui2_v_9.swf","pasture-ui","symbol-class","94","pTips1011","DefineSpriteTag","ui-component","source-category","1","-20,-20,499,499","mc/main/shopui2_v_9.swf.assets/character-94.png","f86bcd0937497b0b03667b291b0868d528f6cb2ef56fc224394e3bfb247d09ea","26","26","456","rendered"
"module/mc/main/shopui2_v_9.swf","pasture-ui","symbol-class","91","Seed1009","DefineSpriteTag","ui-component","source-category","1","-20,-20,1240,1240","mc/main/shopui2_v_9.swf.assets/character-91.png","edd3eefcf8c5fde39127509ed608f571a5d254c9b31fa3ae659880928f0e6eba","63","63","3721","rendered"
"module/mc/main/shopui2_v_9.swf","pasture-ui","symbol-class","90","Seed1010","DefineSpriteTag","ui-component","source-category","1","-20,-20,1240,1240","mc/main/shopui2_v_9.swf.assets/character-90.png","09bf973f6f34e1982707f2d8c33a7fe2ccd85a538162fc079ebb5c23d7daad19","63","63","3721","rendered"
"module/mc/main/shopui2_v_9.swf","pasture-ui","symbol-class","89","Seed1011","DefineSpriteTag","ui-component","source-category","1","-20,-20,1240,1240","mc/main/shopui2_v_9.swf.assets/character-89.png","0738bf6e0b4008e0cb4490bc8b0500e13a18a404cbaa4c79aa285242c15939b0","63","63","3721","rendered"
"module/mc/main/shopui2_v_9.swf","pasture-ui","symbol-class","88","Seed1011Big","DefineSpriteTag","ui-component","source-category","1","-20,-20,3580,2020","mc/main/shopui2_v_9.swf.assets/character-88.png","69dad1d6087de829c22780fdb2dd950f79805d3fa9e0478e56b83c4639a4fb19","180","102","17800","rendered"
"module/mc/main/shopui2_v_9.swf","pasture-ui","symbol-class","85","Seed1010Big","DefineSpriteTag","ui-component","source-category","1","-20,-20,3580,2020","mc/main/shopui2_v_9.swf.assets/character-85.png","b5341b2bab46d8e7985b10e21a836d1df077b29476b661968059fd094432dbf4","180","102","17800","rendered"
"module/mc/main/shopui2_v_9.swf","pasture-ui","symbol-class","82","Seed1009Big","DefineSpriteTag","ui-component","source-category","1","-20,-20,3580,2020","mc/main/shopui2_v_9.swf.assets/character-82.png","27b2773342aebc0494102ce24b9906c5b1002d32bbd90729b0a161d3e5bdc03c","180","102","17800","rendered"
"module/mc/main/shopui2_v_9.swf","pasture-ui","symbol-class","79","p1009","DefineSpriteTag","ui-component","source-category","1","-20,-20,1240,1240","mc/main/shopui2_v_9.swf.assets/character-79.png","dd6a6c06aea6b0c0f7156e56d1a82d9c0195f0716897ddd7d4bf26c811f06c7d","63","63","3721","rendered"
"module/mc/main/shopui2_v_9.swf","pasture-ui","symbol-class","76","p1010","DefineSpriteTag","ui-component","source-category","1","-20,-20,1240,1240","mc/main/shopui2_v_9.swf.assets/character-76.png","bd63f9732f7ec7f6f4b945af02d06b93f22f292bd66d7155edc8df2604e6a683","63","63","3721","rendered"
"module/mc/main/shopui2_v_9.swf","pasture-ui","symbol-class","73","p1011","DefineSpriteTag","ui-component","source-category","1","-20,-20,1240,1240","mc/main/shopui2_v_9.swf.assets/character-73.png","19393327c9b4dbe756e9655fde779a03d30f1df83dc4ef8b3b0cb92f64c6b4f5","63","63","3721","rendered"
"module/mc/main/shopui2_v_9.swf","pasture-ui","symbol-class","70","p11011","DefineSpriteTag","ui-component","source-category","1","-20,-20,1240,1240","mc/main/shopui2_v_9.swf.assets/character-70.png","0738bf6e0b4008e0cb4490bc8b0500e13a18a404cbaa4c79aa285242c15939b0","63","63","3721","rendered"
"module/mc/main/shopui2_v_9.swf","pasture-ui","symbol-class","67","p11009","DefineSpriteTag","ui-component","source-category","1","-20,-20,1240,1240","mc/main/shopui2_v_9.swf.assets/character-67.png","edd3eefcf8c5fde39127509ed608f571a5d254c9b31fa3ae659880928f0e6eba","63","63","3721","rendered"
"module/mc/main/shopui2_v_9.swf","pasture-ui","symbol-class","64","p11010","DefineSpriteTag","ui-component","source-category","1","-20,-20,1240,1240","mc/main/shopui2_v_9.swf.assets/character-64.png","09bf973f6f34e1982707f2d8c33a7fe2ccd85a538162fc079ebb5c23d7daad19","63","63","3721","rendered"
"module/mc/main/shopui2_v_9.swf","pasture-ui","symbol-class","61","Seed1012","DefineSpriteTag","ui-component","source-category","1","-20,-20,1240,1240","mc/main/shopui2_v_9.swf.assets/character-61.png","06c1db36e67f82507bfc106a5349d83a66b45a6e8b77089aa5d9c1f7b7017113","63","63","3721","rendered"
"module/mc/main/shopui2_v_9.swf","pasture-ui","symbol-class","60","Seed1012Big","DefineSpriteTag","ui-component","source-category","1","-20,-20,3580,2020","mc/main/shopui2_v_9.swf.assets/character-60.png","b2b0a7d658180802ce45667d1bb96b2d30373c7cc425d2790c9c93c2d4c4f9e2","180","102","17800","rendered"
"module/mc/main/shopui2_v_9.swf","pasture-ui","symbol-class","57","aTips1012","DefineSpriteTag","ui-component","source-category","1","-20,-20,499,499","mc/main/shopui2_v_9.swf.assets/character-57.png","25a057928eb2ac367897673b2e8849fd954930cf6e57d5a5bf44259f67583898","26","26","391","rendered"
"module/mc/main/shopui2_v_9.swf","pasture-ui","symbol-class","54","pTips1012","DefineSpriteTag","ui-component","source-category","1","-20,-20,499,499","mc/main/shopui2_v_9.swf.assets/character-54.png","40c0d85d96ab5ef4c06957adc9c42d3e99ec4c57903722811fbabb2e5aa76936","26","26","331","rendered"
"module/mc/main/shopui2_v_9.swf","pasture-ui","symbol-class","51","p1012","DefineSpriteTag","ui-component","source-category","1","-20,-20,1240,1240","mc/main/shopui2_v_9.swf.assets/character-51.png","2b3e0c5b1d6383fc0653f5e1b4fd522fe2581ab324e6ccb1ba1e1fa19de18b02","63","63","3721","rendered"
"module/mc/main/shopui2_v_9.swf","pasture-ui","symbol-class","48","p11012","DefineSpriteTag","ui-component","source-category","1","-20,-20,1240,1240","mc/main/shopui2_v_9.swf.assets/character-48.png","06c1db36e67f82507bfc106a5349d83a66b45a6e8b77089aa5d9c1f7b7017113","63","63","3721","rendered"
"module/mc/main/shopui2_v_9.swf","pasture-ui","symbol-class","45","Product1012","DefineSpriteTag","ui-component","source-category","25","-489,-353,489,352","mc/main/shopui2_v_9.swf.assets/character-45.png","7108d26b5eca972cea6abab1f5b034921c6171c45a532bc8d153a8906446f5c3","49","36","1167","rendered"
"module/mc/main/shopui2_v_9.swf","pasture-ui","symbol-class","37","Product1510","DefineSpriteTag","ui-component","source-category","25","-335,-444,347,329","mc/main/shopui2_v_9.swf.assets/character-37.png","207ee0888dd3dc93af47700bc2cda29405597265732f67211a691ac18bbffcd4","35","39","531","rendered"
"module/mc/main/shopui2_v_9.swf","pasture-ui","symbol-class","31","shopui2_fla.Timeline_52","DefineSpriteTag","ui-component","source-category","1","-40,-440,1720,440","mc/main/shopui2_v_9.swf.assets/character-31.png","4972093b67a3b83ef6b2a510b7da3a11a4254a9538f88e7c48e0c6e097f340f8","88","44","0","rendered"
"module/mc/main/shopui3_v_8.swf","pasture-ui","root-frame","0","[root-frame]","SWF","root-stage","source-category","1","","","","","","0","empty-outline"
"module/mc/main/shopui3_v_8.swf","pasture-ui","symbol-class","560","p11511","DefineSpriteTag","ui-component","source-category","1","-20,-20,1240,1240","mc/main/shopui3_v_8.swf.assets/character-560.png","461f1c959579d2e2f7b1ba91256b97837e2a600760c7f59a1ceeb890800e4782","63","63","3721","rendered"
"module/mc/main/shopui3_v_8.swf","pasture-ui","symbol-class","559","p11512","DefineSpriteTag","ui-component","source-category","1","-20,-20,1240,1240","mc/main/shopui3_v_8.swf.assets/character-559.png","94978cd42bf2c8eb24b2d8d9e698335f934ffa6c55e0206929ed9cb29f501a6e","63","63","3721","rendered"
"module/mc/main/shopui3_v_8.swf","pasture-ui","symbol-class","558","p11513","DefineSpriteTag","ui-component","source-category","1","-20,-20,1240,1240","mc/main/shopui3_v_8.swf.assets/character-558.png","7d4671fa7184c33ffc7e52b12890a5ba637fa6f45e8453d17f1aeb09bd13f7a8","63","63","3721","rendered"
"module/mc/main/shopui3_v_8.swf","pasture-ui","symbol-class","557","p11514","DefineSpriteTag","ui-component","source-category","1","-20,-20,1240,1240","mc/main/shopui3_v_8.swf.assets/character-557.png","a4271d90986e3b72c504a075be56e3a31cfc554e567f88bb0df76a8f8cf02821","63","63","3721","rendered"
"module/mc/main/shopui3_v_8.swf","pasture-ui","symbol-class","556","p11517","DefineSpriteTag","ui-component","source-category","1","-20,-20,1240,1240","mc/main/shopui3_v_8.swf.assets/character-556.png","461146b7e8dd87292deba3d758d4b09b2981f205587006a8fafc3845f7931213","63","63","3721","rendered"
"module/mc/main/shopui3_v_8.swf","pasture-ui","symbol-class","555","p1511","DefineSpriteTag","ui-component","source-category","1","-20,-20,1240,1240","mc/main/shopui3_v_8.swf.assets/character-555.png","ccfdc2401961211e3df59af11106c7e021724d57383d2d2cd510d642620da4a1","63","63","3721","rendered"
"module/mc/main/shopui3_v_8.swf","pasture-ui","symbol-class","552","p1512","DefineSpriteTag","ui-component","source-category","1","-20,-20,1240,1240","mc/main/shopui3_v_8.swf.assets/character-552.png","b1f7b04cdab7239be290f9a490cfd5b00471390bb5241b2650376b85c131c64b","63","63","3721","rendered"
"module/mc/main/shopui3_v_8.swf","pasture-ui","symbol-class","549","p1517","DefineSpriteTag","ui-component","source-category","1","-20,-20,1240,1240","mc/main/shopui3_v_8.swf.assets/character-549.png","cb776e7884690f23c0c3ef327238d7cc8cd95e7930beae578837011180e2ccc2","63","63","3721","rendered"
"module/mc/main/shopui3_v_8.swf","pasture-ui","symbol-class","546","p1513","DefineSpriteTag","ui-component","source-category","1","-20,-20,1240,1240","mc/main/shopui3_v_8.swf.assets/character-546.png","4e1fd0d7919504141870beadfacc251aa626c469a7f78f97e640815deb1fdcc2","63","63","3721","rendered"
"module/mc/main/shopui3_v_8.swf","pasture-ui","symbol-class","543","p1514","DefineSpriteTag","ui-component","source-category","1","-20,-20,1240,1240","mc/main/shopui3_v_8.swf.assets/character-543.png","87bf67d2609cd40f03bc0fb24636ba8f48b1991bfd0803612fbdc2c949f43082","63","63","3721","rendered"
"module/mc/main/shopui3_v_8.swf","pasture-ui","symbol-class","540","p1515","DefineSpriteTag","ui-component","source-category","1","-20,-20,1240,1240","mc/main/shopui3_v_8.swf.assets/character-540.png","37d84ffa8f5d38be32189414cffcdbac4160d63af7447ae2078b8277d88be192","63","63","3721","rendered"
"module/mc/main/shopui3_v_8.swf","pasture-ui","symbol-class","537","p1516","DefineSpriteTag","ui-component","source-category","1","-20,-20,1240,1240","mc/main/shopui3_v_8.swf.assets/character-537.png","feb934996be37e3294ed7ad82fe5bb58e26a00801304a7bad49d90ee4e7b7bde","63","63","3721","rendered"
"module/mc/main/shopui3_v_8.swf","pasture-ui","symbol-class","534","p11516","DefineSpriteTag","ui-component","source-category","1","-20,-20,1240,1240","mc/main/shopui3_v_8.swf.assets/character-534.png","5c421ff2007c5c69f0bbfa17b09a364187a28513d69b5c17ba64f681d37ae5ee","63","63","3721","rendered"
"module/mc/main/shopui3_v_8.swf","pasture-ui","symbol-class","533","p11515","DefineSpriteTag","ui-component","source-category","1","-20,-20,1240,1240","mc/main/shopui3_v_8.swf.assets/character-533.png","1fbb75761ea1004a579984b794c084c440d08766834fa2692598bf79bb7bab00","63","63","3721","rendered"
"module/mc/main/shopui3_v_8.swf","pasture-ui","symbol-class","532","p1013","DefineSpriteTag","ui-component","source-category","1","-20,-20,1240,1240","mc/main/shopui3_v_8.swf.assets/character-532.png","85933e175af3cbe551532cb11f376f4de86ec575f89af4ac54d2c585aa4f31b8","63","63","3721","rendered"
"module/mc/main/shopui3_v_8.swf","pasture-ui","symbol-class","529","p1019","DefineSpriteTag","ui-component","source-category","1","-20,-20,1240,1240","mc/main/shopui3_v_8.swf.assets/character-529.png","1138809b6ab77e03d15254390b8be186082514cecefe6569719ebc5be1be8bea","63","63","3721","rendered"
"module/mc/main/shopui3_v_8.swf","pasture-ui","symbol-class","526","p11013","DefineSpriteTag","ui-component","source-category","1","-20,-20,1240,1240","mc/main/shopui3_v_8.swf.assets/character-526.png","293a6a5d5f96261ee66d3e9ace54ce78103f02de0abd62d67d2f34be65eda9ae","63","63","3721","rendered"
"module/mc/main/shopui3_v_8.swf","pasture-ui","symbol-class","525","p1014","DefineSpriteTag","ui-component","source-category","1","-20,-20,1240,1240","mc/main/shopui3_v_8.swf.assets/character-525.png","abcd34a0eb139ef682e15f8e4adb676c7f93c4765eb2b94457dde69cce005eb7","63","63","3721","rendered"
"module/mc/main/shopui3_v_8.swf","pasture-ui","symbol-class","522","p1015","DefineSpriteTag","ui-component","source-category","1","-20,-20,1240,1240","mc/main/shopui3_v_8.swf.assets/character-522.png","a0235052ac932fff60099e106c194e0c4463de008dd5c749b331f4ac1f8759aa","63","63","3721","rendered"
"module/mc/main/shopui3_v_8.swf","pasture-ui","symbol-class","519","p11015","DefineSpriteTag","ui-component","source-category","1","-20,-20,1240,1240","mc/main/shopui3_v_8.swf.assets/character-519.png","a0be72af83fcc669aa1f776542278839ca8ac7a507887d226c8babc52c7bf362","63","63","3721","rendered"
"module/mc/main/shopui3_v_8.swf","pasture-ui","symbol-class","518","p1016","DefineSpriteTag","ui-component","source-category","1","-20,-20,1240,1240","mc/main/shopui3_v_8.swf.assets/character-518.png","cfbaac4457fb0665295ef9f384647173432bf2e5d796b3fad700d68dbc0adce3","63","63","3721","rendered"
"module/mc/main/shopui3_v_8.swf","pasture-ui","symbol-class","515","p1017","DefineSpriteTag","ui-component","source-category","1","-20,-20,1240,1240","mc/main/shopui3_v_8.swf.assets/character-515.png","af15488a3ca654de4e6be25aece82d1a3297737b7b2607b3a236722ffdaba365","63","63","3721","rendered"
"module/mc/main/shopui3_v_8.swf","pasture-ui","symbol-class","512","p1018","DefineSpriteTag","ui-component","source-category","1","-20,-20,1240,1240","mc/main/shopui3_v_8.swf.assets/character-512.png","ce86ccffe860d20b7b9b189410e5b3bc968bc8b6580fb3d6ba7b0e0dde732d40","63","63","3721","rendered"
"module/mc/main/shopui3_v_8.swf","pasture-ui","symbol-class","509","p11016","DefineSpriteTag","ui-component","source-category","1","-20,-20,1240,1240","mc/main/shopui3_v_8.swf.assets/character-509.png","e6b1b901c34d4e3f765e1cbb05c33d258925d7f15299c093eaf2acbf15fb71ce","63","63","3721","rendered"
"module/mc/main/shopui3_v_8.swf","pasture-ui","symbol-class","508","p11017","DefineSpriteTag","ui-component","source-category","1","-20,-20,1240,1240","mc/main/shopui3_v_8.swf.assets/character-508.png","343669aeaac97945027c5c6d8876e481549e2259a67d141358bec4f137e519c1","63","63","3721","rendered"
"module/mc/main/shopui3_v_8.swf","pasture-ui","symbol-class","507","p11019","DefineSpriteTag","ui-component","source-category","1","-20,-20,1240,1240","mc/main/shopui3_v_8.swf.assets/character-507.png","74d5c65fbcc4e9841789b28c5ef9d54fedbcaa2fc5a8b6579e4ce1a9e5a5f925","63","63","3721","rendered"
"module/mc/main/shopui3_v_8.swf","pasture-ui","symbol-class","506","p11018","DefineSpriteTag","ui-component","source-category","1","-20,-20,1240,1240","mc/main/shopui3_v_8.swf.assets/character-506.png","ce30c278aaafc10f6cda87446cea58d0dc7b4c67d01f0d360e0900db667eec21","63","63","3721","rendered"
"module/mc/main/shopui3_v_8.swf","pasture-ui","symbol-class","505","p11014","DefineSpriteTag","ui-component","source-category","1","-20,-20,1240,1240","mc/main/shopui3_v_8.swf.assets/character-505.png","8efbf28aa941a360af746403f444a86c56ca452f6df6ea5908e4e6aa2d55b0f4","63","63","3721","rendered"
"module/mc/main/shopui3_v_8.swf","pasture-ui","symbol-class","504","Seed1511","DefineSpriteTag","ui-component","source-category","1","-20,-20,1240,1240","mc/main/shopui3_v_8.swf.assets/character-504.png","461f1c959579d2e2f7b1ba91256b97837e2a600760c7f59a1ceeb890800e4782","63","63","3721","rendered"
"module/mc/main/shopui3_v_8.swf","pasture-ui","symbol-class","501","Seed1512","DefineSpriteTag","ui-component","source-category","1","-20,-20,1240,1240","mc/main/shopui3_v_8.swf.assets/character-501.png","94978cd42bf2c8eb24b2d8d9e698335f934ffa6c55e0206929ed9cb29f501a6e","63","63","3721","rendered"
"module/mc/main/shopui3_v_8.swf","pasture-ui","symbol-class","498","Seed1513","DefineSpriteTag","ui-component","source-category","1","-20,-20,1240,1240","mc/main/shopui3_v_8.swf.assets/character-498.png","7d4671fa7184c33ffc7e52b12890a5ba637fa6f45e8453d17f1aeb09bd13f7a8","63","63","3721","rendered"
"module/mc/main/shopui3_v_8.swf","pasture-ui","symbol-class","495","Seed1514","DefineSpriteTag","ui-component","source-category","1","-20,-20,1240,1240","mc/main/shopui3_v_8.swf.assets/character-495.png","a4271d90986e3b72c504a075be56e3a31cfc554e567f88bb0df76a8f8cf02821","63","63","3721","rendered"
"module/mc/main/shopui3_v_8.swf","pasture-ui","symbol-class","492","Seed1515","DefineSpriteTag","ui-component","source-category","1","-20,-20,1240,1240","mc/main/shopui3_v_8.swf.assets/character-492.png","1fbb75761ea1004a579984b794c084c440d08766834fa2692598bf79bb7bab00","63","63","3721","rendered"
"module/mc/main/shopui3_v_8.swf","pasture-ui","symbol-class","489","Seed1516","DefineSpriteTag","ui-component","source-category","1","-20,-20,1240,1240","mc/main/shopui3_v_8.swf.assets/character-489.png","5c421ff2007c5c69f0bbfa17b09a364187a28513d69b5c17ba64f681d37ae5ee","63","63","3721","rendered"
"module/mc/main/shopui3_v_8.swf","pasture-ui","symbol-class","486","Seed1517","DefineSpriteTag","ui-component","source-category","1","-20,-20,1240,1240","mc/main/shopui3_v_8.swf.assets/character-486.png","461146b7e8dd87292deba3d758d4b09b2981f205587006a8fafc3845f7931213","63","63","3721","rendered"
"module/mc/main/shopui3_v_8.swf","pasture-ui","symbol-class","483","Seed1516Big","DefineSpriteTag","ui-component","source-category","1","-20,-20,3580,2020","mc/main/shopui3_v_8.swf.assets/character-483.png","c03b8261c049feed50501f820d314e9dac659b191e7204b6816e0455071397c7","180","102","17800","rendered"
"module/mc/main/shopui3_v_8.swf","pasture-ui","symbol-class","480","Seed1517Big","DefineSpriteTag","ui-component","source-category","1","-20,-20,3580,2020","mc/main/shopui3_v_8.swf.assets/character-480.png","5deb47844ea48971b6d562496355b474ee3ae560b1229f6dac5078623ae4f8c8","180","102","17800","rendered"
"module/mc/main/shopui3_v_8.swf","pasture-ui","symbol-class","477","Seed1515Big","DefineSpriteTag","ui-component","source-category","1","-20,-20,3580,2020","mc/main/shopui3_v_8.swf.assets/character-477.png","dd1dfb444323403d813132c80bcb70ee2fe3f8d6000f5cf0e250b106764981e5","180","102","17800","rendered"
"module/mc/main/shopui3_v_8.swf","pasture-ui","symbol-class","474","Seed1514Big","DefineSpriteTag","ui-component","source-category","1","-20,-20,3580,2020","mc/main/shopui3_v_8.swf.assets/character-474.png","26b071cf0f7d09ee3a6373c44e3c15b0357e6a9893288ad08852c12db578863a","180","102","17800","rendered"
"module/mc/main/shopui3_v_8.swf","pasture-ui","symbol-class","471","Seed1512Big","DefineSpriteTag","ui-component","source-category","1","-20,-20,3580,2020","mc/main/shopui3_v_8.swf.assets/character-471.png","cca6bfe138a643ce1ec7e7e748a04c31b8d596f5b979200245050aa9e3209884","180","102","17800","rendered"
"module/mc/main/shopui3_v_8.swf","pasture-ui","symbol-class","468","Seed1513Big","DefineSpriteTag","ui-component","source-category","1","-20,-20,3580,2020","mc/main/shopui3_v_8.swf.assets/character-468.png","3a61ee736e519b2a5e9fc688b7463833e27875965fe2892dfffdaaa322c4dea1","180","102","17800","rendered"
"module/mc/main/shopui3_v_8.swf","pasture-ui","symbol-class","465","Seed1511Big","DefineSpriteTag","ui-component","source-category","1","-20,-20,3580,2020","mc/main/shopui3_v_8.swf.assets/character-465.png","533a88cca97c36edd03fe0cc9026e808c10649db60638c70590a4c876b58e5e1","180","102","17800","rendered"
"module/mc/main/shopui3_v_8.swf","pasture-ui","symbol-class","462","Seed1013","DefineSpriteTag","ui-component","source-category","1","-20,-20,1240,1240","mc/main/shopui3_v_8.swf.assets/character-462.png","293a6a5d5f96261ee66d3e9ace54ce78103f02de0abd62d67d2f34be65eda9ae","63","63","3721","rendered"
"module/mc/main/shopui3_v_8.swf","pasture-ui","symbol-class","459","Seed1013Big","DefineSpriteTag","ui-component","source-category","1","-20,-20,3580,2020","mc/main/shopui3_v_8.swf.assets/character-459.png","c7ac547671d676f816766f23a624760eb96281214a539ed3b98c2d294c2282af","180","102","17800","rendered"
"module/mc/main/shopui3_v_8.swf","pasture-ui","symbol-class","456","Seed1014","DefineSpriteTag","ui-component","source-category","1","-20,-20,1240,1240","mc/main/shopui3_v_8.swf.assets/character-456.png","8efbf28aa941a360af746403f444a86c56ca452f6df6ea5908e4e6aa2d55b0f4","63","63","3721","rendered"
"module/mc/main/shopui3_v_8.swf","pasture-ui","symbol-class","453","Seed1015","DefineSpriteTag","ui-component","source-category","1","-20,-20,1240,1240","mc/main/shopui3_v_8.swf.assets/character-453.png","a0be72af83fcc669aa1f776542278839ca8ac7a507887d226c8babc52c7bf362","63","63","3721","rendered"
"module/mc/main/shopui3_v_8.swf","pasture-ui","symbol-class","450","Seed1015Big","DefineSpriteTag","ui-component","source-category","1","-20,-20,3580,2020","mc/main/shopui3_v_8.swf.assets/character-450.png","675d67f33bcbc11e6469d0b0e1e01a511a13a13ee49dce59c44db3e385f5ea83","180","102","17800","rendered"
"module/mc/main/shopui3_v_8.swf","pasture-ui","symbol-class","447","Seed1016","DefineSpriteTag","ui-component","source-category","1","-20,-20,1240,1240","mc/main/shopui3_v_8.swf.assets/character-447.png","e6b1b901c34d4e3f765e1cbb05c33d258925d7f15299c093eaf2acbf15fb71ce","63","63","3721","rendered"
"module/mc/main/shopui3_v_8.swf","pasture-ui","symbol-class","444","Seed1017","DefineSpriteTag","ui-component","source-category","1","-20,-20,1240,1240","mc/main/shopui3_v_8.swf.assets/character-444.png","343669aeaac97945027c5c6d8876e481549e2259a67d141358bec4f137e519c1","63","63","3721","rendered"
"module/mc/main/shopui3_v_8.swf","pasture-ui","symbol-class","441","Seed1018","DefineSpriteTag","ui-component","source-category","1","-20,-20,1240,1240","mc/main/shopui3_v_8.swf.assets/character-441.png","ce30c278aaafc10f6cda87446cea58d0dc7b4c67d01f0d360e0900db667eec21","63","63","3721","rendered"
"module/mc/main/shopui3_v_8.swf","pasture-ui","symbol-class","438","Seed1019","DefineSpriteTag","ui-component","source-category","1","-20,-20,1240,1240","mc/main/shopui3_v_8.swf.assets/character-438.png","74d5c65fbcc4e9841789b28c5ef9d54fedbcaa2fc5a8b6579e4ce1a9e5a5f925","63","63","3721","rendered"
"module/mc/main/shopui3_v_8.swf","pasture-ui","symbol-class","435","Seed1016Big","DefineSpriteTag","ui-component","source-category","1","-20,-20,3580,2020","mc/main/shopui3_v_8.swf.assets/character-435.png","87935cfce84d778ca35a5fd459135f36044cac8bc3452194a631d6465c532bd3","180","102","17800","rendered"
"module/mc/main/shopui3_v_8.swf","pasture-ui","symbol-class","432","Seed1017Big","DefineSpriteTag","ui-component","source-category","1","-20,-20,3580,2020","mc/main/shopui3_v_8.swf.assets/character-432.png","9cb86f6d5ebd1ac03ab9044900d1d9d266e448b80d56d25ac24d4b7405f2c76e","180","102","17800","rendered"
"module/mc/main/shopui3_v_8.swf","pasture-ui","symbol-class","429","Seed1018Big","DefineSpriteTag","ui-component","source-category","1","-20,-20,3579,2019","mc/main/shopui3_v_8.swf.assets/character-429.png","f53b93cdebd1e5dfa3b9e60b02d1e21658662c349f21263a1b6794438bd15f28","180","102","17800","rendered"
"module/mc/main/shopui3_v_8.swf","pasture-ui","symbol-class","426","Seed1019Big","DefineSpriteTag","ui-component","source-category","1","-20,-20,3580,2020","mc/main/shopui3_v_8.swf.assets/character-426.png","5ba6fe9151ca50d757e4fcfdb4f11363a0d00265c4179619491b2562af4ec1dc","180","102","17800","rendered"
"module/mc/main/shopui3_v_8.swf","pasture-ui","symbol-class","423","Seed1014Big","DefineSpriteTag","ui-component","source-category","1","-20,-20,3580,2020","mc/main/shopui3_v_8.swf.assets/character-423.png","16d030883ab6aa6190fd28bb11b7069fc7c50466f7cf8a6d62d3981bc23ad0b2","180","102","17800","rendered"
"module/mc/main/shopui3_v_8.swf","pasture-ui","symbol-class","420","Product1013","DefineSpriteTag","ui-component","source-category","25","-463,-258,491,329","mc/main/shopui3_v_8.swf.assets/character-420.png","a1e770600c3f5566e86768975750ee31fd93934f708427a6f0707eba70954eac","48","30","865","rendered"
"module/mc/main/shopui3_v_8.swf","pasture-ui","symbol-class","400","Product1516","DefineSpriteTag","ui-component","source-category","25","-590,-369,521,358","mc/main/shopui3_v_8.swf.assets/character-400.png","a72e7cbecddc15a066f554b88fdc74349c3f6c4a436b87cbc54b8298d463e1b3","56","37","1315","rendered"
"module/mc/main/shopui3_v_8.swf","pasture-ui","symbol-class","385","Product1517","DefineSpriteTag","ui-component","source-category","25","-547,-383,574,424","mc/main/shopui3_v_8.swf.assets/character-385.png","2ae1afb288f05feedcea6d0a2d027ae89eeaa85a8a820bb9ed20617f2925f17b","57","41","1096","rendered"
"module/mc/main/shopui3_v_8.swf","pasture-ui","symbol-class","366","Product1019","DefineSpriteTag","ui-component","source-category","25","-451,-160,569,288","mc/main/shopui3_v_8.swf.assets/character-366.png","79a74007b73dd791ab5793522fb4f9ce99a99f95b1787d8c14ac860c279596dc","51","23","692","rendered"
"module/mc/main/shopui3_v_8.swf","pasture-ui","symbol-class","325","Product1515","DefineSpriteTag","ui-component","source-category","25","-318,-495,374,519","mc/main/shopui3_v_8.swf.assets/character-325.png","bfb9eeb8a41e6f91b488f30ad7d21e1db2407f8dd1175d12a52a60f604208fbd","35","51","1133","rendered"
"module/mc/main/shopui3_v_8.swf","pasture-ui","symbol-class","311","Product1514","DefineSpriteTag","ui-component","source-category","25","-566,-437,451,401","mc/main/shopui3_v_8.swf.assets/character-311.png","300fa62183897864bdee6efb84b2b7dd56c9d3b5b9e36cdc4fb64c2552256054","51","42","1242","rendered"
"module/mc/main/shopui3_v_8.swf","pasture-ui","symbol-class","293","Product1017","DefineSpriteTag","ui-component","source-category","25","-496,-370,504,376","mc/main/shopui3_v_8.swf.assets/character-293.png","b602723454cf0808288a2f9e0ba9550827a5899c590020ec43e369af37acfa0b","50","38","1063","rendered"
"module/mc/main/shopui3_v_8.swf","pasture-ui","symbol-class","268","Product1018","DefineSpriteTag","ui-component","source-category","25","-329,-243,357,250","mc/main/shopui3_v_8.swf.assets/character-268.png","c6a42090a023f10afd2c8bef336a57821dd7afb84e4b0d264f31e31852d2843e","35","25","487","rendered"
"module/mc/main/shopui3_v_8.swf","pasture-ui","symbol-class","252","Product1513","DefineSpriteTag","ui-component","source-category","25","-446,-480,464,470","mc/main/shopui3_v_8.swf.assets/character-252.png","2b597e99b944c37fc72c5fb1fad6924b05937b9a90e6156ae5be886fa748d4a1","46","48","1346","rendered"
"module/mc/main/shopui3_v_8.swf","pasture-ui","symbol-class","228","Product1512","DefineSpriteTag","ui-component","source-category","25","-274,-281,471,322","mc/main/shopui3_v_8.swf.assets/character-228.png","83380c6799c498998f562cec834aa39765a13dc2fcb0196ea48e4cffdc9d0997","38","31","659","rendered"
"module/mc/main/shopui3_v_8.swf","pasture-ui","symbol-class","226","shopui3_fla.Timeline_135","DefineSpriteTag","ui-component","source-category","88","","","","","","0","empty-outline"
"module/mc/main/shopui3_v_8.swf","pasture-ui","symbol-class","212","shopui3_fla.Timeline_130","DefineSpriteTag","ui-component","source-category","88","","","","","","0","empty-outline"
"module/mc/main/shopui3_v_8.swf","pasture-ui","symbol-class","208","Product1014","DefineSpriteTag","ui-component","source-category","25","-313,-319,331,271","mc/main/shopui3_v_8.swf.assets/character-208.png","36d72e7a7bdf9bce96c813dd49e1f576b3c0d6ecf487bbe57b01454205566580","33","30","481","rendered"
"module/mc/main/shopui3_v_8.swf","pasture-ui","symbol-class","155","Product1511","DefineSpriteTag","ui-component","source-category","25","-364,-313,587,368","mc/main/shopui3_v_8.swf.assets/character-155.png","7812436da6648fb04487c37c40feffd43b10bb3c2fd4278beb2d4d794cab63dd","48","35","834","rendered"
"module/mc/main/shopui3_v_8.swf","pasture-ui","symbol-class","123","Product1016","DefineSpriteTag","ui-component","source-category","25","-254,-361,279,286","mc/main/shopui3_v_8.swf.assets/character-123.png","e28c573f2001a7257aa2a61e5827a5c0985bf62a8aaf850cff5ec3b1b35a287e","27","33","530","rendered"
"module/mc/main/shopui3_v_8.swf","pasture-ui","symbol-class","99","Product1015","DefineSpriteTag","ui-component","source-category","25","-552,-336,477,335","mc/main/shopui3_v_8.swf.assets/character-99.png","350a1aac44984c7be62726eaf8e3d40ca4c01b66fa27ee20c8428f6676ceb372","52","34","1142","rendered"
"module/mc/main/shopui3_v_8.swf","pasture-ui","symbol-class","84","aTips1013","DefineSpriteTag","ui-component","source-category","1","-20,-20,500,500","mc/main/shopui3_v_8.swf.assets/character-84.png","1f82e8171e3cc0118256407ffd2aa45bb86dbd47e3f379450940bacd9654fd12","26","26","409","rendered"
"module/mc/main/shopui3_v_8.swf","pasture-ui","symbol-class","81","aTips1019","DefineSpriteTag","ui-component","source-category","1","-20,-20,500,500","mc/main/shopui3_v_8.swf.assets/character-81.png","415f8c3d2f868c679cfa210fa6c2474bca2366302720d96ce88a4a7f019c60e0","26","26","392","rendered"
"module/mc/main/shopui3_v_8.swf","pasture-ui","symbol-class","78","aTips1014","DefineSpriteTag","ui-component","source-category","1","-20,-20,499,499","mc/main/shopui3_v_8.swf.assets/character-78.png","12ef13853d805391e0d65d84fee3f5115409b70da287d8168ab39a3325834d0c","26","26","465","rendered"
"module/mc/main/shopui3_v_8.swf","pasture-ui","symbol-class","75","aTips1015","DefineSpriteTag","ui-component","source-category","1","-20,-20,499,499","mc/main/shopui3_v_8.swf.assets/character-75.png","d8d13e7487988203d3b082d076a2fd50517dee1aa3a4e38d5a9d21cfc7f653f8","26","26","307","rendered"
"module/mc/main/shopui3_v_8.swf","pasture-ui","symbol-class","72","aTips1016","DefineSpriteTag","ui-component","source-category","1","-20,-20,380,380","mc/main/shopui3_v_8.swf.assets/character-72.png","1429d0f5670d7bd2c80485de4fd0b4ee97e189aa627ed25e5cf27c68aeef946e","20","20","192","rendered"
"module/mc/main/shopui3_v_8.swf","pasture-ui","symbol-class","69","aTips1017","DefineSpriteTag","ui-component","source-category","1","-20,-20,500,500","mc/main/shopui3_v_8.swf.assets/character-69.png","41ccb637b3c5f5db4193f53d64470db620a3bad1a1f69a5f9dac4fdb11b92363","26","26","325","rendered"
"module/mc/main/shopui3_v_8.swf","pasture-ui","symbol-class","66","aTips1018","DefineSpriteTag","ui-component","source-category","1","-20,-20,498,498","mc/main/shopui3_v_8.swf.assets/character-66.png","c1f499da2b26b44c2ee64c33e9abcc01287f62073f0f4cc3eebea5811e1c083b","26","26","482","rendered"
"module/mc/main/shopui3_v_8.swf","pasture-ui","symbol-class","63","aTips1511","DefineSpriteTag","ui-component","source-category","1","-20,-20,500,500","mc/main/shopui3_v_8.swf.assets/character-63.png","9612aa3898b0bb481948ae08a92bbf9c85f8ca0ab9507e8b8da6db8f1abbc850","26","26","311","rendered"
"module/mc/main/shopui3_v_8.swf","pasture-ui","symbol-class","60","aTips1512","DefineSpriteTag","ui-component","source-category","1","-20,-20,500,500","mc/main/shopui3_v_8.swf.assets/character-60.png","7b21e8affc60ed611abbd1ac0a9944bf7960e2fef5861d58e0e9155923fd73e8","26","26","576","rendered"
"module/mc/main/shopui3_v_8.swf","pasture-ui","symbol-class","57","aTips1513","DefineSpriteTag","ui-component","source-category","1","-20,-20,500,500","mc/main/shopui3_v_8.swf.assets/character-57.png","02965ecb46183a0b20aadac1104ad7d0af0993640603978357993f84743dfed7","26","26","362","rendered"
"module/mc/main/shopui3_v_8.swf","pasture-ui","symbol-class","54","aTips1514","DefineSpriteTag","ui-component","source-category","1","-20,-20,500,500","mc/main/shopui3_v_8.swf.assets/character-54.png","2cef72d3624e2901701ef48a938dca6fe7349df36998d5df6fea23b4b9fec42b","26","26","572","rendered"
"module/mc/main/shopui3_v_8.swf","pasture-ui","symbol-class","51","aTips1515","DefineSpriteTag","ui-component","source-category","1","-20,-20,500,500","mc/main/shopui3_v_8.swf.assets/character-51.png","f2a3f6cec44c9a1d02256963818a223dd1859b1d21c9a7cd71f855a9233ec9e2","26","26","380","rendered"
"module/mc/main/shopui3_v_8.swf","pasture-ui","symbol-class","48","aTips1516","DefineSpriteTag","ui-component","source-category","1","-20,-20,500,500","mc/main/shopui3_v_8.swf.assets/character-48.png","a4078f4e576c6a2654fdfedff751763a55b2febb34ae77daccbe402679d3fc8e","26","26","386","rendered"
"module/mc/main/shopui3_v_8.swf","pasture-ui","symbol-class","45","aTips1517","DefineSpriteTag","ui-component","source-category","1","-20,-20,500,500","mc/main/shopui3_v_8.swf.assets/character-45.png","924fc66cad6edab29b3dec31e9b05af9d05909d3a63f98a3b406fd396034fb1c","26","26","199","rendered"
"module/mc/main/shopui3_v_8.swf","pasture-ui","symbol-class","42","pTips1013","DefineSpriteTag","ui-component","source-category","1","-20,-20,500,500","mc/main/shopui3_v_8.swf.assets/character-42.png","586b3ace82e889ca1ec6aab597484bb661328a6467a51ac33e58770581be6566","26","26","398","rendered"
"module/mc/main/shopui3_v_8.swf","pasture-ui","symbol-class","39","pTips1014","DefineSpriteTag","ui-component","source-category","1","-20,-20,499,499","mc/main/shopui3_v_8.swf.assets/character-39.png","2aa4a675b343b9f790f80e0c17698b39622b0eceef480066304c1b6ee4b28dad","26","26","407","rendered"
"module/mc/main/shopui3_v_8.swf","pasture-ui","symbol-class","36","pTips1015","DefineSpriteTag","ui-component","source-category","1","-20,-20,499,499","mc/main/shopui3_v_8.swf.assets/character-36.png","3d03dd1f5bd4dc6263c6b61576a9185a94b946047183606accda1aa3669e10b6","26","26","271","rendered"
"module/mc/main/shopui3_v_8.swf","pasture-ui","symbol-class","33","pTips1016","DefineSpriteTag","ui-component","source-category","1","-20,-20,380,380","mc/main/shopui3_v_8.swf.assets/character-33.png","25162fd948f0647e086ae2583cf60e296e888c4917484e0397adbcfe8c55b063","20","20","201","rendered"
"module/mc/main/shopui3_v_8.swf","pasture-ui","symbol-class","30","pTips1019","DefineSpriteTag","ui-component","source-category","1","-20,-20,500,500","mc/main/shopui3_v_8.swf.assets/character-30.png","f601f32cc96d78edcd89e58257070e670712b6ed7f9cec46c06b0c6303b2c18a","26","26","299","rendered"
"module/mc/main/shopui3_v_8.swf","pasture-ui","symbol-class","27","pTips1017","DefineSpriteTag","ui-component","source-category","1","-20,-20,500,500","mc/main/shopui3_v_8.swf.assets/character-27.png","cfc92eee6290c6551db84598315198965fcf969ade885afcd6579ee18fac7a18","26","26","238","rendered"
"module/mc/main/shopui3_v_8.swf","pasture-ui","symbol-class","24","pTips1018","DefineSpriteTag","ui-component","source-category","1","-20,-20,498,498","mc/main/shopui3_v_8.swf.assets/character-24.png","7f4fa1de4d5a245cf1328ca9346ac4f86d94dc1e1366e087a5464a0d2eebd36e","26","26","454","rendered"
"module/mc/main/shopui3_v_8.swf","pasture-ui","symbol-class","21","pTips1511","DefineSpriteTag","ui-component","source-category","1","-20,-20,500,500","mc/main/shopui3_v_8.swf.assets/character-21.png","91602bcf3ae71d690a4af3243185b77fb383e063590011c00d1e80a1c479c571","26","26","200","rendered"
"module/mc/main/shopui3_v_8.swf","pasture-ui","symbol-class","18","pTips1512","DefineSpriteTag","ui-component","source-category","1","-20,-20,500,500","mc/main/shopui3_v_8.swf.assets/character-18.png","b57ceaa973c3bf9e13d360db996a471cfa0833681cb2984432942f1e0765f944","26","26","307","rendered"
"module/mc/main/shopui3_v_8.swf","pasture-ui","symbol-class","15","pTips1513","DefineSpriteTag","ui-component","source-category","1","-20,-20,500,500","mc/main/shopui3_v_8.swf.assets/character-15.png","5e71ef370cb8b4e32d5f1e9fb62dfd89d0d63676f608d490a4d3a067b0d632f2","26","26","307","rendered"
"module/mc/main/shopui3_v_8.swf","pasture-ui","symbol-class","12","pTips1514","DefineSpriteTag","ui-component","source-category","1","-20,-20,500,500","mc/main/shopui3_v_8.swf.assets/character-12.png","d959d61a4da673e5fa7b1512ce467210df841d504553a05638e62c16dcb800fe","26","26","573","rendered"
"module/mc/main/shopui3_v_8.swf","pasture-ui","symbol-class","9","pTips1515","DefineSpriteTag","ui-component","source-category","1","-20,-20,500,500","mc/main/shopui3_v_8.swf.assets/character-9.png","99e2d3e52cb1a061ec57914b3bbbfedbaa4232505f1d8aa752ae2ed8920e3625","26","26","344","rendered"
"module/mc/main/shopui3_v_8.swf","pasture-ui","symbol-class","6","pTips1516","DefineSpriteTag","ui-component","source-category","1","-20,-20,500,500","mc/main/shopui3_v_8.swf.assets/character-6.png","2a6c90499e976c3e8563eb6230e3c9081f8600799285bef776cc95ed059a7ef6","26","26","459","rendered"
"module/mc/main/shopui3_v_8.swf","pasture-ui","symbol-class","3","pTips1517","DefineSpriteTag","ui-component","source-category","1","-20,-20,500,500","mc/main/shopui3_v_8.swf.assets/character-3.png","3dc4ba6762826fb1b6957bdd3029ed2ccaaeba51af37650c9710ac9582336e09","26","26","222","rendered"
"module/mc/main/task.swf","pasture-ui","root-frame","0","[root-frame]","SWF","root-stage","source-category","1","","","","","","0","empty-outline"
"module/mc/main/task.swf","pasture-ui","symbol-class","88","ExpIcon","DefineSpriteTag","ui-component","source-category","1","-20,-20,1040,1030","mc/main/task.swf.assets/character-88.png","f4a7dd24ef3d438218703665fb38968c2423b196e6c31b41d6f84fccd2f7c352","53","53","2120","rendered"
"module/mc/main/task.swf","pasture-ui","symbol-class","86","GoldBigIcon","DefineSpriteTag","ui-component","source-category","1","-11,-20,1029,1020","mc/main/task.swf.assets/character-86.png","c71b2d97f605d9c9357cf4fd8c76c5966b35847f45542150200cc05e806919f0","52","52","2078","rendered"
"module/mc/main/task.swf","pasture-ui","symbol-class","84","task4","DefineSpriteTag","ui-component","source-category","1","20,-20,6420,3081","mc/main/task.swf.assets/character-84.png","c49b131def64c4f9c516a7bfb606d7c591042353c9afd1a3c72efa6bfedfc654","320","156","8004","rendered"
"module/mc/main/task.swf","pasture-ui","symbol-class","81","LevelAndExperienss","DefineSpriteTag","ui-component","source-category","1","20,-20,8200,3360","mc/main/task.swf.assets/character-81.png","67ab5769c7ea83e08bd5c46fff1b974515a6d0879c7957b3f29ea93c4eab40c1","409","169","6926","rendered"
"module/mc/main/task.swf","pasture-ui","symbol-class","79","task9","DefineSpriteTag","ui-component","source-category","1","20,-20,6520,2681","mc/main/task.swf.assets/character-79.png","1d22feed73c1f8944184d03c20133a4c7228952fb329ac38ecf20fec0aa34c84","325","136","10599","rendered"
"module/mc/main/task.swf","pasture-ui","symbol-class","75","task5","DefineSpriteTag","ui-component","source-category","1","20,-20,6500,2681","mc/main/task.swf.assets/character-75.png","1f43d3c062c4c4cf227cb55ac117359293d5ed10b9ae42b5a3bbf81e896ef79a","324","136","10332","rendered"
"module/mc/main/task.swf","pasture-ui","symbol-class","61","task8","DefineSpriteTag","ui-component","source-category","1","20,-20,6300,2681","mc/main/task.swf.assets/character-61.png","86b59fc896b59497d4354c7f88d9d9d73be60dd8f032d98b8deed6e898820edf","314","136","6471","rendered"
"module/mc/main/task.swf","pasture-ui","symbol-class","51","task7","DefineSpriteTag","ui-component","source-category","1","20,-20,6540,2681","mc/main/task.swf.assets/character-51.png","c4c55cd3a03559e6fa7280daa0981eb3070ff4914ec76367ce6b9257a882eec9","326","136","7191","rendered"
"module/mc/main/task.swf","pasture-ui","symbol-class","47","task6","DefineSpriteTag","ui-component","source-category","1","20,-20,6520,2681","mc/main/task.swf.assets/character-47.png","9b0bc68c028388227851e9c5a66a6d308d76ac7d3ce9e53a082d97e98c37a044","325","136","5651","rendered"
"module/mc/main/task.swf","pasture-ui","symbol-class","42","task1","DefineSpriteTag","ui-component","source-category","1","20,-20,6400,3081","mc/main/task.swf.assets/character-42.png","06d9e7370187241e7b6d4dfd3551db9dd95c796e5af1230cec1582ac9038047a","319","156","7818","rendered"
"module/mc/main/task.swf","pasture-ui","symbol-class","26","task3","DefineSpriteTag","ui-component","source-category","1","20,-20,6520,2681","mc/main/task.swf.assets/character-26.png","bc13127ef0f735620b65b07ccc317e8f4955680f0c424ee8be2ef01ad836ff56","325","136","9063","rendered"
"module/mc/main/task.swf","pasture-ui","symbol-class","20","task2","DefineSpriteTag","ui-component","source-category","1","20,-20,6520,2681","mc/main/task.swf.assets/character-20.png","baa27769a834cbceee12470785134f7a9a26a7067d7824d6f1561eca8871126c","325","136","5581","rendered"
"module/mc/main/task.swf","pasture-ui","symbol-class","12","ButtonOrange","DefineSpriteTag","ui-component","source-category","3","-40,-20,1190,460","mc/main/task.swf.assets/character-12.png","f037a9c064a06517b6a6759c69309c61bffcb53c1f2a9d29541aa622f2581414","62","24","1462","rendered"
"module/mc/main/task.swf","pasture-ui","symbol-class","8","taskAwokeButton","DefineSpriteTag","ui-component","source-category","5","-20,-20,1460,1298","mc/main/task.swf.assets/character-8.png","4caa56ede36729a55b4dbaf121eaa244c31a8180d94544d00f09616d4ed20566","74","66","3988","rendered"
"module/mc/main/task.swf","pasture-ui","symbol-class","5","taskingButton","DefineSpriteTag","ui-component","source-category","1","-20,-20,919,1028","mc/main/task.swf.assets/character-5.png","b1c628b69ab29f0da98b02b8da1b1e3a813d245608f891184200fb38dcaa4035","47","53","2284","rendered"
"module/mc/main/task.swf","pasture-ui","symbol-class","3","TaskWindowTitle","DefineSpriteTag","ui-component","source-category","1","-20,100,700,520","mc/main/task.swf.assets/character-3.png","0d54ee3da2175f93cfca5c97a95b002e1b258773f88f309e7be0ea41f607fbb5","36","21","526","rendered"
"module/mc/main/upgrade_v_1.swf","pasture-ui","root-frame","0","[root-frame]","SWF","root-stage","source-category","1","","","","","","0","empty-outline"
"module/mc/main/upgrade_v_1.swf","pasture-ui","symbol-class","94","Upgrade2","DefineSpriteTag","ui-component","source-category","114","-3254,-4101,-2905,-1298","mc/main/upgrade_v_1.swf.assets/character-94.png","53df2d2cf8d253c11ef868183ad0b3d0eb65fb8caa82f739d06916ad4b620b2b","18","141","2153","rendered"
"module/mc/main/upgrade_v_1.swf","pasture-ui","symbol-class","92","Upgrade1","DefineSpriteTag","ui-component","source-category","114","-3254,-4101,-2905,-1298","mc/main/upgrade_v_1.swf.assets/character-92.png","53df2d2cf8d253c11ef868183ad0b3d0eb65fb8caa82f739d06916ad4b620b2b","18","141","2153","rendered"
